"External ID","Name","Attribute Values","Customer Taxes","Internal Reference","Sale Price","Vendor Taxes","Customer Taxes/Amount","Customer Taxes/Display Name","Customer Taxes/ID","Customer Taxes/Tax Name","# Product Variants"
"__export__.product_product_19590_50aa127a","Aji Chicken&Veg Gyoza 10*600g CASE","","__export__.account_tax_4_2705eab1","AJC","46.0","__export__.account_tax_6_cba05c03","0.0","0%","4","0%","1"
"__export__.product_product_19588_3dc5fbc8","Aji Duck Gyoza 10*600g CASE","","__export__.account_tax_4_2705eab1","AJD","50.0","__export__.account_tax_6_cba05c03","0.0","0%","4","0%","1"
"__export__.product_product_19589_bf2dd7e1","Aji Pork Gyoza 10*600g CASE","","__export__.account_tax_4_2705eab1","AJP","46.0","__export__.account_tax_6_cba05c03","0.0","0%","4","0%","1"
"__export__.product_product_19592_7d080992","Aji Prawn Gyoza 10*600g CASE","","__export__.account_tax_4_2705eab1","AJPR","72.5","__export__.account_tax_6_cba05c03","0.0","0%","4","0%","1"
"__export__.product_product_19591_0f494599","Aji Veg Gyoza SPINACH 10*600g CASE","","__export__.account_tax_4_2705eab1","AJV","40.0","__export__.account_tax_6_cba05c03","0.0","0%","4","0%","1"
"__export__.product_product_22108_5278c64a","Aji Wakame Gyoza 12*400g CASE","","__export__.account_tax_4_2705eab1","AJW","0.0","__export__.account_tax_6_cba05c03","0.0","0%","4","0%","1"
"__export__.product_product_5670_1ebf2655","Aubergine CASE","","__export__.account_tax_4_2705eab1","AUC","13.700000000000001","__export__.account_tax_6_cba05c03","0.0","0%","4","0%","1"
"__export__.product_product_5673_6752b976","RTE Avocado CASE","","__export__.account_tax_4_2705eab1","AVC","22.5","__export__.account_tax_6_cba05c03","0.0","0%","4","0%","1"
"__export__.product_product_5705_350d29d2","Basil KG","","__export__.account_tax_4_2705eab1","BAK","15.5","__export__.account_tax_6_cba05c03","0.0","0%","4","0%","1"
"__export__.product_product_19805_790223b1","GS Baby Corn 24*425g CASE","","__export__.account_tax_4_2705eab1","BBC","24.0","__export__.account_tax_6_cba05c03","0.0","0%","4","0%","1"
"__export__.product_product_5751_71e408dc","Butterhead Lettuce CASE","","__export__.account_tax_4_2705eab1","BHLC","9.5","__export__.account_tax_6_cba05c03","0.0","0%","4","0%","1"
"__export__.product_product_21734_b05af4a9","Mizkan Shiragiku Rice Flavoured Spirit Vinegar 20L CASE","","__export__.account_tax_4_2705eab1","BJC","41.0","__export__.account_tax_6_cba05c03","0.0","0%","4","0%","1"
"__export__.product_product_20202_72f71d01","Heera Black Pepper Powder 10*400g CASE","","__export__.account_tax_4_2705eab1","BPP","65.0","__export__.account_tax_6_cba05c03","0.0","0%","4","0%","1"
"__export__.product_product_5744_e8191cc4","Broccoli 6KG CASE","","__export__.account_tax_4_2705eab1","BRC","17.5","__export__.account_tax_6_cba05c03","0.0","0%","4","0%","1"
"__export__.product_product_5711_0c4492f7","Beansprout BAG-S","","__export__.account_tax_4_2705eab1","BSB","5.65","__export__.account_tax_6_cba05c03","0.0","0%","4","0%","1"
"__export__.product_product_5766_b4c239cf","Carrot 10kg BAG","","__export__.account_tax_4_2705eab1","CAB","9.0","__export__.account_tax_6_cba05c03","0.0","0%","4","0%","1"
"__export__.product_product_6074_ff9862c1","Chaokoh Coconut Milk 6*2900ml CASE","","__export__.account_tax_4_2705eab1","CCC1","53.0","__export__.account_tax_6_cba05c03","0.0","0%","4","0%","1"
"__export__.product_product_6073_7be07eb9","Chaokoh Coconut Milk 24*400g CASE","","__export__.account_tax_4_2705eab1","CCC2","34.0","__export__.account_tax_6_cba05c03","0.0","0%","4","0%","1"
"__export__.product_product_6072_22006af0","Coconut Cream 40*200g CASE","","__export__.account_tax_4_2705eab1","CCC3","39.5","__export__.account_tax_6_cba05c03","0.0","0%","4","0%","1"
"__export__.product_product_5849_6bca2809","Chinese Cauliflower CASE","","__export__.account_tax_4_2705eab1","CCFC","21.5","__export__.account_tax_6_cba05c03","0.0","0%","4","0%","1"
"__export__.product_product_6097_82686cb1","Cream Corn Stokely 12*404g CASE","","__export__.account_tax_4_2705eab1","CCS","18.5","__export__.account_tax_6_cba05c03","0.0","0%","4","0%","1"
"__export__.product_product_5781_6307c64d","Celery CASE","","__export__.account_tax_4_2705eab1","CEC","16.5","__export__.account_tax_6_cba05c03","0.0","0%","4","0%","1"
"__export__.product_product_5819_1014abc8","Chilli Green CASE","","__export__.account_tax_4_2705eab1","CGC","18.5","__export__.account_tax_6_cba05c03","0.0","0%","4","0%","1"
"__export__.product_product_5865_4de856cd","Choisam CASE","","__export__.account_tax_4_2705eab1","CHC7","28.95","__export__.account_tax_6_cba05c03","0.0","0%","4","0%","1"
"__export__.product_product_19879_549f23fb","Local Choisam CASE","","__export__.account_tax_4_2705eab1","CHC7","30.0","__export__.account_tax_6_cba05c03","0.0","0%","4","0%","1"
"__export__.product_product_5864_d8b8a543","Thin Round Chives PACKET","","__export__.account_tax_4_2705eab1","CHP","1.9000000000000001","__export__.account_tax_6_cba05c03","0.0","0%","4","0%","1"
"__export__.product_product_20862_fb368ab7","Chinese Leaf 7‘s CASE","","__export__.account_tax_4_2705eab1","CLC7","14.0","__export__.account_tax_6_cba05c03","0.0","0%","4","0%","1"
"__export__.product_product_5855_fb9241fa","Chinese Leaf 8's CASE","","__export__.account_tax_4_2705eab1","CLC8","13.5","__export__.account_tax_6_cba05c03","0.0","0%","4","0%","1"
"__export__.product_product_6093_c1d24ca8","Courgette CASE","","__export__.account_tax_4_2705eab1","COC","11.5","__export__.account_tax_6_cba05c03","0.0","0%","4","0%","1"
"__export__.product_product_6089_ffc8e515","Coriander KG","","__export__.account_tax_4_2705eab1","COK","13.0","__export__.account_tax_6_cba05c03","0.0","0%","4","0%","1"
"__export__.product_product_5755_19e9b581","Cabbage Red BAG","","__export__.account_tax_4_2705eab1","CRB","11.0","__export__.account_tax_6_cba05c03","0.0","0%","4","0%","1"
"__export__.product_product_5832_d8e97f35","Chilli Red 3KG/CASE","","__export__.account_tax_4_2705eab1","CRC","13.5","__export__.account_tax_6_cba05c03","0.0","0%","4","0%","1"
"__export__.product_product_6098_df597025","*Blue Bag*Odlums Cream Plain Flour 25Kg","","__export__.account_tax_4_2705eab1","CREM25","30.5","__export__.account_tax_6_cba05c03","0.0","0%","4","0%","1"
"__export__.product_product_6099_f8d846bb","*Blue Bag*Odlums Cream Plain Flour 8*2KG","","__export__.account_tax_4_2705eab1","CREM82","26.5","__export__.account_tax_6_cba05c03","0.0","0%","4","0%","1"
"__export__.product_product_5800_5a831c73","Cherry Tomato CASE","","__export__.account_tax_4_2705eab1","CTC","12.0","__export__.account_tax_6_cba05c03","0.0","0%","4","0%","1"
"__export__.product_product_5840_673b872d","Chilli Thai Red 2kg CASE","","__export__.account_tax_4_2705eab1","CTR","31.0","__export__.account_tax_6_cba05c03","0.0","0%","4","0%","1"
"__export__.product_product_6601_5c1cfab0","Cucumber CASE","","__export__.account_tax_4_2705eab1","CUC","12.8","__export__.account_tax_6_cba05c03","0.0","0%","4","0%","1"
"__export__.product_product_21430_bee52fd8","C.Vale Steam Cooked Chicken Breast 4*2.5KG CASE","","__export__.account_tax_4_2705eab1","CV","56.0","__export__.account_tax_6_cba05c03","0.0","0%","4","0%","1"
"__export__.product_product_20665_123be98d","Cooking Wine 10L DRUM","","__export__.account_tax_4_2705eab1","CW10","12.950000000000001","__export__.account_tax_6_cba05c03","0.0","0%","4","0%","1"
"__export__.product_product_5757_41c9a8b4","Cabbage White BAG","","__export__.account_tax_4_2705eab1","CWB","13.5","__export__.account_tax_6_cba05c03","0.0","0%","4","0%","1"
"__export__.product_product_6667_5c6417ed","Duck Pancake BLUE (6's*17)*10 CASE","","__export__.account_tax_4_2705eab1","DPB","45.0","__export__.account_tax_6_cba05c03","0.0","0%","4","0%","1"
"__export__.product_product_6676_8be1450d","Eddo 10KG CASE","","__export__.account_tax_4_2705eab1","EDC","19.5","__export__.account_tax_6_cba05c03","0.0","0%","4","0%","1"
"__export__.product_product_6678_d67d9a4f","Eddo 15KG CASE","","__export__.account_tax_4_2705eab1","EDC","57.0","__export__.account_tax_6_cba05c03","0.0","0%","4","0%","1"
"__export__.product_product_6683_b4373dda","360's Egg Large CASE","","__export__.account_tax_4_2705eab1","ELC","73.0","__export__.account_tax_6_cba05c03","0.0","0%","4","0%","1"
"__export__.product_product_6680_e9e18754","180's Egg Large HALF CASE","","__export__.account_tax_4_2705eab1","ELHC","37.0","__export__.account_tax_6_cba05c03","0.0","0%","4","0%","1"
"__export__.product_product_6686_b4019beb","Egg Medium 360's CASE","","__export__.account_tax_4_2705eab1","EMC","69.0","__export__.account_tax_6_cba05c03","0.0","0%","4","0%","1"
"__export__.product_product_6815_1b23e73e","Emsland Superior Potato Starch 25Kg BAG","","__export__.account_tax_4_2705eab1","EMS","25.5","__export__.account_tax_6_cba05c03","0.0","0%","4","0%","1"
"__export__.product_product_6702_e9f5c581","Fine Bean 1.5kg CASE","","__export__.account_tax_4_2705eab1","FBC","14.0","__export__.account_tax_6_cba05c03","0.0","0%","4","0%","1"
"__export__.product_product_6705_0edc7b66","Flat Bean CASE","","__export__.account_tax_4_2705eab1","FBC","24.0","__export__.account_tax_6_cba05c03","0.0","0%","4","0%","1"
"__export__.product_product_6711_0aab46d0","Flower Edible PACKET","","__export__.account_tax_4_2705eab1","FED","4.5","__export__.account_tax_6_cba05c03","0.0","0%","4","0%","1"
"__export__.product_product_6783_fbc41683","Garlic Fresh BAG","","__export__.account_tax_4_2705eab1","GAB","18.5","__export__.account_tax_6_cba05c03","0.0","0%","4","0%","1"
"__export__.product_product_6800_6dd6acde","Fresh Ginger CASE","","__export__.account_tax_4_2705eab1","GIC","29.0","__export__.account_tax_6_cba05c03","0.0","0%","4","0%","1"
"__export__.product_product_6793_8039274e","Garlic Shoot CASE","","__export__.account_tax_4_2705eab1","GSC","53.0","__export__.account_tax_6_cba05c03","0.0","0%","4","0%","1"
"__export__.product_product_6998_0c603b1c","Iceberg CASE","","__export__.account_tax_4_2705eab1","ICC","12.0","__export__.account_tax_6_cba05c03","0.0","0%","4","0%","1"
"__export__.product_product_21771_46053470","JSB Vegetable Gyoza 10*600g CASE","","__export__.account_tax_4_2705eab1","JSBV","32.0","__export__.account_tax_6_cba05c03","0.0","0%","4","0%","1"
"__export__.product_product_19883_d3e06e1a","Local Kai lan CASE","","__export__.account_tax_4_2705eab1","KAC","0.0","__export__.account_tax_6_cba05c03","0.0","0%","4","0%","1"
"__export__.product_product_7062_c376f2ae","Short Kai choi CASE","","__export__.account_tax_4_2705eab1","KCC","28.5","__export__.account_tax_6_cba05c03","0.0","0%","4","0%","1"
"__export__.product_product_7092_db5f7b1e","Kiwi Golden CASE","","__export__.account_tax_4_2705eab1","KGC","34.5","__export__.account_tax_6_cba05c03","0.0","0%","4","0%","1"
"__export__.product_product_7081_8392c97e","Kikkoman Soy Sauce 20L CASE","","__export__.account_tax_4_2705eab1","KKM","39.95","__export__.account_tax_6_cba05c03","0.0","0%","4","0%","1"
"__export__.product_product_7064_1e0a3354","Kai lan CASE","","__export__.account_tax_4_2705eab1","KLC","32.0","__export__.account_tax_6_cba05c03","0.0","0%","4","0%","1"
"__export__.product_product_16052_aca05072","Kangmei Prawn Cracker 6*2Kg CASE","","__export__.account_tax_4_2705eab1","KMPC","22.0","__export__.account_tax_6_cba05c03","0.0","0%","4","0%","1"
"__export__.product_product_20273_3589fe8b","Local Aubergine Chinese CASE","","__export__.account_tax_4_2705eab1","LAUC","25.0","__export__.account_tax_6_cba05c03","0.0","0%","4","0%","1"
"__export__.product_product_7675_6dc84c0d","Lkk Chilli Bean Sauce 12*368g CASE","","__export__.account_tax_4_2705eab1","LDBJ","28.5","__export__.account_tax_6_cba05c03","0.0","0%","4","0%","1"
"__export__.product_product_13909_07cf44fc","Yeo'S Hot Bean Sauce 12*250ml TRAY","","__export__.account_tax_4_2705eab1","LDBJ","26.0","__export__.account_tax_6_cba05c03","0.0","0%","4","0%","1"
"__export__.product_product_7655_912c7e45","Lemongrass 1 KG","","__export__.account_tax_4_2705eab1","LEC","14.5","__export__.account_tax_6_cba05c03","0.0","0%","4","0%","1"
"__export__.product_product_7672_0cd727fa","Lime CASE","","__export__.account_tax_4_2705eab1","LIC","12.0","__export__.account_tax_6_cba05c03","0.0","0%","4","0%","1"
"__export__.product_product_7649_47ccdf4e","Leek BAG","","__export__.account_tax_4_2705eab1","LKB","10.5","__export__.account_tax_6_cba05c03","0.0","0%","4","0%","1"
"__export__.product_product_20656_32ce0578","LKK Soy Sauce Dark 8L DRUM","","__export__.account_tax_4_2705eab1","LKKD","16.5","__export__.account_tax_6_cba05c03","0.0","0%","4","0%","1"
"__export__.product_product_20657_47b6c442","LKK Soy Sauce Light 8L DRUM","","__export__.account_tax_4_2705eab1","LKKL","16.0","__export__.account_tax_6_cba05c03","0.0","0%","4","0%","1"
"__export__.product_product_7678_bb7df66b","Lkk Panda Oyster Sauce 2.27KG TIN","","__export__.account_tax_4_2705eab1","LKKP","8.5","__export__.account_tax_6_cba05c03","0.0","0%","4","0%","1"
"__export__.product_product_7679_71f0c678","Lkk Panda Oyster Sauce 6*2.27KG CASE","","__export__.account_tax_4_2705eab1","LKKP","40.0","__export__.account_tax_6_cba05c03","0.0","0%","4","0%","1"
"__export__.product_product_7715_5477e96b","Lotus Root CASE","","__export__.account_tax_4_2705eab1","LTC","25.0","__export__.account_tax_6_cba05c03","0.0","0%","4","0%","1"
"__export__.product_product_21593_8a72ca03","LUCKY 2/300 Cooked& Peeled Prawns 220g*30 CASE","","__export__.account_tax_4_2705eab1","LUCKY PRA","98.5","__export__.account_tax_6_cba05c03","0.0","0%","4","0%","1"
"__export__.product_product_7748_0277fec5","Mange-Tout CASE","","__export__.account_tax_4_2705eab1","MAC","15.0","__export__.account_tax_6_cba05c03","0.0","0%","4","0%","1"
"__export__.product_product_21127_f6670017","MFB Loncha De Vacuno 15*400g CASE","","__export__.account_tax_4_2705eab1","MFB","117.0","__export__.account_tax_6_cba05c03","0.0","0%","4","0%","1"
"__export__.product_product_19504_fd686b01","MFP Loncha de cerdo iberico 10*300 CASE","","__export__.account_tax_4_2705eab1","MFP","49.5","__export__.account_tax_6_cba05c03","0.0","0%","4","0%","1"
"__export__.product_product_7846_689b9a07","MF ZD Combinado 12*500g CASE","","__export__.account_tax_4_2705eab1","MFZD","68.0","__export__.account_tax_6_cba05c03","0.0","0%","4","0%","1"
"__export__.product_product_5851_d10e21c1","Chinese Convolvulus(morning glory) CASE","","__export__.account_tax_4_2705eab1","MGC","85.0","__export__.account_tax_6_cba05c03","0.0","0%","4","0%","1"
"__export__.product_product_7862_5a9b5117","Mooli CASE","","__export__.account_tax_4_2705eab1","MOC","17.5","__export__.account_tax_6_cba05c03","0.0","0%","4","0%","1"
"__export__.product_product_7877_2a0531d4","MSG AJI 22.68KG BAG","","__export__.account_tax_4_2705eab1","MSG","53.0","__export__.account_tax_6_cba05c03","0.0","0%","4","0%","1"
"__export__.product_product_7880_01c7f9de","Mushroom CASE","","__export__.account_tax_4_2705eab1","MUC","7.9","__export__.account_tax_6_cba05c03","0.0","0%","4","0%","1"
"__export__.product_product_7954_485277cc","Lucky Boat No.1 Noodle 9kg CASE","","__export__.account_tax_4_2705eab1","NO1","26.5","__export__.account_tax_6_cba05c03","0.0","0%","4","0%","1"
"__export__.product_product_7955_9ffe3e6d","Lucky Boat No.2 Noodle 7.7kg CASE","","__export__.account_tax_4_2705eab1","NO2","27.0","__export__.account_tax_6_cba05c03","0.0","0%","4","0%","1"
"__export__.product_product_7948_b5700277","No.6a Foil Cont. Pinkapple Extra Strong 500's CASE","","l10n_generic_coa.1_sale_tax_template","NO6A","36.0","l10n_generic_coa.1_purchase_tax_template","23.0","23%","1","23%","1"
"__export__.product_product_18280_5da9366f","Pinkapple No.6a LIDS Heavy Duty 500ps CASE","","l10n_generic_coa.1_sale_tax_template","NO6AL","17.5","l10n_generic_coa.1_purchase_tax_template","23.0","23%","1","23%","1"
"__export__.product_product_20227_5c6b09bf","Stewart No.6A LIDS Heavy Duty 500pcs CASE","","l10n_generic_coa.1_sale_tax_template","NO6AL","15.5","l10n_generic_coa.1_purchase_tax_template","23.0","23%","1","23%","1"
"__export__.product_product_7983_142f2e5d","Oyster Mush CASE","","__export__.account_tax_4_2705eab1","OMC","12.5","__export__.account_tax_6_cba05c03","0.0","0%","4","0%","1"
"__export__.product_product_7976_de9b18f3","BAG  Onion SP. 20kg","","__export__.account_tax_4_2705eab1","ONSP","13.5","__export__.account_tax_6_cba05c03","0.0","0%","4","0%","1"
"__export__.product_product_7977_4965a164","Orange CASE","","__export__.account_tax_4_2705eab1","ORC","32.5","__export__.account_tax_6_cba05c03","0.0","0%","4","0%","1"
"__export__.product_product_8062_9cfe7b04","Pineapple CASE","","__export__.account_tax_4_2705eab1","PAPC","17.5","__export__.account_tax_6_cba05c03","0.0","0%","4","0%","1"
"__export__.product_product_8068_3e6a6289","Pinkapple C650 CASE","","l10n_generic_coa.1_sale_tax_template","PC6","40.5","l10n_generic_coa.1_purchase_tax_template","23.0","23%","1","23%","1"
"__export__.product_product_18943_929b5ffb","Prawn Cracker Ha Long Bay 12*1KG CASE","","__export__.account_tax_4_2705eab1","PCH","21.0","__export__.account_tax_6_cba05c03","0.0","0%","4","0%","1"
"__export__.product_product_8041_d419aa60","Pepper Green 5KG CASE","","__export__.account_tax_4_2705eab1","PGC","14.0","__export__.account_tax_6_cba05c03","0.0","0%","4","0%","1"
"__export__.product_product_8039_8df6d73f","Peeled Potato 9Kg BAG","","__export__.account_tax_4_2705eab1","PPB","17.5","__export__.account_tax_6_cba05c03","0.0","0%","4","0%","1"
"__export__.product_product_20654_e922e494","PRB Soy Sauce Dark 8L DRUM","","__export__.account_tax_4_2705eab1","PRBD","14.0","__export__.account_tax_6_cba05c03","0.0","0%","4","0%","1"
"__export__.product_product_20655_eadd7b2f","PRB Soy Sauce Light 8L DRUM","","__export__.account_tax_4_2705eab1","PRBL","13.0","__export__.account_tax_6_cba05c03","0.0","0%","4","0%","1"
"__export__.product_product_8052_2333031e","Pepper Red 5kg CASE","","__export__.account_tax_4_2705eab1","PRC","13.5","__export__.account_tax_6_cba05c03","0.0","0%","4","0%","1"
"__export__.product_product_8056_d36e6c55","Pepper Yellow 5kg CASE","","__export__.account_tax_4_2705eab1","PYC","12.0","__export__.account_tax_6_cba05c03","0.0","0%","4","0%","1"
"__export__.product_product_16110_7b52aeef","Rocket 500G","","__export__.account_tax_4_2705eab1","RKT","5.2","__export__.account_tax_6_cba05c03","0.0","0%","4","0%","1"
"__export__.product_product_18944_6409be96","Red Onion 10kg BAG","","__export__.account_tax_4_2705eab1","ROB","9.5","__export__.account_tax_6_cba05c03","0.0","0%","4","0%","1"
"__export__.product_product_18972_5b352060","Cooking Salt 25KG BAG","","__export__.account_tax_4_2705eab1","SALT","14.0","__export__.account_tax_6_cba05c03","0.0","0%","4","0%","1"
"__export__.product_product_16399_45424f47","Mae Ploy Sweet Chilli Sauce 12*730Ml CASE","","__export__.account_tax_4_2705eab1","SCC","26.0","__export__.account_tax_6_cba05c03","0.0","0%","4","0%","1"
"__export__.product_product_16400_f88bba2a","Mae Ploy Sweet Chilli Sauce 3*4KG CASE","","__export__.account_tax_4_2705eab1","SCC","26.5","__export__.account_tax_6_cba05c03","0.0","0%","4","0%","1"
"__export__.product_product_18720_aeea4c4f","*Red Bag*Odlums Self Raising Flour 25KG","","__export__.account_tax_4_2705eab1","SELF25","30.5","__export__.account_tax_6_cba05c03","0.0","0%","4","0%","1"
"__export__.product_product_16292_2796af5a","*Red Bag*Odlums Self Raising Flour 8*2KG","","__export__.account_tax_4_2705eab1","SELF82","26.5","__export__.account_tax_6_cba05c03","0.0","0%","4","0%","1"
"__export__.product_product_20570_def5d9a7","Siucra Sugar granulated 10*1kg CASE","","__export__.account_tax_4_2705eab1","SG10","12.5","__export__.account_tax_6_cba05c03","0.0","0%","4","0%","1"
"__export__.product_product_16388_0deb5375","Sugar granulated 25Kg  BAG","","__export__.account_tax_4_2705eab1","SG25","24.0","__export__.account_tax_6_cba05c03","0.0","0%","4","0%","1"
"__export__.product_product_16303_e4989b40","Shimeji Mush Brown 20*150g CASE","","__export__.account_tax_4_2705eab1","SMBC","22.0","__export__.account_tax_6_cba05c03","0.0","0%","4","0%","1"
"__export__.product_product_20612_369f755b","GL Sesame oil 4*5L CASE","","__export__.account_tax_4_2705eab1","SMO","95.0","__export__.account_tax_6_cba05c03","0.0","0%","4","0%","1"
"__export__.product_product_16306_6f485675","Shimeji Mush White 20*150g CASE","","__export__.account_tax_4_2705eab1","SMWC","22.0","__export__.account_tax_6_cba05c03","0.0","0%","4","0%","1"
"__export__.product_product_18925_fcf08442","Shanghai Pachoi 8Kg","","__export__.account_tax_4_2705eab1","SPC","18.0","__export__.account_tax_6_cba05c03","0.0","0%","4","0%","1"
"__export__.product_product_16365_b2fc34dd","Spinach CASE","","__export__.account_tax_4_2705eab1","SPHC","23.5","__export__.account_tax_6_cba05c03","0.0","0%","4","0%","1"
"__export__.product_product_16392_8066f541","Sugar Snap 1.5kg CASE","","__export__.account_tax_4_2705eab1","SSC","15.5","__export__.account_tax_6_cba05c03","0.0","0%","4","0%","1"
"__export__.product_product_18930_c5ea36b4","ST Japanese Ramen12*540g CASE","","__export__.account_tax_4_2705eab1","ST","24.5","__export__.account_tax_6_cba05c03","0.0","0%","4","0%","1"
"__export__.product_product_16386_442997de","GEM Sugar granulated 15*1Kg CASE","","__export__.account_tax_4_2705eab1","SUG15","20.0","__export__.account_tax_6_cba05c03","0.0","0%","4","0%","1"
"__export__.product_product_15791_bf46c5f3","T01 Unicurd Silken Tofu Red Box 50*300g CASE","","__export__.account_tax_4_2705eab1","T01","58.5","__export__.account_tax_6_cba05c03","0.0","0%","4","0%","1"
"__export__.product_product_15286_1198da0d","Unicurd Deep Fried Tau Kwa 24*220g CASE","","__export__.account_tax_4_2705eab1","T07","42.0","__export__.account_tax_6_cba05c03","0.0","0%","4","0%","1"
"__export__.product_product_15188_df7b751d","Tomato CASE","","__export__.account_tax_4_2705eab1","TOC","10.0","__export__.account_tax_6_cba05c03","0.0","0%","4","0%","1"
"__export__.product_product_15180_6580fd08","Tofu 950g PUNNUT-S","","__export__.account_tax_4_2705eab1","TTT","3.25","__export__.account_tax_6_cba05c03","0.0","0%","4","0%","1"
"__export__.product_product_20929_905a8e3a","Tofu 700g PKT-S","","__export__.account_tax_4_2705eab1","TTT7","2.6","__export__.account_tax_6_cba05c03","0.0","0%","4","0%","1"
"__export__.product_product_7703_4fbd86e2","Red Unicorn Long Grain Rice 20kg BAG","","__export__.account_tax_4_2705eab1","UNIRB","25.5","__export__.account_tax_6_cba05c03","0.0","0%","4","0%","1"
"__export__.product_product_15896_fc4b6eb4","GL White Pepper Powder 20*1KG CASE","","__export__.account_tax_4_2705eab1","WPP","155.0","__export__.account_tax_6_cba05c03","0.0","0%","4","0%","1"
"__export__.product_product_19962_1604c5b1","Wasabi Powder 10*1Kg CASE","","__export__.account_tax_4_2705eab1","WSB","68.0","__export__.account_tax_6_cba05c03","0.0","0%","4","0%","1"
"__export__.product_product_16055_8f2ef0a5","PRO-THENE White HDPE Counter Bag 10*12"" 10*1000's CASE","","l10n_generic_coa.1_sale_tax_template","XPD10","33.5","__export__.account_tax_6_cba05c03","23.0","23%","1","23%","1"
"__export__.product_product_20926_d4d2ba1e","PRO-THENE White HDPE Counter Bag 12*15"" 5*1000's CASE","","l10n_generic_coa.1_sale_tax_template","XPD15","28.5","__export__.account_tax_6_cba05c03","23.0","23%","1","23%","1"
"__export__.product_product_13906_0f775c7e","Yellow Melon CASE","","__export__.account_tax_4_2705eab1","YMC","19.5","__export__.account_tax_6_cba05c03","0.0","0%","4","0%","1"
"__export__.product_product_16148_e0e80296","Sanguinaccio 32*450g CASE","","__export__.account_tax_4_2705eab1","ZXC","92.5","__export__.account_tax_6_cba05c03","0.0","0%","4","0%","1"
"__export__.product_product_22011_5980355d","Bread Filled with Avocado Cream Bread 24*85g CASE","","__export__.account_tax_3_42b1e19b","bd","23.0","__export__.account_tax_6_cba05c03","13.5","13.50%","3","13.50%","1"
"__export__.product_product_21816_f458e10b","Bread Filled with Chocolate Cream Bread 24*85g CASE","","__export__.account_tax_3_42b1e19b","bd","23.0","__export__.account_tax_6_cba05c03","13.5","13.50%","3","13.50%","1"
"__export__.product_product_21777_e6ca8448","Cheese and Coconut Bread 24*85g CASE","","__export__.account_tax_3_42b1e19b","bd","23.0","__export__.account_tax_6_cba05c03","13.5","13.50%","3","13.50%","1"
"__export__.product_product_21814_d49a1ce6","Chestnut Bread 24*85g CASE","","__export__.account_tax_3_42b1e19b","bd","23.0","__export__.account_tax_6_cba05c03","13.5","13.50%","3","13.50%","1"
"__export__.product_product_21776_448bb385","Chocolate Fassino Bread 24*85g CASE","","__export__.account_tax_3_42b1e19b","bd","23.0","__export__.account_tax_6_cba05c03","13.5","13.50%","3","13.50%","1"
"__export__.product_product_22068_887ac78e","Coconut and Red Bean Bread 24*85g CASE","","__export__.account_tax_3_42b1e19b","bd","23.0","__export__.account_tax_6_cba05c03","13.5","13.50%","3","13.50%","1"
"__export__.product_product_21936_e2a89af5","Egg Yolk Cake (Red Beans) 5*640g CASE","","__export__.account_tax_3_42b1e19b","bd","33.0","__export__.account_tax_6_cba05c03","13.5","13.50%","3","13.50%","1"
"__export__.product_product_21817_636562c5","Egg Yolk Cake Bread 24*85g CASE","","__export__.account_tax_3_42b1e19b","bd","23.0","__export__.account_tax_6_cba05c03","13.5","13.50%","3","13.50%","1"
"__export__.product_product_21780_80e661eb","Handmade Soft Bread 12*338g CASE","","__export__.account_tax_3_42b1e19b","bd","36.0","__export__.account_tax_6_cba05c03","13.5","13.50%","3","13.50%","1"
"__export__.product_product_22069_61e12906","Orange Flavored Pumpkin Bread 24*85g CASE","","__export__.account_tax_3_42b1e19b","bd","23.0","__export__.account_tax_6_cba05c03","13.5","13.50%","3","13.50%","1"
"__export__.product_product_21815_3d0c727c","Red Bean Bread 24*85g CASE","","__export__.account_tax_3_42b1e19b","bd","23.0","__export__.account_tax_6_cba05c03","13.5","13.50%","3","13.50%","1"
"__export__.product_product_21781_9222e546","Taro Fassino Bread 24*85g CASE","","__export__.account_tax_3_42b1e19b","bd","23.0","__export__.account_tax_6_cba05c03","13.5","13.50%","3","13.50%","1"
"__export__.product_product_21779_3820f1c4","Whole Wheat Bread Zero-added Sucrose 12*308g CASE","","__export__.account_tax_3_42b1e19b","bd","36.0","__export__.account_tax_6_cba05c03","13.5","13.50%","3","13.50%","1"
"__export__.product_product_22045_2787b529","Whole Wheat Bread Zero-added Sucrose 308g PKT","","__export__.account_tax_3_42b1e19b","bd","3.5","__export__.account_tax_5_1e4e1f1d","13.5","13.50%","3","13.50%","1"
"__export__.product_product_21255_b012e175","Plain Bag Potato Starch 25Kg BAG","","__export__.account_tax_4_2705eab1","pps","32.0","__export__.account_tax_6_cba05c03","0.0","0%","4","0%","1"
"__export__.product_product_19745_fb56bc31","Daily Basic Sugar 15*1Kg CASE","","__export__.account_tax_4_2705eab1","sug15","20.0","__export__.account_tax_6_cba05c03","0.0","0%","4","0%","1"
"__export__.product_product_21122_e2aeb124","(Bowl)KSF Chicken With Mushroom Noodle 12*106g CASE","","__export__.account_tax_4_2705eab1","","21.0","__export__.account_tax_6_cba05c03","0.0","0%","4","0%","1"
"__export__.product_product_19849_96243252","*Frozen* WANG Boiled Sweet Corn 24*360g CASE","","__export__.account_tax_4_2705eab1","","50.0","__export__.account_tax_6_cba05c03","0.0","0%","4","0%","1"
"__export__.product_product_19749_5c33bce2","*PVC* Cling Film 6's 300mm*300m CASE","","l10n_generic_coa.1_sale_tax_template","","32.0","l10n_generic_coa.1_purchase_tax_template","23.0","23%","1","23%","1"
"__export__.product_product_19916_fc70cd35","*PVC* Cling Film 6's 450mm*300m CASE","","l10n_generic_coa.1_sale_tax_template","","35.5","l10n_generic_coa.1_purchase_tax_template","23.0","23%","1","23%","1"
"__export__.product_product_18244_d98ca731","*Powder* GL Star Anise 20*1kg CASE","","__export__.account_tax_4_2705eab1","","145.0","__export__.account_tax_6_cba05c03","0.0","0%","4","0%","1"
"__export__.product_product_20653_0ccfb63f","*Seeds* Star Anise 1KG PKT","","__export__.account_tax_4_2705eab1","","13.950000000000001","__export__.account_tax_6_cba05c03","0.0","0%","4","0%","1"
"__export__.product_product_5613_82db5c44","1 LB 1000' Grease Proof Bag","","l10n_generic_coa.1_sale_tax_template","","11.5","l10n_generic_coa.1_purchase_tax_template","23.0","23%","1","23%","1"
"__export__.product_product_20423_0e35fa30","1 LB Lined Bag","","l10n_generic_coa.1_sale_tax_template","","11.5","l10n_generic_coa.1_purchase_tax_template","23.0","23%","1","23%","1"
"__export__.product_product_19486_d0b1008c","1 OZ Hinged Sauce Cups 1000's CASE","","l10n_generic_coa.1_sale_tax_template","","18.0","__export__.account_tax_6_cba05c03","23.0","23%","1","23%","1"
"__export__.product_product_8069_1e1372ee","10"" Pizza Box 100's CASE","","l10n_generic_coa.1_sale_tax_template","","18.5","l10n_generic_coa.1_purchase_tax_template","23.0","23%","1","23%","1"
"__export__.product_product_20074_bd434db7","118mm Print Paper Lids (26/32 oz)CASE","","l10n_generic_coa.1_sale_tax_template","","45.0","l10n_generic_coa.1_purchase_tax_template","23.0","23%","1","23%","1"
"__export__.product_product_18866_df9606e5","12 OZ SATCO Clear Cup&Lid 150's CASE","","l10n_generic_coa.1_sale_tax_template","","26.0","__export__.account_tax_6_cba05c03","23.0","23%","1","23%","1"
"__export__.product_product_21274_304f17f8","12 OZ STC Cup & Lids 300's CASE","","l10n_generic_coa.1_sale_tax_template","","24.5","l10n_generic_coa.1_purchase_tax_template","23.0","23%","1","23%","1"
"__export__.product_product_21358_f9cf069d","12 OZ White Paper Soup Cup+PP Lids 250's CASE","","l10n_generic_coa.1_sale_tax_template","","24.0","l10n_generic_coa.1_purchase_tax_template","23.0","23%","1","23%","1"
"__export__.product_product_20361_4a117449","1300ml Round Deli Bowl 300's CASE","","l10n_generic_coa.1_sale_tax_template","","37.0","l10n_generic_coa.1_purchase_tax_template","23.0","23%","1","23%","1"
"__export__.product_product_5619_2e3d8e4f","16 OZ Noodle Box Plain 500's CASE","","l10n_generic_coa.1_sale_tax_template","","32.0","__export__.account_tax_6_cba05c03","23.0","23%","1","23%","1"
"__export__.product_product_20075_5a16ab6a","16 OZ Print Noodle Box CASE","","l10n_generic_coa.1_sale_tax_template","","49.0","l10n_generic_coa.1_purchase_tax_template","23.0","23%","1","23%","1"
"__export__.product_product_18349_3821ccdd","16 OZ SATCO Clear Cup&Lid 150's CASE","","l10n_generic_coa.1_sale_tax_template","","26.95","l10n_generic_coa.1_purchase_tax_template","23.0","23%","1","23%","1"
"__export__.product_product_21357_2813b1d7","16 OZ White Paper Soup Cup+PP Lids 250's CASE","","l10n_generic_coa.1_sale_tax_template","","28.0","l10n_generic_coa.1_purchase_tax_template","23.0","23%","1","23%","1"
"__export__.product_product_5621_e7a0df4e","2 LB Grease Proof Bag","","l10n_generic_coa.1_sale_tax_template","","12.5","l10n_generic_coa.1_purchase_tax_template","23.0","23%","1","23%","1"
"__export__.product_product_5622_9d21bfbd","2 LB Lined Bag","","l10n_generic_coa.1_sale_tax_template","","11.5","l10n_generic_coa.1_purchase_tax_template","23.0","23%","1","23%","1"
"__export__.product_product_5623_9493d6df","2 LB Lined Short Bag","","l10n_generic_coa.1_sale_tax_template","","12.0","l10n_generic_coa.1_purchase_tax_template","23.0","23%","1","23%","1"
"__export__.product_product_20745_d5a2de26","2 OZ Hinged Sauce Cups 1000's CASE","","l10n_generic_coa.1_sale_tax_template","","21.0","__export__.account_tax_6_cba05c03","23.0","23%","1","23%","1"
"__export__.product_product_5624_69e55ba5","2 OZ SATCO Clear Cup&Lids 800's CASE","","l10n_generic_coa.1_sale_tax_template","","35.5","l10n_generic_coa.1_purchase_tax_template","23.0","23%","1","23%","1"
"__export__.product_product_20472_cc1cfc34","21/25 Vannamei P&D 10*1kg CASE","","__export__.account_tax_4_2705eab1","","80.0","__export__.account_tax_6_cba05c03","0.0","0%","4","0%","1"
"__export__.product_product_21942_3ca22ccb","23862 Sticker Bubble Tea 20000ea","","l10n_generic_coa.1_sale_tax_template","","0.0","l10n_generic_coa.1_purchase_tax_template","23.0","23%","1","23%","1"
"__export__.product_product_21943_3d8cc54c","23863 Sticker Round Light Box 20000ea","","l10n_generic_coa.1_sale_tax_template","","0.0","l10n_generic_coa.1_purchase_tax_template","23.0","23%","1","23%","1"
"__export__.product_product_18996_c38ac706","26 OZ Noodle Box Plain 500's CASE","","l10n_generic_coa.1_sale_tax_template","","38.0","__export__.account_tax_6_cba05c03","23.0","23%","1","23%","1"
"__export__.product_product_21354_0fb72833","26 OZ White Paper Soup Cup+PP Lids 250's CASE","","l10n_generic_coa.1_sale_tax_template","","31.5","l10n_generic_coa.1_purchase_tax_template","23.0","23%","1","23%","1"
"__export__.product_product_20864_f42e9095","26/30 PD Prawn IQF (Black Box) 6*800g CASE","","__export__.account_tax_4_2705eab1","","55.0","__export__.account_tax_6_cba05c03","0.0","0%","4","0%","1"
"__export__.product_product_21379_ea5e0c4b","26/30 VA Garnalen HLSO Prawn 6*2kg CASE","","__export__.account_tax_4_2705eab1","","125.0","__export__.account_tax_6_cba05c03","0.0","0%","4","0%","1"
"__export__.product_product_5627_9c03c523","26/32 OZ (116mm) pp Lids CASE","","l10n_generic_coa.1_sale_tax_template","","25.0","l10n_generic_coa.1_purchase_tax_template","23.0","23%","1","23%","1"
"__export__.product_product_5628_1d45fd35","26/32 OZ(118mm) White Paper Lid","","l10n_generic_coa.1_sale_tax_template","","44.0","l10n_generic_coa.1_purchase_tax_template","23.0","23%","1","23%","1"
"__export__.product_product_21493_2dafb63d","28+ Cherry Fruit 2KG CASE","","__export__.account_tax_4_2705eab1","","18.5","__export__.account_tax_6_cba05c03","0.0","0%","4","0%","1"
"__export__.product_product_5629_fc466983","2QT Brown Bag 5kg","","l10n_generic_coa.1_sale_tax_template","","11.0","l10n_generic_coa.1_purchase_tax_template","23.0","23%","1","23%","1"
"__export__.product_product_5630_11cfe107","3 LB Lined Bag","","l10n_generic_coa.1_sale_tax_template","","11.5","l10n_generic_coa.1_purchase_tax_template","23.0","23%","1","23%","1"
"__export__.product_product_18916_2bd96d9a","3 QT Bag 5KG","","l10n_generic_coa.1_sale_tax_template","","9.0","l10n_generic_coa.1_purchase_tax_template","23.0","23%","1","23%","1"
"__export__.product_product_5795_1fd5f0c8","30+ Cherry Fruit 2 KG CASE","","__export__.account_tax_4_2705eab1","","17.5","__export__.account_tax_6_cba05c03","0.0","0%","4","0%","1"
"__export__.product_product_21351_0fd574fa","31/40 DSD Vannamei Prawn HLSO 6*2kg CASE","","__export__.account_tax_4_2705eab1","","111.3","__export__.account_tax_6_cba05c03","0.0","0%","4","0%","1"
"__export__.product_product_21361_f1d2f9e7","32 OZ Noodle Box 500's CASE","","l10n_generic_coa.1_sale_tax_template","","45.0","__export__.account_tax_6_cba05c03","23.0","23%","1","23%","1"
"__export__.product_product_18917_6caa15dc","32 OZ White Paper Soup Cup 320g(500's) CASE","","l10n_generic_coa.1_sale_tax_template","","45.0","l10n_generic_coa.1_purchase_tax_template","23.0","23%","1","23%","1"
"__export__.product_product_5632_fe21ba03","3QT Brown Bag 5KG","","l10n_generic_coa.1_sale_tax_template","","11.0","l10n_generic_coa.1_purchase_tax_template","23.0","23%","1","23%","1"
"__export__.product_product_5633_56aa9ccf","3QT Lined Bag 5KG","","l10n_generic_coa.1_sale_tax_template","","12.0","l10n_generic_coa.1_purchase_tax_template","23.0","23%","1","23%","1"
"__export__.product_product_19487_6e7ee894","4 OZ Hinged Sauce Cups 500's CASE","","l10n_generic_coa.1_sale_tax_template","","23.5","__export__.account_tax_6_cba05c03","23.0","23%","1","23%","1"
"__export__.product_product_18893_bdf26f6a","4 OZ SATCO Clear Cup&Lid 1000's CASE","","l10n_generic_coa.1_sale_tax_template","","35.95","l10n_generic_coa.1_purchase_tax_template","23.0","23%","1","23%","1"
"__export__.product_product_19003_97abc293","4 OZ Uniplas 500's CASE","","l10n_generic_coa.1_sale_tax_template","","21.0","l10n_generic_coa.1_purchase_tax_template","23.0","23%","1","23%","1"
"__export__.product_product_21573_fd447af5","4QT Lined Bag","","l10n_generic_coa.1_sale_tax_template","","11.5","l10n_generic_coa.1_purchase_tax_template","23.0","23%","1","23%","1"
"__export__.product_product_5635_fb49644d","5QT Brown Bag 5KG","","l10n_generic_coa.1_sale_tax_template","","11.0","l10n_generic_coa.1_purchase_tax_template","23.0","23%","1","23%","1"
"__export__.product_product_21103_7b13e35c","6/8 Black Tiger HOSO 10*1KG CASE","","__export__.account_tax_4_2705eab1","","155.0","__export__.account_tax_6_cba05c03","0.0","0%","4","0%","1"
"__export__.product_product_21104_0d7514e3","6/8 Black Tiger HOSO 1KG PKT","","__export__.account_tax_4_2705eab1","","20.0","__export__.account_tax_6_cba05c03","0.0","0%","4","0%","1"
"__export__.product_product_5636_1fa34d24","6QT Brown BAG 5KG","","l10n_generic_coa.1_sale_tax_template","","11.0","l10n_generic_coa.1_purchase_tax_template","23.0","23%","1","23%","1"
"__export__.product_product_21574_40faa116","6QT Lined Bag","","l10n_generic_coa.1_sale_tax_template","","11.5","l10n_generic_coa.1_purchase_tax_template","23.0","23%","1","23%","1"
"__export__.product_product_21840_d7a77454","7"" Pizza Box 100's CASE","","l10n_generic_coa.1_sale_tax_template","","14.5","l10n_generic_coa.1_purchase_tax_template","23.0","23%","1","23%","1"
"__export__.product_product_20953_4b29ede9","8 OZ E-8 240's CASE","","l10n_generic_coa.1_sale_tax_template","","18.0","l10n_generic_coa.1_purchase_tax_template","23.0","23%","1","23%","1"
"__export__.product_product_18812_ee219920","8 OZ SATCO Clear Cup&Lid 225's CASE","","l10n_generic_coa.1_sale_tax_template","","29.95","l10n_generic_coa.1_purchase_tax_template","23.0","23%","1","23%","1"
"__export__.product_product_21273_0d814a39","8 OZ STC Cup & Lids 300's CASE","","l10n_generic_coa.1_sale_tax_template","","19.5","l10n_generic_coa.1_purchase_tax_template","23.0","23%","1","23%","1"
"__export__.product_product_21359_85c9c862","8 OZ White Paper Soup Cup+PP Lids 250's CASE","","l10n_generic_coa.1_sale_tax_template","","21.5","l10n_generic_coa.1_purchase_tax_template","23.0","23%","1","23%","1"
"__export__.product_product_5643_450e0cf7","8/12/16/ OZ(98mm) White Paper Lid","","l10n_generic_coa.1_sale_tax_template","","34.0","","23.0","23%","1","23%","1"
"__export__.product_product_18921_439e0fb3","8/12/16/ OZ(98mm) White Paper Lid 500's CASE","","l10n_generic_coa.1_sale_tax_template","","34.0","l10n_generic_coa.1_purchase_tax_template","23.0","23%","1","23%","1"
"__export__.product_product_8073_2a1a09d7","9"" Pizza Box 100's CASE","","l10n_generic_coa.1_sale_tax_template","","17.5","l10n_generic_coa.1_purchase_tax_template","23.0","23%","1","23%","1"
"__export__.product_product_18717_307855aa","AFS Sweet Potato Vermicelli 20*500g CASE","","__export__.account_tax_4_2705eab1","","55.0","__export__.account_tax_6_cba05c03","0.0","0%","4","0%","1"
"__export__.product_product_20331_f3fe5e37","AKV Premium Potato Starch 25Kg BAG","","__export__.account_tax_4_2705eab1","","31.5","__export__.account_tax_6_cba05c03","0.0","0%","4","0%","1"
"__export__.product_product_5650_2c6bb38c","AO Fizzy Drink Mandarine 4*(6*330ml) tin CASE","","l10n_generic_coa.1_sale_tax_template","","24.0","__export__.account_tax_6_cba05c03","23.0","23%","1","23%","1"
"__export__.product_product_5651_ed2254fa","AO Fizzy Drink Orange Flavor 4*(6*330ml) CASE","","l10n_generic_coa.1_sale_tax_template","","24.0","__export__.account_tax_6_cba05c03","23.0","23%","1","23%","1"
"__export__.product_product_19039_22835334","AUTHENTIC Chicken&Veg Gyoza 12*600g CASE","","__export__.account_tax_4_2705eab1","","54.0","__export__.account_tax_6_cba05c03","0.0","0%","4","0%","1"
"__export__.product_product_21126_b31ca60d","AUTHENTIC Mushroom & Pork Ball 16*360g CASE","","__export__.account_tax_4_2705eab1","","59.5","__export__.account_tax_6_cba05c03","0.0","0%","4","0%","1"
"__export__.product_product_21714_3be8ebfb","AUTHENTIC Mushroom & Pork Ball 2.5KG BAG","","__export__.account_tax_4_2705eab1","","29.5","__export__.account_tax_6_cba05c03","0.0","0%","4","0%","1"
"__export__.product_product_21551_90fb0aa9","AUTHENTIC Mushroom & Pork Ball 360g PKT","","__export__.account_tax_4_2705eab1","","5.5","l10n_generic_coa.1_purchase_tax_template","0.0","0%","4","0%","1"
"__export__.product_product_21386_188ec809","AUTHENTIC Mushroom & Pork Ball 4*2.5KG (10KG) CASE","","__export__.account_tax_4_2705eab1","","95.0","__export__.account_tax_6_cba05c03","0.0","0%","4","0%","1"
"__export__.product_product_19040_f412a354","AUTHENTIC Pork Gyoza 12*600g CASE","","__export__.account_tax_4_2705eab1","","54.0","__export__.account_tax_6_cba05c03","0.0","0%","4","0%","1"
"__export__.product_product_20275_41f3055e","AVOCADO Hard CASE","","__export__.account_tax_4_2705eab1","","15.0","__export__.account_tax_6_cba05c03","0.0","0%","4","0%","1"
"__export__.product_product_21014_ba72daff","Acacia Leaf PACKET","","__export__.account_tax_4_2705eab1","","2.5","__export__.account_tax_6_cba05c03","0.0","0%","4","0%","1"
"__export__.product_product_19948_1f08211f","Affilla Cress CASE","","__export__.account_tax_4_2705eab1","","11.5","__export__.account_tax_6_cba05c03","0.0","0%","4","0%","1"
"__export__.product_product_20483_2140033b","Aji Chicken Karaage 10*600g CASE","","__export__.account_tax_4_2705eab1","","72.5","__export__.account_tax_6_cba05c03","0.0","0%","4","0%","1"
"__export__.product_product_20071_9a4e9c84","Aji Chicken Powder 12*1KG CASE","","__export__.account_tax_4_2705eab1","","87.5","__export__.account_tax_6_cba05c03","0.0","0%","4","0%","1"
"__export__.product_product_22109_91b7006b","Aji Wakame Gyoza 400g PKT","","__export__.account_tax_4_2705eab1","","0.0","__export__.account_tax_6_cba05c03","0.0","0%","4","0%","1"
"__export__.product_product_19097_399028e5","Akash Basmati Rice 20Kg Bag","","__export__.account_tax_4_2705eab1","","43.5","__export__.account_tax_6_cba05c03","0.0","0%","4","0%","1"
"__export__.product_product_21466_b1e8c49f","Akash Basmati Rice 20Kg+10% Bag","","__export__.account_tax_4_2705eab1","","43.5","__export__.account_tax_6_cba05c03","0.0","0%","4","0%","1"
"__export__.product_product_19534_39ee56d9","Akaya White Sesame Seed 6*1Kg CASE","","__export__.account_tax_4_2705eab1","","35.0","__export__.account_tax_6_cba05c03","0.0","0%","4","0%","1"
"__export__.product_product_20784_b20a9841","Aloe Vera Lychee 20*500ml CASE","","l10n_generic_coa.1_sale_tax_template","","23.5","__export__.account_tax_6_cba05c03","23.0","23%","1","23%","1"
"__export__.product_product_20481_74dcf5ea","Aloe Vera Orginal 12*1.5L CASE","","l10n_generic_coa.1_sale_tax_template","","28.95","__export__.account_tax_6_cba05c03","23.0","23%","1","23%","1"
"__export__.product_product_20482_c99948fb","Aloe Vera Orginal 20*500ml CASE","","l10n_generic_coa.1_sale_tax_template","","23.0","__export__.account_tax_6_cba05c03","23.0","23%","1","23%","1"
"__export__.product_product_20786_aa6213e2","Aloe Vera Peach 20*500ml CASE","","l10n_generic_coa.1_sale_tax_template","","23.5","__export__.account_tax_6_cba05c03","23.0","23%","1","23%","1"
"__export__.product_product_20785_a397c6aa","Aloe Vera Strawberry 20*500ml CASE","","l10n_generic_coa.1_sale_tax_template","","23.5","__export__.account_tax_6_cba05c03","23.0","23%","1","23%","1"
"__export__.product_product_21857_21b8896f","Am Choi Kg","","__export__.account_tax_4_2705eab1","","6.5","__export__.account_tax_6_cba05c03","0.0","0%","4","0%","1"
"__export__.product_product_7701_56ff5cb5","Amigo Long Grain Rice 20kg BAG","","__export__.account_tax_4_2705eab1","","28.5","__export__.account_tax_6_cba05c03","0.0","0%","4","0%","1"
"__export__.product_product_20368_31cd427f","Amoy Chilli Sauce 12*470g CASE","","__export__.account_tax_4_2705eab1","","56.0","__export__.account_tax_6_cba05c03","0.0","0%","4","0%","1"
"__export__.product_product_5648_b5e13a4a","Amoy Crushed Yellow Bean Sauce 12*450g CASE","","__export__.account_tax_4_2705eab1","","21.5","__export__.account_tax_6_cba05c03","0.0","0%","4","0%","1"
"__export__.product_product_5649_71221b32","Amoy Hoi Sin BBQ Sauce 12*482g CASE","","__export__.account_tax_4_2705eab1","","23.5","__export__.account_tax_6_cba05c03","0.0","0%","4","0%","1"
"__export__.product_product_20848_91d134c3","Anchovy Kao San Green 12*100g CASE","","__export__.account_tax_4_2705eab1","","35.0","__export__.account_tax_6_cba05c03","0.0","0%","4","0%","1"
"__export__.product_product_5652_854c91e7","Aomori Fuji 2Kg CASE","","__export__.account_tax_4_2705eab1","","0.0","__export__.account_tax_6_cba05c03","0.0","0%","4","0%","1"
"__export__.product_product_19250_08a0129b","Aplas C500 CASE","","l10n_generic_coa.1_sale_tax_template","","31.0","l10n_generic_coa.1_purchase_tax_template","23.0","23%","1","23%","1"
"__export__.product_product_5653_9757ca07","Aplas C650 CASE","","l10n_generic_coa.1_sale_tax_template","","35.0","__export__.account_tax_6_cba05c03","23.0","23%","1","23%","1"
"__export__.product_product_19436_55692c59","Apollo Clear Sacks 18*29*39 CASE","","l10n_generic_coa.1_sale_tax_template","","0.0","l10n_generic_coa.1_purchase_tax_template","23.0","23%","1","23%","1"
"__export__.product_product_5654_af8d2db3","Apple Gala CASE","","__export__.account_tax_4_2705eab1","","31.5","__export__.account_tax_6_cba05c03","0.0","0%","4","0%","1"
"__export__.product_product_19083_70ae9b22","Arawana Active Fermentation Porous NoodleS 20*600g CASE","","__export__.account_tax_4_2705eab1","","48.0","__export__.account_tax_6_cba05c03","0.0","0%","4","0%","1"
"__export__.product_product_19380_6dd43845","Arawana Active Fermentation-Fine Noodles 15*800g CASE","","__export__.account_tax_4_2705eab1","","43.0","__export__.account_tax_6_cba05c03","0.0","0%","4","0%","1"
"__export__.product_product_19381_7b87db48","Arawana Active Fermentation-Round Noodles 15*800g CASE","","__export__.account_tax_4_2705eab1","","40.0","__export__.account_tax_6_cba05c03","0.0","0%","4","0%","1"
"__export__.product_product_19087_de6f4367","Arawana Corn Noodles 15*1kg CASE","","__export__.account_tax_4_2705eab1","","47.0","__export__.account_tax_6_cba05c03","0.0","0%","4","0%","1"
"__export__.product_product_20042_b4eba1d0","Ariaka Ramen Soup Tonkotsu 10*1kg CASE","","__export__.account_tax_4_2705eab1","","165.0","__export__.account_tax_6_cba05c03","0.0","0%","4","0%","1"
"__export__.product_product_19174_0f42ab22","Arm & Hammer Baking Soda 24*454g CASE","","__export__.account_tax_4_2705eab1","","31.5","__export__.account_tax_6_cba05c03","0.0","0%","4","0%","1"
"__export__.product_product_20219_89d6409d","Asahi Baran 50*1000Pcs CASE","","l10n_generic_coa.1_sale_tax_template","","130.0","l10n_generic_coa.1_purchase_tax_template","23.0","23%","1","23%","1"
"__export__.product_product_5662_ac9007c9","Asian Choice B/T Shrimp HLSO/EZP 16/20 IQF 10*700g CASE","","__export__.account_tax_4_2705eab1","","91.0","__export__.account_tax_6_cba05c03","0.0","0%","4","0%","1"
"__export__.product_product_5663_f7ebd5e9","Asian Choice B/T Shrimp HLSO/EZP 26/30 IQF 10*700g CASE","","__export__.account_tax_4_2705eab1","","82.5","__export__.account_tax_6_cba05c03","0.0","0%","4","0%","1"
"__export__.product_product_5665_a3742428","Asian Choice B/T Shrimp HOSO 31/40 Block 10*700g CASE","","__export__.account_tax_4_2705eab1","","65.0","__export__.account_tax_6_cba05c03","0.0","0%","4","0%","1"
"__export__.product_product_5666_9b7c200d","Asian Choice Vietnaman Corn Cooked 26*500 CASE","","__export__.account_tax_4_2705eab1","","47.0","__export__.account_tax_6_cba05c03","0.0","0%","4","0%","1"
"__export__.product_product_21702_e8126de5","Asian Prawn 16/20 HLSO *6982* 10*1KG CASE","","__export__.account_tax_4_2705eab1","","75.0","__export__.account_tax_6_cba05c03","0.0","0%","4","0%","1"
"__export__.product_product_5667_b04f0b62","Asparagus BOX","","__export__.account_tax_4_2705eab1","","60.0","__export__.account_tax_6_cba05c03","0.0","0%","4","0%","1"
"__export__.product_product_5668_5a50bd3c","Asparagus LOOSE","","__export__.account_tax_4_2705eab1","","5.5","__export__.account_tax_6_cba05c03","0.0","0%","4","0%","1"
"__export__.product_product_22123_4f3a10c8","Athena 22*34*47"" Clear Compactor Sacks CASE","","l10n_generic_coa.1_sale_tax_template","","0.0","l10n_generic_coa.1_purchase_tax_template","23.0","23%","1","23%","1"
"__export__.product_product_19654_e9c64f57","Aubergine Chinese CASE","","__export__.account_tax_4_2705eab1","","33.0","__export__.account_tax_6_cba05c03","0.0","0%","4","0%","1"
"__export__.product_product_16043_aa4abe4d","Avebe Potato Starch 25KG BAG","","__export__.account_tax_4_2705eab1","","38.0","__export__.account_tax_6_cba05c03","0.0","0%","4","0%","1"
"__export__.product_product_19234_235d5652","BAMBOO SKEWERS 7"" (18cm) 200*100's CASE","","l10n_generic_coa.1_sale_tax_template","","66.0","l10n_generic_coa.1_purchase_tax_template","23.0","23%","1","23%","1"
"__export__.product_product_5708_606f7ce3","BD Black Bean Thailand 50*400g CASE","","__export__.account_tax_4_2705eab1","","75.0","__export__.account_tax_6_cba05c03","0.0","0%","4","0%","1"
"__export__.product_product_21787_1674386d","BDS High Gluten Flour For Dumpling 8*2.5KG CASE","","__export__.account_tax_4_2705eab1","","49.95","__export__.account_tax_6_cba05c03","0.0","0%","4","0%","1"
"__export__.product_product_6739_526bc74e","BEN's 16/20 PD Prawn IQF 10*1kg CASE","","__export__.account_tax_4_2705eab1","","82.0","__export__.account_tax_6_cba05c03","0.0","0%","4","0%","1"
"__export__.product_product_21164_b2e50428","BEN's 21/25 PD Prawn IQF 10*800g CASE","","__export__.account_tax_4_2705eab1","","84.0","__export__.account_tax_6_cba05c03","0.0","0%","4","0%","1"
"__export__.product_product_21528_dbf96b21","BEN's 26/30 Prawn PD IQF 10*1kg(net 800g) CASE","","__export__.account_tax_4_2705eab1","","88.0","__export__.account_tax_6_cba05c03","0.0","0%","4","0%","1"
"__export__.product_product_21284_e2ce3b8b","BF ChengDu Inst. Noodle (Hot&Sour) 20*123g CASE","","__export__.account_tax_4_2705eab1","","0.0","l10n_generic_coa.1_purchase_tax_template","0.0","0%","4","0%","1"
"__export__.product_product_21286_6a4ef9e4","BF KonJak Cold Noodles (Spicy) 20*262g CASE","","__export__.account_tax_4_2705eab1","","0.0","l10n_generic_coa.1_purchase_tax_template","0.0","0%","4","0%","1"
"__export__.product_product_21285_67dba399","BF XiBei Inst. Noodles (Spicy Ma-La) 20*132g CASE","","__export__.account_tax_4_2705eab1","","0.0","l10n_generic_coa.1_purchase_tax_template","0.0","0%","4","0%","1"
"__export__.product_product_19252_35b28343","BHB10 Bagasse White Clamshell 9*6'(250's) CASE","","l10n_generic_coa.1_sale_tax_template","","43.0","l10n_generic_coa.1_purchase_tax_template","23.0","23%","1","23%","1"
"__export__.product_product_21660_a5934c91","BIBIGO Beef Bulgogi Gyoza Dumplings 12*600g CASE","","__export__.account_tax_4_2705eab1","","76.5","__export__.account_tax_6_cba05c03","0.0","0%","4","0%","1"
"__export__.product_product_21688_287d976c","BIBIGO Korean Corn Dog 12*240g CASE","","__export__.account_tax_4_2705eab1","","58.95","__export__.account_tax_6_cba05c03","0.0","0%","4","0%","1"
"__export__.product_product_21709_d11b9156","BIBIGO Tofu & Vegetable Gyoza Dumplings 12*600g CASE","","__export__.account_tax_4_2705eab1","","52.800000000000004","__export__.account_tax_6_cba05c03","0.0","0%","4","0%","1"
"__export__.product_product_22002_43084913","BIG 8 Boneless Roasted Duck 10KG CASE","","__export__.account_tax_4_2705eab1","","82.0","__export__.account_tax_6_cba05c03","0.0","0%","4","0%","1"
"__export__.product_product_20904_70eb1ba5","BIG ALS Flame Cooked BBQ Ribs Steak 40*95g CASE","","__export__.account_tax_4_2705eab1","","0.0","__export__.account_tax_6_cba05c03","0.0","0%","4","0%","1"
"__export__.product_product_20947_730b3293","BLENDERS Garlic MAYONNAISE 10L BUCKET","","__export__.account_tax_4_2705eab1","","36.0","__export__.account_tax_6_cba05c03","0.0","0%","4","0%","1"
"__export__.product_product_20053_885f210f","BS Beef Bulgogi Sauce 12*500g CASE","","__export__.account_tax_4_2705eab1","","35.0","__export__.account_tax_6_cba05c03","0.0","0%","4","0%","1"
"__export__.product_product_18197_6d7fe1d7","BS Chicken Frying Powder 10*1kg CASE","","__export__.account_tax_4_2705eab1","","62.5","l10n_generic_coa.1_purchase_tax_template","0.0","0%","4","0%","1"
"__export__.product_product_20176_77e7dce7","BS Frying Mix Tempura Powder 10*1kg CASE","","__export__.account_tax_4_2705eab1","","33.5","__export__.account_tax_6_cba05c03","0.0","0%","4","0%","1"
"__export__.product_product_20986_1e7a3545","BSZ Sundried Noodles with Pickled Mushroom Sauce 20*220g CASE","","__export__.account_tax_4_2705eab1","","0.0","__export__.account_tax_6_cba05c03","0.0","0%","4","0%","1"
"__export__.product_product_20985_4b99db6d","BSZ Sundried Noodles with Porcini Mushroom Sauce 20*180g CASE","","__export__.account_tax_4_2705eab1","","0.0","__export__.account_tax_6_cba05c03","0.0","0%","4","0%","1"
"__export__.product_product_20384_aa11f6af","BX YS BOWL Inst Noodle Soup Art.Beef Spicy 12*107g CASE","","__export__.account_tax_4_2705eab1","","20.0","__export__.account_tax_6_cba05c03","0.0","0%","4","0%","1"
"__export__.product_product_20383_8ad19f2b","BX YS BOWL Inst Noodle Soup Art.Pork Bone 12*108g CASE","","__export__.account_tax_4_2705eab1","","20.0","__export__.account_tax_6_cba05c03","0.0","0%","4","0%","1"
"__export__.product_product_20621_494b41f9","BX YS Inst noodle soup Beef Spicy 6*5*111g CASE","","__export__.account_tax_4_2705eab1","","27.5","__export__.account_tax_6_cba05c03","0.0","0%","4","0%","1"
"__export__.product_product_20638_e40ed974","BX YS Inst noodle soup Pork Bone 6*5*113g CASE","","__export__.account_tax_4_2705eab1","","27.5","__export__.account_tax_6_cba05c03","0.0","0%","4","0%","1"
"__export__.product_product_20619_c22cc071","BX YS Inst noodle soup chicken 6*5*111g CASE","","__export__.account_tax_4_2705eab1","","27.5","__export__.account_tax_6_cba05c03","0.0","0%","4","0%","1"
"__export__.product_product_19046_94d39678","Baba's Meat Curry Powder 40*250g CASE","","__export__.account_tax_4_2705eab1","","78.0","__export__.account_tax_6_cba05c03","0.0","0%","4","0%","1"
"__export__.product_product_20452_d5997537","Baby Cale PACKET","","__export__.account_tax_4_2705eab1","","4.5","__export__.account_tax_6_cba05c03","0.0","0%","4","0%","1"
"__export__.product_product_5675_40d7483f","Baby Chinese Leaf CASE","","__export__.account_tax_4_2705eab1","","30.0","__export__.account_tax_6_cba05c03","0.0","0%","4","0%","1"
"__export__.product_product_5677_07d201c7","Baby Gem CASE","","__export__.account_tax_4_2705eab1","","14.0","__export__.account_tax_6_cba05c03","0.0","0%","4","0%","1"
"__export__.product_product_5678_d92e1263","Baby Gem LOOSE","","__export__.account_tax_4_2705eab1","","1.5","__export__.account_tax_6_cba05c03","0.0","0%","4","0%","1"
"__export__.product_product_5679_219c5c03","Baby Mix Leaf 500g BAG","","__export__.account_tax_4_2705eab1","","4.8","__export__.account_tax_6_cba05c03","0.0","0%","4","0%","1"
"__export__.product_product_21363_c44558de","Baby Pineapple Peeled 20*500g CASE","","__export__.account_tax_4_2705eab1","","0.0","__export__.account_tax_6_cba05c03","0.0","0%","4","0%","1"
"__export__.product_product_5680_9feaf9b6","Baby Potato CASE","","__export__.account_tax_4_2705eab1","","14.0","__export__.account_tax_6_cba05c03","0.0","0%","4","0%","1"
"__export__.product_product_21549_fe620d12","Baby Potato KG","","__export__.account_tax_4_2705eab1","","2.3000000000000003","__export__.account_tax_6_cba05c03","0.0","0%","4","0%","1"
"__export__.product_product_5681_c2e911c6","Baby Spinach 500g BAG","","__export__.account_tax_4_2705eab1","","5.0","__export__.account_tax_6_cba05c03","0.0","0%","4","0%","1"
"__export__.product_product_20293_f6ed3da0","Baby Squid 12*1kg CASE","","__export__.account_tax_4_2705eab1","","102.0","__export__.account_tax_6_cba05c03","0.0","0%","4","0%","1"
"__export__.product_product_21346_39bd8194","Bag On Roll CASE","","l10n_generic_coa.1_sale_tax_template","","0.0","l10n_generic_coa.1_purchase_tax_template","23.0","23%","1","23%","1"
"__export__.product_product_21427_25269592","Bagasse Plate 9"" 10*50's CASE","","l10n_generic_coa.1_sale_tax_template","","38.0","l10n_generic_coa.1_purchase_tax_template","23.0","23%","1","23%","1"
"__export__.product_product_20525_39c968bf","Bags For Soup Ingredients 12's CASE","","l10n_generic_coa.1_sale_tax_template","","13.950000000000001","l10n_generic_coa.1_purchase_tax_template","23.0","23%","1","23%","1"
"__export__.product_product_19101_ee1e390c","Baitang Jasmine Rice 5*4.5KG CASE","","__export__.account_tax_4_2705eab1","","37.0","__export__.account_tax_6_cba05c03","0.0","0%","4","0%","1"
"__export__.product_product_5687_ca424cce","Baker Potato 10kg BAG","","__export__.account_tax_4_2705eab1","","9.5","__export__.account_tax_6_cba05c03","0.0","0%","4","0%","1"
"__export__.product_product_5688_2e2e6095","Baker Potato BAG/10KG Best Quality","","__export__.account_tax_4_2705eab1","","9.0","__export__.account_tax_6_cba05c03","0.0","0%","4","0%","1"
"__export__.product_product_18961_fbe3321b","Baker White Washed 10kg BAG","","__export__.account_tax_4_2705eab1","","10.0","__export__.account_tax_6_cba05c03","0.0","0%","4","0%","1"
"__export__.product_product_21117_9a79ba43","Balah Bay Leave 1KG PKT","","__export__.account_tax_4_2705eab1","","14.5","__export__.account_tax_6_cba05c03","0.0","0%","4","0%","1"
"__export__.product_product_21116_b8b6d167","Balah Bay Leaves 6*1KG CASE","","__export__.account_tax_4_2705eab1","","75.0","__export__.account_tax_6_cba05c03","0.0","0%","4","0%","1"
"__export__.product_product_21214_97a60fd3","Balah Tomato Ketchup 2*4L CASE","","__export__.account_tax_4_2705eab1","","16.5","__export__.account_tax_6_cba05c03","0.0","0%","4","0%","1"
"__export__.product_product_20989_a57e31c8","Balah Tomato Paste 4*4.5KG CASE","","__export__.account_tax_4_2705eab1","","49.0","__export__.account_tax_6_cba05c03","0.0","0%","4","0%","1"
"__export__.product_product_21276_6f72d064","Bamboo Charcoal CASE","","__export__.account_tax_4_2705eab1","","0.0","__export__.account_tax_6_cba05c03","0.0","0%","4","0%","1"
"__export__.product_product_18806_3060bec2","Bamboo Chopsticks 10*100's CASE","","l10n_generic_coa.1_sale_tax_template","","14.0","l10n_generic_coa.1_purchase_tax_template","23.0","23%","1","23%","1"
"__export__.product_product_5691_daf6dfb8","Bamboo Shoot Slice 6*2950g CASE","","__export__.account_tax_4_2705eab1","","24.0","__export__.account_tax_6_cba05c03","0.0","0%","4","0%","1"
"__export__.product_product_5693_79c231e0","Bamboo Shoot Strip 6*2950g CASE","","__export__.account_tax_4_2705eab1","","24.0","__export__.account_tax_6_cba05c03","0.0","0%","4","0%","1"
"__export__.product_product_21509_ce34f207","Bamboo Skewers 6"" (15cm*3mm) 100*100's CASE","","l10n_generic_coa.1_sale_tax_template","","35.5","l10n_generic_coa.1_purchase_tax_template","23.0","23%","1","23%","1"
"__export__.product_product_21333_01df4a8b","Bamboo Steamer Base 7"" 30's CASE","","l10n_generic_coa.1_sale_tax_template","","78.0","__export__.account_tax_6_cba05c03","23.0","23%","1","23%","1"
"__export__.product_product_19921_7da648b5","Bamboo Sushi Mat  24cm PKT","","l10n_generic_coa.1_sale_tax_template","","2.85","l10n_generic_coa.1_purchase_tax_template","23.0","23%","1","23%","1"
"__export__.product_product_20111_68a0c89d","Bamboo Sushi Mat 27cm PKT","","l10n_generic_coa.1_sale_tax_template","","2.5","l10n_generic_coa.1_purchase_tax_template","23.0","23%","1","23%","1"
"__export__.product_product_21513_0f79500b","Bamboo Teppo Skewers 12cm 100*200pcs CASE","","l10n_generic_coa.1_sale_tax_template","","185.0","l10n_generic_coa.1_purchase_tax_template","23.0","23%","1","23%","1"
"__export__.product_product_5696_03b2f6eb","Banana CASE","","__export__.account_tax_4_2705eab1","","25.0","__export__.account_tax_6_cba05c03","0.0","0%","4","0%","1"
"__export__.product_product_5698_23533727","Banana Leaf 200g PACKET","","__export__.account_tax_4_2705eab1","","4.0","__export__.account_tax_6_cba05c03","0.0","0%","4","0%","1"
"__export__.product_product_5699_823ca98e","Banana Leaf 4*500g CASE","","__export__.account_tax_4_2705eab1","","30.0","__export__.account_tax_6_cba05c03","0.0","0%","4","0%","1"
"__export__.product_product_5701_747d6117","Banana Leaf 500g PACKET","","__export__.account_tax_4_2705eab1","","8.5","__export__.account_tax_6_cba05c03","0.0","0%","4","0%","1"
"__export__.product_product_5703_593e2363","Basil 100g","","__export__.account_tax_4_2705eab1","","1.8","__export__.account_tax_6_cba05c03","0.0","0%","4","0%","1"
"__export__.product_product_20144_423b9fab","Basket Tofu Firm(Satonoyuki) 4*12*300g CASE","","__export__.account_tax_4_2705eab1","","65.0","__export__.account_tax_6_cba05c03","0.0","0%","4","0%","1"
"__export__.product_product_5712_f2479f82","Bee's Maltose 24*500g cup CASE","","__export__.account_tax_4_2705eab1","","38.5","__export__.account_tax_6_cba05c03","0.0","0%","4","0%","1"
"__export__.product_product_21971_d0f1ba46","Beef Belly Slice KG","","__export__.account_tax_4_2705eab1","","15.0","__export__.account_tax_6_cba05c03","0.0","0%","4","0%","1"
"__export__.product_product_21670_7d8b069c","Beef Brisket 1KG","","__export__.account_tax_4_2705eab1","","13.0","__export__.account_tax_6_cba05c03","0.0","0%","4","0%","1"
"__export__.product_product_5713_db8ca181","Beetroot BAG","","__export__.account_tax_4_2705eab1","","7.0","__export__.account_tax_6_cba05c03","0.0","0%","4","0%","1"
"__export__.product_product_21695_c289166b","Beksul Apple Vinegar 500ml BOTTLE","","__export__.account_tax_4_2705eab1","","2.2","__export__.account_tax_6_cba05c03","0.0","0%","4","0%","1"
"__export__.product_product_20978_8f51f1bf","Beksul Frying Mix Powder 10*1kg CASE","","l10n_generic_coa.1_sale_tax_template","","0.0","l10n_generic_coa.1_purchase_tax_template","23.0","23%","1","23%","1"
"__export__.product_product_20209_c065e73c","Beksul Pancake Mix Powder 10*1kg CASE","","__export__.account_tax_4_2705eab1","","33.0","__export__.account_tax_6_cba05c03","0.0","0%","4","0%","1"
"__export__.product_product_19363_a065a549","Bento Box OP-306 base+lid 200's CASE","","l10n_generic_coa.1_sale_tax_template","","72.0","__export__.account_tax_6_cba05c03","23.0","23%","1","23%","1"
"__export__.product_product_20102_47b807fd","Bibigo Korean Chilli Paste 20*500g CASE","","__export__.account_tax_4_2705eab1","","59.0","__export__.account_tax_6_cba05c03","0.0","0%","4","0%","1"
"__export__.product_product_20636_b2f898b2","Bibigo Pork&Veg steamed Dumpling 15*560g CASE","","l10n_generic_coa.1_sale_tax_template","","0.0","l10n_generic_coa.1_purchase_tax_template","23.0","23%","1","23%","1"
"__export__.product_product_19000_2c47642b","Bicarbonate Of Soda 4*3KG CASE","","__export__.account_tax_4_2705eab1","","26.95","__export__.account_tax_6_cba05c03","0.0","0%","4","0%","1"
"__export__.product_product_5718_1475f0fe","Bionde Lettuce CASE","","__export__.account_tax_4_2705eab1","","20.0","__export__.account_tax_6_cba05c03","0.0","0%","4","0%","1"
"__export__.product_product_19692_76c17e68","Bitter Melon CASE","","__export__.account_tax_4_2705eab1","","62.0","__export__.account_tax_6_cba05c03","0.0","0%","4","0%","1"
"__export__.product_product_5724_24955f72","Black Bean 40*454G CASE","","__export__.account_tax_4_2705eab1","","75.0","__export__.account_tax_6_cba05c03","0.0","0%","4","0%","1"
"__export__.product_product_5729_1fa14ec3","Black Date 10Kg CASE","","__export__.account_tax_4_2705eab1","","55.0","__export__.account_tax_6_cba05c03","0.0","0%","4","0%","1"
"__export__.product_product_5731_f8b42148","Black Date 40*250G CASE","","__export__.account_tax_4_2705eab1","","55.0","__export__.account_tax_6_cba05c03","0.0","0%","4","0%","1"
"__export__.product_product_21499_4aca13a0","Black Sesame Dried Jujube With Walnuts 1KG CASE","","__export__.account_tax_4_2705eab1","","20.5","__export__.account_tax_6_cba05c03","0.0","0%","4","0%","1"
"__export__.product_product_22058_3b6ee49b","Black Sesame Seed 10*1KG CASE","","__export__.account_tax_4_2705eab1","","65.0","__export__.account_tax_6_cba05c03","0.0","0%","4","0%","1"
"__export__.product_product_5602_01546b98","Black Sesame Seed 1KG*20 CASE","","__export__.account_tax_4_2705eab1","","115.0","__export__.account_tax_6_cba05c03","0.0","0%","4","0%","1"
"__export__.product_product_5605_6a111f72","Black Sesame Seed 50*400g CASE","","__export__.account_tax_4_2705eab1","","115.0","__export__.account_tax_6_cba05c03","0.0","0%","4","0%","1"
"__export__.product_product_5737_64effd7f","Blue Berries PUNNUT","","__export__.account_tax_4_2705eab1","","2.5","__export__.account_tax_6_cba05c03","0.0","0%","4","0%","1"
"__export__.product_product_20990_39b69596","Blue Heera Peanut Butter (Crunchy) 12*340g CASE","","__export__.account_tax_4_2705eab1","","22.0","__export__.account_tax_6_cba05c03","0.0","0%","4","0%","1"
"__export__.product_product_21149_36a04c74","Blue Rock Jasmine White Plastic Forks 1000's CASE","","l10n_generic_coa.1_sale_tax_template","","24.0","l10n_generic_coa.1_purchase_tax_template","23.0","23%","1","23%","1"
"__export__.product_product_20689_94910f47","Blue Roll 6 Rolls CASE","","l10n_generic_coa.1_sale_tax_template","","12.5","__export__.account_tax_6_cba05c03","23.0","23%","1","23%","1"
"__export__.product_product_21964_0e69fc5b","Blue Vinyl Gloves L-Size10*100's CASE","","l10n_generic_coa.1_sale_tax_template","","20.5","l10n_generic_coa.1_purchase_tax_template","23.0","23%","1","23%","1"
"__export__.product_product_21052_f8aa763e","Bobby Bean Kg","","__export__.account_tax_4_2705eab1","","0.0","__export__.account_tax_6_cba05c03","0.0","0%","4","0%","1"
"__export__.product_product_19411_d60312cb","Boiled Bamboo Shoots Crude 500g*20 CASE","","__export__.account_tax_4_2705eab1","","48.5","__export__.account_tax_6_cba05c03","0.0","0%","4","0%","1"
"__export__.product_product_19410_2e13f04a","Boiled Bamboo Thin 500g*20 CASE","","__export__.account_tax_4_2705eab1","","49.5","__export__.account_tax_6_cba05c03","0.0","0%","4","0%","1"
"__export__.product_product_19412_b016ec0c","Boiled Color waxy corn 30*200g CASE","","__export__.account_tax_4_2705eab1","","49.5","__export__.account_tax_6_cba05c03","0.0","0%","4","0%","1"
"__export__.product_product_19928_7335c7b9","Boiled Quail Egg 850g PKT","","__export__.account_tax_4_2705eab1","","5.2","__export__.account_tax_6_cba05c03","0.0","0%","4","0%","1"
"__export__.product_product_22042_679c53f2","Boiled Quail Eggs 12*850g CASE","","__export__.account_tax_4_2705eab1","","52.0","__export__.account_tax_6_cba05c03","0.0","0%","4","0%","1"
"__export__.product_product_20973_614f3725","Boneless Chicken Feet 20*1kg CASE","","__export__.account_tax_4_2705eab1","","250.0","__export__.account_tax_6_cba05c03","0.0","0%","4","0%","1"
"__export__.product_product_21005_02f0d209","Breaded Chicken Goujons 5*1kg CASE","","__export__.account_tax_4_2705eab1","","36.0","l10n_generic_coa.1_purchase_tax_template","0.0","0%","4","0%","1"
"__export__.product_product_21801_96fe7eb2","Breaded Shrimp Ring 12*800g CASE","","__export__.account_tax_4_2705eab1","","97.5","__export__.account_tax_6_cba05c03","0.0","0%","4","0%","1"
"__export__.product_product_5745_0658e473","Broccoli 8Kg CASE","","__export__.account_tax_4_2705eab1","","18.5","__export__.account_tax_6_cba05c03","0.0","0%","4","0%","1"
"__export__.product_product_22077_325316ff","Buchanana Salted Roasted Peanuts 6*1kg CASE","","l10n_generic_coa.1_sale_tax_template","","64.5","l10n_generic_coa.1_purchase_tax_template","23.0","23%","1","23%","1"
"__export__.product_product_21797_f3d04c03","BulkySoft Cocktail Napkin W CASE","","l10n_generic_coa.1_sale_tax_template","","21.5","l10n_generic_coa.1_purchase_tax_template","23.0","23%","1","23%","1"
"__export__.product_product_21394_0bb489dd","BulkySoft Cream Napkin 4F 40*40 2000's CASE","","l10n_generic_coa.1_sale_tax_template","","55.0","l10n_generic_coa.1_purchase_tax_template","23.0","23%","1","23%","1"
"__export__.product_product_7746_9081d143","Bulldog Tonkatsu Sauce 6*1.8L CASE","","__export__.account_tax_4_2705eab1","","39.5","__export__.account_tax_6_cba05c03","0.0","0%","4","0%","1"
"__export__.product_product_19965_92b08791","Bullet Chilli 4kg Case","","__export__.account_tax_4_2705eab1","","29.0","l10n_generic_coa.1_purchase_tax_template","0.0","0%","4","0%","1"
"__export__.product_product_5752_1d34c658","Butternut Squash Box","","__export__.account_tax_4_2705eab1","","18.0","__export__.account_tax_6_cba05c03","0.0","0%","4","0%","1"
"__export__.product_product_20084_3dd2cd05","CAMPINGAZ GAS 4*220g PK","","__export__.account_tax_3_42b1e19b","","12.0","__export__.account_tax_5_1e4e1f1d","13.5","13.50%","3","13.50%","1"
"__export__.product_product_20634_8be4efdd","CFW002N White C-Fold Hand Towel 2295' 2ply 21*30.7cm CASE","","l10n_generic_coa.1_sale_tax_template","","26.5","l10n_generic_coa.1_purchase_tax_template","23.0","23%","1","23%","1"
"__export__.product_product_20405_5bfa3861","CHAMPMAR 16/20 Prawn Raw HLSO Block 6*1.8Kg CASE","","__export__.account_tax_4_2705eab1","","115.0","__export__.account_tax_6_cba05c03","0.0","0%","4","0%","1"
"__export__.product_product_19108_059e60cc","CHEF Tomato Ketchup 4*5.6kg CASE","","__export__.account_tax_4_2705eab1","","46.0","__export__.account_tax_6_cba05c03","0.0","0%","4","0%","1"
"__export__.product_product_15802_9205637c","CHEF Vinegar 2*5L CASE","","__export__.account_tax_4_2705eab1","","12.5","__export__.account_tax_6_cba05c03","0.0","0%","4","0%","1"
"__export__.product_product_19809_4176c1f5","CHI MEI Bamboo Shoots Bun 15*6*65g CASE","","__export__.account_tax_4_2705eab1","","69.5","__export__.account_tax_6_cba05c03","0.0","0%","4","0%","1"
"__export__.product_product_19808_d670854b","CHI MEI Preserved Meicaicai Bun 15*6*65g CASE","","__export__.account_tax_4_2705eab1","","69.5","__export__.account_tax_6_cba05c03","0.0","0%","4","0%","1"
"__export__.product_product_19811_8372377a","CHI MEI Sesame Bun 15*6*65g CASE","","__export__.account_tax_4_2705eab1","","62.5","__export__.account_tax_6_cba05c03","0.0","0%","4","0%","1"
"__export__.product_product_19810_5e5f0dce","CHI MEI Taro Bun 15*6*65g CASE","","__export__.account_tax_4_2705eab1","","67.0","__export__.account_tax_6_cba05c03","0.0","0%","4","0%","1"
"__export__.product_product_19812_e8327b26","CHI MEI White Sesame Bun 15*6*65g CASE","","__export__.account_tax_4_2705eab1","","67.0","__export__.account_tax_6_cba05c03","0.0","0%","4","0%","1"
"__export__.product_product_21718_018fb85a","CHINA CHEF Corn Flour 4*3KG CASE","","__export__.account_tax_4_2705eab1","","30.5","__export__.account_tax_6_cba05c03","0.0","0%","4","0%","1"
"__export__.product_product_22023_dce0fb74","CHINATOWN Sesame Ball Red Bean Filling 24*228g CASE","","__export__.account_tax_4_2705eab1","","41.5","__export__.account_tax_6_cba05c03","0.0","0%","4","0%","1"
"__export__.product_product_22048_efc3dfcd","CHUANZHEN Cauguo 10*500g CASE","","__export__.account_tax_4_2705eab1","","120.0","__export__.account_tax_6_cba05c03","0.0","0%","4","0%","1"
"__export__.product_product_20711_3b9b9c82","CJ Beef Dasida Powder 10*1KG CASE","","__export__.account_tax_4_2705eab1","","82.95","__export__.account_tax_6_cba05c03","0.0","0%","4","0%","1"
"__export__.product_product_19560_57e2bbfb","CJ Beef Dasida Soup Stock 6*2.25kg CASE","","__export__.account_tax_4_2705eab1","","145.0","__export__.account_tax_6_cba05c03","0.0","0%","4","0%","1"
"__export__.product_product_21474_67bc8d8b","CJW Corn Syrup 4*5KG CASE","","__export__.account_tax_4_2705eab1","","54.0","__export__.account_tax_6_cba05c03","0.0","0%","4","0%","1"
"__export__.product_product_20145_3075494d","CJW Frying Mix Tempura Powder 20*500g CASE","","__export__.account_tax_4_2705eab1","","37.5","l10n_generic_coa.1_purchase_tax_template","0.0","0%","4","0%","1"
"__export__.product_product_18740_d2a2cc73","CJW Luncheon Meat Pork 24*340g CASE","","__export__.account_tax_4_2705eab1","","84.5","__export__.account_tax_6_cba05c03","0.0","0%","4","0%","1"
"__export__.product_product_5881_f2511e52","CLH Broadbean Paste Red Oil Sauce Jar 12*1KG CASE","","__export__.account_tax_4_2705eab1","","40.0","__export__.account_tax_6_cba05c03","0.0","0%","4","0%","1"
"__export__.product_product_18297_827efc8a","CLH Hot Broadbean Paste Red Oil 15*500g CASE","","__export__.account_tax_4_2705eab1","","32.0","__export__.account_tax_6_cba05c03","0.0","0%","4","0%","1"
"__export__.product_product_19570_504b96a8","CLH Sichuan Peppercorn Oil 12*360ml CASE","","__export__.account_tax_4_2705eab1","","48.5","__export__.account_tax_6_cba05c03","0.0","0%","4","0%","1"
"__export__.product_product_5883_940639af","CLH Sichuan Peppercorn Oil 6*1.8L CASE","","__export__.account_tax_4_2705eab1","","84.0","__export__.account_tax_6_cba05c03","0.0","0%","4","0%","1"
"__export__.product_product_21283_e6fdfab3","CLS Rice Cake Slice 24*500g CASE","","__export__.account_tax_4_2705eab1","","48.5","__export__.account_tax_6_cba05c03","0.0","0%","4","0%","1"
"__export__.product_product_18346_0dbe4a54","CN AK Red Oil Noodle Sesame 20*120g CASE","","__export__.account_tax_4_2705eab1","","25.0","__export__.account_tax_6_cba05c03","0.0","0%","4","0%","1"
"__export__.product_product_5894_5123e77a","CN AOSAI Hawthorn Flakes 60*138g CASE","","l10n_generic_coa.1_sale_tax_template","","63.0","__export__.account_tax_6_cba05c03","23.0","23%","1","23%","1"
"__export__.product_product_5896_b0be1cd0","CN AOSAI Hawthorn Stick 42*138g CASE","","l10n_generic_coa.1_sale_tax_template","","51.0","__export__.account_tax_6_cba05c03","23.0","23%","1","23%","1"
"__export__.product_product_5897_97ada8db","CN AOSAI Jujube Hawthorn Hamburger 42*150g CASE","","l10n_generic_coa.1_sale_tax_template","","55.5","__export__.account_tax_6_cba05c03","23.0","23%","1","23%","1"
"__export__.product_product_5900_5986a048","CN AOSAI Light Sugar Hawthorn Pulp 42*128g CASE","","l10n_generic_coa.1_sale_tax_template","","0.0","__export__.account_tax_6_cba05c03","23.0","23%","1","23%","1"
"__export__.product_product_5933_26091877","CN BI Chilli Pickle Sauce24*500ml CASE","","__export__.account_tax_4_2705eab1","","45.0","__export__.account_tax_6_cba05c03","0.0","0%","4","0%","1"
"__export__.product_product_5934_310f9617","CN BI Pickle Sauce24*500ml CASE","","__export__.account_tax_4_2705eab1","","45.0","__export__.account_tax_6_cba05c03","0.0","0%","4","0%","1"
"__export__.product_product_5939_e5d4952b","CN BJ Sichuan Hot Pot Vermicelli 20*188g CASE","","__export__.account_tax_4_2705eab1","","34.5","__export__.account_tax_6_cba05c03","0.0","0%","4","0%","1"
"__export__.product_product_5919_db325f74","CN Bestore Millet Crisps Five Spicy 20*90g CASE","","l10n_generic_coa.1_sale_tax_template","","0.0","__export__.account_tax_6_cba05c03","23.0","23%","1","23%","1"
"__export__.product_product_5925_37d1846b","CN Bestore Roasted Pecan 30*190g CASE","","__export__.account_tax_4_2705eab1","","90.0","__export__.account_tax_6_cba05c03","0.0","0%","4","0%","1"
"__export__.product_product_5931_8a5ff74b","CN Bestore Wakame Seaweed Hot&Spicy 30*160g Case","","__export__.account_tax_4_2705eab1","","54.0","__export__.account_tax_6_cba05c03","0.0","0%","4","0%","1"
"__export__.product_product_5942_56e8fd3b","CN CBL Bean Paste 50*180g CASE","","__export__.account_tax_4_2705eab1","","26.0","__export__.account_tax_6_cba05c03","0.0","0%","4","0%","1"
"__export__.product_product_5947_d28a913d","CN CBL Sweet Bean Paste 30*400g CASE","","__export__.account_tax_4_2705eab1","","34.5","__export__.account_tax_6_cba05c03","0.0","0%","4","0%","1"
"__export__.product_product_18267_2dc15942","CN Coconut Drink Tin 24*245ml CASE","","l10n_generic_coa.1_sale_tax_template","","30.5","__export__.account_tax_6_cba05c03","23.0","23%","1","23%","1"
"__export__.product_product_22101_fa5f5b72","CN DFSY Oolong Tea 15*500ml CASE","","l10n_generic_coa.1_sale_tax_template","","21.5","__export__.account_tax_6_cba05c03","23.0","23%","1","23%","1"
"__export__.product_product_5961_4303c614","CN DHP Spicy HotPot Soup Base 30*300g CASE","","__export__.account_tax_4_2705eab1","","0.0","__export__.account_tax_6_cba05c03","0.0","0%","4","0%","1"
"__export__.product_product_19676_e9f55e2f","CN DHP Spicy HotPot Soup Base 60x150g CASE","","__export__.account_tax_4_2705eab1","","0.0","__export__.account_tax_6_cba05c03","0.0","0%","4","0%","1"
"__export__.product_product_19056_db694878","CN Dried Black Fungus 10*1kg CASE","","__export__.account_tax_4_2705eab1","","223.0","__export__.account_tax_6_cba05c03","0.0","0%","4","0%","1"
"__export__.product_product_19711_846a16de","CN Dried Black Fungus 100*100g CASE","","__export__.account_tax_4_2705eab1","","0.0","__export__.account_tax_6_cba05c03","0.0","0%","4","0%","1"
"__export__.product_product_19053_d4ceaf4f","CN Dried White Fungus 100*100g CASE","","__export__.account_tax_4_2705eab1","","300.0","__export__.account_tax_6_cba05c03","0.0","0%","4","0%","1"
"__export__.product_product_22116_2367a3a2","CN GLQ Marshmallow HELLO Baby Animals Shape 40*92g CASE","","l10n_generic_coa.1_sale_tax_template","","0.0","l10n_generic_coa.1_purchase_tax_template","23.0","23%","1","23%","1"
"__export__.product_product_18200_c1983a6a","CN GP Shanxi Superior Mature Vinegar 24*265ml CASE","","__export__.account_tax_4_2705eab1","","38.5","__export__.account_tax_6_cba05c03","0.0","0%","4","0%","1"
"__export__.product_product_20584_ae3dfd70","CN Genji Spicy Bean Curd Slice Hot 60*148g CASE","","l10n_generic_coa.1_sale_tax_template","","60.5","__export__.account_tax_6_cba05c03","23.0","23%","1","23%","1"
"__export__.product_product_19371_c4f15fcb","CN HBS Highland Barley Snack Bar 10*400g CASE","","l10n_generic_coa.1_sale_tax_template","","40.0","__export__.account_tax_6_cba05c03","23.0","23%","1","23%","1"
"__export__.product_product_5969_5da1b4f6","CN HBS Highland Barley Snack Bar 12*400g CASE","","__export__.account_tax_4_2705eab1","","41.0","__export__.account_tax_6_cba05c03","0.0","0%","4","0%","1"
"__export__.product_product_19370_9ae0d4ba","CN HBS Highland Barley Snack Bar w/Nuts 16*286g CASE","","l10n_generic_coa.1_sale_tax_template","","46.5","__export__.account_tax_6_cba05c03","23.0","23%","1","23%","1"
"__export__.product_product_5963_c4f437b1","CN HBS Millet Snack Bar w/Nuts 16*286g CASE","","l10n_generic_coa.1_sale_tax_template","","46.5","__export__.account_tax_6_cba05c03","23.0","23%","1","23%","1"
"__export__.product_product_19368_d71ac46a","CN HBS Vegetarian Beef Bbq 30*100g CASE","","l10n_generic_coa.1_sale_tax_template","","47.5","__export__.account_tax_6_cba05c03","23.0","23%","1","23%","1"
"__export__.product_product_18259_509e20d3","CN HBS Vegetarian Beef Chili Pepper 30*100g CASE","","l10n_generic_coa.1_sale_tax_template","","47.0","__export__.account_tax_6_cba05c03","23.0","23%","1","23%","1"
"__export__.product_product_19367_d6afd43a","CN HBS Vegetarian Beef Spicy 30*90g CASE","","l10n_generic_coa.1_sale_tax_template","","45.0","__export__.account_tax_6_cba05c03","23.0","23%","1","23%","1"
"__export__.product_product_19366_dcce352a","CN HBS Vegetarian Steak Fish 30*100g CASE","","l10n_generic_coa.1_sale_tax_template","","47.0","__export__.account_tax_6_cba05c03","23.0","23%","1","23%","1"
"__export__.product_product_5989_74e7dcb8","CN HBS Wheat Snack Bars 10*320g CASE","","l10n_generic_coa.1_sale_tax_template","","40.0","__export__.account_tax_6_cba05c03","23.0","23%","1","23%","1"
"__export__.product_product_5982_765376b0","CN Ham Tan(salted cooked egg) 24*6pcs CASE","","__export__.account_tax_4_2705eab1","","65.5","__export__.account_tax_6_cba05c03","0.0","0%","4","0%","1"
"__export__.product_product_22117_6b2b67f8","CN Jinzai Fried Anchovy Snack Sauce 40*110g CASE","","l10n_generic_coa.1_sale_tax_template","","0.0","l10n_generic_coa.1_purchase_tax_template","23.0","23%","1","23%","1"
"__export__.product_product_18742_ce9e71cf","CN LaoChangFang Kao Leng Mian Noodle block 22*450g CASE","","__export__.account_tax_4_2705eab1","","48.0","__export__.account_tax_6_cba05c03","0.0","0%","4","0%","1"
"__export__.product_product_21050_a1880e1a","CN MXY Konjac Cold Noodle Scallion Oil 40*254g CASE","","__export__.account_tax_4_2705eab1","","0.0","__export__.account_tax_6_cba05c03","0.0","0%","4","0%","1"
"__export__.product_product_19313_88652884","CN NBH Instant Noodle Surprise Box #1 20*220g CASE","","__export__.account_tax_4_2705eab1","","60.0","__export__.account_tax_6_cba05c03","0.0","0%","4","0%","1"
"__export__.product_product_19314_b1f4159a","CN NBH Instant Noodle Surprise Box #2 20*220g CASE","","__export__.account_tax_4_2705eab1","","60.0","__export__.account_tax_6_cba05c03","0.0","0%","4","0%","1"
"__export__.product_product_19315_898cb02c","CN NBH Instant Noodle Surprise Box #3 20*220g CASE","","__export__.account_tax_4_2705eab1","","60.0","__export__.account_tax_6_cba05c03","0.0","0%","4","0%","1"
"__export__.product_product_19316_0df90a1f","CN NBH Instant Noodle Surprise Box #4 20*220g CASE","","__export__.account_tax_4_2705eab1","","60.0","__export__.account_tax_6_cba05c03","0.0","0%","4","0%","1"
"__export__.product_product_19317_37d0432e","CN NBH Instant Noodle Surprise Box #5 20*220g CASE","","__export__.account_tax_4_2705eab1","","60.0","__export__.account_tax_6_cba05c03","0.0","0%","4","0%","1"
"__export__.product_product_6002_ef69d5af","CN Pi Tan 24*6pcs*62.5g CASE","","__export__.account_tax_4_2705eab1","","85.0","__export__.account_tax_6_cba05c03","0.0","0%","4","0%","1"
"__export__.product_product_21425_fa42df37","CN QB Sheet Jelly 40*200g CASE","","__export__.account_tax_4_2705eab1","","38.5","__export__.account_tax_6_cba05c03","0.0","0%","4","0%","1"
"__export__.product_product_6006_1426208b","CN QIAQIA King Sunflower Seeds Honey Butter 32*108g CASE","","__export__.account_tax_4_2705eab1","","48.5","__export__.account_tax_6_cba05c03","0.0","0%","4","0%","1"
"__export__.product_product_6008_80953daa","CN QIAQIA Sunflower Seeds Capsicum Flavor 32x108g CASE","","__export__.account_tax_4_2705eab1","","0.0","__export__.account_tax_6_cba05c03","0.0","0%","4","0%","1"
"__export__.product_product_6009_2cf817e0","CN QIAQIA Sunflower Seeds Caramel 32*108g CASE","","__export__.account_tax_4_2705eab1","","48.5","__export__.account_tax_6_cba05c03","0.0","0%","4","0%","1"
"__export__.product_product_6011_4c5657c1","CN QIAQIA Sunflower Seeds Fragrant 32*160g CASE","","__export__.account_tax_4_2705eab1","","48.5","__export__.account_tax_6_cba05c03","0.0","0%","4","0%","1"
"__export__.product_product_6004_c27450de","CN QIAQIA Sunflower Seeds Hickory Nut 32x108g CASE","","__export__.account_tax_4_2705eab1","","48.5","__export__.account_tax_6_cba05c03","0.0","0%","4","0%","1"
"__export__.product_product_6012_4f3caf48","CN QIAQIA Sunflower Seeds Milk 32x150g CASE","","__export__.account_tax_4_2705eab1","","48.5","__export__.account_tax_6_cba05c03","0.0","0%","4","0%","1"
"__export__.product_product_16061_74c8da79","CN QIAQIA Sunflower Seeds Original 32*150g CASE","","__export__.account_tax_4_2705eab1","","48.5","__export__.account_tax_6_cba05c03","0.0","0%","4","0%","1"
"__export__.product_product_19633_91ff588b","CN Tantanxiang Chopped Chili 6*2.3kg CASE","","__export__.account_tax_4_2705eab1","","45.88","__export__.account_tax_6_cba05c03","0.0","0%","4","0%","1"
"__export__.product_product_21939_076d0b42","CN Wei Long Kiss Burn Mixed Flavour 20*260g CASE","","l10n_generic_coa.1_sale_tax_template","","46.0","__export__.account_tax_6_cba05c03","23.0","23%","1","23%","1"
"__export__.product_product_21940_5e6ba53c","CN Wei Long Latiao Hot & Spicy 60*106g CASE","","l10n_generic_coa.1_sale_tax_template","","52.0","__export__.account_tax_6_cba05c03","23.0","23%","1","23%","1"
"__export__.product_product_22115_462e69aa","CN White Rabbit Creamy Candy MATCHA 24*150g CASE","","l10n_generic_coa.1_sale_tax_template","","0.0","l10n_generic_coa.1_purchase_tax_template","23.0","23%","1","23%","1"
"__export__.product_product_19555_286d68ca","CN YQ Radish Spicy Flavor 100*60g CASE","","__export__.account_tax_4_2705eab1","","0.0","__export__.account_tax_6_cba05c03","0.0","0%","4","0%","1"
"__export__.product_product_20360_65846c13","CN YQ Sweet Potato Vermicelli (L) 20*350g CASE","","__export__.account_tax_4_2705eab1","","50.0","__export__.account_tax_6_cba05c03","0.0","0%","4","0%","1"
"__export__.product_product_6059_9453688c","CN YQ Sweet Potato Vermicelli (M) 20*350g CASE","","__export__.account_tax_4_2705eab1","","50.0","__export__.account_tax_6_cba05c03","0.0","0%","4","0%","1"
"__export__.product_product_20513_ce96e1ab","CN YQ Sweet Potato Vermicelli (M) 20*500g CASE","","__export__.account_tax_4_2705eab1","","51.0","__export__.account_tax_6_cba05c03","0.0","0%","4","0%","1"
"__export__.product_product_6055_38a39ce3","CN Yaomazi Water Bamboo Shoots(Roll) 20*300g CASE","","__export__.account_tax_4_2705eab1","","40.0","__export__.account_tax_6_cba05c03","0.0","0%","4","0%","1"
"__export__.product_product_19140_901595ae","CN Yon Ho SoyMilk Powder Almond 24*210g CASE","","__export__.account_tax_4_2705eab1","","0.0","__export__.account_tax_6_cba05c03","0.0","0%","4","0%","1"
"__export__.product_product_20879_5a8d92cb","CN Youmi ZYLS Inst Noodle (Dandan) 8*472g CASE","","__export__.account_tax_4_2705eab1","","0.0","__export__.account_tax_6_cba05c03","0.0","0%","4","0%","1"
"__export__.product_product_20881_3c1f05de","CN Youmi ZYLS Inst Noodle (Hot Pot) 8*488g","","__export__.account_tax_4_2705eab1","","0.0","__export__.account_tax_6_cba05c03","0.0","0%","4","0%","1"
"__export__.product_product_20882_14942a82","CN Youmi ZYLS Inst Noodle (Oil Splashed) 8*560g CASE","","__export__.account_tax_4_2705eab1","","0.0","__export__.account_tax_6_cba05c03","0.0","0%","4","0%","1"
"__export__.product_product_20880_76997a66","CN Youmi ZYLS Inst Noodle (Scallion Oil) 8*472g CASE","","__export__.account_tax_4_2705eab1","","0.0","__export__.account_tax_6_cba05c03","0.0","0%","4","0%","1"
"__export__.product_product_20878_cc06782b","CN Youmi ZYLS Inst Noodle (Sesame) 8*540g CASE","","__export__.account_tax_4_2705eab1","","0.0","__export__.account_tax_6_cba05c03","0.0","0%","4","0%","1"
"__export__.product_product_6068_58660747","CN ZHENZHEN Soda Drink Lychee 24*330ml CASE","","l10n_generic_coa.1_sale_tax_template","","24.0","__export__.account_tax_6_cba05c03","23.0","23%","1","23%","1"
"__export__.product_product_6069_32915961","CN ZHENZHEN Soda Drink Peach 24*330ml CASE","","l10n_generic_coa.1_sale_tax_template","","24.0","__export__.account_tax_6_cba05c03","23.0","23%","1","23%","1"
"__export__.product_product_6070_1906244f","CN ZHENZHEN Soda Drink Pineapple 24*330ml CASE","","l10n_generic_coa.1_sale_tax_template","","24.0","__export__.account_tax_6_cba05c03","23.0","23%","1","23%","1"
"__export__.product_product_20750_ec0383a0","COCK Dried Lime Leaves 24*10g CASE","","__export__.account_tax_4_2705eab1","","0.0","__export__.account_tax_6_cba05c03","0.0","0%","4","0%","1"
"__export__.product_product_6829_014218db","COCK Green Mung Beans 50*400g CASE","","__export__.account_tax_4_2705eab1","","66.0","__export__.account_tax_6_cba05c03","0.0","0%","4","0%","1"
"__export__.product_product_22028_90d5e41e","Cabbage Kimchi Cut Kr 6*300g CASE","","__export__.account_tax_4_2705eab1","","26.5","__export__.account_tax_6_cba05c03","0.0","0%","4","0%","1"
"__export__.product_product_5759_e479a9af","Cabbage York CASE","","__export__.account_tax_4_2705eab1","","16.5","__export__.account_tax_6_cba05c03","0.0","0%","4","0%","1"
"__export__.product_product_5763_387c0226","Cabbagehead Co CASE","","__export__.account_tax_4_2705eab1","","20.5","__export__.account_tax_6_cba05c03","0.0","0%","4","0%","1"
"__export__.product_product_21833_3bb2f447","Calbee Grill-A-Corn Garlic Flavour 20*80g CASE","","l10n_generic_coa.1_sale_tax_template","","0.0","__export__.account_tax_6_cba05c03","23.0","23%","1","23%","1"
"__export__.product_product_21843_1eaf1449","Calbee Potato Crisps - Hot & Spicy 24*55g CASE","","l10n_generic_coa.1_sale_tax_template","","0.0","__export__.account_tax_6_cba05c03","23.0","23%","1","23%","1"
"__export__.product_product_19478_678ed351","Calbee Potato Crisps Ume Flavour 24*70g CASE","","l10n_generic_coa.1_sale_tax_template","","0.0","l10n_generic_coa.1_purchase_tax_template","23.0","23%","1","23%","1"
"__export__.product_product_20214_ace15b23","Californian Squid 12*1kg CASE","","__export__.account_tax_4_2705eab1","","94.5","__export__.account_tax_6_cba05c03","0.0","0%","4","0%","1"
"__export__.product_product_22003_7600a4ec","Cambodian Jasmine Rice 18KG BAG","","__export__.account_tax_4_2705eab1","","22.0","__export__.account_tax_6_cba05c03","0.0","0%","4","0%","1"
"__export__.product_product_22036_c6859f6c","Cambodian Jasmine Rice 20KG BAG","","__export__.account_tax_4_2705eab1","","23.95","__export__.account_tax_6_cba05c03","0.0","0%","4","0%","1"
"__export__.product_product_22037_c7226531","Cambodian Long Grain Rice 20KG BAG","","__export__.account_tax_4_2705eab1","","0.0","__export__.account_tax_6_cba05c03","0.0","0%","4","0%","1"
"__export__.product_product_22038_19ebb170","Cambodian Rice Vermicelli Jiangxi 40*400g CASE","","__export__.account_tax_4_2705eab1","","0.0","__export__.account_tax_6_cba05c03","0.0","0%","4","0%","1"
"__export__.product_product_22039_0cff3370","Cambodian Rice Vermicelli Yinsi 50*300g CASE","","__export__.account_tax_4_2705eab1","","0.0","__export__.account_tax_6_cba05c03","0.0","0%","4","0%","1"
"__export__.product_product_5768_eba3ac11","Carrot Julienne KG","","__export__.account_tax_4_2705eab1","","2.6","__export__.account_tax_6_cba05c03","0.0","0%","4","0%","1"
"__export__.product_product_5770_6ec5dc57","Carrot Plastic 10kg BAG","","__export__.account_tax_4_2705eab1","","11.0","__export__.account_tax_6_cba05c03","0.0","0%","4","0%","1"
"__export__.product_product_19878_b8bab1cb","Cassava CASE","","__export__.account_tax_4_2705eab1","","39.0","__export__.account_tax_6_cba05c03","0.0","0%","4","0%","1"
"__export__.product_product_5779_ec761f10","Cauliflower CASE","","__export__.account_tax_4_2705eab1","","17.5","__export__.account_tax_6_cba05c03","0.0","0%","4","0%","1"
"__export__.product_product_22063_2d593cd2","Caustic Soda Sodium Hydroxide 10KG CASE","","l10n_generic_coa.1_sale_tax_template","","45.0","__export__.account_tax_6_cba05c03","23.0","23%","1","23%","1"
"__export__.product_product_20541_b9ba0cd6","Celeriac CASE","","__export__.account_tax_4_2705eab1","","13.0","__export__.account_tax_6_cba05c03","0.0","0%","4","0%","1"
"__export__.product_product_21070_6803286d","Chang Tamarind Without Seed 50*454g CASE","","__export__.account_tax_4_2705eab1","","75.0","__export__.account_tax_6_cba05c03","0.0","0%","4","0%","1"
"__export__.product_product_5789_9ab66dda","ChangSi Big Red Jujube (dates) 24x454g CASE","","__export__.account_tax_4_2705eab1","","77.0","__export__.account_tax_6_cba05c03","0.0","0%","4","0%","1"
"__export__.product_product_19617_3f2bae24","ChangSi Big Red Jujube (dates) 24x454g HA MI CASE","","__export__.account_tax_4_2705eab1","","73.5","__export__.account_tax_6_cba05c03","0.0","0%","4","0%","1"
"__export__.product_product_19621_31c34baa","ChangSi Ejiao Honey Jujube (dates) 20x235g CASE","","__export__.account_tax_4_2705eab1","","44.5","__export__.account_tax_6_cba05c03","0.0","0%","4","0%","1"
"__export__.product_product_5791_fa8cda1c","ChangSi Ejiao Royal Jujube(Date) 28*227g CASE","","__export__.account_tax_4_2705eab1","","0.0","__export__.account_tax_6_cba05c03","0.0","0%","4","0%","1"
"__export__.product_product_5793_2e59fd0c","ChangSi Premium Jinsi Jujube seedless 30*250g CASE","","__export__.account_tax_4_2705eab1","","69.5","__export__.account_tax_6_cba05c03","0.0","0%","4","0%","1"
"__export__.product_product_19094_ba65a084","ChangSi Xinjiang Jujube 4*HUI ZAO* 12*500g CASE","","__export__.account_tax_4_2705eab1","","78.5","__export__.account_tax_6_cba05c03","0.0","0%","4","0%","1"
"__export__.product_product_5785_6bb68c1b","ChangSi muscovado Sugar Ejiao Honey Jujube 12*450g CASE","","__export__.account_tax_4_2705eab1","","55.0","__export__.account_tax_6_cba05c03","0.0","0%","4","0%","1"
"__export__.product_product_20326_51d61eaa","Chao Sheng Pickled Choisum 24*360g CASE","","__export__.account_tax_4_2705eab1","","0.0","__export__.account_tax_6_cba05c03","0.0","0%","4","0%","1"
"__export__.product_product_20330_c5aafff9","Chao Sheng Pickled Cucumber 24*360g CASE","","__export__.account_tax_4_2705eab1","","0.0","__export__.account_tax_6_cba05c03","0.0","0%","4","0%","1"
"__export__.product_product_19870_34eb4a22","Charta Premium Copier Paper A4","","__export__.account_tax_4_2705eab1","","24.0","l10n_generic_coa.1_purchase_tax_template","0.0","0%","4","0%","1"
"__export__.product_product_20223_5551fc6a","Chef's Choice Rice Stick(L)5mm 30*375g CASE","","__export__.account_tax_4_2705eab1","","35.5","__export__.account_tax_6_cba05c03","0.0","0%","4","0%","1"
"__export__.product_product_20334_d03afc9a","Chef's Choice Rice Stick(M)3mm 30*375g CASE","","__export__.account_tax_4_2705eab1","","34.5","__export__.account_tax_6_cba05c03","0.0","0%","4","0%","1"
"__export__.product_product_20831_6225ef1a","Chef's Choice Rice Stick(XL) 10mm 30*375g CASE","","__export__.account_tax_4_2705eab1","","35.95","__export__.account_tax_6_cba05c03","0.0","0%","4","0%","1"
"__export__.product_product_5803_c22fa173","Cherymoya CASE","","__export__.account_tax_4_2705eab1","","16.5","__export__.account_tax_6_cba05c03","0.0","0%","4","0%","1"
"__export__.product_product_20644_66138ae2","Chestnut 7 KG CASE","","__export__.account_tax_4_2705eab1","","22.5","__export__.account_tax_6_cba05c03","0.0","0%","4","0%","1"
"__export__.product_product_20560_474e9fa9","Chi Forest Sparking Water Calamansi(Lime) 15*500ml CASE","","l10n_generic_coa.1_sale_tax_template","","14.0","l10n_generic_coa.1_purchase_tax_template","23.0","23%","1","23%","1"
"__export__.product_product_20910_dc45dca3","Chicken Box Irish size(M) 300's CASE","","l10n_generic_coa.1_sale_tax_template","","19.95","__export__.account_tax_6_cba05c03","23.0","23%","1","23%","1"
"__export__.product_product_19666_92fd66cf","Chicken Feet Halal 12*1 KG CASE","","__export__.account_tax_4_2705eab1","","39.95","__export__.account_tax_6_cba05c03","0.0","0%","4","0%","1"
"__export__.product_product_21129_4a646e83","Chicken Inner Fillet (60-80g) 2*5KG CASE","","__export__.account_tax_4_2705eab1","","70.0","__export__.account_tax_6_cba05c03","0.0","0%","4","0%","1"
"__export__.product_product_20385_6b4e66d3","Chicken Nuggets (JP style) 12*500g CASE","","__export__.account_tax_4_2705eab1","","49.5","__export__.account_tax_6_cba05c03","0.0","0%","4","0%","1"
"__export__.product_product_5813_e148a799","Chicken Powder Knorr 6*900g CASE","","__export__.account_tax_4_2705eab1","","50.0","__export__.account_tax_6_cba05c03","0.0","0%","4","0%","1"
"__export__.product_product_5738_40295af8","Chickpea In Water 12*240g CASE","","__export__.account_tax_4_2705eab1","","8.950000000000001","__export__.account_tax_6_cba05c03","0.0","0%","4","0%","1"
"__export__.product_product_5824_1843ce35","Chilli Green Large Thin 400g*15 CASE","","__export__.account_tax_4_2705eab1","","24.0","__export__.account_tax_6_cba05c03","0.0","0%","4","0%","1"
"__export__.product_product_5821_f3bb571a","Chilli Green XL 15*400g CASE","","__export__.account_tax_4_2705eab1","","25.0","__export__.account_tax_6_cba05c03","0.0","0%","4","0%","1"
"__export__.product_product_19990_bb4b96f3","Chilli Padron Green 2kg CASE","","__export__.account_tax_4_2705eab1","","15.0","__export__.account_tax_6_cba05c03","0.0","0%","4","0%","1"
"__export__.product_product_20594_25c46437","Chilli Powder 1KG PKT","","__export__.account_tax_4_2705eab1","","8.5","__export__.account_tax_6_cba05c03","0.0","0%","4","0%","1"
"__export__.product_product_20873_4a6267da","Chilli Powder 5KG PKT","","__export__.account_tax_4_2705eab1","","31.95","__export__.account_tax_6_cba05c03","0.0","0%","4","0%","1"
"__export__.product_product_20599_a2a2d64b","Chilli Powder Extra-Hot 1KG PKT","","__export__.account_tax_4_2705eab1","","8.5","__export__.account_tax_6_cba05c03","0.0","0%","4","0%","1"
"__export__.product_product_18289_6f3ac220","Chilli Powder Hot 10*400g CASE","","__export__.account_tax_4_2705eab1","","0.0","__export__.account_tax_6_cba05c03","0.0","0%","4","0%","1"
"__export__.product_product_18288_3b37015d","Chilli Powder Hot 400g PKT","","__export__.account_tax_4_2705eab1","","4.5","__export__.account_tax_6_cba05c03","0.0","0%","4","0%","1"
"__export__.product_product_5834_10722d6a","Chilli Red Class-1 CASE","","__export__.account_tax_4_2705eab1","","18.0","__export__.account_tax_6_cba05c03","0.0","0%","4","0%","1"
"__export__.product_product_5838_4b8786e7","Chilli Thai Green CASE","","__export__.account_tax_4_2705eab1","","50.0","__export__.account_tax_6_cba05c03","0.0","0%","4","0%","1"
"__export__.product_product_5839_e264072e","Chilli Thai Red 100G","","__export__.account_tax_4_2705eab1","","2.0","__export__.account_tax_6_cba05c03","0.0","0%","4","0%","1"
"__export__.product_product_5845_c9986121","ChinaTown Glutinous Rice Ball Muah Chee 24*230g CASE","","__export__.account_tax_4_2705eab1","","0.0","__export__.account_tax_6_cba05c03","0.0","0%","4","0%","1"
"__export__.product_product_5846_b0f2adac","ChinaTown Roti Prata Original 24*310g CASE","","__export__.account_tax_4_2705eab1","","45.5","__export__.account_tax_6_cba05c03","0.0","0%","4","0%","1"
"__export__.product_product_20702_6aaaec78","Chinese Apple 3Kg CASE","","__export__.account_tax_4_2705eab1","","15.0","__export__.account_tax_6_cba05c03","0.0","0%","4","0%","1"
"__export__.product_product_22000_796bcbe1","Chinese Leaf 8's CASE OFFER","","__export__.account_tax_4_2705eab1","","23.0","__export__.account_tax_6_cba05c03","0.0","0%","4","0%","1"
"__export__.product_product_5860_2c443be5","Chipping potato 25KG BAG","","__export__.account_tax_4_2705eab1","","18.5","__export__.account_tax_6_cba05c03","0.0","0%","4","0%","1"
"__export__.product_product_5862_3f331d46","Chips frozen 9/16"" 10KG CASE","","__export__.account_tax_4_2705eab1","","9.5","__export__.account_tax_6_cba05c03","0.0","0%","4","0%","1"
"__export__.product_product_20955_df07df87","Chives 1KG BAG","","__export__.account_tax_4_2705eab1","","15.5","__export__.account_tax_6_cba05c03","0.0","0%","4","0%","1"
"__export__.product_product_20695_34d07a6c","Chives 30*200g CASE","","__export__.account_tax_4_2705eab1","","152.0","__export__.account_tax_6_cba05c03","0.0","0%","4","0%","1"
"__export__.product_product_20696_06e5e8d3","Chives Flower 30*200g CASE","","__export__.account_tax_4_2705eab1","","152.0","__export__.account_tax_6_cba05c03","0.0","0%","4","0%","1"
"__export__.product_product_20690_0e3d0812","Choisam Prepack 24*250g CASE","","__export__.account_tax_4_2705eab1","","81.0","__export__.account_tax_6_cba05c03","0.0","0%","4","0%","1"
"__export__.product_product_20694_1c4b8e80","Choisam Small 24*250g CASE","","__export__.account_tax_4_2705eab1","","92.0","__export__.account_tax_6_cba05c03","0.0","0%","4","0%","1"
"__export__.product_product_20221_7982665d","Chopsticks Disposable 10*100s' CASE","","l10n_generic_coa.1_sale_tax_template","","27.5","l10n_generic_coa.1_purchase_tax_template","23.0","23%","1","23%","1"
"__export__.product_product_5867_3a1119db","Chow Chow CASE","","__export__.account_tax_4_2705eab1","","21.5","__export__.account_tax_6_cba05c03","0.0","0%","4","0%","1"
"__export__.product_product_21476_9538651e","Chuannan Crisp Cowpea with Chilli Oil 12*335g CASE","","__export__.account_tax_4_2705eab1","","28.5","__export__.account_tax_6_cba05c03","0.0","0%","4","0%","1"
"__export__.product_product_21048_334ef133","Chuannan Pickled Vegetables Student 30*62g CASE","","__export__.account_tax_4_2705eab1","","20.0","__export__.account_tax_6_cba05c03","0.0","0%","4","0%","1"
"__export__.product_product_22044_f5a440ac","Chuannan Sliced Kelp Braised 30*63g CASE","","__export__.account_tax_4_2705eab1","","24.5","__export__.account_tax_6_cba05c03","0.0","0%","4","0%","1"
"__export__.product_product_19430_897b6742","Chuannan Sliced Kelp Sichuan Spicy 50*62g CASE","","__export__.account_tax_4_2705eab1","","24.5","__export__.account_tax_6_cba05c03","0.0","0%","4","0%","1"
"__export__.product_product_19453_2e510d28","Chuannan Spicy Dried Radish 50*63g CASE","","__export__.account_tax_4_2705eab1","","25.0","__export__.account_tax_6_cba05c03","0.0","0%","4","0%","1"
"__export__.product_product_21049_2342488e","Chuannan Sweet Sour  Crisp Pickled Vegetable 30*62g CASE","","__export__.account_tax_4_2705eab1","","18.95","__export__.account_tax_6_cba05c03","0.0","0%","4","0%","1"
"__export__.product_product_19429_d741ba53","Chuannan Sweet Sour Pickled Vegetables Student 50*73g CASE","","__export__.account_tax_4_2705eab1","","24.5","__export__.account_tax_6_cba05c03","0.0","0%","4","0%","1"
"__export__.product_product_21759_7dc68b2c","Cinnamon Stick 1KG PKT","","__export__.account_tax_4_2705eab1","","10.5","__export__.account_tax_6_cba05c03","0.0","0%","4","0%","1"
"__export__.product_product_19484_4fd06e40","Clear 1000cc Hinged Plastic Container","","l10n_generic_coa.1_sale_tax_template","","30.0","__export__.account_tax_6_cba05c03","23.0","23%","1","23%","1"
"__export__.product_product_5879_d7ecb40e","Clear Poly Bag LDPE 100g 300*450mm(12*18"") 2*1000's CASE","","l10n_generic_coa.1_sale_tax_template","","35.5","__export__.account_tax_6_cba05c03","23.0","23%","1","23%","1"
"__export__.product_product_22075_5e5378a0","Clear Poly Bag LDPE 300*380mm(12*15"") CASE","","l10n_generic_coa.1_sale_tax_template","","32.5","l10n_generic_coa.1_purchase_tax_template","23.0","23%","1","23%","1"
"__export__.product_product_22076_ec73af0d","Clear Poly Bag LDPE 380*510mm(15*20"") CASE","","l10n_generic_coa.1_sale_tax_template","","27.95","l10n_generic_coa.1_purchase_tax_template","23.0","23%","1","23%","1"
"__export__.product_product_20528_89d65469","Cock Black Sesame Seed 50*227g CASE","","__export__.account_tax_4_2705eab1","","69.5","__export__.account_tax_6_cba05c03","0.0","0%","4","0%","1"
"__export__.product_product_20727_b0573efe","Cock Brand Instant Hot & Sour Tom Yum Paste 12*900g CASE","","__export__.account_tax_4_2705eab1","","57.95","__export__.account_tax_6_cba05c03","0.0","0%","4","0%","1"
"__export__.product_product_21099_a3f3cfa4","Cock Brand Instant Hot & Sour Tom Yum Paste 24*227g CASE","","__export__.account_tax_4_2705eab1","","42.95","__export__.account_tax_6_cba05c03","0.0","0%","4","0%","1"
"__export__.product_product_20233_196a84c4","Cock Brand Sriracha Chilli Sauce Ex-Hot 12*800g CASE","","__export__.account_tax_4_2705eab1","","32.5","__export__.account_tax_6_cba05c03","0.0","0%","4","0%","1"
"__export__.product_product_20235_9e7b424e","Cock Brand Sriracha Chilli Sauce Mild 12*800g CASE","","__export__.account_tax_4_2705eab1","","31.5","__export__.account_tax_6_cba05c03","0.0","0%","4","0%","1"
"__export__.product_product_21594_80acc04f","Cock Brand Tapioca Pearl Small 50*400g CASE","","__export__.account_tax_4_2705eab1","","49.95","__export__.account_tax_6_cba05c03","0.0","0%","4","0%","1"
"__export__.product_product_20264_25d073c2","Cock Concentrate Cooking Tamarind 24*454g CASE","","__export__.account_tax_4_2705eab1","","42.5","__export__.account_tax_6_cba05c03","0.0","0%","4","0%","1"
"__export__.product_product_20610_0709e93b","Cock Green Mung Bean 24*400g CASE","","__export__.account_tax_4_2705eab1","","36.5","__export__.account_tax_6_cba05c03","0.0","0%","4","0%","1"
"__export__.product_product_20508_b0df34e7","Cock Sour Bamboo Shoot Slice 12*850g CASE","","__export__.account_tax_4_2705eab1","","38.5","__export__.account_tax_6_cba05c03","0.0","0%","4","0%","1"
"__export__.product_product_21227_5b121e97","Coghlan's Brioche Bun Frozen 48*75 CASE","","__export__.account_tax_3_42b1e19b","","19.0","__export__.account_tax_5_1e4e1f1d","13.5","13.50%","3","13.50%","1"
"__export__.product_product_6076_daed94f3","Col mini（Huang jin Cai） CASE","","__export__.account_tax_4_2705eab1","","27.0","__export__.account_tax_6_cba05c03","0.0","0%","4","0%","1"
"__export__.product_product_6078_474165ea","Color Orange 400g","","__export__.account_tax_4_2705eab1","","8.0","__export__.account_tax_6_cba05c03","0.0","0%","4","0%","1"
"__export__.product_product_18251_375cbbaf","Color Red 20*400g CASE","","__export__.account_tax_4_2705eab1","","38.0","__export__.account_tax_6_cba05c03","0.0","0%","4","0%","1"
"__export__.product_product_20764_c8ed68a0","Color Yellow 20*500g CASE","","__export__.account_tax_4_2705eab1","","229.0","__export__.account_tax_6_cba05c03","0.0","0%","4","0%","1"
"__export__.product_product_6079_c4935ea4","Color Yellow 400g","","__export__.account_tax_4_2705eab1","","8.0","__export__.account_tax_6_cba05c03","0.0","0%","4","0%","1"
"__export__.product_product_6080_8ff54f58","Cooking Apple CASE","","__export__.account_tax_4_2705eab1","","23.0","__export__.account_tax_6_cba05c03","0.0","0%","4","0%","1"
"__export__.product_product_6082_44bd16c1","Cooking Salt 12.5KG BAG","","__export__.account_tax_4_2705eab1","","7.5","__export__.account_tax_6_cba05c03","0.0","0%","4","0%","1"
"__export__.product_product_19401_a7f6a117","Cooking Wine 4*3.79L CASE","","__export__.account_tax_4_2705eab1","","22.0","__export__.account_tax_6_cba05c03","0.0","0%","4","0%","1"
"__export__.product_product_20872_f60af8d0","Cooking Wine 6*600ml CASE","","__export__.account_tax_4_2705eab1","","13.5","__export__.account_tax_6_cba05c03","0.0","0%","4","0%","1"
"__export__.product_product_6086_d96b73a6","Coriander 100g","","__export__.account_tax_4_2705eab1","","1.8","__export__.account_tax_6_cba05c03","0.0","0%","4","0%","1"
"__export__.product_product_6087_aabd2d2a","Coriander CASE","","__export__.account_tax_4_2705eab1","","22.0","__export__.account_tax_6_cba05c03","0.0","0%","4","0%","1"
"__export__.product_product_6091_b94c7309","Cos Lettuce CASE","","__export__.account_tax_4_2705eab1","","17.0","__export__.account_tax_6_cba05c03","0.0","0%","4","0%","1"
"__export__.product_product_6092_f46dda21","Cos Lettuce LOOSE","","__export__.account_tax_4_2705eab1","","2.0","__export__.account_tax_6_cba05c03","0.0","0%","4","0%","1"
"__export__.product_product_21583_47a95404","Cream Napkin BulkySoft 8F 40*40 2000‘s CASE","","l10n_generic_coa.1_sale_tax_template","","55.0","l10n_generic_coa.1_purchase_tax_template","23.0","23%","1","23%","1"
"__export__.product_product_6600_4218cb68","Credit Card Thermal Till Roll 57*40mm 50's CASE","","l10n_generic_coa.1_sale_tax_template","","13.5","__export__.account_tax_6_cba05c03","23.0","23%","1","23%","1"
"__export__.product_product_22088_9125ccf0","Crispy Cowpeas 50*80g CASE","","__export__.account_tax_4_2705eab1","","37.5","__export__.account_tax_6_cba05c03","0.0","0%","4","0%","1"
"__export__.product_product_19637_5b839ab5","Cuckoo Rice Cooker 6 Cup 1.08L/N0681F","","l10n_generic_coa.1_sale_tax_template","","230.0","l10n_generic_coa.1_purchase_tax_template","23.0","23%","1","23%","1"
"__export__.product_product_18185_3984c2a5","Cuckoo Rice Cooker Black 10Cup 1.8L /P1009S CASE","","l10n_generic_coa.1_sale_tax_template","","231.8","l10n_generic_coa.1_purchase_tax_template","23.0","23%","1","23%","1"
"__export__.product_product_6603_50dbebfd","Cucumis melon CASE","","__export__.account_tax_4_2705eab1","","55.0","__export__.account_tax_6_cba05c03","0.0","0%","4","0%","1"
"__export__.product_product_18977_306135f6","Cumin Powder 10pk*400g CASE","","__export__.account_tax_4_2705eab1","","57.5","__export__.account_tax_6_cba05c03","0.0","0%","4","0%","1"
"__export__.product_product_20626_4ec41c64","Cumin Powder 1KG PKT","","__export__.account_tax_4_2705eab1","","13.950000000000001","__export__.account_tax_6_cba05c03","0.0","0%","4","0%","1"
"__export__.product_product_20627_8c20e505","Cumin Seed 1KG PKT","","__export__.account_tax_4_2705eab1","","15.75","__export__.account_tax_6_cba05c03","0.0","0%","4","0%","1"
"__export__.product_product_7998_c05d7cd4","Curly Parsley BAG","","__export__.account_tax_4_2705eab1","","7.5","__export__.account_tax_6_cba05c03","0.0","0%","4","0%","1"
"__export__.product_product_6710_37d2b3b1","Curly Parsley PACKET","","__export__.account_tax_4_2705eab1","","2.0","__export__.account_tax_6_cba05c03","0.0","0%","4","0%","1"
"__export__.product_product_21241_2d92ab7a","Curry Leaves 15*20g CASE","","__export__.account_tax_4_2705eab1","","37.0","l10n_generic_coa.1_purchase_tax_template","0.0","0%","4","0%","1"
"__export__.product_product_20748_5f2f6178","D-FORTUNE Crispy Prawn in Chilli Sauce 12x340g CASE","","__export__.account_tax_4_2705eab1","","85.0","__export__.account_tax_6_cba05c03","0.0","0%","4","0%","1"
"__export__.product_product_21912_7c485f4c","DAESANG Cooked Cooked Sticky Black Rice in Bowl(23667) 12*210g CASE","","__export__.account_tax_4_2705eab1","","0.0","__export__.account_tax_6_cba05c03","0.0","0%","4","0%","1"
"__export__.product_product_21911_1cf47eba","DAESANG Cooked Cooked Sticky Rice in Bowl(23666) 12*210g CASE","","__export__.account_tax_4_2705eab1","","0.0","__export__.account_tax_6_cba05c03","0.0","0%","4","0%","1"
"__export__.product_product_21921_8236f367","DAESANG Korean BBQ Bulgogi Sauce(23668) 15*500g CASE","","__export__.account_tax_4_2705eab1","","0.0","__export__.account_tax_6_cba05c03","0.0","0%","4","0%","1"
"__export__.product_product_21922_da132622","DAESANG Korean BBQ Bulgogi Sauce(23669) 20*280g CASE","","__export__.account_tax_4_2705eab1","","0.0","__export__.account_tax_6_cba05c03","0.0","0%","4","0%","1"
"__export__.product_product_21923_9147a4f2","DAESANG Korean BEEF BBQ Bulgogi Sauce(23671) 15*500g CASE","","__export__.account_tax_4_2705eab1","","0.0","__export__.account_tax_6_cba05c03","0.0","0%","4","0%","1"
"__export__.product_product_21924_ff641898","DAESANG Korean BEEF RIB BBQ Bulgogi Sauce(23672) 15*500g CASE","","__export__.account_tax_4_2705eab1","","0.0","__export__.account_tax_6_cba05c03","0.0","0%","4","0%","1"
"__export__.product_product_21925_1861fd2a","DAESANG Korean BEEF RIB BBQ Bulgogi Sauce(23673) 20*280g CASE","","__export__.account_tax_4_2705eab1","","0.0","__export__.account_tax_6_cba05c03","0.0","0%","4","0%","1"
"__export__.product_product_21906_36cfcbca","DAESANG Malt Syrup(09013) 6*2.45kg CASE","","__export__.account_tax_4_2705eab1","","0.0","__export__.account_tax_6_cba05c03","0.0","0%","4","0%","1"
"__export__.product_product_21907_581abbc4","DAESANG Malt Syrup(15983) 4*5kg CASE","","__export__.account_tax_4_2705eab1","","0.0","__export__.account_tax_6_cba05c03","0.0","0%","4","0%","1"
"__export__.product_product_19677_87065ca5","DHP Spicy HotPot Soup Base Rapeseed Oil 50x160g CASE","","__export__.account_tax_4_2705eab1","","0.0","__export__.account_tax_6_cba05c03","0.0","0%","4","0%","1"
"__export__.product_product_21033_bf4c4bdb","DO NOT USE","","__export__.account_tax_4_2705eab1","","0.0","__export__.account_tax_6_cba05c03","0.0","0%","4","0%","1"
"__export__.product_product_21080_f66bb4b4","DO NOT USE","","l10n_generic_coa.1_sale_tax_template","","0.0","__export__.account_tax_6_cba05c03","23.0","23%","1","23%","1"
"__export__.product_product_21552_19573efe","DRIED JUJUBE WITH WALNUTS 1 KG CASE","","__export__.account_tax_4_2705eab1","","17.0","__export__.account_tax_6_cba05c03","0.0","0%","4","0%","1"
"__export__.product_product_21042_a6192087","DS BBQ Chicken Bun 20*6's CASE","","__export__.account_tax_4_2705eab1","","55.0","__export__.account_tax_6_cba05c03","0.0","0%","4","0%","1"
"__export__.product_product_6654_0d248a12","DS BBQ Pork Bun 20*6's CASE","","__export__.account_tax_4_2705eab1","","58.5","__export__.account_tax_6_cba05c03","0.0","0%","4","0%","1"
"__export__.product_product_21043_2e1b9d6a","DS Chicken Shanghai Bun 20*15's CASE","","__export__.account_tax_4_2705eab1","","82.0","__export__.account_tax_6_cba05c03","0.0","0%","4","0%","1"
"__export__.product_product_21044_d64533ea","DS Chicken Shiu Mai 10*48's CASE","","__export__.account_tax_4_2705eab1","","88.0","__export__.account_tax_6_cba05c03","0.0","0%","4","0%","1"
"__export__.product_product_6656_cb1c5de2","DS Coconut Custard Bun 20*6's CASE","","__export__.account_tax_4_2705eab1","","56.5","__export__.account_tax_6_cba05c03","0.0","0%","4","0%","1"
"__export__.product_product_18929_f29640e8","DS Double Sliced Bao Buns 10*10's CASE","","__export__.account_tax_4_2705eab1","","52.0","__export__.account_tax_6_cba05c03","0.0","0%","4","0%","1"
"__export__.product_product_18881_ac58afef","DS MAN THOU 20*8's CASE","","__export__.account_tax_4_2705eab1","","56.0","__export__.account_tax_6_cba05c03","0.0","0%","4","0%","1"
"__export__.product_product_6658_f0a1dbdb","DS Pork Shiu Mai 10*48's CASE","","__export__.account_tax_4_2705eab1","","78.0","__export__.account_tax_6_cba05c03","0.0","0%","4","0%","1"
"__export__.product_product_6660_e0ba3473","DS Pork&Veg Bun 20*6's CASE","","__export__.account_tax_4_2705eab1","","53.0","__export__.account_tax_6_cba05c03","0.0","0%","4","0%","1"
"__export__.product_product_6662_5697c64b","DS Prawn Dumpling Ha Kau 10*40's CASE","","__export__.account_tax_4_2705eab1","","108.0","__export__.account_tax_6_cba05c03","0.0","0%","4","0%","1"
"__export__.product_product_6664_0ec082e9","DS Red Bean Paste Bun 20*6's CASE","","__export__.account_tax_4_2705eab1","","56.5","__export__.account_tax_6_cba05c03","0.0","0%","4","0%","1"
"__export__.product_product_16298_feed5b8c","DS Shanghai Bun Chicken 10*30's CASE","","__export__.account_tax_4_2705eab1","","80.5","__export__.account_tax_6_cba05c03","0.0","0%","4","0%","1"
"__export__.product_product_16297_2f4241fb","DS Shanghai Bun Chicken 30's PKT","","__export__.account_tax_4_2705eab1","","8.5","__export__.account_tax_6_cba05c03","0.0","0%","4","0%","1"
"__export__.product_product_6665_6667867a","DS Shanghai Bun Pork 10*28's CASE","","__export__.account_tax_4_2705eab1","","78.0","__export__.account_tax_6_cba05c03","0.0","0%","4","0%","1"
"__export__.product_product_20688_473380e7","DS Spicy Pork Bun 3pc*20pk CASE","","__export__.account_tax_4_2705eab1","","0.0","__export__.account_tax_6_cba05c03","0.0","0%","4","0%","1"
"__export__.product_product_20471_f8b40816","DSD Californian Squid 9*1kg CASE","","__export__.account_tax_4_2705eab1","","75.0","__export__.account_tax_6_cba05c03","0.0","0%","4","0%","1"
"__export__.product_product_20470_a0844599","DSD Mussels Meat 100/200 10*1kg CASE","","__export__.account_tax_4_2705eab1","","59.5","__export__.account_tax_6_cba05c03","0.0","0%","4","0%","1"
"__export__.product_product_19846_3139dc3f","DSD Seafood Mix 10*1kg CASE","","__export__.account_tax_4_2705eab1","","57.0","__export__.account_tax_6_cba05c03","0.0","0%","4","0%","1"
"__export__.product_product_16374_f1e79487","DSD Squid Tube U5 Gross 10*1Kg CASE","","__export__.account_tax_4_2705eab1","","44.0","__export__.account_tax_6_cba05c03","0.0","0%","4","0%","1"
"__export__.product_product_19845_a525e013","DSD Vannamei Prawn HLSO Ecuador 26/30 6*2kg CASE","","__export__.account_tax_4_2705eab1","","120.0","__export__.account_tax_6_cba05c03","0.0","0%","4","0%","1"
"__export__.product_product_19325_77e74c6d","DUPLICATE Kitchen Pads10*10 CASE","","l10n_generic_coa.1_sale_tax_template","","28.5","__export__.account_tax_6_cba05c03","23.0","23%","1","23%","1"
"__export__.product_product_20686_68cde7a0","Dajale Granulated Seasoning With Chicken Flavour 10*1KG CASE","","__export__.account_tax_4_2705eab1","","53.5","__export__.account_tax_6_cba05c03","0.0","0%","4","0%","1"
"__export__.product_product_21095_e7112648","Dali Shanghai Bean Curd 250g JAR","","__export__.account_tax_4_2705eab1","","7.5","__export__.account_tax_6_cba05c03","0.0","0%","4","0%","1"
"__export__.product_product_6610_d451afec","Dali Soft Bean Curd Sheet 50*250g CASE","","__export__.account_tax_4_2705eab1","","146.0","__export__.account_tax_6_cba05c03","0.0","0%","4","0%","1"
"__export__.product_product_19201_fc215176","Dali Tai Fong Red Bean Curd 48*397g CASE","","__export__.account_tax_4_2705eab1","","98.0","__export__.account_tax_6_cba05c03","0.0","0%","4","0%","1"
"__export__.product_product_22074_7279fcda","Deepio Degreaser Spray 6*800ml CASE","","l10n_generic_coa.1_sale_tax_template","","21.5","l10n_generic_coa.1_purchase_tax_template","23.0","23%","1","23%","1"
"__export__.product_product_20970_97186855","Deepio Greasebuster 6kg CASE","","l10n_generic_coa.1_sale_tax_template","","19.95","l10n_generic_coa.1_purchase_tax_template","23.0","23%","1","23%","1"
"__export__.product_product_21023_2a9021a7","Dek Som Boon Thick Oyster Sauce 800g BOTTLE","","__export__.account_tax_4_2705eab1","","3.65","__export__.account_tax_6_cba05c03","0.0","0%","4","0%","1"
"__export__.product_product_20337_bf3374b9","Deluxe Black Plastic Forks 1000's CASE","","l10n_generic_coa.1_sale_tax_template","","24.0","l10n_generic_coa.1_purchase_tax_template","23.0","23%","1","23%","1"
"__export__.product_product_20903_593c6031","Digger Batterde Chicken Balls 6*800g CASE","","__export__.account_tax_4_2705eab1","","40.0","l10n_generic_coa.1_purchase_tax_template","0.0","0%","4","0%","1"
"__export__.product_product_6616_7f4a4720","Dill KG","","__export__.account_tax_4_2705eab1","","15.0","__export__.account_tax_6_cba05c03","0.0","0%","4","0%","1"
"__export__.product_product_6617_8feb6786","Dill PACKET","","__export__.account_tax_4_2705eab1","","1.8","__export__.account_tax_6_cba05c03","0.0","0%","4","0%","1"
"__export__.product_product_21291_3d5bba51","Ding Feng Red Bean Curd 16*500g CASE","","__export__.account_tax_4_2705eab1","","57.5","__export__.account_tax_6_cba05c03","0.0","0%","4","0%","1"
"__export__.product_product_20641_47998d6f","Discount","","__export__.account_tax_4_2705eab1","","1.0","l10n_generic_coa.1_purchase_tax_template","0.0","0%","4","0%","1"
"__export__.product_product_19781_0c1cd5f8","Dollee Crispy Prawn Chilli 12*200g CASE","","__export__.account_tax_4_2705eab1","","38.5","__export__.account_tax_6_cba05c03","0.0","0%","4","0%","1"
"__export__.product_product_21237_36d40b16","Dollee Fried Garlic 24*100g CASE","","__export__.account_tax_4_2705eab1","","46.0","__export__.account_tax_6_cba05c03","0.0","0%","4","0%","1"
"__export__.product_product_21870_447b712c","Dongguan Rice Vermicelli 30*400g CASE","","__export__.account_tax_4_2705eab1","","29.0","__export__.account_tax_6_cba05c03","0.0","0%","4","0%","1"
"__export__.product_product_21871_01df0697","Dongguan Rice Vermicelli 400g PKT","","__export__.account_tax_4_2705eab1","","2.0","l10n_generic_coa.1_purchase_tax_template","0.0","0%","4","0%","1"
"__export__.product_product_21848_c439054d","Dongwon Traditional Korean Rice Cake & Ramen With Black Bean Sauce 10*327g CASE","","l10n_generic_coa.1_sale_tax_template","","0.0","__export__.account_tax_6_cba05c03","23.0","23%","1","23%","1"
"__export__.product_product_22112_5dd272ce","Double Phoenix Premium Mung Bean Vermicelli 12*300g CASE","","__export__.account_tax_4_2705eab1","","0.0","__export__.account_tax_6_cba05c03","0.0","0%","4","0%","1"
"__export__.product_product_22046_f3fdc993","Double Phoenix Premium Mung Bean Vermicelli 60*100g CASE","","__export__.account_tax_4_2705eab1","","25.0","__export__.account_tax_6_cba05c03","0.0","0%","4","0%","1"
"__export__.product_product_19022_e2fe1e16","Double Ring Dumpling Flour 10*1kg CASE","","__export__.account_tax_4_2705eab1","","30.0","__export__.account_tax_6_cba05c03","0.0","0%","4","0%","1"
"__export__.product_product_6625_6d04e823","Dragon Fruit Red CASE","","__export__.account_tax_4_2705eab1","","34.5","__export__.account_tax_6_cba05c03","0.0","0%","4","0%","1"
"__export__.product_product_6628_ff8a3d66","Dragon Fruit Yellow CASE","","__export__.account_tax_4_2705eab1","","30.5","__export__.account_tax_6_cba05c03","0.0","0%","4","0%","1"
"__export__.product_product_19549_8db22b9f","Dragon Pearl Long Grain Rice 20kg Bag","","__export__.account_tax_4_2705eab1","","26.5","__export__.account_tax_6_cba05c03","0.0","0%","4","0%","1"
"__export__.product_product_19408_3212005a","Dried Bamboo 2.4Kg CASE","","__export__.account_tax_4_2705eab1","","17.5","__export__.account_tax_6_cba05c03","0.0","0%","4","0%","1"
"__export__.product_product_19388_7d3400b4","Dried Beef 110g*24 CASE","","__export__.account_tax_4_2705eab1","","105.0","__export__.account_tax_6_cba05c03","0.0","0%","4","0%","1"
"__export__.product_product_21248_c662bf34","Dried Broad Bean 30*400g CASE","","__export__.account_tax_4_2705eab1","","0.0","__export__.account_tax_6_cba05c03","0.0","0%","4","0%","1"
"__export__.product_product_20253_e923c088","Dried Compressed Seaweed Strip 90G*24 CASE","","__export__.account_tax_4_2705eab1","","135.0","__export__.account_tax_6_cba05c03","0.0","0%","4","0%","1"
"__export__.product_product_21244_998b0c91","Dried Half Plum 40*250g CASE","","__export__.account_tax_4_2705eab1","","0.0","__export__.account_tax_6_cba05c03","0.0","0%","4","0%","1"
"__export__.product_product_6632_c67be1e4","Dried Honey Sweet potato 12*280g CASE","","__export__.account_tax_4_2705eab1","","27.0","__export__.account_tax_6_cba05c03","0.0","0%","4","0%","1"
"__export__.product_product_21953_5e7d38cf","Dried Longan with shell&with seed 10*500g CASE","","__export__.account_tax_4_2705eab1","","42.0","__export__.account_tax_6_cba05c03","0.0","0%","4","0%","1"
"__export__.product_product_6634_fc95702d","Dried Longan with shell&with seed 500G PKT","","__export__.account_tax_4_2705eab1","","5.5","__export__.account_tax_6_cba05c03","0.0","0%","4","0%","1"
"__export__.product_product_19713_dc36d6a9","Dried Mushroom Agrocybe Cylindracea 50*80g CASE","","__export__.account_tax_4_2705eab1","","0.0","__export__.account_tax_6_cba05c03","0.0","0%","4","0%","1"
"__export__.product_product_21245_7f15ace7","Dried Plum 40*250g CASE","","__export__.account_tax_4_2705eab1","","0.0","__export__.account_tax_6_cba05c03","0.0","0%","4","0%","1"
"__export__.product_product_20577_230b9f63","Dried Red Chilli (Cut) 1KG PKT","","__export__.account_tax_4_2705eab1","","12.0","__export__.account_tax_6_cba05c03","0.0","0%","4","0%","1"
"__export__.product_product_20578_a9671bd6","Dried Red Chilli (Cut) 500g PKT","","__export__.account_tax_4_2705eab1","","7.0","__export__.account_tax_6_cba05c03","0.0","0%","4","0%","1"
"__export__.product_product_20652_0e63a741","Dried Red Chilli (Whole) 1Kg PKT","","__export__.account_tax_4_2705eab1","","11.5","__export__.account_tax_6_cba05c03","0.0","0%","4","0%","1"
"__export__.product_product_6641_99eaec52","Dried Red Chilli Ring/Cut KG","","__export__.account_tax_4_2705eab1","","7.0","__export__.account_tax_6_cba05c03","0.0","0%","4","0%","1"
"__export__.product_product_6642_54b66144","Dried Red Jujube 2.5kg*4 CASE","","__export__.account_tax_4_2705eab1","","50.0","__export__.account_tax_6_cba05c03","0.0","0%","4","0%","1"
"__export__.product_product_20571_4a7e3bfc","Dried Sharon/Kaki Fruit 12*300g CASE","","__export__.account_tax_4_2705eab1","","31.0","__export__.account_tax_6_cba05c03","0.0","0%","4","0%","1"
"__export__.product_product_6647_652c844e","Dried Shitaki Mush 10*1kg CASE","","__export__.account_tax_4_2705eab1","","225.0","__export__.account_tax_6_cba05c03","0.0","0%","4","0%","1"
"__export__.product_product_20476_9c5147de","Dried Sweet Potato Orange 25*260g CASE","","__export__.account_tax_4_2705eab1","","64.0","__export__.account_tax_6_cba05c03","0.0","0%","4","0%","1"
"__export__.product_product_20477_531f015d","Dried Sweet Potato Purple 25*260g CASE","","__export__.account_tax_4_2705eab1","","68.0","__export__.account_tax_6_cba05c03","0.0","0%","4","0%","1"
"__export__.product_product_19613_7a751459","Dried Sweet potato 12*300g CASE","","__export__.account_tax_4_2705eab1","","30.0","l10n_generic_coa.1_purchase_tax_template","0.0","0%","4","0%","1"
"__export__.product_product_6650_fa62e3ed","Dried Sweet potato 8*268g CASE","","__export__.account_tax_4_2705eab1","","0.0","__export__.account_tax_6_cba05c03","0.0","0%","4","0%","1"
"__export__.product_product_21083_52e2afc5","Dulce Melon CASE","","","","27.0","__export__.account_tax_6_cba05c03","","","","","1"
"__export__.product_product_6671_f3ea6727","Durian CASE","","__export__.account_tax_4_2705eab1","","0.0","__export__.account_tax_6_cba05c03","0.0","0%","4","0%","1"
"__export__.product_product_21601_c2eefbe4","Durian KG","","__export__.account_tax_4_2705eab1","","18.5","__export__.account_tax_6_cba05c03","0.0","0%","4","0%","1"
"__export__.product_product_6672_25d8a1d3","Durian Kg","","__export__.account_tax_4_2705eab1","","23.95","__export__.account_tax_6_cba05c03","0.0","0%","4","0%","1"
"__export__.product_product_6673_51452e88","Duty Rate","","__export__.account_tax_4_2705eab1","","0.0","__export__.account_tax_6_cba05c03","0.0","0%","4","0%","1"
"__export__.product_product_22110_59f65030","ECO Box C900 CASE","","l10n_generic_coa.1_sale_tax_template","","65.0","l10n_generic_coa.1_purchase_tax_template","23.0","23%","1","23%","1"
"__export__.product_product_20064_7af6e652","East End Whole Cloves 20*50g CASE","","__export__.account_tax_4_2705eab1","","40.0","__export__.account_tax_6_cba05c03","0.0","0%","4","0%","1"
"__export__.product_product_20371_be79571e","East End Whole Cloves 6*800g CASE","","__export__.account_tax_4_2705eab1","","112.74000000000001","__export__.account_tax_6_cba05c03","0.0","0%","4","0%","1"
"__export__.product_product_19338_521c56b8","Ebara Yakitori No Tare 1.68kg PKT","","__export__.account_tax_4_2705eab1","","14.5","__export__.account_tax_6_cba05c03","0.0","0%","4","0%","1"
"__export__.product_product_19450_b4348411","Ebara Yakitori No Tare 6*1.68kg CASE","","__export__.account_tax_4_2705eab1","","72.0","__export__.account_tax_6_cba05c03","0.0","0%","4","0%","1"
"__export__.product_product_19837_adb3365d","Ebi Fry 10*300g CASE","","__export__.account_tax_4_2705eab1","","35.0","__export__.account_tax_6_cba05c03","0.0","0%","4","0%","1"
"__export__.product_product_21105_7775745a","Ebi Fry Shrimps 20*350g CASE","","__export__.account_tax_4_2705eab1","","72.0","__export__.account_tax_6_cba05c03","0.0","0%","4","0%","1"
"__export__.product_product_19848_053c2b9b","Edamame *Peeled* Soy Bean 20*500g CASE","","__export__.account_tax_4_2705eab1","","41.0","__export__.account_tax_6_cba05c03","0.0","0%","4","0%","1"
"__export__.product_product_19839_85c6a183","Edamame 20*400g CASE","","__export__.account_tax_4_2705eab1","","29.0","__export__.account_tax_6_cba05c03","0.0","0%","4","0%","1"
"__export__.product_product_20315_2b507e58","Egg Extra Large 240's CASE","","__export__.account_tax_4_2705eab1","","50.0","l10n_generic_coa.1_purchase_tax_template","0.0","0%","4","0%","1"
"__export__.product_product_20359_d7e61038","Egg Large DOZ 6*2pp CASE","","__export__.account_tax_4_2705eab1","","0.0","__export__.account_tax_6_cba05c03","0.0","0%","4","0%","1"
"__export__.product_product_20225_a59980f2","Egg Stirrer 50cm","","l10n_generic_coa.1_sale_tax_template","","14.0","l10n_generic_coa.1_purchase_tax_template","23.0","23%","1","23%","1"
"__export__.product_product_20530_5a13dd31","Eggbeater Piece","","l10n_generic_coa.1_sale_tax_template","","12.0","l10n_generic_coa.1_purchase_tax_template","23.0","23%","1","23%","1"
"__export__.product_product_19586_9a03505b","Emperor's Choice Rosted Duck 10KG 16's CASE","","__export__.account_tax_4_2705eab1","","98.0","__export__.account_tax_6_cba05c03","0.0","0%","4","0%","1"
"__export__.product_product_6689_7029330f","Endive CASE","","__export__.account_tax_4_2705eab1","","22.0","__export__.account_tax_6_cba05c03","0.0","0%","4","0%","1"
"__export__.product_product_6692_6f3413d2","Enoki Mush CN. 50*100g CASE","","__export__.account_tax_4_2705eab1","","21.5","__export__.account_tax_6_cba05c03","0.0","0%","4","0%","1"
"__export__.product_product_6709_764616e6","Erawan Rice Stick 10MM 30*375g CASE","","__export__.account_tax_4_2705eab1","","46.0","__export__.account_tax_6_cba05c03","0.0","0%","4","0%","1"
"__export__.product_product_27_e5cd89eb","Erawan Rice Stick 5MM 30*375g CASE","","__export__.account_tax_4_2705eab1","","51.0","l10n_generic_coa.1_purchase_tax_template","0.0","0%","4","0%","1"
"__export__.product_product_6695_4454cbc1","Export Declaration Charge","","__export__.account_tax_4_2705eab1","","0.0","__export__.account_tax_6_cba05c03","0.0","0%","4","0%","1"
"__export__.product_product_19506_39a70833","FG Hoi Sin Sauce 12*455ml CASE","","__export__.account_tax_4_2705eab1","","31.0","__export__.account_tax_6_cba05c03","0.0","0%","4","0%","1"
"__export__.product_product_19278_2ca96fe1","FG SRIRACHA Chilli Sauce 12*730ml CASE","","__export__.account_tax_4_2705eab1","","40.5","__export__.account_tax_6_cba05c03","0.0","0%","4","0%","1"
"__export__.product_product_19505_ce77c434","FG Sriracha Chilli Sauce Kimchi 6*455ml CASE","","__export__.account_tax_4_2705eab1","","21.0","__export__.account_tax_6_cba05c03","0.0","0%","4","0%","1"
"__export__.product_product_21822_261dc271","FOREWAY Sesame Seeds Wasabi Flavor 2*12*100g CASE","","__export__.account_tax_4_2705eab1","","29.5","__export__.account_tax_6_cba05c03","0.0","0%","4","0%","1"
"__export__.product_product_5707_75b955f1","FRESH Bay Leaf PACKET","","__export__.account_tax_4_2705eab1","","2.0","__export__.account_tax_6_cba05c03","0.0","0%","4","0%","1"
"__export__.product_product_19195_f6dce497","FS Crayon ShinChan Corn Snack Carmel Flavour 12*22g CASE","","l10n_generic_coa.1_sale_tax_template","","21.0","__export__.account_tax_6_cba05c03","23.0","23%","1","23%","1"
"__export__.product_product_19196_1d7657ce","FS Crayon ShinChan Corn Snack Chocolate Flavour 12*22g CASE","","l10n_generic_coa.1_sale_tax_template","","21.0","__export__.account_tax_6_cba05c03","23.0","23%","1","23%","1"
"__export__.product_product_21155_50ce0456","FS Potato Chips - Wasabi Fl 20*50g CASE","","l10n_generic_coa.1_sale_tax_template","","0.0","__export__.account_tax_6_cba05c03","23.0","23%","1","23%","1"
"__export__.product_product_6747_dc4f0206","FSG Crispy Black Fungus 12*280g CASE","","__export__.account_tax_4_2705eab1","","30.0","__export__.account_tax_6_cba05c03","0.0","0%","4","0%","1"
"__export__.product_product_6748_b90ef8db","FSG Enoki Mushroom Pickles 12*280g CASE","","__export__.account_tax_4_2705eab1","","30.0","__export__.account_tax_6_cba05c03","0.0","0%","4","0%","1"
"__export__.product_product_19365_ab473ad8","FSG Garlic and Chilli Condiment 15*200g CASE","","__export__.account_tax_4_2705eab1","","30.0","__export__.account_tax_6_cba05c03","0.0","0%","4","0%","1"
"__export__.product_product_6751_34b30b12","FSG Pres. Sichuan Pepper Pickles 12*280g CASE","","__export__.account_tax_4_2705eab1","","30.0","__export__.account_tax_6_cba05c03","0.0","0%","4","0%","1"
"__export__.product_product_6752_0c1b6f7b","FSG Preserved Bamboo Shoot 12*280g CASE","","__export__.account_tax_4_2705eab1","","30.0","__export__.account_tax_6_cba05c03","0.0","0%","4","0%","1"
"__export__.product_product_6753_8499e70d","FSG Preserved Cabbage(Suan Cai) 12*280g CASE","","__export__.account_tax_4_2705eab1","","30.0","__export__.account_tax_6_cba05c03","0.0","0%","4","0%","1"
"__export__.product_product_6754_68e720b9","FSG Preserved Mushroom 12*280g CASE","","__export__.account_tax_4_2705eab1","","30.0","__export__.account_tax_6_cba05c03","0.0","0%","4","0%","1"
"__export__.product_product_6756_957aa349","FSG Preserved Radish 12*280g CASE","","__export__.account_tax_4_2705eab1","","30.0","__export__.account_tax_6_cba05c03","0.0","0%","4","0%","1"
"__export__.product_product_19277_24ec2278","FULL MOON 30/40 Prawn Head On Shell On 10*2KG CASE","","__export__.account_tax_4_2705eab1","","225.0","__export__.account_tax_6_cba05c03","0.0","0%","4","0%","1"
"__export__.product_product_19090_1e04bfc7","FX Baby Corn Cobs 24*400g Case","","__export__.account_tax_4_2705eab1","","28.5","__export__.account_tax_6_cba05c03","0.0","0%","4","0%","1"
"__export__.product_product_20077_083128a2","FX Bamboo Shoot Halves 6*2.95KG CASE","","__export__.account_tax_4_2705eab1","","26.0","__export__.account_tax_6_cba05c03","0.0","0%","4","0%","1"
"__export__.product_product_19181_0b101f77","FX Longkou Vermicelli 30*(8*50g) CASE","","__export__.account_tax_4_2705eab1","","45.5","__export__.account_tax_6_cba05c03","0.0","0%","4","0%","1"
"__export__.product_product_20968_0ee3305b","FX Longkou Vermicelli 60*250g CASE","","__export__.account_tax_4_2705eab1","","0.0","__export__.account_tax_6_cba05c03","0.0","0%","4","0%","1"
"__export__.product_product_20726_9b58f77b","FX Po Ku Mushroom 24*284g CASE","","__export__.account_tax_4_2705eab1","","18.0","__export__.account_tax_6_cba05c03","0.0","0%","4","0%","1"
"__export__.product_product_21504_e3406ac9","FX Rice Vinegar 12*620ml CASE","","__export__.account_tax_4_2705eab1","","21.0","__export__.account_tax_6_cba05c03","0.0","0%","4","0%","1"
"__export__.product_product_6774_daa840dd","FX Udon Noodle 30's*200g CASE","","__export__.account_tax_4_2705eab1","","13.5","__export__.account_tax_6_cba05c03","0.0","0%","4","0%","1"
"__export__.product_product_21850_67ea1a7e","FX Water Chestnuts WHOLE 6*3kg CASE","","__export__.account_tax_4_2705eab1","","18.0","__export__.account_tax_6_cba05c03","0.0","0%","4","0%","1"
"__export__.product_product_6777_45e9bfb6","FX Wheat Flour 20KG BAG","","__export__.account_tax_4_2705eab1","","35.0","__export__.account_tax_6_cba05c03","0.0","0%","4","0%","1"
"__export__.product_product_6608_14ec0f7b","Famos Malaysian Curry Powder 9KG BUCKET","","__export__.account_tax_4_2705eab1","","31.0","__export__.account_tax_6_cba05c03","0.0","0%","4","0%","1"
"__export__.product_product_21622_0f5b9a52","Fanshu Wan Bamboo Ball 20*420g CASE (green)","","__export__.account_tax_4_2705eab1","","105.0","__export__.account_tax_6_cba05c03","0.0","0%","4","0%","1"
"__export__.product_product_22033_f8d18702","Fanshu Wan Prawn Ball (Brown) 20*420g CASE","","__export__.account_tax_4_2705eab1","","110.0","__export__.account_tax_6_cba05c03","0.0","0%","4","0%","1"
"__export__.product_product_19203_f8239a6e","Farmer Dried Peanuts 30*360g CASE","","__export__.account_tax_4_2705eab1","","122.0","__export__.account_tax_6_cba05c03","0.0","0%","4","0%","1"
"__export__.product_product_6699_0dc0c800","Farmer Glutinous Rice Flour 34*400g CASE","","__export__.account_tax_4_2705eab1","","47.0","__export__.account_tax_6_cba05c03","0.0","0%","4","0%","1"
"__export__.product_product_18285_f4a35a3e","Farmer Rice Flour 34*400g CASE","","__export__.account_tax_4_2705eab1","","0.0","__export__.account_tax_6_cba05c03","0.0","0%","4","0%","1"
"__export__.product_product_19168_b6e0f5f5","Farmer Rice Stick 5MM 34*400g CASE","","__export__.account_tax_4_2705eab1","","56.5","l10n_generic_coa.1_purchase_tax_template","0.0","0%","4","0%","1"
"__export__.product_product_18284_e9e63c9b","Farmer Tapioca Flour 34*400g CASE","","__export__.account_tax_4_2705eab1","","0.0","__export__.account_tax_6_cba05c03","0.0","0%","4","0%","1"
"__export__.product_product_6700_5c3a52ef","Fennel Bulb CASE","","__export__.account_tax_4_2705eab1","","15.0","__export__.account_tax_6_cba05c03","0.0","0%","4","0%","1"
"__export__.product_product_21545_ce19e534","Fennel Bulb KG","","__export__.account_tax_4_2705eab1","","4.0","__export__.account_tax_6_cba05c03","0.0","0%","4","0%","1"
"__export__.product_product_6703_5fc78845","Finger Root PACKET","","__export__.account_tax_4_2705eab1","","2.5","__export__.account_tax_6_cba05c03","0.0","0%","4","0%","1"
"__export__.product_product_6704_ff1850c2","Fishman's Crab Stick 20*500g CASE","","__export__.account_tax_4_2705eab1","","48.0","__export__.account_tax_6_cba05c03","0.0","0%","4","0%","1"
"__export__.product_product_6707_b07da6b7","Flat Cabbage CASE","","__export__.account_tax_4_2705eab1","","23.5","__export__.account_tax_6_cba05c03","0.0","0%","4","0%","1"
"__export__.product_product_19774_5a889530","Flat Parsley PKT","","__export__.account_tax_4_2705eab1","","1.8","__export__.account_tax_6_cba05c03","0.0","0%","4","0%","1"
"__export__.product_product_19072_419b8670","Flck Rice Flour 32*450g CASE","","__export__.account_tax_4_2705eab1","","49.0","__export__.account_tax_6_cba05c03","0.0","0%","4","0%","1"
"__export__.product_product_19454_4f1424f6","Foo Loog Ching Kee Wheat Starch 450g*32Pks CASE","","__export__.account_tax_4_2705eab1","","55.5","l10n_generic_coa.1_purchase_tax_template","0.0","0%","4","0%","1"
"__export__.product_product_20244_5bab8689","Food Bridge Spring Roll 10*750g CASE","","__export__.account_tax_4_2705eab1","","24.0","__export__.account_tax_6_cba05c03","0.0","0%","4","0%","1"
"__export__.product_product_22137_521aceb6","Food Brigde Crispy Shredded Chicken Strips 10*1KG CASE","","__export__.account_tax_4_2705eab1","","77.0","__export__.account_tax_6_cba05c03","0.0","0%","4","0%","1"
"__export__.product_product_19682_d132bdaa","Fortune Pure Coarsed Black Pepper 20*400g CASE","","__export__.account_tax_4_2705eab1","","103.0","__export__.account_tax_6_cba05c03","0.0","0%","4","0%","1"
"__export__.product_product_19150_d0b6c0d7","Fortune Sesame Oil 4*5kg CASE","","__export__.account_tax_4_2705eab1","","102.5","__export__.account_tax_6_cba05c03","0.0","0%","4","0%","1"
"__export__.product_product_21642_e86a5419","Franks Oirginal Red Hot Sauce 4*3.78L CASE","","l10n_generic_coa.1_sale_tax_template","","82.0","__export__.account_tax_6_cba05c03","23.0","23%","1","23%","1"
"__export__.product_product_6715_1e28d92d","Freezy PACKET","","__export__.account_tax_4_2705eab1","","2.0","__export__.account_tax_6_cba05c03","0.0","0%","4","0%","1"
"__export__.product_product_6716_9bafbf8c","Fresh Baby Corn CASE","","__export__.account_tax_4_2705eab1","","14.0","__export__.account_tax_6_cba05c03","0.0","0%","4","0%","1"
"__export__.product_product_20260_625b266a","Fresh Boiled Color waxy corn 40*220g CASE","","__export__.account_tax_4_2705eab1","","48.0","__export__.account_tax_6_cba05c03","0.0","0%","4","0%","1"
"__export__.product_product_6720_64b8b87d","Fresh CORN Maiz CASE","","__export__.account_tax_4_2705eab1","","0.0","__export__.account_tax_6_cba05c03","0.0","0%","4","0%","1"
"__export__.product_product_21667_71a94447","Fresh Chicken Thigh Meat Map Halal 10KG CASE","","__export__.account_tax_4_2705eab1","","58.5","l10n_generic_coa.1_purchase_tax_template","0.0","0%","4","0%","1"
"__export__.product_product_6718_9c726379","Fresh Corn CASE","","__export__.account_tax_4_2705eab1","","29.0","__export__.account_tax_6_cba05c03","0.0","0%","4","0%","1"
"__export__.product_product_6721_4986f042","Fresh Green Peppercorn PACKET","","__export__.account_tax_4_2705eab1","","2.5","__export__.account_tax_6_cba05c03","0.0","0%","4","0%","1"
"__export__.product_product_19407_38061953","Fresh Lily Bulbs  200g*50 CASE","","__export__.account_tax_4_2705eab1","","82.0","__export__.account_tax_6_cba05c03","0.0","0%","4","0%","1"
"__export__.product_product_6724_2b577f2e","Fresh Noodle JAN JAN 500g PUNNUT-S","","__export__.account_tax_4_2705eab1","","2.8000000000000003","__export__.account_tax_6_cba05c03","0.0","0%","4","0%","1"
"__export__.product_product_6725_2160c87c","Fresh Quail 9*18ps CASE","","__export__.account_tax_4_2705eab1","","20.0","__export__.account_tax_6_cba05c03","0.0","0%","4","0%","1"
"__export__.product_product_20987_091661ad","Fresh Ramen 500g PUNET","","__export__.account_tax_4_2705eab1","","2.5","l10n_generic_coa.1_purchase_tax_template","0.0","0%","4","0%","1"
"__export__.product_product_21566_cb36ae46","Fresh Seabass CASE","","__export__.account_tax_4_2705eab1","","72.0","__export__.account_tax_6_cba05c03","0.0","0%","4","0%","1"
"__export__.product_product_22124_973b11b4","Fresh Shitake Mushroom 200g*25pk CASE","","__export__.account_tax_4_2705eab1","","48.5","__export__.account_tax_6_cba05c03","0.0","0%","4","0%","1"
"__export__.product_product_6734_b7339fed","Fresh Turmeric PACKET 100g","","__export__.account_tax_4_2705eab1","","2.0","__export__.account_tax_6_cba05c03","0.0","0%","4","0%","1"
"__export__.product_product_21491_b65e2688","Fresh Turmeric Yellow 12*100g CASE","","__export__.account_tax_4_2705eab1","","17.5","__export__.account_tax_6_cba05c03","0.0","0%","4","0%","1"
"__export__.product_product_20454_78b119b8","Fried Onion 4*2.5kg CASE","","__export__.account_tax_4_2705eab1","","68.5","__export__.account_tax_6_cba05c03","0.0","0%","4","0%","1"
"__export__.product_product_21038_e3323bd7","Fried Onion 6*1KG CASE","","__export__.account_tax_4_2705eab1","","45.0","__export__.account_tax_6_cba05c03","0.0","0%","4","0%","1"
"__export__.product_product_18883_c392c8b8","Frozen 31/40 Prawns *HLSO* 6*800g CASE","","__export__.account_tax_4_2705eab1","","51.0","__export__.account_tax_6_cba05c03","0.0","0%","4","0%","1"
"__export__.product_product_6740_41cbab14","Frozen 31/40 Prawns *PD* 6*800g CASE","","__export__.account_tax_4_2705eab1","","55.0","__export__.account_tax_6_cba05c03","0.0","0%","4","0%","1"
"__export__.product_product_6741_028c7311","Frozen 31/40 Prawns *PD* 6*900g CASE","","__export__.account_tax_4_2705eab1","","55.0","__export__.account_tax_6_cba05c03","0.0","0%","4","0%","1"
"__export__.product_product_19944_917bb5b0","Frozen Ama Ebi Sweet Shrimps 20*100g(30pcs) CASE","","__export__.account_tax_4_2705eab1","","115.0","__export__.account_tax_6_cba05c03","0.0","0%","4","0%","1"
"__export__.product_product_20425_3a8ebf29","Frozen Ama Ebi Sweet Shrimps 20*165g(50pcs) CASE","","__export__.account_tax_4_2705eab1","","170.0","__export__.account_tax_6_cba05c03","0.0","0%","4","0%","1"
"__export__.product_product_21621_e722cadc","Frozen Cooked Razor Clam 800g PKT","","__export__.account_tax_4_2705eab1","","22.0","__export__.account_tax_6_cba05c03","0.0","0%","4","0%","1"
"__export__.product_product_19838_2f11cb76","Frozen Goma Wakame Salad 12*1KG CASE","","__export__.account_tax_4_2705eab1","","55.0","__export__.account_tax_6_cba05c03","0.0","0%","4","0%","1"
"__export__.product_product_19796_04b9b44e","Frozen Gyoza Wrapper Imperial Dragon 12*284g CASE","","__export__.account_tax_4_2705eab1","","33.95","__export__.account_tax_6_cba05c03","0.0","0%","4","0%","1"
"__export__.product_product_21619_e3d2c439","Frozen Oyster 800g PKT","","__export__.account_tax_4_2705eab1","","18.0","__export__.account_tax_6_cba05c03","0.0","0%","4","0%","1"
"__export__.product_product_19856_6416aff9","Frozen Ramen 6kg 120g*50s CASE","","__export__.account_tax_4_2705eab1","","32.0","__export__.account_tax_6_cba05c03","0.0","0%","4","0%","1"
"__export__.product_product_21160_f6b81e20","Frozen Yung Duck With Giblets 6*2.8kg CASE","","__export__.account_tax_4_2705eab1","","68.0","__export__.account_tax_6_cba05c03","0.0","0%","4","0%","1"
"__export__.product_product_20667_e190ad99","Fu Xing Pickled Cabbage 24*200g CASE","","__export__.account_tax_4_2705eab1","","21.5","__export__.account_tax_6_cba05c03","0.0","0%","4","0%","1"
"__export__.product_product_20829_24bfce2b","Fuchen Yih Noodles 20*500g CASE","","__export__.account_tax_4_2705eab1","","55.0","__export__.account_tax_6_cba05c03","0.0","0%","4","0%","1"
"__export__.product_product_22133_fb43fc1f","Fuji Apple 10*3pc CASE","","__export__.account_tax_4_2705eab1","","23.5","__export__.account_tax_6_cba05c03","0.0","0%","4","0%","1"
"__export__.product_product_21482_673236d8","Fuji Apple Small 3.5KG (China) CASE","","__export__.account_tax_4_2705eab1","","15.0","__export__.account_tax_6_cba05c03","0.0","0%","4","0%","1"
"__export__.product_product_19199_0eadbf2a","Fuku Superior Soup Noodle (6*5*90g)*3 CASE","","__export__.account_tax_4_2705eab1","","54.0","__export__.account_tax_6_cba05c03","0.0","0%","4","0%","1"
"__export__.product_product_19255_eca6113f","Fuku Superior Soup Noodle 6*450g CASE","","__export__.account_tax_4_2705eab1","","19.0","__export__.account_tax_6_cba05c03","0.0","0%","4","0%","1"
"__export__.product_product_21514_8b5f0d96","Fukujinzuke Pickled Vegetables Pink 16*1KG CASE","","__export__.account_tax_4_2705eab1","","48.0","__export__.account_tax_6_cba05c03","0.0","0%","4","0%","1"
"__export__.product_product_21249_8d8fb390","Fuqing Broad Bean 50*250g CASE","","__export__.account_tax_4_2705eab1","","0.0","__export__.account_tax_6_cba05c03","0.0","0%","4","0%","1"
"__export__.product_product_20575_95727e44","G-10 OZ Flat Round CUP 500's CASE","","l10n_generic_coa.1_sale_tax_template","","15.0","l10n_generic_coa.1_purchase_tax_template","23.0","23%","1","23%","1"
"__export__.product_product_20576_809c748e","G-10 OZ Flat Round Lids 500's CASE","","l10n_generic_coa.1_sale_tax_template","","10.0","l10n_generic_coa.1_purchase_tax_template","23.0","23%","1","23%","1"
"__export__.product_product_6919_4443da02","GAS 7*(4*220g) CASE","","__export__.account_tax_3_42b1e19b","","79.0","__export__.account_tax_5_1e4e1f1d","13.5","13.50%","3","13.50%","1"
"__export__.product_product_21489_54f2c678","GIANT TREE Soybean Curd Rose 24*300g CASE","","__export__.account_tax_4_2705eab1","","49.5","__export__.account_tax_6_cba05c03","0.0","0%","4","0%","1"
"__export__.product_product_21705_042d1ee2","GIANT TREE Soybean Curd Rose 300g JAR","","__export__.account_tax_4_2705eab1","","2.45","__export__.account_tax_6_cba05c03","0.0","0%","4","0%","1"
"__export__.product_product_20338_7e2098d8","GK C650 Cont.+Lids 250's CASE","","l10n_generic_coa.1_sale_tax_template","","25.0","l10n_generic_coa.1_purchase_tax_template","23.0","23%","1","23%","1"
"__export__.product_product_6802_89000487","GL 5 Spice powder 20*800g CASE","","__export__.account_tax_4_2705eab1","","85.0","__export__.account_tax_6_cba05c03","0.0","0%","4","0%","1"
"__export__.product_product_6804_adba9367","GL Barley 30*200g CASE","","__export__.account_tax_4_2705eab1","","0.0","__export__.account_tax_6_cba05c03","0.0","0%","4","0%","1"
"__export__.product_product_22015_96600c0e","GL Bean Curd Sticks 200g PKT","","__export__.account_tax_4_2705eab1","","4.5","__export__.account_tax_6_cba05c03","0.0","0%","4","0%","1"
"__export__.product_product_19755_87764c0c","GL Bean Curd Sticks 40*200g CASE","","__export__.account_tax_4_2705eab1","","94.0","__export__.account_tax_6_cba05c03","0.0","0%","4","0%","1"
"__export__.product_product_6807_889f9212","GL Black Beans 30*500g CASE","","__export__.account_tax_4_2705eab1","","70.0","__export__.account_tax_6_cba05c03","0.0","0%","4","0%","1"
"__export__.product_product_6808_e05a1cfd","GL Black Pepper Crush 100g PKT","","__export__.account_tax_4_2705eab1","","0.0","__export__.account_tax_6_cba05c03","0.0","0%","4","0%","1"
"__export__.product_product_6809_7e69d1f6","GL Black Pepper Crush 30*100g CASE","","__export__.account_tax_4_2705eab1","","0.0","__export__.account_tax_6_cba05c03","0.0","0%","4","0%","1"
"__export__.product_product_20915_99e79feb","GL Boxthorn Fruit 30*100g CASE","","__export__.account_tax_4_2705eab1","","72.0","__export__.account_tax_6_cba05c03","0.0","0%","4","0%","1"
"__export__.product_product_19595_8fbed9ac","GL Cauguo 30*100g CASE","","__export__.account_tax_4_2705eab1","","0.0","l10n_generic_coa.1_purchase_tax_template","0.0","0%","4","0%","1"
"__export__.product_product_21831_1d6f8c26","GL Chicken Seasoning Powder 6*1KG CASE","","__export__.account_tax_4_2705eab1","","25.0","__export__.account_tax_6_cba05c03","0.0","0%","4","0%","1"
"__export__.product_product_20420_82614449","GL Cinnamon Powder (Yuk Kwai) 30*200g CASE","","__export__.account_tax_4_2705eab1","","37.5","__export__.account_tax_6_cba05c03","0.0","0%","4","0%","1"
"__export__.product_product_19158_9e43905e","GL Cinnamon Stick 1Kg PKT","","__export__.account_tax_4_2705eab1","","11.5","__export__.account_tax_6_cba05c03","0.0","0%","4","0%","1"
"__export__.product_product_6810_dd52b66d","GL Cinnamon Stick 20*1Kg CASE","","__export__.account_tax_4_2705eab1","","180.0","__export__.account_tax_6_cba05c03","0.0","0%","4","0%","1"
"__export__.product_product_18411_639fba53","GL Dried Red Chilli (Cut) 20*500g CASE","","__export__.account_tax_4_2705eab1","","100.5","__export__.account_tax_6_cba05c03","0.0","0%","4","0%","1"
"__export__.product_product_19013_7130e08d","GL Ginger Powder (sha keung）20*1KG CASE","","__export__.account_tax_4_2705eab1","","125.0","__export__.account_tax_6_cba05c03","0.0","0%","4","0%","1"
"__export__.product_product_19382_743c9cda","GL Individual Mooncake 1-Yolk White Lotus Paste 24*100g CASE","","l10n_generic_coa.1_sale_tax_template","","0.0","__export__.account_tax_6_cba05c03","23.0","23%","1","23%","1"
"__export__.product_product_21726_cbabbeed","GL Jelly Fish 20*1KG CASE","","__export__.account_tax_4_2705eab1","","125.0","__export__.account_tax_6_cba05c03","0.0","0%","4","0%","1"
"__export__.product_product_18363_d7be46b1","GL Licorice Powder 200g PKT","","__export__.account_tax_4_2705eab1","","2.0","__export__.account_tax_6_cba05c03","0.0","0%","4","0%","1"
"__export__.product_product_19969_52a1d392","GL Perfume Fragrant Jasmine Rice 18kg Bag","","__export__.account_tax_4_2705eab1","","26.5","__export__.account_tax_6_cba05c03","0.0","0%","4","0%","1"
"__export__.product_product_6812_09408c65","GL Premium Longkou Verm 150*100g CASE","","__export__.account_tax_4_2705eab1","","88.0","__export__.account_tax_6_cba05c03","0.0","0%","4","0%","1"
"__export__.product_product_21604_261302c9","GL Seaweed Strips 50*200g CASE","","__export__.account_tax_4_2705eab1","","123.0","__export__.account_tax_6_cba05c03","0.0","0%","4","0%","1"
"__export__.product_product_20752_4fb80846","GL Sichuan Pepper Powder 30*600g CASE","","__export__.account_tax_4_2705eab1","","255.0","__export__.account_tax_6_cba05c03","0.0","0%","4","0%","1"
"__export__.product_product_20753_3fb41696","GL Sichuan Peppercorn 50*300g CASE","","__export__.account_tax_4_2705eab1","","300.0","__export__.account_tax_6_cba05c03","0.0","0%","4","0%","1"
"__export__.product_product_19200_78c785d8","GL Spice Powder 30*170g(6pcs) CASE","","__export__.account_tax_4_2705eab1","","47.0","__export__.account_tax_6_cba05c03","0.0","0%","4","0%","1"
"__export__.product_product_19070_58a5b889","GL White Back Black Fungus Strips 30*100g CASE","","__export__.account_tax_4_2705eab1","","65.0","__export__.account_tax_6_cba05c03","0.0","0%","4","0%","1"
"__export__.product_product_21403_b0250bfc","GL White Pepper 30*100g CASE","","__export__.account_tax_4_2705eab1","","58.5","__export__.account_tax_6_cba05c03","0.0","0%","4","0%","1"
"__export__.product_product_20512_9c9d33e4","GOLDEN PAGODA, Fresh Ramen Noodle Japanese Style, 30x180g CASE","","__export__.account_tax_4_2705eab1","","16.5","__export__.account_tax_6_cba05c03","0.0","0%","4","0%","1"
"__export__.product_product_21893_2860c4fb","GOM Batter Mix for HOT DOG(06273) 5*2kg","","__export__.account_tax_4_2705eab1","","27.0","__export__.account_tax_6_cba05c03","0.0","0%","4","0%","1"
"__export__.product_product_21892_c9d3edf3","GOM Wheat flour H-Gluten(04123) 10*1KG","","__export__.account_tax_4_2705eab1","","28.0","__export__.account_tax_6_cba05c03","0.0","0%","4","0%","1"
"__export__.product_product_21743_1c9a78e3","GOOSUN Duck Egg Yolk Salted 36*12pcs CASE","","__export__.account_tax_4_2705eab1","","120.0","__export__.account_tax_6_cba05c03","0.0","0%","4","0%","1"
"__export__.product_product_21792_9916ce1a","GORAESA Fish Cake Square Original 30*300g CASE","","__export__.account_tax_4_2705eab1","","84.0","__export__.account_tax_6_cba05c03","0.0","0%","4","0%","1"
"__export__.product_product_6787_b8b347d0","GS Garlic Flakes 20*1KG CASE","","__export__.account_tax_4_2705eab1","","125.5","__export__.account_tax_6_cba05c03","0.0","0%","4","0%","1"
"__export__.product_product_19479_2c0f07d2","GS Long Grain Rice 20kg Bag","","__export__.account_tax_4_2705eab1","","25.5","__export__.account_tax_6_cba05c03","0.0","0%","4","0%","1"
"__export__.product_product_19816_c2656821","GS Sesame Oil 4*2L CASE","","__export__.account_tax_4_2705eab1","","46.5","__export__.account_tax_6_cba05c03","0.0","0%","4","0%","1"
"__export__.product_product_6861_112c4c1b","GS Sesame Oil 4*5L CASE","","__export__.account_tax_4_2705eab1","","102.5","__export__.account_tax_6_cba05c03","0.0","0%","4","0%","1"
"__export__.product_product_6860_b25e60f5","GS Sesame oil 12*650ml CASE","","__export__.account_tax_4_2705eab1","","47.5","__export__.account_tax_6_cba05c03","0.0","0%","4","0%","1"
"__export__.product_product_19123_d81fe186","GS Vietnamese Prawn Crackers 6*2kg CASE","","__export__.account_tax_4_2705eab1","","26.0","__export__.account_tax_6_cba05c03","0.0","0%","4","0%","1"
"__export__.product_product_19202_dac08cfe","GW Teintsin Tung Choi 18*600g CASE","","__export__.account_tax_4_2705eab1","","49.0","__export__.account_tax_6_cba05c03","0.0","0%","4","0%","1"
"__export__.product_product_22083_ad47992e","Gagaya Duck Blood 20*300g CASE","","__export__.account_tax_4_2705eab1","","22.0","__export__.account_tax_6_cba05c03","0.0","0%","4","0%","1"
"__export__.product_product_6779_eb7efaf9","Galanga 100G","","__export__.account_tax_4_2705eab1","","0.0","__export__.account_tax_6_cba05c03","0.0","0%","4","0%","1"
"__export__.product_product_21599_1a2d52a7","Galanga 12*200g CASE","","__export__.account_tax_4_2705eab1","","30.0","__export__.account_tax_6_cba05c03","0.0","0%","4","0%","1"
"__export__.product_product_6781_f8600bea","Galanga 2kg CASE","","__export__.account_tax_4_2705eab1","","35.0","__export__.account_tax_6_cba05c03","0.0","0%","4","0%","1"
"__export__.product_product_20632_4e2d52c7","Garlic Chive 250g*40 CASE","","__export__.account_tax_4_2705eab1","","130.0","__export__.account_tax_6_cba05c03","0.0","0%","4","0%","1"
"__export__.product_product_21173_c06acfb7","Garlic Chive Flower 200g*30p CASE","","","","120.0","__export__.account_tax_6_cba05c03","","","","","1"
"__export__.product_product_19703_0928fc46","Garlic Flakes 20*1KG CASE","","__export__.account_tax_4_2705eab1","","125.5","__export__.account_tax_6_cba05c03","0.0","0%","4","0%","1"
"__export__.product_product_19358_4a5f0c0c","Garlic Peeled 10*1KG CASE","","__export__.account_tax_4_2705eab1","","40.0","__export__.account_tax_6_cba05c03","0.0","0%","4","0%","1"
"__export__.product_product_21651_b74d82f9","German Salami Co. Hot Dog 80g*10PK CASE","","__export__.account_tax_4_2705eab1","","50.0","__export__.account_tax_6_cba05c03","0.0","0%","4","0%","1"
"__export__.product_product_19119_53081a8e","Giant Tree Beancurd with Sesame Oil 24*300g CASE","","__export__.account_tax_4_2705eab1","","48.5","__export__.account_tax_6_cba05c03","0.0","0%","4","0%","1"
"__export__.product_product_20874_798b7217","Ginger Powder 800g PKT","","__export__.account_tax_4_2705eab1","","6.5","__export__.account_tax_6_cba05c03","0.0","0%","4","0%","1"
"__export__.product_product_19820_ff302528","Ginkgo Seed 200g*50 CASE","","__export__.account_tax_4_2705eab1","","0.0","__export__.account_tax_6_cba05c03","0.0","0%","4","0%","1"
"__export__.product_product_19777_10b05d0c","Gloves (Green) Size 8 12's*20 CASE","","l10n_generic_coa.1_sale_tax_template","","0.0","__export__.account_tax_6_cba05c03","23.0","23%","1","23%","1"
"__export__.product_product_19776_e6564713","Gloves (Green) size 9 12's*20 CASE","","l10n_generic_coa.1_sale_tax_template","","0.0","__export__.account_tax_6_cba05c03","23.0","23%","1","23%","1"
"__export__.product_product_19779_6ff7302f","Gloves (Yellow) L 10's*20 CASE","","l10n_generic_coa.1_sale_tax_template","","315.0","__export__.account_tax_6_cba05c03","23.0","23%","1","23%","1"
"__export__.product_product_19778_492b11bb","Gloves (Yellow) M 10's*20 CASE","","l10n_generic_coa.1_sale_tax_template","","315.0","__export__.account_tax_6_cba05c03","23.0","23%","1","23%","1"
"__export__.product_product_19647_26c93f50","Gloves Rubber(Black) L-Size 10*12's CASE","","l10n_generic_coa.1_sale_tax_template","","170.0","l10n_generic_coa.1_purchase_tax_template","23.0","23%","1","23%","1"
"__export__.product_product_19648_81638722","Gloves Rubber(Black) M-Size 10*12 's CASE","","l10n_generic_coa.1_sale_tax_template","","170.0","l10n_generic_coa.1_purchase_tax_template","23.0","23%","1","23%","1"
"__export__.product_product_7080_7cb97830","Gluten Free Kikkoman Soy Sauce Tamari 6*1L CASE","","__export__.account_tax_4_2705eab1","","37.5","__export__.account_tax_6_cba05c03","0.0","0%","4","0%","1"
"__export__.product_product_20507_effd9fd8","Glutinous Rice Flour COCK 50*400g CASE","","__export__.account_tax_4_2705eab1","","52.5","__export__.account_tax_6_cba05c03","0.0","0%","4","0%","1"
"__export__.product_product_20493_6fe320da","Gochujang Hot Pepper Paste 12*1kg CASE","","__export__.account_tax_4_2705eab1","","63.0","__export__.account_tax_6_cba05c03","0.0","0%","4","0%","1"
"__export__.product_product_20809_10983772","Gochujang Korean Hot Red Pepper Paste 6*4*500g CASE","","__export__.account_tax_4_2705eab1","","50.0","__export__.account_tax_6_cba05c03","0.0","0%","4","0%","1"
"__export__.product_product_20439_0a6179ef","Gold Label Cookies- Almond 24*300g CASE","","l10n_generic_coa.1_sale_tax_template","","67.5","__export__.account_tax_6_cba05c03","23.0","23%","1","23%","1"
"__export__.product_product_19893_f944053b","Gold Label Cookies- Cashnew Nut 24*300g CASE","","l10n_generic_coa.1_sale_tax_template","","62.5","l10n_generic_coa.1_purchase_tax_template","23.0","23%","1","23%","1"
"__export__.product_product_20440_88f7cac5","Gold Label Cookies- Sesame 24*300g CASE","","l10n_generic_coa.1_sale_tax_template","","67.5","__export__.account_tax_6_cba05c03","23.0","23%","1","23%","1"
"__export__.product_product_19892_d8214a1c","Gold Label Cookies-Walnut 24*300g CASE","","l10n_generic_coa.1_sale_tax_template","","67.5","__export__.account_tax_6_cba05c03","23.0","23%","1","23%","1"
"__export__.product_product_21485_40db72f1","Gold Mango*Mahachanok* CASE","","__export__.account_tax_4_2705eab1","","30.0","__export__.account_tax_6_cba05c03","0.0","0%","4","0%","1"
"__export__.product_product_22009_77b9530f","Gold Plum Chinkiang Vinegar 12*550ml CASE","","__export__.account_tax_4_2705eab1","","23.5","__export__.account_tax_6_cba05c03","0.0","0%","4","0%","1"
"__export__.product_product_18336_14e0ad26","Golden Bowl Thai Hom Mail Rice 20Kg BAG","","__export__.account_tax_4_2705eab1","","0.0","__export__.account_tax_6_cba05c03","0.0","0%","4","0%","1"
"__export__.product_product_21746_b29f0f57","Golden Lily Premium Sushi Rice 20KG BAG","","__export__.account_tax_4_2705eab1","","32.5","__export__.account_tax_6_cba05c03","0.0","0%","4","0%","1"
"__export__.product_product_21894_7c3c9543","Golden Lily Premium Sushi Rice 5KG BAG","","__export__.account_tax_4_2705eab1","","10.5","__export__.account_tax_6_cba05c03","0.0","0%","4","0%","1"
"__export__.product_product_20488_e9f6b71c","Golden Lily Sushi Rice 10kg BAG","","__export__.account_tax_4_2705eab1","","18.0","__export__.account_tax_6_cba05c03","0.0","0%","4","0%","1"
"__export__.product_product_5984_550c3ce1","Golden Lion Garlic Powder 20*1kg CASE","","__export__.account_tax_4_2705eab1","","106.0","__export__.account_tax_6_cba05c03","0.0","0%","4","0%","1"
"__export__.product_product_20492_a81aa137","Golden Lion Rice Vermicelli (Guilin) 40*400g CASE","","__export__.account_tax_4_2705eab1","","49.5","__export__.account_tax_6_cba05c03","0.0","0%","4","0%","1"
"__export__.product_product_19818_2010dd38","Golden Lotus Laos Glutinous Rice 10kg Bag","","__export__.account_tax_4_2705eab1","","18.5","__export__.account_tax_6_cba05c03","0.0","0%","4","0%","1"
"__export__.product_product_18981_b909ea27","Golden Lotus Prawn Cracker 6*2KG CASE","","__export__.account_tax_4_2705eab1","","28.0","__export__.account_tax_6_cba05c03","0.0","0%","4","0%","1"
"__export__.product_product_6831_2da3a709","Golden Lotus Thai Hom Mali Brown Rice 10*1kg CASE","","__export__.account_tax_4_2705eab1","","0.0","__export__.account_tax_6_cba05c03","0.0","0%","4","0%","1"
"__export__.product_product_20520_8ecef284","Golden Mountain Seasoning Sauce 12*600ml CASE","","__export__.account_tax_4_2705eab1","","26.85","__export__.account_tax_6_cba05c03","0.0","0%","4","0%","1"
"__export__.product_product_19270_aa797725","Golden Orchid Plain Flour 10*1.5kg CASE","","__export__.account_tax_4_2705eab1","","14.0","__export__.account_tax_6_cba05c03","0.0","0%","4","0%","1"
"__export__.product_product_19269_b0aea774","Golden Orchid Self Raising Flour 10*1.5kg CASE","","__export__.account_tax_4_2705eab1","","18.0","__export__.account_tax_6_cba05c03","0.0","0%","4","0%","1"
"__export__.product_product_21595_5d3e1c2b","Golden Pagoda Fortune Cookies 275's CASE","","l10n_generic_coa.1_sale_tax_template","","23.5","__export__.account_tax_6_cba05c03","23.0","23%","1","23%","1"
"__export__.product_product_22020_95507935","Golden Pear 12*4pc CASE","","__export__.account_tax_4_2705eab1","","30.0","__export__.account_tax_6_cba05c03","0.0","0%","4","0%","1"
"__export__.product_product_21629_049f7db0","Golden Sail Jasmine Green Tea 150g Tin","","__export__.account_tax_4_2705eab1","","5.95","__export__.account_tax_6_cba05c03","0.0","0%","4","0%","1"
"__export__.product_product_6840_7189d45e","Golden Swan White Vinegar 4*5L CASE","","__export__.account_tax_4_2705eab1","","16.5","__export__.account_tax_6_cba05c03","0.0","0%","4","0%","1"
"__export__.product_product_20660_3dfc875d","Golden Syrup 7.25KG DRUM","","__export__.account_tax_4_2705eab1","","18.5","__export__.account_tax_6_cba05c03","0.0","0%","4","0%","1"
"__export__.product_product_21362_4efaed39","Golden Warrior Cambodian Jasmine Rice 20 KG Bag","","__export__.account_tax_4_2705eab1","","27.95","__export__.account_tax_6_cba05c03","0.0","0%","4","0%","1"
"__export__.product_product_6845_ac05b4b7","Granny Mi Fermented Glutinous Rice 6*900g CASE","","__export__.account_tax_4_2705eab1","","30.5","__export__.account_tax_6_cba05c03","0.0","0%","4","0%","1"
"__export__.product_product_6847_d45befff","Granny Mi Fermented Glutinous Rice 8*500g CASE","","__export__.account_tax_4_2705eab1","","26.0","__export__.account_tax_6_cba05c03","0.0","0%","4","0%","1"
"__export__.product_product_6848_8f0af7a1","Grape Black Magic 7KG CASE","","__export__.account_tax_4_2705eab1","","1.0","__export__.account_tax_6_cba05c03","0.0","0%","4","0%","1"
"__export__.product_product_6849_8b43e232","Grape Green Seedless CASE","","__export__.account_tax_4_2705eab1","","38.0","__export__.account_tax_6_cba05c03","0.0","0%","4","0%","1"
"__export__.product_product_20066_de0455f5","Grape Mix [Red+Green] CASE","","__export__.account_tax_4_2705eab1","","28.0","__export__.account_tax_6_cba05c03","0.0","0%","4","0%","1"
"__export__.product_product_6850_23c25c93","Grape Red Globe CASE","","__export__.account_tax_4_2705eab1","","18.5","__export__.account_tax_6_cba05c03","0.0","0%","4","0%","1"
"__export__.product_product_6851_fe3115a4","Grape Red Seedless CASE","","__export__.account_tax_4_2705eab1","","28.5","__export__.account_tax_6_cba05c03","0.0","0%","4","0%","1"
"__export__.product_product_18366_55655758","Green Cauliflower CASE","","__export__.account_tax_4_2705eab1","","14.0","__export__.account_tax_6_cba05c03","0.0","0%","4","0%","1"
"__export__.product_product_21045_05f12a67","Green Gage CASE","","__export__.account_tax_4_2705eab1","","0.0","__export__.account_tax_6_cba05c03","0.0","0%","4","0%","1"
"__export__.product_product_6855_ede10c1d","Green Mooli CASE","","__export__.account_tax_4_2705eab1","","21.5","__export__.account_tax_6_cba05c03","0.0","0%","4","0%","1"
"__export__.product_product_20398_aed592ec","Green Pine Egg Noodle - Thick 24*454g CASE","","__export__.account_tax_4_2705eab1","","0.0","__export__.account_tax_6_cba05c03","0.0","0%","4","0%","1"
"__export__.product_product_6857_c18c1e9b","Greenmax Black Sesame Powder 12pk*420g CASE","","__export__.account_tax_4_2705eab1","","73.0","__export__.account_tax_6_cba05c03","0.0","0%","4","0%","1"
"__export__.product_product_19219_bcdf778e","Greenmax Yam&Black Sesame Powder 12*13*35g CASE","","__export__.account_tax_4_2705eab1","","73.0","__export__.account_tax_6_cba05c03","0.0","0%","4","0%","1"
"__export__.product_product_21984_3f55cc63","Gua Bao Buns 12*300g CASE","","__export__.account_tax_4_2705eab1","","0.0","__export__.account_tax_6_cba05c03","0.0","0%","4","0%","1"
"__export__.product_product_21983_c0d71dbb","Gua Bao Sliced Bao Bun 60*50g CASE","","__export__.account_tax_4_2705eab1","","24.5","__export__.account_tax_6_cba05c03","0.0","0%","4","0%","1"
"__export__.product_product_19594_a719f2b2","Guilin Rice Vermicelli Bun Que Lam(L) 30*400g CASE","","__export__.account_tax_4_2705eab1","","46.0","__export__.account_tax_6_cba05c03","0.0","0%","4","0%","1"
"__export__.product_product_21908_16255d9e","HAEPYO Malt Syrup(24371) 3*5kg CASE","","__export__.account_tax_4_2705eab1","","0.0","__export__.account_tax_6_cba05c03","0.0","0%","4","0%","1"
"__export__.product_product_21904_a9e295b1","HAEPYO Sea Salt 10*1.5KG CASE","","__export__.account_tax_4_2705eab1","","54.0","__export__.account_tax_6_cba05c03","0.0","0%","4","0%","1"
"__export__.product_product_6968_45875e7c","HANYANG Sushi Rice 10Kg BAG","","__export__.account_tax_4_2705eab1","","23.95","__export__.account_tax_6_cba05c03","0.0","0%","4","0%","1"
"__export__.product_product_20210_32101a42","HAS Edamame *Salted* 20*454g CASE","","__export__.account_tax_4_2705eab1","","36.0","__export__.account_tax_6_cba05c03","0.0","0%","4","0%","1"
"__export__.product_product_20073_a1564a4d","HB-06 CASE","","l10n_generic_coa.1_sale_tax_template","","37.0","l10n_generic_coa.1_purchase_tax_template","23.0","23%","1","23%","1"
"__export__.product_product_21502_b3d4dc70","HC White Coffee 3 in 1 Hazelnut 24*600g CASE","","__export__.account_tax_4_2705eab1","","168.0","__export__.account_tax_6_cba05c03","0.0","0%","4","0%","1"
"__export__.product_product_21577_19617842","HC White Coffee 3 in 1 Original 24*600g CASE","","__export__.account_tax_4_2705eab1","","168.0","__export__.account_tax_6_cba05c03","0.0","0%","4","0%","1"
"__export__.product_product_19551_9a2b6491","HCD Korean Chilli Paste 1kg*12 Case","","__export__.account_tax_4_2705eab1","","75.0","__export__.account_tax_6_cba05c03","0.0","0%","4","0%","1"
"__export__.product_product_20681_eae88677","HDL Hot Pot Dip Sauce Spicy 40*120g CASE","","__export__.account_tax_4_2705eab1","","43.0","__export__.account_tax_6_cba05c03","0.0","0%","4","0%","1"
"__export__.product_product_21344_09c621ae","HEERA Premium Coconut Milk 24*400ml CASE","","__export__.account_tax_4_2705eab1","","30.0","__export__.account_tax_6_cba05c03","0.0","0%","4","0%","1"
"__export__.product_product_21818_c091b7c8","HFH Crispy Chilli Peanuts 10*350g CASE","","__export__.account_tax_4_2705eab1","","38.95","__export__.account_tax_6_cba05c03","0.0","0%","4","0%","1"
"__export__.product_product_18311_a64e5012","HK Inst Noodle Red Oil 20*110g (MaLa)CASE","","__export__.account_tax_4_2705eab1","","25.0","__export__.account_tax_6_cba05c03","0.0","0%","4","0%","1"
"__export__.product_product_19171_407d0403","HK Instant Noodle Hot Pot 20*120g CASE","","__export__.account_tax_4_2705eab1","","25.0","__export__.account_tax_6_cba05c03","0.0","0%","4","0%","1"
"__export__.product_product_6884_d19a61ee","HK Nissin Demae Ramen Hokkaido Miso Tonkotsu 30*100g CASE","","__export__.account_tax_4_2705eab1","","19.5","__export__.account_tax_6_cba05c03","0.0","0%","4","0%","1"
"__export__.product_product_6886_f0a07c4a","HK Nissin Demae Ramen Roast Beef 30*100g CASE","","__export__.account_tax_4_2705eab1","","19.5","__export__.account_tax_6_cba05c03","0.0","0%","4","0%","1"
"__export__.product_product_19383_2a27ac8b","HK Nissin Demae Ramen Spicy Sesame Oil 30*100g CASE","","__export__.account_tax_4_2705eab1","","19.5","__export__.account_tax_6_cba05c03","0.0","0%","4","0%","1"
"__export__.product_product_19604_4577cf6c","HL Hot Pot Soup Base - Mushroom Flavour 18*130g CASE","","__export__.account_tax_4_2705eab1","","47.0","__export__.account_tax_6_cba05c03","0.0","0%","4","0%","1"
"__export__.product_product_19605_8cd15fb9","HL Hot Pot Soup Base - Spicy Flavour 18*236g CASE","","__export__.account_tax_4_2705eab1","","47.0","__export__.account_tax_6_cba05c03","0.0","0%","4","0%","1"
"__export__.product_product_19684_3d43d119","HL Pure Sesame Paste 20*200g CASE","","__export__.account_tax_4_2705eab1","","35.0","__export__.account_tax_6_cba05c03","0.0","0%","4","0%","1"
"__export__.product_product_19683_e4274747","HL Sesame & Peanut Paste 20*200g CASE","","__export__.account_tax_4_2705eab1","","31.0","__export__.account_tax_6_cba05c03","0.0","0%","4","0%","1"
"__export__.product_product_20199_19b2b29a","HONTERI Mirin 18L CASE","","__export__.account_tax_4_2705eab1","","58.95","__export__.account_tax_6_cba05c03","0.0","0%","4","0%","1"
"__export__.product_product_20140_c69e875d","HORIZON Blue Tinted Sacks 500's CASE","","l10n_generic_coa.1_sale_tax_template","","30.0","__export__.account_tax_6_cba05c03","23.0","23%","1","23%","1"
"__export__.product_product_19418_13a85333","HP 10 Large Lunch box 250's CASE","","l10n_generic_coa.1_sale_tax_template","","25.0","l10n_generic_coa.1_purchase_tax_template","23.0","23%","1","23%","1"
"__export__.product_product_19536_a34a742b","HP Plastic Vest White Carriers 23""1000's CASE","","l10n_generic_coa.1_sale_tax_template","","0.0","l10n_generic_coa.1_purchase_tax_template","23.0","23%","1","23%","1"
"__export__.product_product_20658_497be223","HP Sauce Brown 4.6kg DRUM","","__export__.account_tax_4_2705eab1","","19.5","__export__.account_tax_6_cba05c03","0.0","0%","4","0%","1"
"__export__.product_product_20911_72926204","HP-20 Maple Leaf Sushi Platter 100's CASE","","l10n_generic_coa.1_sale_tax_template","","115.0","__export__.account_tax_6_cba05c03","23.0","23%","1","23%","1"
"__export__.product_product_20593_ec0cdc97","HR Yellow Millet 24*454g CASE","","__export__.account_tax_4_2705eab1","","43.0","__export__.account_tax_6_cba05c03","0.0","0%","4","0%","1"
"__export__.product_product_6974_62646059","HT Dark Soy Sauce 12*500ml CASE","","__export__.account_tax_4_2705eab1","","27.5","__export__.account_tax_6_cba05c03","0.0","0%","4","0%","1"
"__export__.product_product_18963_67d03049","HT Dark Soy Sauce 24*150ml CASE","","__export__.account_tax_4_2705eab1","","18.0","__export__.account_tax_6_cba05c03","0.0","0%","4","0%","1"
"__export__.product_product_6978_95e775ba","HT Delicious Light Soy Sauce 6*1.9L CASE","","__export__.account_tax_4_2705eab1","","31.0","__export__.account_tax_6_cba05c03","0.0","0%","4","0%","1"
"__export__.product_product_6979_80a9cf91","HT Excellent Dark Soy Sauce 2*4.9L CASE","","__export__.account_tax_4_2705eab1","","25.5","__export__.account_tax_6_cba05c03","0.0","0%","4","0%","1"
"__export__.product_product_6980_f6aaa9e2","HT Excellent Dark Soy Sauce 6*1.75L CASE","","__export__.account_tax_4_2705eab1","","28.0","__export__.account_tax_6_cba05c03","0.0","0%","4","0%","1"
"__export__.product_product_6981_dc1400b6","HT Hot Soybean Paste 15*340g CASE","","__export__.account_tax_4_2705eab1","","25.0","__export__.account_tax_6_cba05c03","0.0","0%","4","0%","1"
"__export__.product_product_6985_e1ace541","HT Soybean Paste 15*340g CASE","","__export__.account_tax_4_2705eab1","","25.0","__export__.account_tax_6_cba05c03","0.0","0%","4","0%","1"
"__export__.product_product_6986_3b81f94c","HT Soybean Paste 6*800g CASE","","__export__.account_tax_4_2705eab1","","23.0","__export__.account_tax_6_cba05c03","0.0","0%","4","0%","1"
"__export__.product_product_21428_d2487a24","HT Superior Taste Oyster Sauce GLASS 12*680g CASE","","__export__.account_tax_4_2705eab1","","26.5","__export__.account_tax_6_cba05c03","0.0","0%","4","0%","1"
"__export__.product_product_6989_0133ae87","HT Tasty Seafood Flavored Soy Sauce 12*500ml CASE","","__export__.account_tax_4_2705eab1","","29.3","__export__.account_tax_6_cba05c03","0.0","0%","4","0%","1"
"__export__.product_product_6992_44dd0ebe","HT Wei Ji Xian Seasoning Soy Sauce 6*750ml CASE","","__export__.account_tax_4_2705eab1","","21.5","__export__.account_tax_6_cba05c03","0.0","0%","4","0%","1"
"__export__.product_product_6990_efaef064","HT Wei Ji Xian Soy Sauce 2*4.9L CASE","","__export__.account_tax_4_2705eab1","","28.5","__export__.account_tax_6_cba05c03","0.0","0%","4","0%","1"
"__export__.product_product_21302_792bc1cd","Haechandle Soybean Paste 1KG PKT","","__export__.account_tax_4_2705eab1","","0.0","__export__.account_tax_6_cba05c03","0.0","0%","4","0%","1"
"__export__.product_product_19868_7c535dda","Half Shell On Mussels 12*800g CASE","","__export__.account_tax_4_2705eab1","","105.0","__export__.account_tax_6_cba05c03","0.0","0%","4","0%","1"
"__export__.product_product_15189_364748da","Hammonds Tomato Ketchup 2*4.5KG CASE","","__export__.account_tax_4_2705eab1","","21.0","__export__.account_tax_6_cba05c03","0.0","0%","4","0%","1"
"__export__.product_product_6922_6d82c54c","Hanyang Rice 10*2Kg CASE","","__export__.account_tax_4_2705eab1","","29.5","__export__.account_tax_6_cba05c03","0.0","0%","4","0%","1"
"__export__.product_product_6923_5a7d3acb","Hanyang Rice 10Kg BAG","","__export__.account_tax_4_2705eab1","","23.95","__export__.account_tax_6_cba05c03","0.0","0%","4","0%","1"
"__export__.product_product_6924_6080a51d","Hanyang Rice 4*5Kg CASE","","__export__.account_tax_4_2705eab1","","28.0","__export__.account_tax_6_cba05c03","0.0","0%","4","0%","1"
"__export__.product_product_20677_ce2482a8","Hao Ba shi dried bean curd BBQ 30*95g CASE","","l10n_generic_coa.1_sale_tax_template","","0.0","__export__.account_tax_6_cba05c03","23.0","23%","1","23%","1"
"__export__.product_product_20678_97febe52","Hao Ba shi dried bean curd Five Spices 30*95g CASE","","l10n_generic_coa.1_sale_tax_template","","0.0","l10n_generic_coa.1_purchase_tax_template","23.0","23%","1","23%","1"
"__export__.product_product_20680_066f46e6","Hao Huan Luo Snail Noodle 24*300g CASE","","__export__.account_tax_4_2705eab1","","68.0","__export__.account_tax_6_cba05c03","0.0","0%","4","0%","1"
"__export__.product_product_21321_1bb7d380","Hao Huan Luo noodle with crayfish 300g*22 CASE","","__export__.account_tax_4_2705eab1","","61.5","__export__.account_tax_6_cba05c03","0.0","0%","4","0%","1"
"__export__.product_product_21368_6354c0db","Happy Belly Oriental Bread Pandan 12*300g CASE","","__export__.account_tax_4_2705eab1","","26.5","__export__.account_tax_6_cba05c03","0.0","0%","4","0%","1"
"__export__.product_product_21369_01761fd2","Happy Belly Oriental Bread Plain 12*300g CASE","","__export__.account_tax_4_2705eab1","","26.5","__export__.account_tax_6_cba05c03","0.0","0%","4","0%","1"
"__export__.product_product_22078_89e949b6","Happy Belly Oriental Bread Plain 300g PKT","","__export__.account_tax_4_2705eab1","","2.5","__export__.account_tax_6_cba05c03","0.0","0%","4","0%","1"
"__export__.product_product_19296_2a38e9eb","Happy Dragon Long Grain Rice 20kg Bag","","__export__.account_tax_4_2705eab1","","25.0","__export__.account_tax_6_cba05c03","0.0","0%","4","0%","1"
"__export__.product_product_21713_733bfbaa","Happy Dragon No.2 Noodle 7.7KG CASE","","__export__.account_tax_4_2705eab1","","24.5","__export__.account_tax_6_cba05c03","0.0","0%","4","0%","1"
"__export__.product_product_21082_521ca029","Happy Fortunes Udon Noodle 30's*200g CASE","","__export__.account_tax_4_2705eab1","","15.0","__export__.account_tax_6_cba05c03","0.0","0%","4","0%","1"
"__export__.product_product_6870_89136b7d","HappyBoy Wonton Pastry 60*200g CASE","","__export__.account_tax_4_2705eab1","","98.0","__export__.account_tax_6_cba05c03","0.0","0%","4","0%","1"
"__export__.product_product_20704_bbf03e70","Hawthorn Fruit 12*450g CASE","","__export__.account_tax_4_2705eab1","","32.0","__export__.account_tax_6_cba05c03","0.0","0%","4","0%","1"
"__export__.product_product_20485_b81724a6","Healthy Boy Brand Chilli Sauce 12*700ml CASE","","__export__.account_tax_4_2705eab1","","53.5","__export__.account_tax_6_cba05c03","0.0","0%","4","0%","1"
"__export__.product_product_21377_775107ca","Healthy Boy Mushroom Vegetarian Sauce 12*700ml CASE","","__export__.account_tax_4_2705eab1","","34.5","__export__.account_tax_6_cba05c03","0.0","0%","4","0%","1"
"__export__.product_product_21690_db8b0731","Healthy Boy Soybean Paste 12*800g CASE","","__export__.account_tax_4_2705eab1","","29.0","__export__.account_tax_6_cba05c03","0.0","0%","4","0%","1"
"__export__.product_product_20649_23f22f8b","Healthy Boy Sweet Soy Sauce 12*970g(700ml) CASE","","__export__.account_tax_4_2705eab1","","29.5","__export__.account_tax_6_cba05c03","0.0","0%","4","0%","1"
"__export__.product_product_21704_79271584","Healthy Boy Thin Soy Sauce 12*700ml CASE","","__export__.account_tax_4_2705eab1","","28.5","__export__.account_tax_6_cba05c03","0.0","0%","4","0%","1"
"__export__.product_product_5727_26f65360","Heavy Duty Black Bin Bag 26""*44""8*25's CASE","","l10n_generic_coa.1_sale_tax_template","","29.5","l10n_generic_coa.1_purchase_tax_template","23.0","23%","1","23%","1"
"__export__.product_product_21212_def1df00","Heera Bay Leaves 3*1KG CASE","","__export__.account_tax_4_2705eab1","","37.5","__export__.account_tax_6_cba05c03","0.0","0%","4","0%","1"
"__export__.product_product_20364_1a0a9b05","Heera Bird Eye Chilli 4*1kg CASE","","__export__.account_tax_4_2705eab1","","75.5","__export__.account_tax_6_cba05c03","0.0","0%","4","0%","1"
"__export__.product_product_21088_06bd0a3f","Heera Buckwheat Flour (Kutta Ka Atta) 6*1kg","","__export__.account_tax_4_2705eab1","","0.0","__export__.account_tax_6_cba05c03","0.0","0%","4","0%","1"
"__export__.product_product_21473_514cd30a","Heera Butter Beans 20*500g CASE","","__export__.account_tax_4_2705eab1","","52.0","__export__.account_tax_6_cba05c03","0.0","0%","4","0%","1"
"__export__.product_product_21264_79a068a8","Heera Cashew Nuts 2*9kg CASE","","__export__.account_tax_4_2705eab1","","178.0","__export__.account_tax_6_cba05c03","0.0","0%","4","0%","1"
"__export__.product_product_21092_3e6ab9a3","Heera Cloves Whole 6*700g CASE","","__export__.account_tax_4_2705eab1","","115.0","__export__.account_tax_6_cba05c03","0.0","0%","4","0%","1"
"__export__.product_product_20108_7b907c41","Heera Coriander Powder 6*1KG CASE","","__export__.account_tax_4_2705eab1","","38.95","__export__.account_tax_6_cba05c03","0.0","0%","4","0%","1"
"__export__.product_product_21216_b8b131ed","Heera Custard Powder 4*3KG CASE","","__export__.account_tax_4_2705eab1","","38.5","__export__.account_tax_6_cba05c03","0.0","0%","4","0%","1"
"__export__.product_product_20859_d4249af7","Heera Dried Red Chilli Crushed 700g PKT","","__export__.account_tax_4_2705eab1","","8.5","__export__.account_tax_6_cba05c03","0.0","0%","4","0%","1"
"__export__.product_product_20993_d8af879b","Heera Extra Hot Chilli Sauce 10*1L CASE","","__export__.account_tax_4_2705eab1","","25.5","__export__.account_tax_6_cba05c03","0.0","0%","4","0%","1"
"__export__.product_product_21649_596da2b6","Heera Fennel Seeds 6*700g CASE","","__export__.account_tax_4_2705eab1","","42.0","__export__.account_tax_6_cba05c03","0.0","0%","4","0%","1"
"__export__.product_product_19698_3486779d","Heera Garlic Powder 6*1KG CASE","","__export__.account_tax_4_2705eab1","","49.5","__export__.account_tax_6_cba05c03","0.0","0%","4","0%","1"
"__export__.product_product_22057_99d54ab9","Heera Green Cardamom 10*200g CASE","","__export__.account_tax_4_2705eab1","","125.0","__export__.account_tax_6_cba05c03","0.0","0%","4","0%","1"
"__export__.product_product_22070_bf5d7d46","Heera Green Cardamom 200g PKT","","__export__.account_tax_4_2705eab1","","15.5","__export__.account_tax_6_cba05c03","0.0","0%","4","0%","1"
"__export__.product_product_21000_9f4ec36e","Heera Kebab House Chilli Sauce 10*1L CASE","","__export__.account_tax_4_2705eab1","","27.5","__export__.account_tax_6_cba05c03","0.0","0%","4","0%","1"
"__export__.product_product_21475_ffa65d08","Heera Lemon Juice 12*500ml CASE","","__export__.account_tax_4_2705eab1","","22.5","__export__.account_tax_6_cba05c03","0.0","0%","4","0%","1"
"__export__.product_product_21603_38e1f095","Heera Lemon Juice 500ml Bottle","","__export__.account_tax_4_2705eab1","","1.95","__export__.account_tax_6_cba05c03","0.0","0%","4","0%","1"
"__export__.product_product_21219_5a77bb91","Heera Mango Pulp 12*450g CASE","","__export__.account_tax_4_2705eab1","","27.5","__export__.account_tax_6_cba05c03","0.0","0%","4","0%","1"
"__export__.product_product_20996_4e23786c","Heera Masala Chilli Sauce","","__export__.account_tax_4_2705eab1","","28.0","__export__.account_tax_6_cba05c03","0.0","0%","4","0%","1"
"__export__.product_product_21613_e2337065","Heera Paprika Powder 6*1KG CASE","","__export__.account_tax_4_2705eab1","","42.0","__export__.account_tax_6_cba05c03","0.0","0%","4","0%","1"
"__export__.product_product_20876_e3ee6b56","Heera Pink Peanut 6*1KG CASE","","__export__.account_tax_4_2705eab1","","29.95","__export__.account_tax_6_cba05c03","0.0","0%","4","0%","1"
"__export__.product_product_20877_0d24258f","Heera Red Peanut 20*375g CASE","","__export__.account_tax_4_2705eab1","","39.95","__export__.account_tax_6_cba05c03","0.0","0%","4","0%","1"
"__export__.product_product_21611_f48a3be3","Heera Soya Bean 20*500g CASE","","__export__.account_tax_4_2705eab1","","38.0","__export__.account_tax_6_cba05c03","0.0","0%","4","0%","1"
"__export__.product_product_20998_2d3c0a53","Heera Thai Sweet Chilli Sauce 10*1L CASE","","__export__.account_tax_4_2705eab1","","24.5","__export__.account_tax_6_cba05c03","0.0","0%","4","0%","1"
"__export__.product_product_21138_d05b64b9","Heera Tomato Ketchup 2*4L CASE","","__export__.account_tax_4_2705eab1","","16.95","__export__.account_tax_6_cba05c03","0.0","0%","4","0%","1"
"__export__.product_product_20437_e6aa1a5d","Heera Turmeric Powder 6*1kg CASE","","__export__.account_tax_4_2705eab1","","35.5","__export__.account_tax_6_cba05c03","0.0","0%","4","0%","1"
"__export__.product_product_21017_71c569b3","Heera White Onion Powder 6*1KG CASE","","__export__.account_tax_4_2705eab1","","40.0","__export__.account_tax_6_cba05c03","0.0","0%","4","0%","1"
"__export__.product_product_19959_ed960edc","Heera white Sesame Seed Hulled 6*1kg CASE","","__export__.account_tax_4_2705eab1","","42.0","l10n_generic_coa.1_purchase_tax_template","0.0","0%","4","0%","1"
"__export__.product_product_20480_99f72043","Herb Tea 24*310ml CASE","","l10n_generic_coa.1_sale_tax_template","","20.5","__export__.account_tax_6_cba05c03","23.0","23%","1","23%","1"
"__export__.product_product_20212_adac46aa","Herbs Mix Leaf 1KG","","__export__.account_tax_4_2705eab1","","0.0","__export__.account_tax_6_cba05c03","0.0","0%","4","0%","1"
"__export__.product_product_21464_c4dce90c","Hikari Miso Organic Instand Miso Soup 20*54g CASE","","__export__.account_tax_4_2705eab1","","0.0","__export__.account_tax_6_cba05c03","0.0","0%","4","0%","1"
"__export__.product_product_21744_14ccd3a0","Hinode Hon Mirin 12*1L CASE","","__export__.account_tax_4_2705eab1","","70.0","__export__.account_tax_6_cba05c03","0.0","0%","4","0%","1"
"__export__.product_product_22026_234adf98","Hinode Ryorishu Cooking Sauce 12*1L CASE","","__export__.account_tax_4_2705eab1","","66.0","__export__.account_tax_6_cba05c03","0.0","0%","4","0%","1"
"__export__.product_product_20323_315f44d8","Hokkigai(M) IQF Wild Arctic Surfclam 10*1Kg CASE","","__export__.account_tax_4_2705eab1","","350.0","__export__.account_tax_6_cba05c03","0.0","0%","4","0%","1"
"__export__.product_product_6892_82f0de95","Honey Date 40*250G CASE","","__export__.account_tax_4_2705eab1","","48.0","__export__.account_tax_6_cba05c03","0.0","0%","4","0%","1"
"__export__.product_product_21065_629832e9","Honey Pear 3PC*8 CASE","","__export__.account_tax_4_2705eab1","","36.5","__export__.account_tax_6_cba05c03","0.0","0%","4","0%","1"
"__export__.product_product_21056_ed307959","Honey Pear CASE","","__export__.account_tax_4_2705eab1","","17.5","__export__.account_tax_6_cba05c03","0.0","0%","4","0%","1"
"__export__.product_product_20374_8ac25d48","HongKong Double Black Soy Sauce 22.68KG DRUM","","__export__.account_tax_4_2705eab1","","52.5","__export__.account_tax_6_cba05c03","0.0","0%","4","0%","1"
"__export__.product_product_8014_ee8af5fc","Hosbon Peanut in Shell 16*1Kg CASE","","__export__.account_tax_4_2705eab1","","60.5","__export__.account_tax_6_cba05c03","0.0","0%","4","0%","1"
"__export__.product_product_6894_ba2d2ffd","House JAVA Curry Mix 20*1kg CASE","","__export__.account_tax_4_2705eab1","","178.0","__export__.account_tax_6_cba05c03","0.0","0%","4","0%","1"
"__export__.product_product_20679_c35ac34f","Huiji Roasted Sunflowers Seeds 32*140g CASE","","__export__.account_tax_4_2705eab1","","0.0","__export__.account_tax_6_cba05c03","0.0","0%","4","0%","1"
"__export__.product_product_21490_23172efb","I-CHIPS Straight Cut Chips 14*14mm 2.25kg*4pk CASE","","__export__.account_tax_4_2705eab1","","15.0","__export__.account_tax_6_cba05c03","0.0","0%","4","0%","1"
"__export__.product_product_7003_12cc9a94","I-Sushi Rice 10KG BAG","","__export__.account_tax_4_2705eab1","","23.5","__export__.account_tax_6_cba05c03","0.0","0%","4","0%","1"
"__export__.product_product_7004_15b72768","I-sushi Rice 5KG BAG","","__export__.account_tax_4_2705eab1","","10.700000000000001","__export__.account_tax_6_cba05c03","0.0","0%","4","0%","1"
"__export__.product_product_6996_7d537626","Ice Tub 4L 20's 221*158*150mm CASE","","l10n_generic_coa.1_sale_tax_template","","50.0","__export__.account_tax_6_cba05c03","23.0","23%","1","23%","1"
"__export__.product_product_6997_09a9015d","Ice Tub Lid","","l10n_generic_coa.1_sale_tax_template","","0.0","__export__.account_tax_6_cba05c03","23.0","23%","1","23%","1"
"__export__.product_product_20475_f893272b","Instant Noodle Beef Sauerkraut 24*119g CASE","","__export__.account_tax_4_2705eab1","","18.5","__export__.account_tax_6_cba05c03","0.0","0%","4","0%","1"
"__export__.product_product_20914_947ebf78","Irish Quail Eggs 12pcs PKT","","__export__.account_tax_4_2705eab1","","3.9","__export__.account_tax_6_cba05c03","0.0","0%","4","0%","1"
"__export__.product_product_7000_021bc814","Iron Yam CASE","","__export__.account_tax_4_2705eab1","","36.5","__export__.account_tax_6_cba05c03","0.0","0%","4","0%","1"
"__export__.product_product_20465_3527f60e","J-Basket Gyoza Chicken And Vegetable 16*400g (20pc) CASE","","__export__.account_tax_4_2705eab1","","50.0","__export__.account_tax_6_cba05c03","0.0","0%","4","0%","1"
"__export__.product_product_20248_1d5b70c8","J-Basket Tempura Batter Mix 10kg BAG","","__export__.account_tax_4_2705eab1","","23.85","__export__.account_tax_6_cba05c03","0.0","0%","4","0%","1"
"__export__.product_product_20239_502f5d21","J-Basket Udon Noodle 30's*200g CASE","","__export__.account_tax_4_2705eab1","","15.0","__export__.account_tax_6_cba05c03","0.0","0%","4","0%","1"
"__export__.product_product_7008_25602bca","JC Pixian Broad Bean Sauce Bag 12*1000g","","__export__.account_tax_4_2705eab1","","0.0","__export__.account_tax_6_cba05c03","0.0","0%","4","0%","1"
"__export__.product_product_21392_abf79dea","JML Egg Noodle 12*1KG CASE","","__export__.account_tax_4_2705eab1","","28.5","__export__.account_tax_6_cba05c03","0.0","0%","4","0%","1"
"__export__.product_product_20983_64a3650e","JML Instant Noodle Mushroom Chicken 24*103g CASE","","__export__.account_tax_4_2705eab1","","21.0","__export__.account_tax_6_cba05c03","0.0","0%","4","0%","1"
"__export__.product_product_19922_e3be940f","JML Instant Noodle Spicy Beef 24*110g CASE","","__export__.account_tax_4_2705eab1","","17.5","__export__.account_tax_6_cba05c03","0.0","0%","4","0%","1"
"__export__.product_product_20982_e8b7a2fa","JML Instant Noodle Spicy Chicken 24*105g CASE","","__export__.account_tax_4_2705eab1","","16.5","__export__.account_tax_6_cba05c03","0.0","0%","4","0%","1"
"__export__.product_product_20984_d734dc4e","JML Instant Noodle with Spicy Chicken Flavour 24*140g CASE","","__export__.account_tax_4_2705eab1","","16.5","__export__.account_tax_6_cba05c03","0.0","0%","4","0%","1"
"__export__.product_product_21009_8e15e23a","JML Noodle Spicy Beef Flavor BOWL 12*105g CASE","","__export__.account_tax_4_2705eab1","","22.5","__export__.account_tax_6_cba05c03","0.0","0%","4","0%","1"
"__export__.product_product_21008_1e153818","JML Noodle Spicy Chicken Flavor BOWL 12*100g CASE","","__export__.account_tax_4_2705eab1","","17.5","__export__.account_tax_6_cba05c03","0.0","0%","4","0%","1"
"__export__.product_product_21010_be4d5a07","JML Noodle Stew Beef Flavor BOWL 12*104g CASE","","__export__.account_tax_4_2705eab1","","22.5","__export__.account_tax_6_cba05c03","0.0","0%","4","0%","1"
"__export__.product_product_19680_1d46c8db","JP Aomori Fuji 4.5Kg CASE","","__export__.account_tax_4_2705eab1","","0.0","__export__.account_tax_6_cba05c03","0.0","0%","4","0%","1"
"__export__.product_product_22102_b8165b9d","JP Asahi Canned Calpis Soda 24*350ml CASE","","l10n_generic_coa.1_sale_tax_template","","0.0","l10n_generic_coa.1_purchase_tax_template","23.0","23%","1","23%","1"
"__export__.product_product_22097_6f0bc84a","JP Frutia Gummy Candy Grape/STWBY/Muscat 2*12*1 CASE","","l10n_generic_coa.1_sale_tax_template","","0.0","l10n_generic_coa.1_purchase_tax_template","23.0","23%","1","23%","1"
"__export__.product_product_19955_d287af71","JP Hatakosen Muscat FI 30*200ml CASE","","l10n_generic_coa.1_sale_tax_template","","39.0","__export__.account_tax_6_cba05c03","23.0","23%","1","23%","1"
"__export__.product_product_20395_6821437f","JP Hatakosen Ramune Apple Fl 30*200ml CASE","","l10n_generic_coa.1_sale_tax_template","","37.5","__export__.account_tax_6_cba05c03","23.0","23%","1","23%","1"
"__export__.product_product_7013_aaba3a3b","JP Hatakosen Ramune Blue Cola 30*200ml CASE","","l10n_generic_coa.1_sale_tax_template","","35.0","__export__.account_tax_6_cba05c03","23.0","23%","1","23%","1"
"__export__.product_product_19631_617109b5","JP Hatakosen Ramune Grape 30*200ml CASE","","l10n_generic_coa.1_sale_tax_template","","37.5","__export__.account_tax_6_cba05c03","23.0","23%","1","23%","1"
"__export__.product_product_20729_67beb69a","JP Hatakosen Ramune Kiwi 30*200ml CASE","","l10n_generic_coa.1_sale_tax_template","","35.0","__export__.account_tax_6_cba05c03","23.0","23%","1","23%","1"
"__export__.product_product_18991_f85c20c3","JP Hatakosen Ramune Lychee 30*200ml CASE","","l10n_generic_coa.1_sale_tax_template","","37.5","__export__.account_tax_6_cba05c03","23.0","23%","1","23%","1"
"__export__.product_product_19630_1c11f3a5","JP Hatakosen Ramune Mango 30*200ml CASE","","l10n_generic_coa.1_sale_tax_template","","37.5","__export__.account_tax_6_cba05c03","23.0","23%","1","23%","1"
"__export__.product_product_19136_51d4913e","JP Hatakosen Ramune Melon 30*200ml CASE","","l10n_generic_coa.1_sale_tax_template","","37.5","__export__.account_tax_6_cba05c03","23.0","23%","1","23%","1"
"__export__.product_product_22120_a6afd9e1","JP Hatakosen Ramune Mochi Fl 200ml BOTTLE","","l10n_generic_coa.1_sale_tax_template","","0.0","l10n_generic_coa.1_purchase_tax_template","23.0","23%","1","23%","1"
"__export__.product_product_20391_bf13e0eb","JP Hatakosen Ramune Mochi Fl 30*200ml CASE","","l10n_generic_coa.1_sale_tax_template","","37.5","__export__.account_tax_6_cba05c03","23.0","23%","1","23%","1"
"__export__.product_product_19137_180fa6d3","JP Hatakosen Ramune Orange FL 30*200ml CASE","","l10n_generic_coa.1_sale_tax_template","","37.5","__export__.account_tax_6_cba05c03","23.0","23%","1","23%","1"
"__export__.product_product_7014_e07ce072","JP Hatakosen Ramune Original 30*200ml CASE","","l10n_generic_coa.1_sale_tax_template","","31.5","__export__.account_tax_6_cba05c03","23.0","23%","1","23%","1"
"__export__.product_product_7015_a70f4322","JP Hatakosen Ramune Pineapple 30*200ml CASE","","l10n_generic_coa.1_sale_tax_template","","37.5","__export__.account_tax_6_cba05c03","23.0","23%","1","23%","1"
"__export__.product_product_19563_e66d33f9","JP Hatakosen Ramune Sakura 30*200ml CASE","","l10n_generic_coa.1_sale_tax_template","","37.5","__export__.account_tax_6_cba05c03","23.0","23%","1","23%","1"
"__export__.product_product_7016_5a0251b4","JP Hatakosen Ramune Strawberry 30*200ml CASE","","l10n_generic_coa.1_sale_tax_template","","35.0","__export__.account_tax_6_cba05c03","23.0","23%","1","23%","1"
"__export__.product_product_18990_45841fc8","JP Hatakosen Ramune Watermelon 30*200ml CASE","","l10n_generic_coa.1_sale_tax_template","","37.5","__export__.account_tax_6_cba05c03","23.0","23%","1","23%","1"
"__export__.product_product_19116_32be8a2b","JP Hatakosen Ramune White Peach 30*200ml CASE","","l10n_generic_coa.1_sale_tax_template","","37.5","__export__.account_tax_6_cba05c03","23.0","23%","1","23%","1"
"__export__.product_product_7017_6a23901f","JP Hatakosen Ramune Yogurt 30*200ml CASE","","l10n_generic_coa.1_sale_tax_template","","39.0","__export__.account_tax_6_cba05c03","23.0","23%","1","23%","1"
"__export__.product_product_22103_5756c2c8","JP Kirin Afternoon Tea 24*500ml CASE","","l10n_generic_coa.1_sale_tax_template","","0.0","l10n_generic_coa.1_purchase_tax_template","23.0","23%","1","23%","1"
"__export__.product_product_20020_28318a66","JP Maruto Matcha Red Bean Cake 12*2*120g CASE","","__export__.account_tax_4_2705eab1","","0.0","l10n_generic_coa.1_purchase_tax_template","0.0","0%","4","0%","1"
"__export__.product_product_19620_38d130de","JP NBH Tonkotsu Style Ramen Spicy 24x220g CASE","","__export__.account_tax_4_2705eab1","","0.0","__export__.account_tax_6_cba05c03","0.0","0%","4","0%","1"
"__export__.product_product_19619_a3e7d304","JP Sangaria Gran Milk Tea 30x190ml CASE","","__export__.account_tax_4_2705eab1","","0.0","__export__.account_tax_6_cba05c03","0.0","0%","4","0%","1"
"__export__.product_product_20428_e63edbc0","JP Yam 10kg","","__export__.account_tax_4_2705eab1","","0.0","__export__.account_tax_6_cba05c03","0.0","0%","4","0%","1"
"__export__.product_product_7059_19f66d53","JP Yam 20kg","","__export__.account_tax_4_2705eab1","","0.0","__export__.account_tax_6_cba05c03","0.0","0%","4","0%","1"
"__export__.product_product_19611_3c236df1","JS-Ramen Bowl Do-1000ml CASE","","l10n_generic_coa.1_sale_tax_template","","62.25","l10n_generic_coa.1_purchase_tax_template","23.0","23%","1","23%","1"
"__export__.product_product_21768_a2f7563e","JSB Dumpling Pastry(Gyoza wrapper) 36*284g CASE","","__export__.account_tax_4_2705eab1","","84.0","__export__.account_tax_6_cba05c03","0.0","0%","4","0%","1"
"__export__.product_product_21756_d7460c63","JSB Frozen Chicken Spring Roll 12*1KG CASE","","__export__.account_tax_4_2705eab1","","55.0","__export__.account_tax_6_cba05c03","0.0","0%","4","0%","1"
"__export__.product_product_20104_2a88a785","JSB Takeaway Bottle 6cc 60*200's CASE","","l10n_generic_coa.1_sale_tax_template","","350.0","l10n_generic_coa.1_purchase_tax_template","23.0","23%","1","23%","1"
"__export__.product_product_7060_0f71d1c8","JUMBO MD 4* GREEN CASE","","l10n_generic_coa.1_sale_tax_template","","27.0","l10n_generic_coa.1_purchase_tax_template","23.0","23%","1","23%","1"
"__export__.product_product_19768_45b70f69","JW  Lemon-flavored Duck Feet 120*28g CASE","","__export__.account_tax_4_2705eab1","","82.0","__export__.account_tax_6_cba05c03","0.0","0%","4","0%","1"
"__export__.product_product_19389_f7f24271","JW Duck Neck 105g*24 CASE","","__export__.account_tax_4_2705eab1","","66.8","__export__.account_tax_6_cba05c03","0.0","0%","4","0%","1"
"__export__.product_product_20023_fe7b34df","JW Duck Neck Spicy 105g*24 CASE","","__export__.account_tax_4_2705eab1","","66.8","__export__.account_tax_6_cba05c03","0.0","0%","4","0%","1"
"__export__.product_product_19345_13f6e1fc","JW Duck Wing 75g*24 CASE","","__export__.account_tax_4_2705eab1","","62.0","__export__.account_tax_6_cba05c03","0.0","0%","4","0%","1"
"__export__.product_product_19769_020f74b0","JW Multi-flavored Duck 120*28g CASE","","__export__.account_tax_4_2705eab1","","67.0","__export__.account_tax_6_cba05c03","0.0","0%","4","0%","1"
"__export__.product_product_19770_a23b1ba4","JW Peppercorn-flavored Duck Feet 120*28g CASE","","__export__.account_tax_4_2705eab1","","71.5","__export__.account_tax_6_cba05c03","0.0","0%","4","0%","1"
"__export__.product_product_19343_688c3233","JW Pickled Chicken Feet 105g*24 CASE","","__export__.account_tax_4_2705eab1","","54.5","__export__.account_tax_6_cba05c03","0.0","0%","4","0%","1"
"__export__.product_product_20025_a709e33b","JW Pork Foot 170g*24pack CASE","","__export__.account_tax_4_2705eab1","","56.0","__export__.account_tax_6_cba05c03","0.0","0%","4","0%","1"
"__export__.product_product_19346_5fc76761","JW Spicy Cow Louver 105g*24 CASE","","__export__.account_tax_4_2705eab1","","42.0","__export__.account_tax_6_cba05c03","0.0","0%","4","0%","1"
"__export__.product_product_19349_63f81308","JW Spicy Duck Foot Week Black 105g*24 CASE","","__export__.account_tax_4_2705eab1","","62.0","__export__.account_tax_6_cba05c03","0.0","0%","4","0%","1"
"__export__.product_product_20271_3f457488","JW Spicy Duck Neck Week Black 105g*24 CASE","","__export__.account_tax_4_2705eab1","","62.0","__export__.account_tax_6_cba05c03","0.0","0%","4","0%","1"
"__export__.product_product_20024_5e0e66b7","JW Spicy Pork Foot 170g*24pack CASE","","__export__.account_tax_4_2705eab1","","56.0","__export__.account_tax_6_cba05c03","0.0","0%","4","0%","1"
"__export__.product_product_19348_70825c32","JW Spicy Tripe 110g*24 CASE","","__export__.account_tax_4_2705eab1","","60.0","__export__.account_tax_6_cba05c03","0.0","0%","4","0%","1"
"__export__.product_product_19771_3bb795d4","JW Vinegar-flavored Duck Feet 120*28g CASE","","__export__.account_tax_4_2705eab1","","82.0","__export__.account_tax_6_cba05c03","0.0","0%","4","0%","1"
"__export__.product_product_19773_659f6c85","JX Dried Cloves 454g*20 CASE","","__export__.account_tax_4_2705eab1","","135.0","__export__.account_tax_6_cba05c03","0.0","0%","4","0%","1"
"__export__.product_product_20935_61f18187","Jack-Son Long Grain Rice 20kg Bag","","__export__.account_tax_4_2705eab1","","26.5","__export__.account_tax_6_cba05c03","0.0","0%","4","0%","1"
"__export__.product_product_20840_a1565c1a","Jackfruit 200g PKT","","__export__.account_tax_4_2705eab1","","4.3","__export__.account_tax_6_cba05c03","0.0","0%","4","0%","1"
"__export__.product_product_7005_8fa35e1b","Jackfruit CASE","","__export__.account_tax_4_2705eab1","","0.0","__export__.account_tax_6_cba05c03","0.0","0%","4","0%","1"
"__export__.product_product_21682_d1dd9220","Jan Jan Tofu Egg 30*145g CASE","","__export__.account_tax_4_2705eab1","","45.5","__export__.account_tax_6_cba05c03","0.0","0%","4","0%","1"
"__export__.product_product_18263_d059451a","Japan Tofu Egg 30*200g CASE","","__export__.account_tax_4_2705eab1","","46.0","__export__.account_tax_6_cba05c03","0.0","0%","4","0%","1"
"__export__.product_product_20017_3ff5d298","Japanese Sushi Kanpyo 10*1kg CASE","","__export__.account_tax_4_2705eab1","","121.0","__export__.account_tax_6_cba05c03","0.0","0%","4","0%","1"
"__export__.product_product_19095_3e1bd658","Jasmine Rice RED DRAGON 10Kg BAG","","__export__.account_tax_4_2705eab1","","17.0","__export__.account_tax_6_cba05c03","0.0","0%","4","0%","1"
"__export__.product_product_7007_b43314a0","Jasmine Rice RED DRAGON 20Kg BAG","","__export__.account_tax_4_2705eab1","","31.5","__export__.account_tax_6_cba05c03","0.0","0%","4","0%","1"
"__export__.product_product_19109_f036458f","Jiangxi Rice Vermicelli (L) 30*400g CASE","","__export__.account_tax_4_2705eab1","","46.5","__export__.account_tax_6_cba05c03","0.0","0%","4","0%","1"
"__export__.product_product_19559_4cb39a31","Jimmy Satay Sauce 12*360g CASE","","__export__.account_tax_4_2705eab1","","41.5","__export__.account_tax_6_cba05c03","0.0","0%","4","0%","1"
"__export__.product_product_7009_94999dbc","Jimmy Satay Sauce 24*360g CASE","","__export__.account_tax_4_2705eab1","","75.0","__export__.account_tax_6_cba05c03","0.0","0%","4","0%","1"
"__export__.product_product_7757_ec8a32e3","Jongga Cut Cabbage Mat Kimchi 10*500g CASE","","__export__.account_tax_4_2705eab1","","38.95","__export__.account_tax_6_cba05c03","0.0","0%","4","0%","1"
"__export__.product_product_19645_53b4ae08","Jongga Cut Cabbage Mat Kimchi 500g*10pk CASE(Whole)","","__export__.account_tax_4_2705eab1","","35.0","__export__.account_tax_6_cba05c03","0.0","0%","4","0%","1"
"__export__.product_product_22140_1617e90b","K Hot Curry Powder 9KG CASE","","__export__.account_tax_4_2705eab1","","54.5","__export__.account_tax_6_cba05c03","0.0","0%","4","0%","1"
"__export__.product_product_20107_24683b92","KASET Thai Black Jasmine Rice 10*1kg CASE","","__export__.account_tax_4_2705eab1","","45.0","l10n_generic_coa.1_purchase_tax_template","0.0","0%","4","0%","1"
"__export__.product_product_21668_8540dd6b","KERRYMAID Original Burger Cheese Slice 112's 8*1.4KG CASE","","l10n_generic_coa.1_sale_tax_template","","95.0","l10n_generic_coa.1_purchase_tax_template","23.0","23%","1","23%","1"
"__export__.product_product_20550_fe6d4f50","KFD Sushi Nori Golden 10*125g CASE","","__export__.account_tax_4_2705eab1","","65.0","__export__.account_tax_6_cba05c03","0.0","0%","4","0%","1"
"__export__.product_product_20098_bc2dc0a6","KHY Masago Orange 12*400g CASE","","__export__.account_tax_4_2705eab1","","119.0","__export__.account_tax_6_cba05c03","0.0","0%","4","0%","1"
"__export__.product_product_19983_50417a5e","KHY Naruto Maki 10*(5* 160g) CASE","","__export__.account_tax_4_2705eab1","","125.0","__export__.account_tax_6_cba05c03","0.0","0%","4","0%","1"
"__export__.product_product_19738_817041d9","KMC Potato Starch 25KG BAG","","__export__.account_tax_4_2705eab1","","36.5","__export__.account_tax_6_cba05c03","0.0","0%","4","0%","1"
"__export__.product_product_20259_7f63af0c","KOBASUKI Sushi Rice 10KG BAG","","__export__.account_tax_4_2705eab1","","17.5","__export__.account_tax_6_cba05c03","0.0","0%","4","0%","1"
"__export__.product_product_20268_809ea644","KR BBQ Marinade For Doeji Bulgogi(spicy) 12*840g CASE","","__export__.account_tax_4_2705eab1","","39.0","__export__.account_tax_6_cba05c03","0.0","0%","4","0%","1"
"__export__.product_product_19337_ed975e5b","KR Bongpyung Spicy Buckwheat Cold Noodle 10*600g CASE","","__export__.account_tax_4_2705eab1","","60.0","__export__.account_tax_6_cba05c03","0.0","0%","4","0%","1"
"__export__.product_product_20171_5555cf3b","KR Buckwheat Noodle/Cold w/Seasoning 25*283g CASE","","__export__.account_tax_4_2705eab1","","49.95","__export__.account_tax_6_cba05c03","0.0","0%","4","0%","1"
"__export__.product_product_19574_21744c6a","KR CJW Korean Marinade Beef 20*280g CASE","","__export__.account_tax_4_2705eab1","","30.85","__export__.account_tax_6_cba05c03","0.0","0%","4","0%","1"
"__export__.product_product_22118_8e03ee69","KR Calbee Potato chip Honey Butter Fl 20*60g CASE","","l10n_generic_coa.1_sale_tax_template","","0.0","l10n_generic_coa.1_purchase_tax_template","23.0","23%","1","23%","1"
"__export__.product_product_7099_e4c6e3b1","KR Canned Grape Nectar(Grape bonbon) 6*12*238ml CASE","","l10n_generic_coa.1_sale_tax_template","","58.5","l10n_generic_coa.1_purchase_tax_template","23.0","23%","1","23%","1"
"__export__.product_product_18355_1afb0f60","KR NH Peach Juice Drink 72*240g CASE","","l10n_generic_coa.1_sale_tax_template","","0.0","l10n_generic_coa.1_purchase_tax_template","23.0","23%","1","23%","1"
"__export__.product_product_16158_907f9dd3","KR NH Red Pepper Powder w/ Seed (coarse) 10*1kg CASE","","__export__.account_tax_4_2705eab1","","82.0","__export__.account_tax_6_cba05c03","0.0","0%","4","0%","1"
"__export__.product_product_19312_a8357684","KR NH Sweet Rice Drink 6*12*240ml CASE","","l10n_generic_coa.1_sale_tax_template","","50.5","l10n_generic_coa.1_purchase_tax_template","23.0","23%","1","23%","1"
"__export__.product_product_7614_8af2bf9f","KR Pear drink Added Fructose 6*12*240ml","","l10n_generic_coa.1_sale_tax_template","","0.0","__export__.account_tax_6_cba05c03","23.0","23%","1","23%","1"
"__export__.product_product_21634_9a954380","KR Sura Roasted Barley Tea bag 24*453g CASE","","__export__.account_tax_4_2705eab1","","88.0","__export__.account_tax_6_cba05c03","0.0","0%","4","0%","1"
"__export__.product_product_21190_145ef9d6","KR Wang Kimchi Cabbage 12*410g CASE","","__export__.account_tax_4_2705eab1","","48.5","__export__.account_tax_6_cba05c03","0.0","0%","4","0%","1"
"__export__.product_product_20516_f286b92b","KSF Black Ice Tea 15*500ml CASE","","l10n_generic_coa.1_sale_tax_template","","20.5","__export__.account_tax_6_cba05c03","23.0","23%","1","23%","1"
"__export__.product_product_20517_7dd473ba","KSF Green Tea 15*500ml CASE","","l10n_generic_coa.1_sale_tax_template","","19.75","__export__.account_tax_6_cba05c03","23.0","23%","1","23%","1"
"__export__.product_product_20918_cfbf4b26","KSF Honey Jasmine Tea 15*500ml CASE","","l10n_generic_coa.1_sale_tax_template","","18.0","__export__.account_tax_6_cba05c03","23.0","23%","1","23%","1"
"__export__.product_product_20860_83ce3564","KSF Honey Pomelo Juice 15*500ml CASE","","l10n_generic_coa.1_sale_tax_template","","21.5","__export__.account_tax_6_cba05c03","23.0","23%","1","23%","1"
"__export__.product_product_20518_dbc7f64e","KSF Rock Sugar & Pear Juice 15*500ml CASE","","l10n_generic_coa.1_sale_tax_template","","21.0","__export__.account_tax_6_cba05c03","23.0","23%","1","23%","1"
"__export__.product_product_20691_0e3abdca","Kai Lan Prepack 24*250g CASE","","__export__.account_tax_4_2705eab1","","99.0","__export__.account_tax_6_cba05c03","0.0","0%","4","0%","1"
"__export__.product_product_20693_19cc0c3c","Kai Lan Small 24*250g CASE","","__export__.account_tax_4_2705eab1","","92.0","__export__.account_tax_6_cba05c03","0.0","0%","4","0%","1"
"__export__.product_product_20553_2fe2f540","Kaki Mukimi Oyster 20*500g CASE","","__export__.account_tax_4_2705eab1","","195.0","__export__.account_tax_6_cba05c03","0.0","0%","4","0%","1"
"__export__.product_product_20736_541f6dba","Kakkoi Roasted Eel Unagi 8oz Kabayaki 5kg CASE","","__export__.account_tax_4_2705eab1","","100.0","__export__.account_tax_6_cba05c03","0.0","0%","4","0%","1"
"__export__.product_product_20418_5ebb1af4","Kakkoi Roasted Eel Unagi 9oz Kabayaki 5kg CASE","","__export__.account_tax_4_2705eab1","","135.0","__export__.account_tax_6_cba05c03","0.0","0%","4","0%","1"
"__export__.product_product_19934_0ca4a7d0","Kaneman Pickled Bamboo Seasoned 10*1kg CASE","","__export__.account_tax_4_2705eab1","","58.5","__export__.account_tax_6_cba05c03","0.0","0%","4","0%","1"
"__export__.product_product_7069_ce25a570","Kaset Thai Black Glutinous Rice Flour 10*1kg CASE","","__export__.account_tax_4_2705eab1","","0.0","__export__.account_tax_6_cba05c03","0.0","0%","4","0%","1"
"__export__.product_product_20122_c0c84480","Katsuobushi Bonito Flakes 6*500g CASE","","__export__.account_tax_4_2705eab1","","151.0","__export__.account_tax_6_cba05c03","0.0","0%","4","0%","1"
"__export__.product_product_7071_4db6b91f","Keep Warm Bag Jumbo (38*30*35cm) BAG","","l10n_generic_coa.1_sale_tax_template","","18.5","__export__.account_tax_6_cba05c03","23.0","23%","1","23%","1"
"__export__.product_product_7072_db57538e","Keep Warm Bag Large (33*28*30cm) BAG","","l10n_generic_coa.1_sale_tax_template","","15.5","l10n_generic_coa.1_purchase_tax_template","23.0","23%","1","23%","1"
"__export__.product_product_7074_0092c729","Keep Warm Bag X Jumbo (45*35*40cm) BAG","","l10n_generic_coa.1_sale_tax_template","","22.5","__export__.account_tax_6_cba05c03","23.0","23%","1","23%","1"
"__export__.product_product_19929_724198b3","Kewpie Japanese Mayonnaise 20*450g CASE","","__export__.account_tax_4_2705eab1","","82.5","__export__.account_tax_6_cba05c03","0.0","0%","4","0%","1"
"__export__.product_product_21334_2c01452a","Kewpie Japanese Mayonnaise 6*500ml CASE","","__export__.account_tax_4_2705eab1","","24.5","__export__.account_tax_6_cba05c03","0.0","0%","4","0%","1"
"__export__.product_product_20536_15032bbb","Kewpie Sesame Dressing 1kg BOTTLE","","__export__.account_tax_4_2705eab1","","12.0","__export__.account_tax_6_cba05c03","0.0","0%","4","0%","1"
"__export__.product_product_20353_eba9f2cf","Kewpie Sesame Dressing 9*1kg CASE","","__export__.account_tax_4_2705eab1","","90.7","__export__.account_tax_6_cba05c03","0.0","0%","4","0%","1"
"__export__.product_product_19341_111e05e5","Khanum Turmeric Powder 12*100g CASE","","__export__.account_tax_4_2705eab1","","0.0","__export__.account_tax_6_cba05c03","0.0","0%","4","0%","1"
"__export__.product_product_21965_4b666244","Kikkoman Ponzu Citrus Soy Sauce 1L BOTTLE","","__export__.account_tax_4_2705eab1","","8.950000000000001","__export__.account_tax_6_cba05c03","0.0","0%","4","0%","1"
"__export__.product_product_20835_c6ea3323","Kikkoman Soy Sauce 1L","","__export__.account_tax_4_2705eab1","","7.2","__export__.account_tax_6_cba05c03","0.0","0%","4","0%","1"
"__export__.product_product_20228_5765b0ab","Kikkoman Takeaway Soy Sauce 5*100's 8ml  CASE","","__export__.account_tax_4_2705eab1","","37.0","__export__.account_tax_6_cba05c03","0.0","0%","4","0%","1"
"__export__.product_product_19614_0a498ed3","Kims Duck Pancakes (6's*17)*10pkt CASE","","__export__.account_tax_4_2705eab1","","40.0","l10n_generic_coa.1_purchase_tax_template","0.0","0%","4","0%","1"
"__export__.product_product_7083_3c587856","King Oyster Mush CN. 200g*25 CASE","","__export__.account_tax_4_2705eab1","","21.0","__export__.account_tax_6_cba05c03","0.0","0%","4","0%","1"
"__export__.product_product_7085_709e8a89","King Oyster Mush CN.2*2kg CASE","","__export__.account_tax_4_2705eab1","","20.0","__export__.account_tax_6_cba05c03","0.0","0%","4","0%","1"
"__export__.product_product_19747_d193b1df","Kintaro Gold Premium Grade Short Sushi Rice 20KG BAG","","__export__.account_tax_4_2705eab1","","38.5","__export__.account_tax_6_cba05c03","0.0","0%","4","0%","1"
"__export__.product_product_19748_6877de4c","Kitchen Foil Roll 6s 450mm*75m CASE","","l10n_generic_coa.1_sale_tax_template","","48.0","__export__.account_tax_6_cba05c03","23.0","23%","1","23%","1"
"__export__.product_product_19938_b481fcd5","Kohyo Inariage Tofu Pouches Seasoned 10*970g(60pcs) CASE","","__export__.account_tax_4_2705eab1","","78.0","__export__.account_tax_6_cba05c03","0.0","0%","4","0%","1"
"__export__.product_product_19852_e4234e3c","Kohyo Sushi Topping IKA Sliced Squid 25*160g CASE","","__export__.account_tax_4_2705eab1","","135.0","__export__.account_tax_6_cba05c03","0.0","0%","4","0%","1"
"__export__.product_product_21875_9734c01e","Korean Barley Tea(17282) 24*(20*8g) CASE","","__export__.account_tax_4_2705eab1","","0.0","__export__.account_tax_6_cba05c03","0.0","0%","4","0%","1"
"__export__.product_product_21930_1533c13f","Korean Chicken Paper Tray(23858) 200's CASE","","l10n_generic_coa.1_sale_tax_template","","0.0","l10n_generic_coa.1_purchase_tax_template","23.0","23%","1","23%","1"
"__export__.product_product_21932_13558df5","Korean Chicken Paper Tray(23860) 200's CASE","","l10n_generic_coa.1_sale_tax_template","","0.0","l10n_generic_coa.1_purchase_tax_template","23.0","23%","1","23%","1"
"__export__.product_product_20430_96a2981b","Korean Chilli Paste 12*1kg CASE","","__export__.account_tax_4_2705eab1","","63.0","__export__.account_tax_6_cba05c03","0.0","0%","4","0%","1"
"__export__.product_product_21933_136e2cc6","Korean Dosirak Paper Tray(23895) 600's CASE","","l10n_generic_coa.1_sale_tax_template","","0.0","l10n_generic_coa.1_purchase_tax_template","23.0","23%","1","23%","1"
"__export__.product_product_21927_36c6464b","Korean Hot Dog Paper Tray(23855) 2000's CASE","","l10n_generic_coa.1_sale_tax_template","","0.0","l10n_generic_coa.1_purchase_tax_template","23.0","23%","1","23%","1"
"__export__.product_product_21929_d9a2da78","Korean Hot Dog Paper Tray(23857) 2000's CASE","","l10n_generic_coa.1_sale_tax_template","","0.0","l10n_generic_coa.1_purchase_tax_template","23.0","23%","1","23%","1"
"__export__.product_product_21931_0c6625b5","Korean Hot Dog Paper Tray(23859) 1200's CASE","","l10n_generic_coa.1_sale_tax_template","","0.0","l10n_generic_coa.1_purchase_tax_template","23.0","23%","1","23%","1"
"__export__.product_product_21928_f2038940","Korean Paper Tray(23856) 3000's CASE","","l10n_generic_coa.1_sale_tax_template","","0.0","l10n_generic_coa.1_purchase_tax_template","23.0","23%","1","23%","1"
"__export__.product_product_21918_a6827344","Korean Roasting Seasoning Powder(23867) 10*2kg CASE","","__export__.account_tax_4_2705eab1","","145.0","__export__.account_tax_6_cba05c03","0.0","0%","4","0%","1"
"__export__.product_product_21926_c38b2125","Korean Wooden Skewer for Hot Dog(23854) 30*200's CASE","","l10n_generic_coa.1_sale_tax_template","","0.0","__export__.account_tax_6_cba05c03","23.0","23%","1","23%","1"
"__export__.product_product_21450_91455b2d","Kr Fried Hot Pepper Paste for Bibim 12*500g CASE","","__export__.account_tax_4_2705eab1","","33.0","l10n_generic_coa.1_purchase_tax_template","0.0","0%","4","0%","1"
"__export__.product_product_21451_d9287d34","Kr Hot Pepper paste 20*500g CASE","","__export__.account_tax_4_2705eab1","","45.0","l10n_generic_coa.1_purchase_tax_template","0.0","0%","4","0%","1"
"__export__.product_product_21453_359390f6","Kr JINMI Black Bean Paste 30*300g CASE","","__export__.account_tax_4_2705eab1","","36.0","l10n_generic_coa.1_purchase_tax_template","0.0","0%","4","0%","1"
"__export__.product_product_21447_2b4d2b91","Kr Red Pepper powder Coarse 24*227g CASE","","__export__.account_tax_4_2705eab1","","62.0","l10n_generic_coa.1_purchase_tax_template","0.0","0%","4","0%","1"
"__export__.product_product_16094_746f3ea8","Kr Style Rice Slice 10*500g CASE","","__export__.account_tax_4_2705eab1","","30.0","__export__.account_tax_6_cba05c03","0.0","0%","4","0%","1"
"__export__.product_product_22061_df72a103","Kr Style Rice Slice 12*900g CASE","","__export__.account_tax_4_2705eab1","","43.5","__export__.account_tax_6_cba05c03","0.0","0%","4","0%","1"
"__export__.product_product_22062_e55feb86","Kr Style Rice Slice 900g PKT","","__export__.account_tax_4_2705eab1","","0.0","__export__.account_tax_6_cba05c03","0.0","0%","4","0%","1"
"__export__.product_product_16097_912ffe5f","Kr Style Rice Stick 10*500g CASE","","__export__.account_tax_4_2705eab1","","30.0","__export__.account_tax_6_cba05c03","0.0","0%","4","0%","1"
"__export__.product_product_22024_7862d5c1","Kr Style Rice Stick 14*907g CASE","","__export__.account_tax_4_2705eab1","","40.0","__export__.account_tax_6_cba05c03","0.0","0%","4","0%","1"
"__export__.product_product_21448_8125c47c","Kr red pepper powder fine 24*200g CASE","","__export__.account_tax_4_2705eab1","","58.0","l10n_generic_coa.1_purchase_tax_template","0.0","0%","4","0%","1"
"__export__.product_product_21652_9015b009","Kuhne Round Slice Gherkins 4*2.45kg CASE","","__export__.account_tax_4_2705eab1","","45.0","__export__.account_tax_6_cba05c03","0.0","0%","4","0%","1"
"__export__.product_product_19025_37c25db0","Kui Fat Salted Mustard 50*400g CASE","","__export__.account_tax_4_2705eab1","","129.0","__export__.account_tax_6_cba05c03","0.0","0%","4","0%","1"
"__export__.product_product_19026_b4c06cd6","Kui Fat Salted Radish Strip 50*400g CASE","","__export__.account_tax_4_2705eab1","","99.0","__export__.account_tax_6_cba05c03","0.0","0%","4","0%","1"
"__export__.product_product_19829_6918675f","Kuki Junsei Goma Abura Sesame Oil 1.516KG Bottle","","__export__.account_tax_4_2705eab1","","17.95","l10n_generic_coa.1_purchase_tax_template","0.0","0%","4","0%","1"
"__export__.product_product_20165_3be7fab1","Kuki Junsei Goma Abura Sesame Oil 6*1.516kg CASE","","__export__.account_tax_4_2705eab1","","102.0","__export__.account_tax_6_cba05c03","0.0","0%","4","0%","1"
"__export__.product_product_19704_bade1b76","Kum Lee Garlic Powder 20*1Kg CASE","","__export__.account_tax_4_2705eab1","","96.0","__export__.account_tax_6_cba05c03","0.0","0%","4","0%","1"
"__export__.product_product_7642_e09b7904","Kumquats 2kg CASE","","__export__.account_tax_4_2705eab1","","0.0","__export__.account_tax_6_cba05c03","0.0","0%","4","0%","1"
"__export__.product_product_20971_19612245","Kwangcheon Dried Seaweed with Oil 10*(5*10) CASE","","__export__.account_tax_4_2705eab1","","45.0","__export__.account_tax_6_cba05c03","0.0","0%","4","0%","1"
"__export__.product_product_21948_f905d52d","Kwangcheon Seasoned Seaweed Laver-Olive & Green Tea Flavor 20*25g CASE","","__export__.account_tax_4_2705eab1","","45.0","__export__.account_tax_6_cba05c03","0.0","0%","4","0%","1"
"__export__.product_product_8061_a13030ca","L002  Pickled Whole Yellow Radish 20*500g CASE","","__export__.account_tax_4_2705eab1","","34.5","__export__.account_tax_6_cba05c03","0.0","0%","4","0%","1"
"__export__.product_product_20179_0c8b3e85","L087 Pickled Yellow Radish- Strips 10*1kg CASE","","__export__.account_tax_4_2705eab1","","34.5","__export__.account_tax_6_cba05c03","0.0","0%","4","0%","1"
"__export__.product_product_19074_22419ba2","LF Mango Cake 20*250g CASE","","__export__.account_tax_4_2705eab1","","0.0","__export__.account_tax_6_cba05c03","0.0","0%","4","0%","1"
"__export__.product_product_20279_dea55f06","LGM Crispy Chilli in Oil 12x670g CASE","","__export__.account_tax_4_2705eab1","","83.5","__export__.account_tax_6_cba05c03","0.0","0%","4","0%","1"
"__export__.product_product_19800_bf7813af","LGM Kohlrabi, Peanut & Tofu in Chilli Oil 24*280g CASE","","__export__.account_tax_4_2705eab1","","57.5","__export__.account_tax_6_cba05c03","0.0","0%","4","0%","1"
"__export__.product_product_19798_899be174","LGM Preserved Black Beans in Chilli Oil 24*280g CASE","","__export__.account_tax_4_2705eab1","","50.5","__export__.account_tax_6_cba05c03","0.0","0%","4","0%","1"
"__export__.product_product_21805_7d7946e5","LGM Spicy Sauce 24*210g CASE","","__export__.account_tax_4_2705eab1","","0.0","__export__.account_tax_6_cba05c03","0.0","0%","4","0%","1"
"__export__.product_product_21835_7ac5418f","LJK Sunflower Seeds Caramel 20*500g CASE","","l10n_generic_coa.1_sale_tax_template","","62.5","__export__.account_tax_6_cba05c03","23.0","23%","1","23%","1"
"__export__.product_product_21837_57a84c2a","LJK Sunflower Seeds Caramel 32*100g CASE","","l10n_generic_coa.1_sale_tax_template","","38.5","__export__.account_tax_6_cba05c03","23.0","23%","1","23%","1"
"__export__.product_product_21836_9001b19c","LJK Sunflower Seeds Hickory 32*100g CASE","","l10n_generic_coa.1_sale_tax_template","","38.5","__export__.account_tax_6_cba05c03","23.0","23%","1","23%","1"
"__export__.product_product_7680_38d0fc2d","LKK Blended Sesame Oil 6*1.89L CASE","","__export__.account_tax_4_2705eab1","","55.0","__export__.account_tax_6_cba05c03","0.0","0%","4","0%","1"
"__export__.product_product_21711_4cf1956a","LKK Chilli Oil 12*207ml CASE","","__export__.account_tax_4_2705eab1","","25.5","__export__.account_tax_6_cba05c03","0.0","0%","4","0%","1"
"__export__.product_product_21111_05f7beae","LKK Mushroom Vegetarian Stir Fry Sauce 12*510g CASE","","__export__.account_tax_4_2705eab1","","30.5","__export__.account_tax_6_cba05c03","0.0","0%","4","0%","1"
"__export__.product_product_20397_3a2ae2b6","LKK Plum Sauce 12*397g CASE","","__export__.account_tax_4_2705eab1","","36.5","__export__.account_tax_6_cba05c03","0.0","0%","4","0%","1"
"__export__.product_product_20734_702ca1e6","LKK Premium Mushroom Seasoning Powder 12*1KG CASE","","__export__.account_tax_4_2705eab1","","90.0","__export__.account_tax_6_cba05c03","0.0","0%","4","0%","1"
"__export__.product_product_22035_0194eb9f","LKK Sauce For Peking Duck 6*2.49KG CASE","","__export__.account_tax_4_2705eab1","","27.95","__export__.account_tax_6_cba05c03","0.0","0%","4","0%","1"
"__export__.product_product_20597_26a5d936","LKK Seasoned Rice Vinegar 12*500ml CASE","","__export__.account_tax_4_2705eab1","","0.0","__export__.account_tax_6_cba05c03","0.0","0%","4","0%","1"
"__export__.product_product_22066_36e9cf42","LKK Vegan Oyster Flavour Sauce 12*520g CASE","","__export__.account_tax_4_2705eab1","","27.95","__export__.account_tax_6_cba05c03","0.0","0%","4","0%","1"
"__export__.product_product_21852_ce7c2f95","LKK Yuzu Flavour Chilli Sauce 12*140g CASE","","__export__.account_tax_4_2705eab1","","15.0","__export__.account_tax_6_cba05c03","0.0","0%","4","0%","1"
"__export__.product_product_21846_d3a0212b","LL Almond Cookie Roll - Chocolate 12(5*16g) CASE","","l10n_generic_coa.1_sale_tax_template","","0.0","__export__.account_tax_6_cba05c03","23.0","23%","1","23%","1"
"__export__.product_product_21847_fc1de977","LL Corn Stick - Original Flavor 12*(12*7g) CASE","","l10n_generic_coa.1_sale_tax_template","","0.0","__export__.account_tax_6_cba05c03","23.0","23%","1","23%","1"
"__export__.product_product_19472_36ebebb0","LL Fruit Jelly Lychee Flavour 12*200g CASE","","l10n_generic_coa.1_sale_tax_template","","24.0","__export__.account_tax_6_cba05c03","23.0","23%","1","23%","1"
"__export__.product_product_19471_d529ebae","LL Fruit Jelly Mango Flavour 12*200g CASE","","l10n_generic_coa.1_sale_tax_template","","24.0","__export__.account_tax_6_cba05c03","23.0","23%","1","23%","1"
"__export__.product_product_19473_7fa087ac","LL Fruit Jelly Passion Fruit Flavour 12*200g CASE","","l10n_generic_coa.1_sale_tax_template","","24.0","__export__.account_tax_6_cba05c03","23.0","23%","1","23%","1"
"__export__.product_product_19474_0c2bc761","LL Fruit Jelly Peach Flavour 12*200g CASE","","l10n_generic_coa.1_sale_tax_template","","24.0","__export__.account_tax_6_cba05c03","23.0","23%","1","23%","1"
"__export__.product_product_19475_de8e92e2","LL Fruit Jelly Pineapple Flavour 12*200g CASE","","l10n_generic_coa.1_sale_tax_template","","24.0","__export__.account_tax_6_cba05c03","23.0","23%","1","23%","1"
"__export__.product_product_19756_1e2cc5e9","LL Fruit Jelly Tanerine Flavour 12*200g CASE","","l10n_generic_coa.1_sale_tax_template","","24.0","__export__.account_tax_6_cba05c03","23.0","23%","1","23%","1"
"__export__.product_product_19688_e8b5a2e1","LL Handmade Mochi - Matcha Tea With Creamy Filling 24x150g CASE","","__export__.account_tax_4_2705eab1","","40.5","__export__.account_tax_6_cba05c03","0.0","0%","4","0%","1"
"__export__.product_product_19685_301fbb7c","LL Handmade Mochi - Peanut With Creamy Filling 24x150g CASE","","__export__.account_tax_4_2705eab1","","40.5","__export__.account_tax_6_cba05c03","0.0","0%","4","0%","1"
"__export__.product_product_19687_6f4bf2be","LL Handmade Mochi - Red Bean With Creamy Filling 24x150g CASE","","__export__.account_tax_4_2705eab1","","40.5","__export__.account_tax_6_cba05c03","0.0","0%","4","0%","1"
"__export__.product_product_19686_aec6cfd0","LL Handmade Mochi - Sesame With Creamy Filling 24x150g CASE","","__export__.account_tax_4_2705eab1","","40.5","__export__.account_tax_6_cba05c03","0.0","0%","4","0%","1"
"__export__.product_product_19689_a140f64e","LL Handmade Mochi - Taro With Creamy Filling 24x150g CASE","","__export__.account_tax_4_2705eab1","","40.5","__export__.account_tax_6_cba05c03","0.0","0%","4","0%","1"
"__export__.product_product_20079_cf1c213b","LL Japanese Style Mochi - Assorted Red Bean Peanut Sesame Flavour 24x180g CASE","","__export__.account_tax_4_2705eab1","","37.5","__export__.account_tax_6_cba05c03","0.0","0%","4","0%","1"
"__export__.product_product_7687_93b41a8e","LL Japanese Style Mochi - Assorted Taro Matcha Sesame Flavour 24x210g CASE","","__export__.account_tax_4_2705eab1","","41.0","__export__.account_tax_6_cba05c03","0.0","0%","4","0%","1"
"__export__.product_product_19603_dc368dbb","LL Japanese Style Mochi - Purple Rice Taro  12*120g CASE","","__export__.account_tax_4_2705eab1","","25.0","__export__.account_tax_6_cba05c03","0.0","0%","4","0%","1"
"__export__.product_product_7683_6d5b1d9c","LL Japanese Style Mochi-Brown Sugar 24x210g CASE","","__export__.account_tax_4_2705eab1","","37.5","__export__.account_tax_6_cba05c03","0.0","0%","4","0%","1"
"__export__.product_product_20080_f970e8b8","LL Japanese Style Mochi-Bubble Milk Tea 24*180g CASE","","__export__.account_tax_4_2705eab1","","37.5","__export__.account_tax_6_cba05c03","0.0","0%","4","0%","1"
"__export__.product_product_7688_af5d1a89","LL Japanese Style Mochi-Green Tea 24x210g CASE","","__export__.account_tax_4_2705eab1","","37.5","__export__.account_tax_6_cba05c03","0.0","0%","4","0%","1"
"__export__.product_product_20082_2aca082c","LL Japanese Style Mochi-Matcha Red Bean 24*180g CASE","","__export__.account_tax_4_2705eab1","","37.5","__export__.account_tax_6_cba05c03","0.0","0%","4","0%","1"
"__export__.product_product_20081_617a2615","LL Japanese Style Mochi-Pandan Coconut 24*180g CASE","","__export__.account_tax_4_2705eab1","","37.5","__export__.account_tax_6_cba05c03","0.0","0%","4","0%","1"
"__export__.product_product_7684_b7bfcea7","LL Japanese Style Mochi-Sesame 24x210g CASE","","__export__.account_tax_4_2705eab1","","37.5","__export__.account_tax_6_cba05c03","0.0","0%","4","0%","1"
"__export__.product_product_7685_3952a8a1","LL Japanese Style Mochi-Taro 24x210g CASE","","__export__.account_tax_4_2705eab1","","37.5","__export__.account_tax_6_cba05c03","0.0","0%","4","0%","1"
"__export__.product_product_7693_cced719d","LL Water Drop Shaped Egg Roll - Original Flavour 24x48g CASE","","__export__.account_tax_4_2705eab1","","0.0","__export__.account_tax_6_cba05c03","0.0","0%","4","0%","1"
"__export__.product_product_7694_4694e3b7","LL Water Drop Shaped Egg Roll - Sesame Flavour 24x48g CASE","","__export__.account_tax_4_2705eab1","","0.0","__export__.account_tax_6_cba05c03","0.0","0%","4","0%","1"
"__export__.product_product_20151_9e739110","LOBO Satay Seasoning 120*100g CASE","","__export__.account_tax_4_2705eab1","","136.0","__export__.account_tax_6_cba05c03","0.0","0%","4","0%","1"
"__export__.product_product_21698_b15d925e","LP Chilli Powder 40*100g CASE","","__export__.account_tax_4_2705eab1","","72.0","__export__.account_tax_6_cba05c03","0.0","0%","4","0%","1"
"__export__.product_product_20659_92c3aa20","LP Sauce 4L Drum","","__export__.account_tax_4_2705eab1","","20.5","__export__.account_tax_6_cba05c03","0.0","0%","4","0%","1"
"__export__.product_product_7723_d0aae980","LZH Angelica Root/Dang Gui 40*150g CASE","","__export__.account_tax_4_2705eab1","","168.0","__export__.account_tax_6_cba05c03","0.0","0%","4","0%","1"
"__export__.product_product_7725_976ca7ba","LZH Astragalus Root/Huang Qi 40*150G CASE","","__export__.account_tax_4_2705eab1","","120.0","__export__.account_tax_6_cba05c03","0.0","0%","4","0%","1"
"__export__.product_product_7729_fadf8d27","LZH Cooked Coix Seed/Barley 50*100g CASE","","__export__.account_tax_4_2705eab1","","45.0","__export__.account_tax_6_cba05c03","0.0","0%","4","0%","1"
"__export__.product_product_7736_706abbc3","LZH Nightblooming Cereus 40*150G CASE","","__export__.account_tax_4_2705eab1","","90.0","__export__.account_tax_6_cba05c03","0.0","0%","4","0%","1"
"__export__.product_product_7643_ba520e2b","Lamb Lettuce PUNNUT","","__export__.account_tax_4_2705eab1","","0.0","__export__.account_tax_6_cba05c03","0.0","0%","4","0%","1"
"__export__.product_product_21228_cb5b1ff7","Lamb Weston Skin On Stralth Chip 9*9mm 4*2.5KG CASE","","__export__.account_tax_4_2705eab1","","21.0","__export__.account_tax_6_cba05c03","0.0","0%","4","0%","1"
"__export__.product_product_7645_022ae24e","Large MD 4* GREEN CASE","","l10n_generic_coa.1_sale_tax_template","","27.0","l10n_generic_coa.1_purchase_tax_template","23.0","23%","1","23%","1"
"__export__.product_product_7646_4b608aa3","Large Poly SOS 250's ""MAJESTIC"" CASE","","l10n_generic_coa.1_sale_tax_template","","16.5","__export__.account_tax_6_cba05c03","23.0","23%","1","23%","1"
"__export__.product_product_7647_b06413c2","Large SOS Grab Bag Premium 250's  CASE","","l10n_generic_coa.1_sale_tax_template","","23.0","l10n_generic_coa.1_purchase_tax_template","23.0","23%","1","23%","1"
"__export__.product_product_7652_5b582e96","Lemon CASE","","__export__.account_tax_4_2705eab1","","35.5","__export__.account_tax_6_cba05c03","0.0","0%","4","0%","1"
"__export__.product_product_20732_19b5d953","Lemongrass 12*80g CASE","","__export__.account_tax_4_2705eab1","","17.0","__export__.account_tax_6_cba05c03","0.0","0%","4","0%","1"
"__export__.product_product_21730_eb64063b","Leng Heng Sour Pickled Green Mustard With CHILLI 36*350g CASE","","__export__.account_tax_4_2705eab1","","38.5","__export__.account_tax_6_cba05c03","0.0","0%","4","0%","1"
"__export__.product_product_19006_15f63d86","Leng Sour Green Pickled Mustard  36*350G CASE","","__export__.account_tax_4_2705eab1","","37.0","__export__.account_tax_6_cba05c03","0.0","0%","4","0%","1"
"__export__.product_product_21147_3500ce77","Lime Leaf 12*10*25g CASE","","__export__.account_tax_4_2705eab1","","86.5","__export__.account_tax_6_cba05c03","0.0","0%","4","0%","1"
"__export__.product_product_20173_01095d32","Limes Kaffire 2kg","","__export__.account_tax_4_2705eab1","","52.0","__export__.account_tax_6_cba05c03","0.0","0%","4","0%","1"
"__export__.product_product_19376_b3f13b19","Liquid Hand Soap Rose -PACKING 2*5L CASE","","l10n_generic_coa.1_sale_tax_template","","28.0","l10n_generic_coa.1_purchase_tax_template","23.0","23%","1","23%","1"
"__export__.product_product_20581_26694126","Little Sheep XFY Hot Pot Dipping Sauce Original Flavour 50*100g CASE","","__export__.account_tax_4_2705eab1","","65.0","__export__.account_tax_6_cba05c03","0.0","0%","4","0%","1"
"__export__.product_product_7676_2aa32252","Lkk Chilli Garlic Sauce 12*368g CASE","","__export__.account_tax_4_2705eab1","","24.5","__export__.account_tax_6_cba05c03","0.0","0%","4","0%","1"
"__export__.product_product_20137_88448e6e","Lkk Gluten Free Panda Oyster Sauce 12*510g CASE","","__export__.account_tax_4_2705eab1","","27.59","__export__.account_tax_6_cba05c03","0.0","0%","4","0%","1"
"__export__.product_product_19063_42c408a7","Lkk Panda Oyster Sauce 12*510G CASE","","__export__.account_tax_4_2705eab1","","22.0","__export__.account_tax_6_cba05c03","0.0","0%","4","0%","1"
"__export__.product_product_19384_1466d8b9","Lkk Premium Oyster Sauce 12*510G CASE","","__export__.account_tax_4_2705eab1","","38.0","__export__.account_tax_6_cba05c03","0.0","0%","4","0%","1"
"__export__.product_product_19213_169e2c88","Lkk Soy Sauce Seafood 6*1.75L CASE","","__export__.account_tax_4_2705eab1","","36.5","__export__.account_tax_6_cba05c03","0.0","0%","4","0%","1"
"__export__.product_product_20332_52fc568c","Lkk Soy Sauce for Sushi & Sashimi 6*1L CASE","","__export__.account_tax_4_2705eab1","","0.0","__export__.account_tax_6_cba05c03","0.0","0%","4","0%","1"
"__export__.product_product_19306_b95772af","Lobo Pad Thai Sauce 12*280g CASE","","__export__.account_tax_4_2705eab1","","27.25","__export__.account_tax_6_cba05c03","0.0","0%","4","0%","1"
"__export__.product_product_19877_9128e87e","Local Baby Chinese Leaf CASE","","__export__.account_tax_4_2705eab1","","29.0","__export__.account_tax_6_cba05c03","0.0","0%","4","0%","1"
"__export__.product_product_20346_15aa463f","Local Bitter Melon CASE","","__export__.account_tax_4_2705eab1","","72.0","l10n_generic_coa.1_purchase_tax_template","0.0","0%","4","0%","1"
"__export__.product_product_19889_e9a14454","Local Celery Chinese CASE","","__export__.account_tax_4_2705eab1","","0.0","__export__.account_tax_6_cba05c03","0.0","0%","4","0%","1"
"__export__.product_product_20190_e0679bca","Local Coloured Amaranth CASE","","__export__.account_tax_4_2705eab1","","0.0","__export__.account_tax_6_cba05c03","0.0","0%","4","0%","1"
"__export__.product_product_20952_533f8072","Local Coriander CASE","","__export__.account_tax_4_2705eab1","","62.5","__export__.account_tax_6_cba05c03","0.0","0%","4","0%","1"
"__export__.product_product_19885_c4185ac6","Local Garlic Chive CASE","","__export__.account_tax_4_2705eab1","","0.0","__export__.account_tax_6_cba05c03","0.0","0%","4","0%","1"
"__export__.product_product_20186_83f61ebb","Local Green Bean CASE","","__export__.account_tax_4_2705eab1","","0.0","__export__.account_tax_6_cba05c03","0.0","0%","4","0%","1"
"__export__.product_product_20092_c09c80c8","Local Makchoi CASE","","__export__.account_tax_4_2705eab1","","0.0","__export__.account_tax_6_cba05c03","0.0","0%","4","0%","1"
"__export__.product_product_20188_464c6767","Local Purple Bean CASE","","__export__.account_tax_4_2705eab1","","0.0","__export__.account_tax_6_cba05c03","0.0","0%","4","0%","1"
"__export__.product_product_19871_a43803ae","Local Shanghai Pachoi CASE","","__export__.account_tax_4_2705eab1","","23.0","__export__.account_tax_6_cba05c03","0.0","0%","4","0%","1"
"__export__.product_product_20304_b42c88c9","Local Sikwa Luffa CASE","","__export__.account_tax_4_2705eab1","","70.0","__export__.account_tax_6_cba05c03","0.0","0%","4","0%","1"
"__export__.product_product_19873_c99c1e93","Local Spinach CASE","","__export__.account_tax_4_2705eab1","","29.0","__export__.account_tax_6_cba05c03","0.0","0%","4","0%","1"
"__export__.product_product_19887_0bdab791","Local Tonghao CASE","","__export__.account_tax_4_2705eab1","","28.0","__export__.account_tax_6_cba05c03","0.0","0%","4","0%","1"
"__export__.product_product_20184_e0317c26","Local White Bean CASE","","__export__.account_tax_4_2705eab1","","0.0","__export__.account_tax_6_cba05c03","0.0","0%","4","0%","1"
"__export__.product_product_21316_8c8eb5c4","Lollo Rosso CASE","","__export__.account_tax_4_2705eab1","","19.5","__export__.account_tax_6_cba05c03","0.0","0%","4","0%","1"
"__export__.product_product_7699_0e1e278a","Long Bean CASE","","__export__.account_tax_4_2705eab1","","42.0","__export__.account_tax_6_cba05c03","0.0","0%","4","0%","1"
"__export__.product_product_7702_5957cd00","Long Grain Rice Double Phoenix 20kg BAG","","__export__.account_tax_4_2705eab1","","33.5","__export__.account_tax_6_cba05c03","0.0","0%","4","0%","1"
"__export__.product_product_7704_81b2c790","Long Lagenaria Scierarial(Bottle Gourd) CASE","","__export__.account_tax_4_2705eab1","","36.5","__export__.account_tax_6_cba05c03","0.0","0%","4","0%","1"
"__export__.product_product_19357_6d996919","Longan 2.5kg CASE","","__export__.account_tax_4_2705eab1","","18.5","__export__.account_tax_6_cba05c03","0.0","0%","4","0%","1"
"__export__.product_product_21480_0391d847","Longan 3*1KG CASE","","__export__.account_tax_4_2705eab1","","20.5","__export__.account_tax_6_cba05c03","0.0","0%","4","0%","1"
"__export__.product_product_7709_cca69b7f","Longan 500g*6 CASE","","__export__.account_tax_4_2705eab1","","34.0","__export__.account_tax_6_cba05c03","0.0","0%","4","0%","1"
"__export__.product_product_7707_2f84a1db","Longan 6*1kg CASE","","__export__.account_tax_4_2705eab1","","27.0","__export__.account_tax_6_cba05c03","0.0","0%","4","0%","1"
"__export__.product_product_7708_e1d09162","Longan CASE 2KG","","__export__.account_tax_4_2705eab1","","16.0","__export__.account_tax_6_cba05c03","0.0","0%","4","0%","1"
"__export__.product_product_19167_b798eea6","Longevity Sweetend Condensed Milk/Sua Dac 24*397g CASE","","__export__.account_tax_4_2705eab1","","50.5","__export__.account_tax_6_cba05c03","0.0","0%","4","0%","1"
"__export__.product_product_7713_53f87fcf","Loquat Big CASE","","__export__.account_tax_4_2705eab1","","35.0","__export__.account_tax_6_cba05c03","0.0","0%","4","0%","1"
"__export__.product_product_22098_43fa9fd8","Lotus Root in Water 20*454g CASE","","__export__.account_tax_4_2705eab1","","31.5","__export__.account_tax_6_cba05c03","0.0","0%","4","0%","1"
"__export__.product_product_19462_28ef7257","Lotus Seed 100g*50 CASE","","__export__.account_tax_4_2705eab1","","52.0","__export__.account_tax_6_cba05c03","0.0","0%","4","0%","1"
"__export__.product_product_19519_49561daa","Ls Seasoned Spicy Pot Sauce 24*200g CASE","","__export__.account_tax_4_2705eab1","","0.0","__export__.account_tax_6_cba05c03","0.0","0%","4","0%","1"
"__export__.product_product_21110_a4a5e1f8","Lucky Boy Premium Super White Long Grain Rice 20KG BAG","","__export__.account_tax_4_2705eab1","","28.5","__export__.account_tax_6_cba05c03","0.0","0%","4","0%","1"
"__export__.product_product_19467_2999cc26","Lucky Star Potato Starch 25Kg BAG","","__export__.account_tax_4_2705eab1","","31.5","__export__.account_tax_6_cba05c03","0.0","0%","4","0%","1"
"__export__.product_product_7718_8bafcba0","Lungkow Vermicelli 25*500gCASE","","__export__.account_tax_4_2705eab1","","0.0","__export__.account_tax_6_cba05c03","0.0","0%","4","0%","1"
"__export__.product_product_21495_19f0335c","Lychee 16*500g CASE","","__export__.account_tax_4_2705eab1","","200.0","__export__.account_tax_6_cba05c03","0.0","0%","4","0%","1"
"__export__.product_product_19303_ef57f029","MAJESTIC White Plastic Forks 1000's CASE","","l10n_generic_coa.1_sale_tax_template","","12.0","l10n_generic_coa.1_purchase_tax_template","23.0","23%","1","23%","1"
"__export__.product_product_20501_f58c8fdc","MAMA Jumbo *Cream* TomYum Noodle 20*90g CASE","","__export__.account_tax_4_2705eab1","","16.0","__export__.account_tax_6_cba05c03","0.0","0%","4","0%","1"
"__export__.product_product_20504_73198633","MAMA Rice Vermicelli Clear 30*55g CASE","","__export__.account_tax_4_2705eab1","","16.0","__export__.account_tax_6_cba05c03","0.0","0%","4","0%","1"
"__export__.product_product_20502_38238e77","MAMA Shrimp TomYum Noodle 20*90g CASE","","__export__.account_tax_4_2705eab1","","16.0","__export__.account_tax_6_cba05c03","0.0","0%","4","0%","1"
"__export__.product_product_20503_2dc307bb","MAMA Shrimp TomYum Noodle 30*60g CASE","","__export__.account_tax_4_2705eab1","","16.0","__export__.account_tax_6_cba05c03","0.0","0%","4","0%","1"
"__export__.product_product_7752_e4e26468","MANORA Prawn Cracker 20*500G CASE","","__export__.account_tax_4_2705eab1","","62.0","__export__.account_tax_6_cba05c03","0.0","0%","4","0%","1"
"__export__.product_product_21602_c72c050f","MEKONG Gao ST25 Jasmine Rice 18kg BAG","","__export__.account_tax_4_2705eab1","","35.0","__export__.account_tax_6_cba05c03","0.0","0%","4","0%","1"
"__export__.product_product_7763_5d312697","MF Beef And Mushroom Mash 150g PKT","","__export__.account_tax_4_2705eab1","","2.5","__export__.account_tax_6_cba05c03","0.0","0%","4","0%","1"
"__export__.product_product_7764_ad69e15d","MF Beef And Mushroom Mash 40*150g CASE","","__export__.account_tax_4_2705eab1","","100.0","__export__.account_tax_6_cba05c03","0.0","0%","4","0%","1"
"__export__.product_product_7766_3c0b30c0","MF Beef Ball16*360g CASE","","__export__.account_tax_4_2705eab1","","58.0","__export__.account_tax_6_cba05c03","0.0","0%","4","0%","1"
"__export__.product_product_7767_f9261c36","MF Beef Tendon Ball 16*360g CASE","","__export__.account_tax_4_2705eab1","","55.0","__export__.account_tax_6_cba05c03","0.0","0%","4","0%","1"
"__export__.product_product_7768_795524dd","MF Beef Tendon Balls 360g PKT","","__export__.account_tax_4_2705eab1","","3.5","__export__.account_tax_6_cba05c03","0.0","0%","4","0%","1"
"__export__.product_product_7771_2e78bd7c","MF Chicken & Mushroom Dumpling 12*440g CASE","","__export__.account_tax_4_2705eab1","","39.5","__export__.account_tax_6_cba05c03","0.0","0%","4","0%","1"
"__export__.product_product_7773_578ccaf3","MF Chicken Ball With filling 16*360g CASE","","__export__.account_tax_4_2705eab1","","60.5","__export__.account_tax_6_cba05c03","0.0","0%","4","0%","1"
"__export__.product_product_7775_9fee0558","MF Chicken Balls 16*360g CASE","","__export__.account_tax_4_2705eab1","","45.0","__export__.account_tax_6_cba05c03","0.0","0%","4","0%","1"
"__export__.product_product_7777_0aa7c577","MF Chicken Sausages 16*360g CASE","","__export__.account_tax_4_2705eab1","","67.0","__export__.account_tax_6_cba05c03","0.0","0%","4","0%","1"
"__export__.product_product_7783_17f367e6","MF Chives Dumplings 12*440g CASE","","__export__.account_tax_4_2705eab1","","37.5","__export__.account_tax_6_cba05c03","0.0","0%","4","0%","1"
"__export__.product_product_7785_fe9eeb4a","MF Cuttlefish And Fish Balls 14*360g CASE","","__export__.account_tax_4_2705eab1","","42.5","__export__.account_tax_6_cba05c03","0.0","0%","4","0%","1"
"__export__.product_product_7787_2f205820","MF Cuttlefish Ball 16*360g CASE","","__export__.account_tax_4_2705eab1","","63.0","__export__.account_tax_6_cba05c03","0.0","0%","4","0%","1"
"__export__.product_product_7789_c36aa4a3","MF Cuttlefish Rolls 16*360g CASE","","__export__.account_tax_4_2705eab1","","66.0","__export__.account_tax_6_cba05c03","0.0","0%","4","0%","1"
"__export__.product_product_7791_b6ed3469","MF Cuttlefish Sausages 16*360g CASE","","__export__.account_tax_4_2705eab1","","68.5","__export__.account_tax_6_cba05c03","0.0","0%","4","0%","1"
"__export__.product_product_7792_0a7fc6ba","MF Cuttlefish Sausages 360g PKT","","__export__.account_tax_4_2705eab1","","5.5","__export__.account_tax_6_cba05c03","0.0","0%","4","0%","1"
"__export__.product_product_7793_5a0ab691","MF Fish strips of WEN ZHOU 14*360g CASE","","__export__.account_tax_4_2705eab1","","46.5","__export__.account_tax_6_cba05c03","0.0","0%","4","0%","1"
"__export__.product_product_7795_a270a454","MF Fuzhou Fish Ball 14*440g CASE","","__export__.account_tax_4_2705eab1","","68.5","__export__.account_tax_6_cba05c03","0.0","0%","4","0%","1"
"__export__.product_product_18338_ad3f8f60","MF Mini Sausages Pork fl 16*360g CASE","","__export__.account_tax_4_2705eab1","","67.0","__export__.account_tax_6_cba05c03","0.0","0%","4","0%","1"
"__export__.product_product_7811_d4f8719f","MF Pork Ball 16*360g CASE","","__export__.account_tax_4_2705eab1","","59.5","__export__.account_tax_6_cba05c03","0.0","0%","4","0%","1"
"__export__.product_product_21772_a8442cd7","MF Pork Sausages Original 20*310g CASE","","__export__.account_tax_4_2705eab1","","82.5","__export__.account_tax_6_cba05c03","0.0","0%","4","0%","1"
"__export__.product_product_7815_7fe218a3","MF Pork Sausages With Black Pepper 16*430g CASE","","__export__.account_tax_4_2705eab1","","70.0","__export__.account_tax_6_cba05c03","0.0","0%","4","0%","1"
"__export__.product_product_7822_5f4b4a4d","MF Prawn Mash 40*150g CASE","","__export__.account_tax_4_2705eab1","","130.0","__export__.account_tax_6_cba05c03","0.0","0%","4","0%","1"
"__export__.product_product_7823_85c4868d","MF Prawns balls 16*360g CASE","","__export__.account_tax_4_2705eab1","","60.0","__export__.account_tax_6_cba05c03","0.0","0%","4","0%","1"
"__export__.product_product_7824_ac8531f9","MF Prawns balls 360g PKT","","__export__.account_tax_4_2705eab1","","4.2","__export__.account_tax_6_cba05c03","0.0","0%","4","0%","1"
"__export__.product_product_21995_442920b4","MF Pumpkin Pies 10*600g CASE","","__export__.account_tax_4_2705eab1","","38.0","__export__.account_tax_6_cba05c03","0.0","0%","4","0%","1"
"__export__.product_product_21996_514765f1","MF Pumpkin Pies 600g PKT","","__export__.account_tax_4_2705eab1","","4.5","__export__.account_tax_6_cba05c03","0.0","0%","4","0%","1"
"__export__.product_product_7825_0dfb124e","MF Pumpkin pie 7*900g CASE","","__export__.account_tax_4_2705eab1","","37.5","__export__.account_tax_6_cba05c03","0.0","0%","4","0%","1"
"__export__.product_product_7829_983d6c61","MF Rou song (Pork Meat Floss) 40*90g CASE","","__export__.account_tax_4_2705eab1","","113.5","__export__.account_tax_6_cba05c03","0.0","0%","4","0%","1"
"__export__.product_product_21849_6c990d76","MF Sambal Nasi Lemak 12*180g CASE","","l10n_generic_coa.1_sale_tax_template","","0.0","__export__.account_tax_6_cba05c03","23.0","23%","1","23%","1"
"__export__.product_product_19765_62506716","MF Sesame Ball 10*400g CASE","","__export__.account_tax_4_2705eab1","","35.0","__export__.account_tax_6_cba05c03","0.0","0%","4","0%","1"
"__export__.product_product_19052_d77ca73e","MF Shrimp dumplings 12*470g CASE","","__export__.account_tax_4_2705eab1","","62.5","__export__.account_tax_6_cba05c03","0.0","0%","4","0%","1"
"__export__.product_product_7833_2159178e","MF Siu Mai (Dough with meat preparation) 10*500g CASE","","__export__.account_tax_4_2705eab1","","49.5","__export__.account_tax_6_cba05c03","0.0","0%","4","0%","1"
"__export__.product_product_7834_46da5213","MF Siu Mai (Dough with meat preparation) 500g PKT","","__export__.account_tax_4_2705eab1","","4.8","__export__.account_tax_6_cba05c03","0.0","0%","4","0%","1"
"__export__.product_product_7838_20184901","MF Squid Mash 40*150g CASE","","__export__.account_tax_4_2705eab1","","95.0","__export__.account_tax_6_cba05c03","0.0","0%","4","0%","1"
"__export__.product_product_7839_037eeff4","MF Studded Beef Ball 16*360g CASE","","__export__.account_tax_4_2705eab1","","74.5","__export__.account_tax_6_cba05c03","0.0","0%","4","0%","1"
"__export__.product_product_18337_395081bc","MF Stuffed Fish Meatballs 16*360g CASE","","__export__.account_tax_4_2705eab1","","67.0","__export__.account_tax_6_cba05c03","0.0","0%","4","0%","1"
"__export__.product_product_7843_d61570b5","MF Stuffed Pork Loin Ball 16*360g CASE","","__export__.account_tax_4_2705eab1","","60.0","__export__.account_tax_6_cba05c03","0.0","0%","4","0%","1"
"__export__.product_product_21325_fb5d7d9a","MF Xiao Long Classic Pork Bao 6*300g CASE","","__export__.account_tax_4_2705eab1","","26.5","__export__.account_tax_6_cba05c03","0.0","0%","4","0%","1"
"__export__.product_product_21330_d359df3f","MFL Loncha de Cordero 15*400g CASE","","__export__.account_tax_4_2705eab1","","120.0","__export__.account_tax_6_cba05c03","0.0","0%","4","0%","1"
"__export__.product_product_21968_7b531161","MG Fish Bean Curd Roll 20*250g CASE","","__export__.account_tax_4_2705eab1","","53.0","__export__.account_tax_6_cba05c03","0.0","0%","4","0%","1"
"__export__.product_product_7888_22deaded","MG Fish N Soy 20*500g CASE","","__export__.account_tax_4_2705eab1","","82.0","__export__.account_tax_6_cba05c03","0.0","0%","4","0%","1"
"__export__.product_product_21967_423ee229","MG Fish Siu Mai 20*500g CASE","","__export__.account_tax_4_2705eab1","","75.0","__export__.account_tax_6_cba05c03","0.0","0%","4","0%","1"
"__export__.product_product_22043_77ed9100","MG Fish Siu Mai 500g PKT","","__export__.account_tax_4_2705eab1","","4.5","__export__.account_tax_6_cba05c03","0.0","0%","4","0%","1"
"__export__.product_product_21969_ca3c6ae5","MG Fish Tofu w/ Squid 20*500g CASE","","__export__.account_tax_4_2705eab1","","85.0","__export__.account_tax_6_cba05c03","0.0","0%","4","0%","1"
"__export__.product_product_18973_81607b06","MG Fisro 20*500g CASE","","__export__.account_tax_4_2705eab1","","84.0","__export__.account_tax_6_cba05c03","0.0","0%","4","0%","1"
"__export__.product_product_7891_c1a31ea4","MG Fried Fish Ball(M) 20*500g CASE","","__export__.account_tax_4_2705eab1","","64.0","__export__.account_tax_6_cba05c03","0.0","0%","4","0%","1"
"__export__.product_product_7893_bec3946a","MG Fried Fish Cake 20*480g CASE","","__export__.account_tax_4_2705eab1","","67.0","__export__.account_tax_6_cba05c03","0.0","0%","4","0%","1"
"__export__.product_product_21223_a3b13a78","MG Korean Fish Cake Odeng 20*300g CASE","","__export__.account_tax_4_2705eab1","","60.5","__export__.account_tax_6_cba05c03","0.0","0%","4","0%","1"
"__export__.product_product_7899_633c6fcb","MG Lobster Ball 20*500g CASE","","__export__.account_tax_4_2705eab1","","83.5","__export__.account_tax_6_cba05c03","0.0","0%","4","0%","1"
"__export__.product_product_7901_e0fac36c","MG Mini Chikuwa 20*500g CASE","","__export__.account_tax_4_2705eab1","","72.5","__export__.account_tax_6_cba05c03","0.0","0%","4","0%","1"
"__export__.product_product_7903_c0a5fe78","MG QQ Fish Filament 20*500g CASE","","__export__.account_tax_4_2705eab1","","79.0","__export__.account_tax_6_cba05c03","0.0","0%","4","0%","1"
"__export__.product_product_7907_69e5d128","MG Seafood Tofu 20*500g CASE","","__export__.account_tax_4_2705eab1","","80.0","__export__.account_tax_6_cba05c03","0.0","0%","4","0%","1"
"__export__.product_product_7909_a430e90e","MG Squidi 20*500g CASE","","__export__.account_tax_4_2705eab1","","80.0","__export__.account_tax_6_cba05c03","0.0","0%","4","0%","1"
"__export__.product_product_7911_72468d1c","MG Steamboat(6 IN 1) 20*500g CASE","","__export__.account_tax_4_2705eab1","","88.0","__export__.account_tax_6_cba05c03","0.0","0%","4","0%","1"
"__export__.product_product_18952_5f63847c","MG White Fish Ball (M) 20*500g CASE","","__export__.account_tax_4_2705eab1","","63.5","__export__.account_tax_6_cba05c03","0.0","0%","4","0%","1"
"__export__.product_product_19626_bb651a73","MG White Fish Ball-(S)*Small 20*500g CASE","","__export__.account_tax_4_2705eab1","","63.5","__export__.account_tax_6_cba05c03","0.0","0%","4","0%","1"
"__export__.product_product_21979_3bdddcfd","MI-CUP NIV088 Instant Cup Noodle Curry Chicken 24*65g CASE","","__export__.account_tax_4_2705eab1","","18.5","__export__.account_tax_6_cba05c03","0.0","0%","4","0%","1"
"__export__.product_product_21978_b6b1f910","MI-CUP NIV088 Instant Cup Noodle Onion Chicken 24*65g CASE","","__export__.account_tax_4_2705eab1","","18.5","__export__.account_tax_6_cba05c03","0.0","0%","4","0%","1"
"__export__.product_product_21980_a97ff041","MI-CUP NIV088 Instant Cup Noodle Seafood 24*65g CASE","","__export__.account_tax_4_2705eab1","","18.5","__export__.account_tax_6_cba05c03","0.0","0%","4","0%","1"
"__export__.product_product_21977_1b8a6094","MI-CUP NIV088 Instant Cup Noodle Soto Chicken 24*65g CASE","","__export__.account_tax_4_2705eab1","","18.5","__export__.account_tax_6_cba05c03","0.0","0%","4","0%","1"
"__export__.product_product_21136_432693da","MMS Ebi Tempura Prawns 20*240g(10pcs) CASE","","__export__.account_tax_4_2705eab1","","85.0","__export__.account_tax_6_cba05c03","0.0","0%","4","0%","1"
"__export__.product_product_7876_375fdf03","MP Chilli Paste In Oil 12*1KG CASE","","__export__.account_tax_4_2705eab1","","61.0","__export__.account_tax_6_cba05c03","0.0","0%","4","0%","1"
"__export__.product_product_20262_a68c5441","MP Chilli Paste In Oil 24*454G CASE","","__export__.account_tax_4_2705eab1","","62.5","__export__.account_tax_6_cba05c03","0.0","0%","4","0%","1"
"__export__.product_product_19339_b18693c6","Mae Ploy Green Curry Paste 12*1KG CASE","","__export__.account_tax_4_2705eab1","","55.5","__export__.account_tax_6_cba05c03","0.0","0%","4","0%","1"
"__export__.product_product_19393_a1661f25","Mae Ploy Massaman Curry Paste 12*1kg CASE","","__export__.account_tax_4_2705eab1","","48.0","__export__.account_tax_6_cba05c03","0.0","0%","4","0%","1"
"__export__.product_product_22016_5f07645f","Mae Ploy Panang Curry Paste 12*1KG CASE","","__export__.account_tax_4_2705eab1","","55.5","__export__.account_tax_6_cba05c03","0.0","0%","4","0%","1"
"__export__.product_product_22017_6e4a68e2","Mae Ploy Panang Curry Paste 1KG PKT","","__export__.account_tax_4_2705eab1","","6.0","__export__.account_tax_6_cba05c03","0.0","0%","4","0%","1"
"__export__.product_product_19045_951588f4","Mae Ploy Red Curry Paste 12*1KG CASE","","__export__.account_tax_4_2705eab1","","58.75","__export__.account_tax_6_cba05c03","0.0","0%","4","0%","1"
"__export__.product_product_18339_95aa1e10","Mae Ploy Sweet Chilli Sauce  24*285Ml CASE","","__export__.account_tax_4_2705eab1","","36.0","__export__.account_tax_6_cba05c03","0.0","0%","4","0%","1"
"__export__.product_product_20096_2ecf1d7a","Mae Ploy Sweet Chilli Sauce 3*5.9KG CASE","","__export__.account_tax_4_2705eab1","","44.0","__export__.account_tax_6_cba05c03","0.0","0%","4","0%","1"
"__export__.product_product_19391_9a8e3039","Mae Ploy Tom Yum Paste 12*1kg CASE","","__export__.account_tax_4_2705eab1","","72.0","__export__.account_tax_6_cba05c03","0.0","0%","4","0%","1"
"__export__.product_product_20298_91646002","Mae Ploy Tom Yum Paste 24*227g CASE","","__export__.account_tax_4_2705eab1","","44.0","__export__.account_tax_6_cba05c03","0.0","0%","4","0%","1"
"__export__.product_product_20265_f91032b5","Mae Ploy Yellow Curry Paste 12*1KG CASE","","__export__.account_tax_4_2705eab1","","58.75","__export__.account_tax_6_cba05c03","0.0","0%","4","0%","1"
"__export__.product_product_19302_0523a4bf","Maggi SOS Chilli Sauce 24*340g CASE","","__export__.account_tax_4_2705eab1","","39.5","__export__.account_tax_6_cba05c03","0.0","0%","4","0%","1"
"__export__.product_product_22130_9fd3ae18","Mailtake 10*150g CASE","","__export__.account_tax_4_2705eab1","","0.0","__export__.account_tax_6_cba05c03","0.0","0%","4","0%","1"
"__export__.product_product_20645_e6a004ef","Majestic 2 OZ Heavy Clear Plastic Cups + Lids 800's CASE","","l10n_generic_coa.1_sale_tax_template","","22.5","__export__.account_tax_6_cba05c03","23.0","23%","1","23%","1"
"__export__.product_product_19443_fdab320c","Majestic 32 Oz Noodle Box 500's CASE","","l10n_generic_coa.1_sale_tax_template","","54.0","__export__.account_tax_6_cba05c03","23.0","23%","1","23%","1"
"__export__.product_product_20646_387707c3","Majestic 4 OZ Heavy Clear Plastic Cups + Lids 800's CASE","","l10n_generic_coa.1_sale_tax_template","","25.5","__export__.account_tax_6_cba05c03","23.0","23%","1","23%","1"
"__export__.product_product_19445_6d5d81f1","Majestic Clear Tape 48mm*66m 6*6's CASE","","l10n_generic_coa.1_sale_tax_template","","26.0","l10n_generic_coa.1_purchase_tax_template","23.0","23%","1","23%","1"
"__export__.product_product_7918_bdcf8e5c","Majestic Napkin Blue Lunch 2000' 2ply 33*33cm CASE","","l10n_generic_coa.1_sale_tax_template","","25.0","__export__.account_tax_6_cba05c03","23.0","23%","1","23%","1"
"__export__.product_product_19438_10dbc82b","Majestic No.2 Heavy Poly Coated Lids""White Boxes""","","l10n_generic_coa.1_sale_tax_template","","23.0","__export__.account_tax_6_cba05c03","23.0","23%","1","23%","1"
"__export__.product_product_19481_9f2d07a8","Majestic No.6A Foil Container 500ps CASE","","l10n_generic_coa.1_sale_tax_template","","34.5","l10n_generic_coa.1_purchase_tax_template","23.0","23%","1","23%","1"
"__export__.product_product_19441_51aead9c","Majestic No.6A Heavy Poly Coated Lids 500ps""Brown Box""","","l10n_generic_coa.1_sale_tax_template","","14.5","l10n_generic_coa.1_purchase_tax_template","23.0","23%","1","23%","1"
"__export__.product_product_20141_b5dd8ef7","Majestic S-Strong 2000's S2 Black CASE","","l10n_generic_coa.1_sale_tax_template","","0.0","l10n_generic_coa.1_purchase_tax_template","23.0","23%","1","23%","1"
"__export__.product_product_7741_eff01af1","Malanga CASE","","__export__.account_tax_4_2705eab1","","47.5","__export__.account_tax_6_cba05c03","0.0","0%","4","0%","1"
"__export__.product_product_7743_54484493","Maling Luncheon Meat Pork 12*340g CASE","","__export__.account_tax_4_2705eab1","","35.0","__export__.account_tax_6_cba05c03","0.0","0%","4","0%","1"
"__export__.product_product_6838_3b9777e8","Malt Vinegar Golden Swan 4*5L CASE","","__export__.account_tax_4_2705eab1","","16.0","__export__.account_tax_6_cba05c03","0.0","0%","4","0%","1"
"__export__.product_product_7744_c04061c2","Maltose Sugar 36*500g CASE","","__export__.account_tax_4_2705eab1","","58.0","__export__.account_tax_6_cba05c03","0.0","0%","4","0%","1"
"__export__.product_product_20923_50e50e57","Mango *Green*CASE","","__export__.account_tax_4_2705eab1","","20.0","__export__.account_tax_6_cba05c03","0.0","0%","4","0%","1"
"__export__.product_product_7749_84bba548","Mango *Orange* CASE","","__export__.account_tax_4_2705eab1","","35.5","__export__.account_tax_6_cba05c03","0.0","0%","4","0%","1"
"__export__.product_product_21819_e592210e","Mango Pomelo Sago 15*380ML CASE","","l10n_generic_coa.1_sale_tax_template","","25.5","__export__.account_tax_6_cba05c03","23.0","23%","1","23%","1"
"__export__.product_product_21342_d2ae06f1","Mango Slice (in syrup) 12*425g CASE","","__export__.account_tax_4_2705eab1","","25.95","__export__.account_tax_6_cba05c03","0.0","0%","4","0%","1"
"__export__.product_product_7753_11a16bd2","Maris Piper BAG","","__export__.account_tax_4_2705eab1","","28.0","__export__.account_tax_6_cba05c03","0.0","0%","4","0%","1"
"__export__.product_product_22093_5cd9768f","Marshmallow Forest Animal Bus 24x80g CASE","","l10n_generic_coa.1_sale_tax_template","","0.0","l10n_generic_coa.1_purchase_tax_template","23.0","23%","1","23%","1"
"__export__.product_product_20354_3a0a1e03","Marumatsu Shrimp & Leek Dumpling(EBI Gyoza)10*500g CASE","","__export__.account_tax_4_2705eab1","","69.5","__export__.account_tax_6_cba05c03","0.0","0%","4","0%","1"
"__export__.product_product_19977_e300c3c8","Marutomo Shin Katsuo Dashi Nomoto 6*1kg CASE","","__export__.account_tax_4_2705eab1","","78.0","__export__.account_tax_6_cba05c03","0.0","0%","4","0%","1"
"__export__.product_product_20007_656a6047","Masago Black 12*400g CASE","","__export__.account_tax_4_2705eab1","","119.0","__export__.account_tax_6_cba05c03","0.0","0%","4","0%","1"
"__export__.product_product_19842_a34eb357","Masago Green(wasabi) 12*400g CASE","","__export__.account_tax_4_2705eab1","","119.0","__export__.account_tax_6_cba05c03","0.0","0%","4","0%","1"
"__export__.product_product_20006_8d357b58","Masago Red 12*400g CASE","","__export__.account_tax_4_2705eab1","","119.0","__export__.account_tax_6_cba05c03","0.0","0%","4","0%","1"
"__export__.product_product_7755_9f22f4ea","Mask 50's PK","","l10n_generic_coa.1_sale_tax_template","","12.0","__export__.account_tax_6_cba05c03","23.0","23%","1","23%","1"
"__export__.product_product_19511_51f4f6d4","Meade Potato Starch 25Kg Bag","","__export__.account_tax_4_2705eab1","","36.0","__export__.account_tax_6_cba05c03","0.0","0%","4","0%","1"
"__export__.product_product_7759_41eb9ff1","Medium SOS Grab Bag Premium 500's CASE","","l10n_generic_coa.1_sale_tax_template","","25.0","l10n_generic_coa.1_purchase_tax_template","23.0","23%","1","23%","1"
"__export__.product_product_20849_77b17e6b","Mee Chun Lye Water 12*500ml CASE","","__export__.account_tax_4_2705eab1","","40.25","__export__.account_tax_6_cba05c03","0.0","0%","4","0%","1"
"__export__.product_product_19082_95860cf6","MeeChun ChuHou Sauce 24*450g(350ml) CASE","","__export__.account_tax_4_2705eab1","","46.5","__export__.account_tax_6_cba05c03","0.0","0%","4","0%","1"
"__export__.product_product_7761_1212f982","MeeChun Plum Sauce 24*450g CASE","","__export__.account_tax_4_2705eab1","","60.0","__export__.account_tax_6_cba05c03","0.0","0%","4","0%","1"
"__export__.product_product_20497_c3041b34","Metal* Gochujang Hot Pepper Paste 14KG CASE","","__export__.account_tax_4_2705eab1","","38.95","__export__.account_tax_6_cba05c03","0.0","0%","4","0%","1"
"__export__.product_product_7848_0838e2a2","Micro Cress CASE","","__export__.account_tax_4_2705eab1","","8.5","__export__.account_tax_6_cba05c03","0.0","0%","4","0%","1"
"__export__.product_product_19107_b2506ab9","Mini Cucumber 5 kg CASE","","__export__.account_tax_4_2705eab1","","18.0","__export__.account_tax_6_cba05c03","0.0","0%","4","0%","1"
"__export__.product_product_7849_bb39321c","Mini Jumbo Toilet Roll CASE","","l10n_generic_coa.1_sale_tax_template","","16.5","__export__.account_tax_6_cba05c03","23.0","23%","1","23%","1"
"__export__.product_product_7850_06f7cba1","Mini Pachoi CASE","","__export__.account_tax_4_2705eab1","","27.5","__export__.account_tax_6_cba05c03","0.0","0%","4","0%","1"
"__export__.product_product_21036_cc74766e","Mini Tongkwa KG","","__export__.account_tax_4_2705eab1","","2.5","__export__.account_tax_6_cba05c03","0.0","0%","4","0%","1"
"__export__.product_product_7857_bf21929a","Mint KG","","__export__.account_tax_4_2705eab1","","14.0","__export__.account_tax_6_cba05c03","0.0","0%","4","0%","1"
"__export__.product_product_7858_fb711021","Mint Prepacked PACKET","","__export__.account_tax_4_2705eab1","","1.8","__export__.account_tax_6_cba05c03","0.0","0%","4","0%","1"
"__export__.product_product_22096_d915fd0d","Miskets Cornet Milk Chocolate 12*50g CASE","","l10n_generic_coa.1_sale_tax_template","","0.0","l10n_generic_coa.1_purchase_tax_template","23.0","23%","1","23%","1"
"__export__.product_product_19298_86f552e2","Mixed Mushroom 400g*20 CASE","","__export__.account_tax_4_2705eab1","","0.0","__export__.account_tax_6_cba05c03","0.0","0%","4","0%","1"
"__export__.product_product_19780_b659e495","Mizkan Suehiro Su Grain Sushi Vinegar 20L CASE","","__export__.account_tax_4_2705eab1","","31.0","__export__.account_tax_6_cba05c03","0.0","0%","4","0%","1"
"__export__.product_product_20196_aa2b2f6c","Mizkan Sushi Seasoning 18L CASE","","__export__.account_tax_4_2705eab1","","50.0","__export__.account_tax_6_cba05c03","0.0","0%","4","0%","1"
"__export__.product_product_20255_f124eaa6","Mizkan Yumai Vinegar 20L","","__export__.account_tax_4_2705eab1","","45.0","__export__.account_tax_6_cba05c03","0.0","0%","4","0%","1"
"__export__.product_product_20381_03c9487f","Momoya Kimchi No Moto 4*6*450g CASE","","__export__.account_tax_4_2705eab1","","115.0","__export__.account_tax_6_cba05c03","0.0","0%","4","0%","1"
"__export__.product_product_20118_5ea6c0e5","Mori-Nu Silken Tofu Firm Blue 12*349g CASE","","__export__.account_tax_4_2705eab1","","20.95","__export__.account_tax_6_cba05c03","0.0","0%","4","0%","1"
"__export__.product_product_20730_52aedcce","Mount Elephant Bamboo Shoot Strip 6*2.95Kg CASE","","__export__.account_tax_4_2705eab1","","17.0","__export__.account_tax_6_cba05c03","0.0","0%","4","0%","1"
"__export__.product_product_19427_b30aa78d","Musang King Durian CASE","","__export__.account_tax_4_2705eab1","","0.0","__export__.account_tax_6_cba05c03","0.0","0%","4","0%","1"
"__export__.product_product_21654_f7840e64","Musgrave Excellence Breaded Chicken Goujons Frozen 5*1kg CASE","","__export__.account_tax_4_2705eab1","","35.0","__export__.account_tax_6_cba05c03","0.0","0%","4","0%","1"
"__export__.product_product_19035_20bf976c","NBH Buckwheat 24*454g CASE","","__export__.account_tax_4_2705eab1","","50.0","__export__.account_tax_6_cba05c03","0.0","0%","4","0%","1"
"__export__.product_product_19715_d31944ef","NBH Crystal Rock Sugar 50*400g CASE","","__export__.account_tax_4_2705eab1","","72.5","__export__.account_tax_6_cba05c03","0.0","0%","4","0%","1"
"__export__.product_product_19322_ecfd87db","NBH Dried Bamboo Fungus 50*40g CASE","","__export__.account_tax_4_2705eab1","","198.0","l10n_generic_coa.1_purchase_tax_template","0.0","0%","4","0%","1"
"__export__.product_product_19791_77e47120","NBH Dried Bean Curd Roll 20*180g CASE","","__export__.account_tax_4_2705eab1","","62.5","__export__.account_tax_6_cba05c03","0.0","0%","4","0%","1"
"__export__.product_product_19790_25fbb5ef","NBH Dried Bean Curd Sticks 50*200g CASE","","__export__.account_tax_4_2705eab1","","82.5","__export__.account_tax_6_cba05c03","0.0","0%","4","0%","1"
"__export__.product_product_18344_730a96ef","NBH Dried Cut Wakame 50*200g CASE","","__export__.account_tax_4_2705eab1","","180.0","__export__.account_tax_6_cba05c03","0.0","0%","4","0%","1"
"__export__.product_product_18207_1fd76445","NBH Dried Day Lily Jin Zhen Cai 50*150g CASE","","__export__.account_tax_4_2705eab1","","128.5","__export__.account_tax_6_cba05c03","0.0","0%","4","0%","1"
"__export__.product_product_18205_c6767873","NBH Dried Mustard 40*150g CASE","","__export__.account_tax_4_2705eab1","","70.0","__export__.account_tax_6_cba05c03","0.0","0%","4","0%","1"
"__export__.product_product_19034_8987c5ae","NBH Dried Red Chilli (Cut) 6*1kg CASE","","__export__.account_tax_4_2705eab1","","70.0","__export__.account_tax_6_cba05c03","0.0","0%","4","0%","1"
"__export__.product_product_18343_8a2505e4","NBH Dried Seaweed Strips 50*113g CASE","","__export__.account_tax_4_2705eab1","","73.0","__export__.account_tax_6_cba05c03","0.0","0%","4","0%","1"
"__export__.product_product_18345_c6644219","NBH Dried Seaweed knot 50*100g CASE","","__export__.account_tax_4_2705eab1","","70.5","__export__.account_tax_6_cba05c03","0.0","0%","4","0%","1"
"__export__.product_product_20277_4b48f3af","NBH Dried Shitaki Mush 5*3Kg CASE","","__export__.account_tax_4_2705eab1","","315.0","__export__.account_tax_6_cba05c03","0.0","0%","4","0%","1"
"__export__.product_product_19669_2b5f867d","NBH Dried Sword Blossom 50*100g CASE","","__export__.account_tax_4_2705eab1","","78.5","__export__.account_tax_6_cba05c03","0.0","0%","4","0%","1"
"__export__.product_product_19048_1e94e571","NBH Eight Treasure 24x454g CASE","","__export__.account_tax_4_2705eab1","","52.5","__export__.account_tax_6_cba05c03","0.0","0%","4","0%","1"
"__export__.product_product_20585_0e7f2629","NBH Fried Bean Curd Sheet 20*150g CASE","","__export__.account_tax_4_2705eab1","","65.95","__export__.account_tax_6_cba05c03","0.0","0%","4","0%","1"
"__export__.product_product_20586_aab1d3d5","NBH Fried Bean Curd Stick 20*150g CASE","","__export__.account_tax_4_2705eab1","","65.95","__export__.account_tax_6_cba05c03","0.0","0%","4","0%","1"
"__export__.product_product_19037_ce0f8131","NBH Glutinous Millet 24*454g CASE","","__export__.account_tax_4_2705eab1","","54.5","__export__.account_tax_6_cba05c03","0.0","0%","4","0%","1"
"__export__.product_product_22138_8589837c","NBH Millet (Huang Xiao Mi) 400g PKT","","__export__.account_tax_4_2705eab1","","2.5","__export__.account_tax_6_cba05c03","0.0","0%","4","0%","1"
"__export__.product_product_18206_8ee06c12","NBH Millet（Huang Xiao Mi） 24*400g CASE","","__export__.account_tax_4_2705eab1","","54.5","__export__.account_tax_6_cba05c03","0.0","0%","4","0%","1"
"__export__.product_product_18249_7cb6a69b","NBH Natural Boxthorn (gouqi)Fruit 50*150g CASE","","__export__.account_tax_4_2705eab1","","179.5","__export__.account_tax_6_cba05c03","0.0","0%","4","0%","1"
"__export__.product_product_19792_63c38177","NBH Pearl Barley 24*350g CASE","","__export__.account_tax_4_2705eab1","","60.0","__export__.account_tax_6_cba05c03","0.0","0%","4","0%","1"
"__export__.product_product_19309_2ad3bde7","NBH Polygonatum Odorati Rhizoma 50*150g CASE","","__export__.account_tax_4_2705eab1","","0.0","__export__.account_tax_6_cba05c03","0.0","0%","4","0%","1"
"__export__.product_product_21011_de1fcfe1","NBH Roasted Chilli Oil Sauce 12*230g CASE","","__export__.account_tax_4_2705eab1","","0.0","__export__.account_tax_6_cba05c03","0.0","0%","4","0%","1"
"__export__.product_product_7920_fc69218a","NBH Seaweed Tze-choy-beng 50*50g CASE","","__export__.account_tax_4_2705eab1","","145.0","__export__.account_tax_6_cba05c03","0.0","0%","4","0%","1"
"__export__.product_product_21973_b198ae6e","NBH Sichuan Wild Pepper Red Whole 10*1KG CASE","","__export__.account_tax_4_2705eab1","","185.0","__export__.account_tax_6_cba05c03","0.0","0%","4","0%","1"
"__export__.product_product_21976_04490164","NBH Sichuan Wild Pepper Red Whole 1KG PKT","","__export__.account_tax_4_2705eab1","","19.5","__export__.account_tax_6_cba05c03","0.0","0%","4","0%","1"
"__export__.product_product_19038_186898af","NBH Sorghum 24*454g CASE","","__export__.account_tax_4_2705eab1","","45.5","__export__.account_tax_6_cba05c03","0.0","0%","4","0%","1"
"__export__.product_product_18209_7189f50c","NBH Star Aniseed Powder 50*50g CASE","","__export__.account_tax_4_2705eab1","","52.0","__export__.account_tax_6_cba05c03","0.0","0%","4","0%","1"
"__export__.product_product_19717_f1d4a939","NBH White Crystal Sugar 50*400g CASE","","__export__.account_tax_4_2705eab1","","78.5","__export__.account_tax_6_cba05c03","0.0","0%","4","0%","1"
"__export__.product_product_20157_7f2304dd","NBH Xinjiang Fried Vermicelli 20*300g CASE","","__export__.account_tax_4_2705eab1","","45.0","l10n_generic_coa.1_purchase_tax_template","0.0","0%","4","0%","1"
"__export__.product_product_19093_8f662bf6","NC Umbrella Cookies 48*114g CASE","","l10n_generic_coa.1_sale_tax_template","","69.0","__export__.account_tax_6_cba05c03","23.0","23%","1","23%","1"
"__export__.product_product_21723_be4cd4c7","NFS Peach Oolong Tea Drink 15*500ml CASE","","l10n_generic_coa.1_sale_tax_template","","21.5","__export__.account_tax_6_cba05c03","23.0","23%","1","23%","1"
"__export__.product_product_20358_20316ad6","NFS Tea Drink Lemon Orange Pu Erh 15*500ml CASE","","l10n_generic_coa.1_sale_tax_template","","23.0","__export__.account_tax_6_cba05c03","23.0","23%","1","23%","1"
"__export__.product_product_7930_834cf7ec","NFSQ Grapefruit Green Tea Drink 15*500ml CASE","","l10n_generic_coa.1_sale_tax_template","","21.5","__export__.account_tax_6_cba05c03","23.0","23%","1","23%","1"
"__export__.product_product_7931_487b9be9","NFSQ Lemon Black Tea Drink 15*500ml CASE","","l10n_generic_coa.1_sale_tax_template","","21.5","__export__.account_tax_6_cba05c03","23.0","23%","1","23%","1"
"__export__.product_product_19863_534ca91f","NH Japanese Style Pork Sausage-Cheese 32*200g CASE","","__export__.account_tax_4_2705eab1","","85.0","__export__.account_tax_6_cba05c03","0.0","0%","4","0%","1"
"__export__.product_product_19728_d5949302","NK Dumpling Skins Gyoza Wrapers 30*140g CASE","","__export__.account_tax_4_2705eab1","","17.0","__export__.account_tax_6_cba05c03","0.0","0%","4","0%","1"
"__export__.product_product_22080_507d6b07","NOKCHAWON Citron Tea 12*480g CASE","","__export__.account_tax_4_2705eab1","","48.5","__export__.account_tax_6_cba05c03","0.0","0%","4","0%","1"
"__export__.product_product_21841_2f270b49","NOKCHAWON Citron Tea 480g JAR","","__export__.account_tax_4_2705eab1","","6.5","__export__.account_tax_6_cba05c03","0.0","0%","4","0%","1"
"__export__.product_product_21944_8ff33b95","NONGSHIM Chapagetti Ramen 8*5*140g CASE","","__export__.account_tax_4_2705eab1","","38.95","__export__.account_tax_6_cba05c03","0.0","0%","4","0%","1"
"__export__.product_product_20603_426aa94d","NONGSHIM Hot & Spicy Bowl Noodle 12*100g CASE","","__export__.account_tax_4_2705eab1","","17.5","__export__.account_tax_6_cba05c03","0.0","0%","4","0%","1"
"__export__.product_product_21945_d6ba023a","NONGSHIM Kimchi Ramen (MULTI) 8*5*120g CASE","","__export__.account_tax_4_2705eab1","","34.5","__export__.account_tax_6_cba05c03","0.0","0%","4","0%","1"
"__export__.product_product_6949_a66e8860","NONGSHIM NEOGURI  Seafood Ramyun & Spicy 20x120g CASE","","__export__.account_tax_4_2705eab1","","15.5","__export__.account_tax_6_cba05c03","0.0","0%","4","0%","1"
"__export__.product_product_6950_66dcb769","NONGSHIM NEOGURI (HOT) Seafood RAMYUN 120g*5*8 Multi CASE","","__export__.account_tax_4_2705eab1","","33.5","__export__.account_tax_6_cba05c03","0.0","0%","4","0%","1"
"__export__.product_product_20456_7f202fa3","NONGSHIM SHIN KIMCHI Ramen 20*120g CASE","","__export__.account_tax_4_2705eab1","","18.5","__export__.account_tax_6_cba05c03","0.0","0%","4","0%","1"
"__export__.product_product_20489_e6ac7a25","NONGSHIM SHIN Kimchi Ramen Noodle CUP 6*75g CASE","","__export__.account_tax_4_2705eab1","","7.99","__export__.account_tax_6_cba05c03","0.0","0%","4","0%","1"
"__export__.product_product_19937_e78a4afc","NONGSHIM SHIN Ramen 120g*5*8 Multi CASE","","__export__.account_tax_4_2705eab1","","33.5","__export__.account_tax_6_cba05c03","0.0","0%","4","0%","1"
"__export__.product_product_21001_687f1d97","NONGSHIM SHIN Ramen 8*6*120g Multi CASE","","__export__.account_tax_4_2705eab1","","38.5","__export__.account_tax_6_cba05c03","0.0","0%","4","0%","1"
"__export__.product_product_7952_0d30e73d","NONGSHIM SHIN Ramen CUP 12*68g CASE","","__export__.account_tax_4_2705eab1","","11.0","__export__.account_tax_6_cba05c03","0.0","0%","4","0%","1"
"__export__.product_product_21987_724681d1","NONGSHIM SHIN Ramen Tomyum 20*123g CASE","","__export__.account_tax_4_2705eab1","","19.5","__export__.account_tax_6_cba05c03","0.0","0%","4","0%","1"
"__export__.product_product_19935_c850ef2a","NONGSHIM Shin Ramen 20*120g CASE","","__export__.account_tax_4_2705eab1","","18.5","__export__.account_tax_6_cba05c03","0.0","0%","4","0%","1"
"__export__.product_product_20457_5b57ffea","NONGSHIM Shin Ramen BOWL 16*114g CASE","","__export__.account_tax_4_2705eab1","","20.5","__export__.account_tax_6_cba05c03","0.0","0%","4","0%","1"
"__export__.product_product_20604_e2d45359","NONGSHIM Shin Ramen Noodle BLACK 130g*20 CASE","","__export__.account_tax_4_2705eab1","","26.5","__export__.account_tax_6_cba05c03","0.0","0%","4","0%","1"
"__export__.product_product_20602_b6349fa3","NONGSHIM Spicy Chicken Bowl Noode 100g*12 CASE","","__export__.account_tax_4_2705eab1","","17.5","__export__.account_tax_6_cba05c03","0.0","0%","4","0%","1"
"__export__.product_product_21989_9362604f","NONGSHIM Taeyung Holey Topokki (Jjajang) 16*128g CASE","","__export__.account_tax_4_2705eab1","","35.0","__export__.account_tax_6_cba05c03","0.0","0%","4","0%","1"
"__export__.product_product_21988_f1833deb","NONGSHIM Taeyung Holey Topokki (Spicy) 16*128g CASE","","__export__.account_tax_4_2705eab1","","35.0","__export__.account_tax_6_cba05c03","0.0","0%","4","0%","1"
"__export__.product_product_21990_95fe12b9","NONGSHIM Taeyung Pho (Hot) 6*79g CASE","","__export__.account_tax_4_2705eab1","","13.5","__export__.account_tax_6_cba05c03","0.0","0%","4","0%","1"
"__export__.product_product_21991_c5df89d8","NONGSHIM Taeyung Pho (Mild) 6*77g CASE","","__export__.account_tax_4_2705eab1","","13.5","__export__.account_tax_6_cba05c03","0.0","0%","4","0%","1"
"__export__.product_product_7916_1dd78b9e","Nanami Togarashi Packet","","__export__.account_tax_4_2705eab1","","0.0","__export__.account_tax_6_cba05c03","0.0","0%","4","0%","1"
"__export__.product_product_7919_ac3066bf","Narcissus Rice Vinegar 24*250ml","","__export__.account_tax_4_2705eab1","","42.0","__export__.account_tax_6_cba05c03","0.0","0%","4","0%","1"
"__export__.product_product_18768_12702e79","Narcissus Rice Vinegar 24*600ml CASE","","__export__.account_tax_4_2705eab1","","42.0","__export__.account_tax_6_cba05c03","0.0","0%","4","0%","1"
"__export__.product_product_18352_19bfa307","Narcissus Straw Mushroom 24*425g CASE","","__export__.account_tax_4_2705eab1","","28.0","__export__.account_tax_6_cba05c03","0.0","0%","4","0%","1"
"__export__.product_product_19132_73d54017","Nashi Pear 4Kg","","__export__.account_tax_4_2705eab1","","15.5","__export__.account_tax_6_cba05c03","0.0","0%","4","0%","1"
"__export__.product_product_21374_7f63ecd4","Natural HD Vest Bag On Roll HI-THENE 9*14*18"" (20*250) CASE","","l10n_generic_coa.1_sale_tax_template","","27.5","l10n_generic_coa.1_purchase_tax_template","23.0","23%","1","23%","1"
"__export__.product_product_20767_d2ca5209","Naziba Cheese Flavor Crisps 24*118g CASE","","l10n_generic_coa.1_sale_tax_template","","32.5","__export__.account_tax_6_cba05c03","23.0","23%","1","23%","1"
"__export__.product_product_20769_b8b2acde","Naziba Chocolate Biscuit 24*118g CASE","","l10n_generic_coa.1_sale_tax_template","","32.5","__export__.account_tax_6_cba05c03","23.0","23%","1","23%","1"
"__export__.product_product_21733_fa32566c","Naziba Nine Vegetable Crisps 24*118g CASE","","l10n_generic_coa.1_sale_tax_template","","32.5","__export__.account_tax_6_cba05c03","23.0","23%","1","23%","1"
"__export__.product_product_19550_1edff279","New Kenji Selenio 10kg Sushi Rice Bag","","__export__.account_tax_4_2705eab1","","23.95","__export__.account_tax_6_cba05c03","0.0","0%","4","0%","1"
"__export__.product_product_22119_9044b9c5","Nin Jiom Herbal Candy Ume Plum 12*60g CASE","","l10n_generic_coa.1_sale_tax_template","","0.0","l10n_generic_coa.1_purchase_tax_template","23.0","23%","1","23%","1"
"__export__.product_product_20150_c9cc907b","Nin Jiom Pei Pa Koa Syrup 24*300ml CASE","","__export__.account_tax_4_2705eab1","","168.0","__export__.account_tax_6_cba05c03","0.0","0%","4","0%","1"
"__export__.product_product_20056_579e71c4","Nippon Shokken Unagi Eel Sauce 6*2kg CASE","","__export__.account_tax_4_2705eab1","","105.0","__export__.account_tax_6_cba05c03","0.0","0%","4","0%","1"
"__export__.product_product_18330_c05ef624","Nissin Cup Noodle 5 Spices Beef 8*64g CASE","","__export__.account_tax_4_2705eab1","","13.5","__export__.account_tax_6_cba05c03","0.0","0%","4","0%","1"
"__export__.product_product_18329_553a5769","Nissin Cup Noodle Soysauce Shrimp 8*63g CASE","","__export__.account_tax_4_2705eab1","","13.5","__export__.account_tax_6_cba05c03","0.0","0%","4","0%","1"
"__export__.product_product_18328_2bb72c7f","Nissin Cup Noodle Tasty Chicken 8*63g CASE","","__export__.account_tax_4_2705eab1","","13.5","__export__.account_tax_6_cba05c03","0.0","0%","4","0%","1"
"__export__.product_product_7935_c7dfe9a3","Nissin Demae Ramen Black Garlic Oil Tonkotsu 30*100g CASE","","__export__.account_tax_4_2705eab1","","19.5","__export__.account_tax_6_cba05c03","0.0","0%","4","0%","1"
"__export__.product_product_7936_73d188d0","Nissin Demae Ramen Chicken 30*100g CASE","","__export__.account_tax_4_2705eab1","","19.5","__export__.account_tax_6_cba05c03","0.0","0%","4","0%","1"
"__export__.product_product_20114_d83afd4f","Nissin Walna Tempura Batter Mix A-Type, 18.1 BAG","","__export__.account_tax_4_2705eab1","","49.95","__export__.account_tax_6_cba05c03","0.0","0%","4","0%","1"
"__export__.product_product_19544_f92ccf0a","Nita Bean 100g PKT","","__export__.account_tax_4_2705eab1","","4.5","__export__.account_tax_6_cba05c03","0.0","0%","4","0%","1"
"__export__.product_product_7944_b61f8eb9","No.1 Foil Cont. 1000's CASE","","l10n_generic_coa.1_sale_tax_template","","39.5","__export__.account_tax_6_cba05c03","23.0","23%","1","23%","1"
"__export__.product_product_7945_3d3fbc61","No.1 LIDS 1000ps CASE","","l10n_generic_coa.1_sale_tax_template","","17.0","__export__.account_tax_6_cba05c03","23.0","23%","1","23%","1"
"__export__.product_product_7946_98398a51","No.2 Foil Cont. Pinkapple Extra Strong 1000ps CASE","","l10n_generic_coa.1_sale_tax_template","","44.5","__export__.account_tax_6_cba05c03","23.0","23%","1","23%","1"
"__export__.product_product_19304_a3db7aa0","No.6A White Kraft Food Carton 300's CASE","","l10n_generic_coa.1_sale_tax_template","","58.0","l10n_generic_coa.1_purchase_tax_template","23.0","23%","1","23%","1"
"__export__.product_product_21985_8eeded12","Nobashi Ebi 26/30 White Tiger 30*300g CASE","","__export__.account_tax_4_2705eab1","","137.0","__export__.account_tax_6_cba05c03","0.0","0%","4","0%","1"
"__export__.product_product_21383_77fdae27","Nobashi Ebi 2L 15*260g (20pcs) CASE","","__export__.account_tax_4_2705eab1","","72.51","__export__.account_tax_6_cba05c03","0.0","0%","4","0%","1"
"__export__.product_product_21572_bddad11b","Nokchawon Honey Citron Tea 1KG JAR","","__export__.account_tax_4_2705eab1","","7.5","__export__.account_tax_6_cba05c03","0.0","0%","4","0%","1"
"__export__.product_product_20794_37569f0c","Nongshim Red Pepper Chilli Powder For *Kimchi* Coarse 30*500g CASE","","__export__.account_tax_4_2705eab1","","115.5","__export__.account_tax_6_cba05c03","0.0","0%","4","0%","1"
"__export__.product_product_20795_7a0e9f31","Nongshim Red Pepper Chilli Powder Seed For *Kimchi* Coarse 15*1Kg CASE","","__export__.account_tax_4_2705eab1","","115.5","__export__.account_tax_6_cba05c03","0.0","0%","4","0%","1"
"__export__.product_product_20132_4c6b143d","OH Red Pepper Chilli Powder 10*1kg CASE","","__export__.account_tax_4_2705eab1","","95.5","__export__.account_tax_6_cba05c03","0.0","0%","4","0%","1"
"__export__.product_product_20312_3351b99d","OH Red Pepper Chilli Powder 15*1kg CASE","","__export__.account_tax_4_2705eab1","","115.0","__export__.account_tax_6_cba05c03","0.0","0%","4","0%","1"
"__export__.product_product_7959_92c175a6","OK Fruity Sauce 12*335g CASE","","__export__.account_tax_4_2705eab1","","29.0","__export__.account_tax_6_cba05c03","0.0","0%","4","0%","1"
"__export__.product_product_19623_1af04614","OKF Aloe Vera King Sugar Free 500ml*20 CASE","","l10n_generic_coa.1_sale_tax_template","","0.0","__export__.account_tax_6_cba05c03","23.0","23%","1","23%","1"
"__export__.product_product_19622_562518d4","OKF SHINE MUSCAT 500ml*20 CASE","","__export__.account_tax_4_2705eab1","","0.0","__export__.account_tax_6_cba05c03","0.0","0%","4","0%","1"
"__export__.product_product_21168_892592b7","OTTOGI Chicken Frying Powder 10*1KG CASE","","__export__.account_tax_4_2705eab1","","0.0","__export__.account_tax_6_cba05c03","0.0","0%","4","0%","1"
"__export__.product_product_21318_a232ebc8","OTTOGI Curry Powder Medium 10*1Kg CASE","","__export__.account_tax_4_2705eab1","","81.2","__export__.account_tax_6_cba05c03","0.0","0%","4","0%","1"
"__export__.product_product_19414_5e37a04f","OW Fried Beancurd Sheet 20*150g CASE","","__export__.account_tax_4_2705eab1","","60.0","__export__.account_tax_6_cba05c03","0.0","0%","4","0%","1"
"__export__.product_product_19413_b5397282","OW Soybean Roll 20*180g CASE","","__export__.account_tax_4_2705eab1","","73.5","__export__.account_tax_6_cba05c03","0.0","0%","4","0%","1"
"__export__.product_product_20708_f5728e4c","Obento Poke Sauce ORIGINAL 10*170g CASE","","__export__.account_tax_4_2705eab1","","0.0","__export__.account_tax_6_cba05c03","0.0","0%","4","0%","1"
"__export__.product_product_5664_083d8fc3","Ocean Classic Shrimp HOSO 16/20 10*600g CASE","","__export__.account_tax_4_2705eab1","","0.0","__export__.account_tax_6_cba05c03","0.0","0%","4","0%","1"
"__export__.product_product_19736_8ccf383b","Oil 20L Bottle In BOX","","__export__.account_tax_4_2705eab1","","39.0","__export__.account_tax_6_cba05c03","0.0","0%","4","0%","1"
"__export__.product_product_20583_211c0531","Oishii Sushi Rice 10kg BAG","","__export__.account_tax_4_2705eab1","","17.5","__export__.account_tax_6_cba05c03","0.0","0%","4","0%","1"
"__export__.product_product_21519_88428184","Okra 5KG CASE","","__export__.account_tax_4_2705eab1","","40.5","__export__.account_tax_6_cba05c03","0.0","0%","4","0%","1"
"__export__.product_product_7962_e966cea3","Oldtown White Coffee 3 in 1 Classic 20*570g CASE","","__export__.account_tax_4_2705eab1","","110.0","__export__.account_tax_6_cba05c03","0.0","0%","4","0%","1"
"__export__.product_product_7964_2ea592b5","Oldtown White Coffee 3 in 1 Hazelnut 20*570g CASE","","__export__.account_tax_4_2705eab1","","110.0","__export__.account_tax_6_cba05c03","0.0","0%","4","0%","1"
"__export__.product_product_7966_6401e8f8","Oldtown White Coffee 3 in 1 less sugar 20*525g CASE","","__export__.account_tax_4_2705eab1","","110.0","__export__.account_tax_6_cba05c03","0.0","0%","4","0%","1"
"__export__.product_product_7968_2988b97e","Oldtown White Milk Tea 3 in 1 20*420g CASE","","__export__.account_tax_4_2705eab1","","110.0","__export__.account_tax_6_cba05c03","0.0","0%","4","0%","1"
"__export__.product_product_7970_56c04f30","Onion 60/80 19.1kg BAG","","__export__.account_tax_4_2705eab1","","12.0","__export__.account_tax_6_cba05c03","0.0","0%","4","0%","1"
"__export__.product_product_7971_2248c8b1","Onion 75/105 BAG","","__export__.account_tax_4_2705eab1","","14.0","__export__.account_tax_6_cba05c03","0.0","0%","4","0%","1"
"__export__.product_product_21349_73f2d270","Onion Cold Store 20kg BAG","","__export__.account_tax_4_2705eab1","","17.5","__export__.account_tax_6_cba05c03","0.0","0%","4","0%","1"
"__export__.product_product_21060_c4a4cf72","Orange Box Chicken Karaage 12*500g CASE","","__export__.account_tax_4_2705eab1","","67.0","__export__.account_tax_6_cba05c03","0.0","0%","4","0%","1"
"__export__.product_product_21520_97b83125","Orange Powder Permicol Apricol 20*500g CASE","","__export__.account_tax_4_2705eab1","","0.0","__export__.account_tax_6_cba05c03","0.0","0%","4","0%","1"
"__export__.product_product_21575_caea806f","Orange Powder Permicol Apricol 500 PKT","","__export__.account_tax_4_2705eab1","","16.5","__export__.account_tax_6_cba05c03","0.0","0%","4","0%","1"
"__export__.product_product_22014_6cec4395","Organic Chickpeas 12*400g CASE","","__export__.account_tax_4_2705eab1","","13.5","__export__.account_tax_6_cba05c03","0.0","0%","4","0%","1"
"__export__.product_product_21254_ea3340c7","Oriental Kitchen CS Mei Kuei Sausage 500g PKT","","__export__.account_tax_4_2705eab1","","0.0","__export__.account_tax_6_cba05c03","0.0","0%","4","0%","1"
"__export__.product_product_21156_ee5e6c2c","Orion Potato Chips - Spicy Crayfish Fl 20*70g CASE","","l10n_generic_coa.1_sale_tax_template","","0.0","__export__.account_tax_6_cba05c03","23.0","23%","1","23%","1"
"__export__.product_product_21531_00c842a1","Osato Umaigaichiban Natto (Fermented Soy Beans) 12*3pc's CASE","","__export__.account_tax_4_2705eab1","","23.5","__export__.account_tax_6_cba05c03","0.0","0%","4","0%","1"
"__export__.product_product_20379_0d6934d8","Otafuku Okonomi Sauce Kukusai 6*1765ml CASE","","__export__.account_tax_4_2705eab1","","65.0","__export__.account_tax_6_cba05c03","0.0","0%","4","0%","1"
"__export__.product_product_19826_e69a1846","Otafuku Yakisoba Sauce 12*500g Small CASE","","__export__.account_tax_4_2705eab1","","45.0","__export__.account_tax_6_cba05c03","0.0","0%","4","0%","1"
"__export__.product_product_20193_026163c6","Otafuku Yakisoba Sauce 6*1.8L(2.15kg)  Big CASE","","__export__.account_tax_4_2705eab1","","69.5","__export__.account_tax_6_cba05c03","0.0","0%","4","0%","1"
"__export__.product_product_21873_af704c4d","Ottogi Batter mix for Pan Fry(00288) 20*500g CASE","","__export__.account_tax_4_2705eab1","","26.0","__export__.account_tax_6_cba05c03","0.0","0%","4","0%","1"
"__export__.product_product_21445_b1026081","Ottogi Batter mix for fried chicken 10*1kg CASE","","__export__.account_tax_4_2705eab1","","40.0","__export__.account_tax_6_cba05c03","0.0","0%","4","0%","1"
"__export__.product_product_21443_f92db1df","Ottogi Batter mix for fried chicken(10556) 4*5kg CASE","","__export__.account_tax_4_2705eab1","","69.5","__export__.account_tax_6_cba05c03","0.0","0%","4","0%","1"
"__export__.product_product_21910_ddd6306c","Ottogi Cooked Five Grain Rice in Bowl(14434) 12*210g CASE","","__export__.account_tax_4_2705eab1","","0.0","__export__.account_tax_6_cba05c03","0.0","0%","4","0%","1"
"__export__.product_product_21890_518bf9de","Ottogi Cooked Rice in Bowl(11185) 24*210g CASE","","__export__.account_tax_4_2705eab1","","0.0","__export__.account_tax_6_cba05c03","0.0","0%","4","0%","1"
"__export__.product_product_21913_64125192","Ottogi Cooked Rice in Bowl(23784) 12*210g CASE","","__export__.account_tax_4_2705eab1","","0.0","__export__.account_tax_6_cba05c03","0.0","0%","4","0%","1"
"__export__.product_product_20090_1c97bba2","Ottogi Jin Ramen (Hot) 20*120G CASE","","__export__.account_tax_4_2705eab1","","24.5","__export__.account_tax_6_cba05c03","0.0","0%","4","0%","1"
"__export__.product_product_20091_200e95a5","Ottogi Jin Ramen (Mild) 20*120g CASE","","__export__.account_tax_4_2705eab1","","24.5","__export__.account_tax_6_cba05c03","0.0","0%","4","0%","1"
"__export__.product_product_21897_fc5832ae","Ottogi Korean Citron Tea in Glass Bottle(22835) 9*1kg CASE","","__export__.account_tax_4_2705eab1","","0.0","__export__.account_tax_6_cba05c03","0.0","0%","4","0%","1"
"__export__.product_product_21905_bc631331","Ottogi Malt Syrup(07537) 24*700g CASE","","__export__.account_tax_4_2705eab1","","0.0","__export__.account_tax_6_cba05c03","0.0","0%","4","0%","1"
"__export__.product_product_21876_3e8eb26e","Ottogi Red Bean Porridge(30357) 12*285g CASE","","__export__.account_tax_4_2705eab1","","0.0","__export__.account_tax_6_cba05c03","0.0","0%","4","0%","1"
"__export__.product_product_21877_f2b4b0bc","Ottogi Rice Porridge(22823) 12*285g CASE","","__export__.account_tax_4_2705eab1","","0.0","__export__.account_tax_6_cba05c03","0.0","0%","4","0%","1"
"__export__.product_product_21874_93e5a573","Ottogi Roasted Rice Soup(08342)  16*60g CASE","","__export__.account_tax_4_2705eab1","","0.0","__export__.account_tax_6_cba05c03","0.0","0%","4","0%","1"
"__export__.product_product_21458_f892f194","Ottogi Sesame Oil 12*160ml CASE","","__export__.account_tax_4_2705eab1","","45.0","__export__.account_tax_6_cba05c03","0.0","0%","4","0%","1"
"__export__.product_product_21457_d90932f8","Ottogi Sesame Oil 12*320ml CASE","","__export__.account_tax_4_2705eab1","","72.0","__export__.account_tax_6_cba05c03","0.0","0%","4","0%","1"
"__export__.product_product_21456_e31aa324","Ottogi Sesame Oil metal can 12*500ml CASE","","__export__.account_tax_4_2705eab1","","94.0","__export__.account_tax_6_cba05c03","0.0","0%","4","0%","1"
"__export__.product_product_20324_b634b815","Oz Shaanxi Cold Noodle - Spicy Flavour 40*168g CASE","","__export__.account_tax_4_2705eab1","","0.0","__export__.account_tax_6_cba05c03","0.0","0%","4","0%","1"
"__export__.product_product_21960_9ebe49cf","PC Loo Tao Dark Soy Sauce 2*8L CASE","","__export__.account_tax_4_2705eab1","","20.0","__export__.account_tax_6_cba05c03","0.0","0%","4","0%","1"
"__export__.product_product_21878_41943eb0","PERILLA Oil-Roasted Green Laver(seaweed) Lunch(21847) 8*(9*5g) CASE","","__export__.account_tax_4_2705eab1","","0.0","__export__.account_tax_6_cba05c03","0.0","0%","4","0%","1"
"__export__.product_product_20595_f37bd21e","PG Fried Gluten Balls 50*50g CASE","","__export__.account_tax_4_2705eab1","","57.0","__export__.account_tax_6_cba05c03","0.0","0%","4","0%","1"
"__export__.product_product_20363_f6d2796b","PP Lids 1300ml Round Deli Bowl 300's CASE","","l10n_generic_coa.1_sale_tax_template","","25.0","l10n_generic_coa.1_purchase_tax_template","23.0","23%","1","23%","1"
"__export__.product_product_19266_bf90e28b","PRB Dark Soy Sauce 12*500ml CASE","","__export__.account_tax_4_2705eab1","","24.5","__export__.account_tax_6_cba05c03","0.0","0%","4","0%","1"
"__export__.product_product_19265_69f70fc7","PRB Light Soy Sauce 12*500ml CASE","","__export__.account_tax_4_2705eab1","","24.5","__export__.account_tax_6_cba05c03","0.0","0%","4","0%","1"
"__export__.product_product_19271_6cb919dd","PRB Qian Fuji Black Bean With Chilli 24*280g CASE","","__export__.account_tax_4_2705eab1","","0.0","__export__.account_tax_6_cba05c03","0.0","0%","4","0%","1"
"__export__.product_product_19273_bda41a9e","PRB Qian Fuji Garlic Chilli Oil 24*280g CASE","","__export__.account_tax_4_2705eab1","","0.0","__export__.account_tax_6_cba05c03","0.0","0%","4","0%","1"
"__export__.product_product_19272_b780e760","PRB Qian Fuji Hot Chilli Oil 24*275g CASE","","__export__.account_tax_4_2705eab1","","0.0","__export__.account_tax_6_cba05c03","0.0","0%","4","0%","1"
"__export__.product_product_19068_e3891ace","PRB Vinegar Sweetened 12*500ml CASE","","__export__.account_tax_4_2705eab1","","27.5","__export__.account_tax_6_cba05c03","0.0","0%","4","0%","1"
"__export__.product_product_19359_457af656","PT Sweet Chilli Sauce For CHK 3*4.5L(5.5kg) CASE","","__export__.account_tax_4_2705eab1","","0.0","__export__.account_tax_6_cba05c03","0.0","0%","4","0%","1"
"__export__.product_product_19360_5f0af77f","PT Sweet Chilli Sauce For CK 12*700ml(830g) CASE","","__export__.account_tax_4_2705eab1","","0.0","__export__.account_tax_6_cba05c03","0.0","0%","4","0%","1"
"__export__.product_product_19972_b46c4cfc","Padron Pepper Box","","__export__.account_tax_4_2705eab1","","0.0","l10n_generic_coa.1_purchase_tax_template","0.0","0%","4","0%","1"
"__export__.product_product_21590_81432caa","Pallet Wrap  Clear CASE","","l10n_generic_coa.1_sale_tax_template","","27.5","l10n_generic_coa.1_purchase_tax_template","23.0","23%","1","23%","1"
"__export__.product_product_7984_381cb886","Pallet Wrap Black 400mm*250m CASE","","l10n_generic_coa.1_sale_tax_template","","28.5","__export__.account_tax_6_cba05c03","23.0","23%","1","23%","1"
"__export__.product_product_20158_4c329d9e","Pandan Leaf 200g","","__export__.account_tax_4_2705eab1","","3.5","__export__.account_tax_6_cba05c03","0.0","0%","4","0%","1"
"__export__.product_product_21313_61fad961","Pangasius Fillet Skinless(170/230)10*1kg CASE","","__export__.account_tax_4_2705eab1","","35.0","__export__.account_tax_6_cba05c03","0.0","0%","4","0%","1"
"__export__.product_product_21421_7af56154","Pangasius Fillets skinless (170/230) 12*800g CASE","","__export__.account_tax_4_2705eab1","","35.0","__export__.account_tax_6_cba05c03","0.0","0%","4","0%","1"
"__export__.product_product_19927_9459d8c2","Panko Bread Crumbs 10KG BAG","","__export__.account_tax_4_2705eab1","","32.0","__export__.account_tax_6_cba05c03","0.0","0%","4","0%","1"
"__export__.product_product_7990_e7dabba0","Papaya Green CASE","","__export__.account_tax_4_2705eab1","","26.5","__export__.account_tax_6_cba05c03","0.0","0%","4","0%","1"
"__export__.product_product_19330_7874f443","Paper Tape Brown SOS Carriers (L) 250's CASE","","l10n_generic_coa.1_sale_tax_template","","20.5","l10n_generic_coa.1_purchase_tax_template","23.0","23%","1","23%","1"
"__export__.product_product_5875_03d8446e","Paper* Packing Gochujiang Hot Red Pepper Paste 14kg CASE","","__export__.account_tax_4_2705eab1","","35.5","__export__.account_tax_6_cba05c03","0.0","0%","4","0%","1"
"__export__.product_product_8001_f4efeb74","Passion Fruit Black CASE","","__export__.account_tax_4_2705eab1","","18.0","__export__.account_tax_6_cba05c03","0.0","0%","4","0%","1"
"__export__.product_product_8003_3388df7f","Passion Fruit Yellow CASE","","__export__.account_tax_4_2705eab1","","24.5","__export__.account_tax_6_cba05c03","0.0","0%","4","0%","1"
"__export__.product_product_19092_e6d874e2","Pataks Mild Curry Paste 2*2.28kg CASE","","__export__.account_tax_4_2705eab1","","29.95","__export__.account_tax_6_cba05c03","0.0","0%","4","0%","1"
"__export__.product_product_19247_09fa9865","Pea Shoot 30*150g CASE","","__export__.account_tax_4_2705eab1","","112.0","__export__.account_tax_6_cba05c03","0.0","0%","4","0%","1"
"__export__.product_product_8005_06383d75","Peach CASE","","__export__.account_tax_4_2705eab1","","20.5","__export__.account_tax_6_cba05c03","0.0","0%","4","0%","1"
"__export__.product_product_8006_51d58d7b","Peach Flat CASE","","__export__.account_tax_4_2705eab1","","28.5","__export__.account_tax_6_cba05c03","0.0","0%","4","0%","1"
"__export__.product_product_20977_fc790c57","Peach Red CASE","","__export__.account_tax_4_2705eab1","","10.5","__export__.account_tax_6_cba05c03","0.0","0%","4","0%","1"
"__export__.product_product_21747_f73a7f36","Peach Slice Halves In Grape Juice 810g JAR","","__export__.account_tax_4_2705eab1","","2.15","__export__.account_tax_6_cba05c03","0.0","0%","4","0%","1"
"__export__.product_product_20976_028ce8a5","Peach White CASE","","__export__.account_tax_4_2705eab1","","20.5","__export__.account_tax_6_cba05c03","0.0","0%","4","0%","1"
"__export__.product_product_8009_d6b444ef","Peanut Blanched 2*12.5KG CASE","","__export__.account_tax_4_2705eab1","","85.0","__export__.account_tax_6_cba05c03","0.0","0%","4","0%","1"
"__export__.product_product_5854_31f81974","Peanut Blanched 25KG","","__export__.account_tax_4_2705eab1","","85.0","__export__.account_tax_6_cba05c03","0.0","0%","4","0%","1"
"__export__.product_product_8017_9c08bca0","Peanut With Skin 2*12.5KG CASE","","__export__.account_tax_4_2705eab1","","95.0","__export__.account_tax_6_cba05c03","0.0","0%","4","0%","1"
"__export__.product_product_21769_55df7c9e","Pear Golden Nashi 5kg CASE","","__export__.account_tax_4_2705eab1","","19.0","__export__.account_tax_6_cba05c03","0.0","0%","4","0%","1"
"__export__.product_product_8022_cc873ad7","Pear Golden Nashi 9KG CASE","","__export__.account_tax_4_2705eab1","","27.5","__export__.account_tax_6_cba05c03","0.0","0%","4","0%","1"
"__export__.product_product_8024_2e54cdce","Pear Hoshui CASE","","__export__.account_tax_4_2705eab1","","18.5","__export__.account_tax_6_cba05c03","0.0","0%","4","0%","1"
"__export__.product_product_8027_25912706","Pear Korean 24's CASE","","__export__.account_tax_4_2705eab1","","28.5","__export__.account_tax_6_cba05c03","0.0","0%","4","0%","1"
"__export__.product_product_21854_ce87dcf9","Pear Xiang 2.5kg CASE","","__export__.account_tax_4_2705eab1","","15.5","__export__.account_tax_6_cba05c03","0.0","0%","4","0%","1"
"__export__.product_product_8030_3dd2497e","Pear Xiang 3pc*10 CASE","","__export__.account_tax_4_2705eab1","","42.0","__export__.account_tax_6_cba05c03","0.0","0%","4","0%","1"
"__export__.product_product_21199_8dcce6cd","Pear Xiang 4.5kg CASE","","__export__.account_tax_4_2705eab1","","18.5","__export__.account_tax_6_cba05c03","0.0","0%","4","0%","1"
"__export__.product_product_21178_8eed1cbf","Pear Xiang 9KG CASE","","__export__.account_tax_4_2705eab1","","46.0","__export__.account_tax_6_cba05c03","0.0","0%","4","0%","1"
"__export__.product_product_18999_01427915","Pearl Baby Corn Spears 24*425g CASE","","__export__.account_tax_4_2705eab1","","27.5","__export__.account_tax_6_cba05c03","0.0","0%","4","0%","1"
"__export__.product_product_18293_843073de","Peeled Durian 8*500g CASE","","__export__.account_tax_4_2705eab1","","165.0","__export__.account_tax_6_cba05c03","0.0","0%","4","0%","1"
"__export__.product_product_8034_fe1316b9","Peeled Ginkgo Nut 100*80g CASE","","__export__.account_tax_4_2705eab1","","34.0","__export__.account_tax_6_cba05c03","0.0","0%","4","0%","1"
"__export__.product_product_19432_fddf0c8d","Peeled Onion Case","","__export__.account_tax_4_2705eab1","","25.0","__export__.account_tax_6_cba05c03","0.0","0%","4","0%","1"
"__export__.product_product_19177_6aecfe05","Pejoy Cheesecake Flavour 36*48g CASE","","l10n_generic_coa.1_sale_tax_template","","0.0","__export__.account_tax_6_cba05c03","23.0","23%","1","23%","1"
"__export__.product_product_19179_f3c4c8f0","Pejoy Matcha Mousse Flavour 36*48g CASE","","l10n_generic_coa.1_sale_tax_template","","0.0","__export__.account_tax_6_cba05c03","23.0","23%","1","23%","1"
"__export__.product_product_19180_13cc5e18","Pejoy Strawberry Vanilla Flavour 36*48g CASE","","l10n_generic_coa.1_sale_tax_template","","0.0","__export__.account_tax_6_cba05c03","23.0","23%","1","23%","1"
"__export__.product_product_19178_358aa105","Pejoy Tiramisu Flavour 36*48g CASE","","l10n_generic_coa.1_sale_tax_template","","0.0","__export__.account_tax_6_cba05c03","23.0","23%","1","23%","1"
"__export__.product_product_8045_fde779b5","Pepper Jalapeno CASE","","__export__.account_tax_4_2705eab1","","0.0","__export__.account_tax_6_cba05c03","0.0","0%","4","0%","1"
"__export__.product_product_21937_e9ad790e","Pickled Chicken Feet 100g*70 CASE","","__export__.account_tax_4_2705eab1","","70.0","__export__.account_tax_6_cba05c03","0.0","0%","4","0%","1"
"__export__.product_product_20127_2c1c8425","Pickled Lotus Sprout 400g*20 CASE","","__export__.account_tax_4_2705eab1","","0.0","l10n_generic_coa.1_purchase_tax_template","0.0","0%","4","0%","1"
"__export__.product_product_21123_d89f0953","Pickled pepper hand-peeled bamboo shoots 500g*20pcs CASE","","","","0.0","__export__.account_tax_6_cba05c03","","","","","1"
"__export__.product_product_21517_4a949cad","Pineapple *Cut Half* 6*300g CASE","","__export__.account_tax_4_2705eab1","","27.5","__export__.account_tax_6_cba05c03","0.0","0%","4","0%","1"
"__export__.product_product_8063_23f3355f","Pineapple LOOSE","","__export__.account_tax_4_2705eab1","","1.75","__export__.account_tax_6_cba05c03","0.0","0%","4","0%","1"
"__export__.product_product_20714_0ad36eea","Pineapple Piece 24*850g CASE","","__export__.account_tax_4_2705eab1","","35.0","__export__.account_tax_6_cba05c03","0.0","0%","4","0%","1"
"__export__.product_product_8065_e39cf124","Pineapple Piece 6*3005g CASE","","__export__.account_tax_4_2705eab1","","32.0","__export__.account_tax_6_cba05c03","0.0","0%","4","0%","1"
"__export__.product_product_20325_90a1208c","Pineapple Squid 10*1kg CASE","","__export__.account_tax_4_2705eab1","","62.5","__export__.account_tax_6_cba05c03","0.0","0%","4","0%","1"
"__export__.product_product_18942_00469214","Pinkapple C1000 CASE","","l10n_generic_coa.1_sale_tax_template","","45.0","l10n_generic_coa.1_purchase_tax_template","23.0","23%","1","23%","1"
"__export__.product_product_8067_8d94aa0a","Pinkapple C500 CASE","","l10n_generic_coa.1_sale_tax_template","","39.0","l10n_generic_coa.1_purchase_tax_template","23.0","23%","1","23%","1"
"__export__.product_product_18281_9b23aace","Pinkapple No.2 LIDS Heavy Duty 1000ps CASE","","l10n_generic_coa.1_sale_tax_template","","19.5","l10n_generic_coa.1_purchase_tax_template","23.0","23%","1","23%","1"
"__export__.product_product_8070_64c1b0c3","Pizza Box 12"" 100's CASE","","l10n_generic_coa.1_sale_tax_template","","20.85","l10n_generic_coa.1_purchase_tax_template","23.0","23%","1","23%","1"
"__export__.product_product_8071_32eb1350","Pizza Box 14"" 50's CASE","","l10n_generic_coa.1_sale_tax_template","","17.0","l10n_generic_coa.1_purchase_tax_template","23.0","23%","1","23%","1"
"__export__.product_product_8074_53d1d248","Plain Brown (T)Twist 250'S CASE","","l10n_generic_coa.1_sale_tax_template","","24.0","l10n_generic_coa.1_purchase_tax_template","23.0","23%","1","23%","1"
"__export__.product_product_20161_6bdc241c","Plantain Green CASE","","__export__.account_tax_4_2705eab1","","0.0","__export__.account_tax_6_cba05c03","0.0","0%","4","0%","1"
"__export__.product_product_8080_bbaaeaa1","Plastic Carrier Bag 21"" White Leopard 2000's CASE","","l10n_generic_coa.1_sale_tax_template","","24.0","__export__.account_tax_6_cba05c03","23.0","23%","1","23%","1"
"__export__.product_product_20637_b1f834a8","Plastic Spoon Black 1000's CASE","","l10n_generic_coa.1_sale_tax_template","","23.0","l10n_generic_coa.1_purchase_tax_template","23.0","23%","1","23%","1"
"__export__.product_product_8082_a9715b7a","Plastic Vest Carrier 18"" Jupiter 2000's CASE","","l10n_generic_coa.1_sale_tax_template","","25.0","__export__.account_tax_6_cba05c03","23.0","23%","1","23%","1"
"__export__.product_product_8081_b844102b","Plastic Vest Clear Carriers 24"" CHEETAH 1000's CASE","","l10n_generic_coa.1_sale_tax_template","","24.0","__export__.account_tax_6_cba05c03","23.0","23%","1","23%","1"
"__export__.product_product_19320_23184f9a","Plastic Vest White Carrier 18"" S3 1000's CASE","","l10n_generic_coa.1_sale_tax_template","","19.0","__export__.account_tax_6_cba05c03","23.0","23%","1","23%","1"
"__export__.product_product_8083_f717ab17","Plastic Vest White Carriers 21"" Puma 1000's CASE","","l10n_generic_coa.1_sale_tax_template","","20.5","__export__.account_tax_6_cba05c03","23.0","23%","1","23%","1"
"__export__.product_product_8087_109682a3","Plum Green 5kg CASE","","__export__.account_tax_4_2705eab1","","13.5","__export__.account_tax_6_cba05c03","0.0","0%","4","0%","1"
"__export__.product_product_20335_0920864e","Plum Tomato Case","","__export__.account_tax_4_2705eab1","","0.0","l10n_generic_coa.1_purchase_tax_template","0.0","0%","4","0%","1"
"__export__.product_product_8094_c48ebc46","Plum Yellow CASE","","__export__.account_tax_4_2705eab1","","18.0","__export__.account_tax_6_cba05c03","0.0","0%","4","0%","1"
"__export__.product_product_20100_bb15c5ad","Poke Sauce 12*1L CASE","","__export__.account_tax_4_2705eab1","","158.0","__export__.account_tax_6_cba05c03","0.0","0%","4","0%","1"
"__export__.product_product_19071_7d529003","Polar Bear Wheat Starch 20kg BAG","","__export__.account_tax_4_2705eab1","","40.5","__export__.account_tax_6_cba05c03","0.0","0%","4","0%","1"
"__export__.product_product_8095_324770cd","Pomegranate CASE","","__export__.account_tax_4_2705eab1","","20.0","__export__.account_tax_6_cba05c03","0.0","0%","4","0%","1"
"__export__.product_product_8096_c282d513","Pomelo CASE","","__export__.account_tax_4_2705eab1","","43.5","__export__.account_tax_6_cba05c03","0.0","0%","4","0%","1"
"__export__.product_product_19600_32e95403","Pop Smile Popcorn - Bubble Tea Flavour 12*80g CASE","","l10n_generic_coa.1_sale_tax_template","","23.5","__export__.account_tax_6_cba05c03","23.0","23%","1","23%","1"
"__export__.product_product_19601_f30fcc65","Pop Smile Popcorn - Salted Egg Flavour 12*80g CASE","","l10n_generic_coa.1_sale_tax_template","","23.5","__export__.account_tax_6_cba05c03","23.0","23%","1","23%","1"
"__export__.product_product_21645_58e8643b","Pop up Foil Sheet 270*300mm 500's*6PK CASE","","l10n_generic_coa.1_sale_tax_template","","58.0","l10n_generic_coa.1_purchase_tax_template","23.0","23%","1","23%","1"
"__export__.product_product_21159_0bf3032b","Portobello Mushroom CASE","","__export__.account_tax_4_2705eab1","","10.5","__export__.account_tax_6_cba05c03","0.0","0%","4","0%","1"
"__export__.product_product_20565_ba17917a","Pot Scourers W60 10pkt*10's CASE","","l10n_generic_coa.1_sale_tax_template","","125.0","l10n_generic_coa.1_purchase_tax_template","23.0","23%","1","23%","1"
"__export__.product_product_16042_73b5dc13","Potato Starch Aarda BAG","","__export__.account_tax_4_2705eab1","","38.0","__export__.account_tax_6_cba05c03","0.0","0%","4","0%","1"
"__export__.product_product_19336_3a891c33","Potato Starch Tereos BAG","","__export__.account_tax_4_2705eab1","","37.0","__export__.account_tax_6_cba05c03","0.0","0%","4","0%","1"
"__export__.product_product_21556_3f648f39","Powder Permicol Apricol 20*500g CASE","","l10n_generic_coa.1_sale_tax_template","","1.0","l10n_generic_coa.1_purchase_tax_template","23.0","23%","1","23%","1"
"__export__.product_product_18377_eaee9686","Prawn Cracker Asia Market 6*2KG CASE","","__export__.account_tax_4_2705eab1","","35.5","__export__.account_tax_6_cba05c03","0.0","0%","4","0%","1"
"__export__.product_product_19659_ff1fe692","Preema Wooden Scourers Wok Brush 50's CASE","","l10n_generic_coa.1_sale_tax_template","","0.0","l10n_generic_coa.1_purchase_tax_template","23.0","23%","1","23%","1"
"__export__.product_product_16053_0f778674","Preserved Black Bean 40*454g CASE","","__export__.account_tax_4_2705eab1","","63.5","__export__.account_tax_6_cba05c03","0.0","0%","4","0%","1"
"__export__.product_product_19049_3acd4490","Preserved Black Bean 40*500g CASE","","__export__.account_tax_4_2705eab1","","68.5","__export__.account_tax_6_cba05c03","0.0","0%","4","0%","1"
"__export__.product_product_19477_ffc1c4f4","Pretz Biscuit Tomato 36*60g CASE","","l10n_generic_coa.1_sale_tax_template","","0.0","l10n_generic_coa.1_purchase_tax_template","23.0","23%","1","23%","1"
"__export__.product_product_21012_dcdca881","Prickly Pear CASE","","__export__.account_tax_4_2705eab1","","0.0","__export__.account_tax_6_cba05c03","0.0","0%","4","0%","1"
"__export__.product_product_20826_cb5c997f","Pumpkin Kobocha Big Box CASE","","__export__.account_tax_4_2705eab1","","35.5","__export__.account_tax_6_cba05c03","0.0","0%","4","0%","1"
"__export__.product_product_20393_22926f9c","Pumpkin Medium Loose","","__export__.account_tax_4_2705eab1","","4.99","__export__.account_tax_6_cba05c03","0.0","0%","4","0%","1"
"__export__.product_product_20487_7b027395","Pun Chun Loo Tau Soy Sauce Dark 44lb *Blue* Drum","","__export__.account_tax_4_2705eab1","","36.0","__export__.account_tax_6_cba05c03","0.0","0%","4","0%","1"
"__export__.product_product_22047_3ce6508c","Purple Orchid Low Gluten Wheat Flour For Bun Flour 8*2.5KG CASE","","__export__.account_tax_4_2705eab1","","50.800000000000004","__export__.account_tax_6_cba05c03","0.0","0%","4","0%","1"
"__export__.product_product_20524_2e75c15f","Purple Potato Vermicelli Thin 20*500g CASE","","__export__.account_tax_4_2705eab1","","65.5","__export__.account_tax_6_cba05c03","0.0","0%","4","0%","1"
"__export__.product_product_16059_964c2083","Purple Yam with Sand 10Kg CASE","","__export__.account_tax_4_2705eab1","","0.0","__export__.account_tax_6_cba05c03","0.0","0%","4","0%","1"
"__export__.product_product_19145_694b37eb","Quails 160/180 6*4pcs CASE","","__export__.account_tax_4_2705eab1","","0.0","__export__.account_tax_6_cba05c03","0.0","0%","4","0%","1"
"__export__.product_product_20037_4f1971ef","RAJAH Madras Gold Curry Powder 2*10kg(tin) CASE","","__export__.account_tax_4_2705eab1","","84.0","__export__.account_tax_6_cba05c03","0.0","0%","4","0%","1"
"__export__.product_product_16074_4eb5470d","RAJAH Premium Curry Powder 10KG BUCKET","","__export__.account_tax_4_2705eab1","","55.0","__export__.account_tax_6_cba05c03","0.0","0%","4","0%","1"
"__export__.product_product_21676_2680eb42","RED Hanamaruki Ryoriten Aka Miso 1KG PKT","","__export__.account_tax_4_2705eab1","","4.2","__export__.account_tax_6_cba05c03","0.0","0%","4","0%","1"
"__export__.product_product_19993_d476f4ab","RED LIDS Maggi Seasoning Sauce 6*960g CASE","","__export__.account_tax_4_2705eab1","","31.0","__export__.account_tax_6_cba05c03","0.0","0%","4","0%","1"
"__export__.product_product_21055_0c62e5ff","REUSE","","__export__.account_tax_4_2705eab1","","0.0","__export__.account_tax_6_cba05c03","0.0","0%","4","0%","1"
"__export__.product_product_19539_0fe549cb","RMD Famos Malaysian Curry Powder 10KG BUCKET","","__export__.account_tax_4_2705eab1","","30.85","__export__.account_tax_6_cba05c03","0.0","0%","4","0%","1"
"__export__.product_product_16070_b0431c19","Radicio CASE","","__export__.account_tax_4_2705eab1","","14.0","__export__.account_tax_6_cba05c03","0.0","0%","4","0%","1"
"__export__.product_product_16071_a92c981c","Radicio LOOSE","","__export__.account_tax_4_2705eab1","","2.0","__export__.account_tax_6_cba05c03","0.0","0%","4","0%","1"
"__export__.product_product_16072_e37df6ef","Radish CASE","","__export__.account_tax_4_2705eab1","","14.0","__export__.account_tax_6_cba05c03","0.0","0%","4","0%","1"
"__export__.product_product_16073_5aec3e08","Radish PACKET","","__export__.account_tax_4_2705eab1","","2.0","__export__.account_tax_6_cba05c03","0.0","0%","4","0%","1"
"__export__.product_product_20409_574817d5","Ramen Bowl HD-1000ml CASE","","l10n_generic_coa.1_sale_tax_template","","68.99","l10n_generic_coa.1_purchase_tax_template","23.0","23%","1","23%","1"
"__export__.product_product_20408_501b632d","Ramen Bowl HD-700ml *Base* CASE","","l10n_generic_coa.1_sale_tax_template","","55.5","l10n_generic_coa.1_purchase_tax_template","23.0","23%","1","23%","1"
"__export__.product_product_20407_7394c37d","Ramen Bowl HD-700ml *Lid* CASE","","l10n_generic_coa.1_sale_tax_template","","29.5","l10n_generic_coa.1_purchase_tax_template","23.0","23%","1","23%","1"
"__export__.product_product_19387_d3441c90","Rasberry Box","","__export__.account_tax_4_2705eab1","","0.0","__export__.account_tax_6_cba05c03","0.0","0%","4","0%","1"
"__export__.product_product_16077_9efcb145","Raspberry PUNNET","","__export__.account_tax_4_2705eab1","","3.5","__export__.account_tax_6_cba05c03","0.0","0%","4","0%","1"
"__export__.product_product_16080_208ae987","Red Bean 40*454G CASE","","__export__.account_tax_4_2705eab1","","75.0","__export__.account_tax_6_cba05c03","0.0","0%","4","0%","1"
"__export__.product_product_7986_927a90c8","Red Dragon Palm Sugar 30*500g CASE","","__export__.account_tax_4_2705eab1","","40.0","__export__.account_tax_6_cba05c03","0.0","0%","4","0%","1"
"__export__.product_product_19324_4d4dbf7b","Red Dragon Rice Stick 30*375g 10mm CASE","","__export__.account_tax_4_2705eab1","","49.5","__export__.account_tax_6_cba05c03","0.0","0%","4","0%","1"
"__export__.product_product_18997_2ab6b717","Red Dragon Rice Stick 30*375g 3mm CASE","","__export__.account_tax_4_2705eab1","","50.5","__export__.account_tax_6_cba05c03","0.0","0%","4","0%","1"
"__export__.product_product_18998_52de4a85","Red Dragon Rice Stick 30*375g 5mm Case","","__export__.account_tax_4_2705eab1","","58.0","__export__.account_tax_6_cba05c03","0.0","0%","4","0%","1"
"__export__.product_product_21162_84a833b2","Red Heart Kiwi 8*270g CASE","","__export__.account_tax_4_2705eab1","","30.0","__export__.account_tax_6_cba05c03","0.0","0%","4","0%","1"
"__export__.product_product_20991_2c075dfa","Red Heera Peanut Butter (Smooth) 12*340g CASE","","__export__.account_tax_4_2705eab1","","22.0","__export__.account_tax_6_cba05c03","0.0","0%","4","0%","1"
"__export__.product_product_19355_e862e503","Red Lotus Beancurd Preserved 36*350g CASE","","__export__.account_tax_4_2705eab1","","42.5","__export__.account_tax_6_cba05c03","0.0","0%","4","0%","1"
"__export__.product_product_21235_fe37d8b7","Red Napkin 2000's 8F 40/2ply CASE","","l10n_generic_coa.1_sale_tax_template","","56.95","l10n_generic_coa.1_purchase_tax_template","23.0","23%","1","23%","1"
"__export__.product_product_21559_f5fd1ac1","Red Powder Permicol N9326 Bright 20*500g CASE","","__export__.account_tax_4_2705eab1","","0.0","__export__.account_tax_6_cba05c03","0.0","0%","4","0%","1"
"__export__.product_product_16088_8bfdb6e2","Red Radish 5kg CASE","","__export__.account_tax_4_2705eab1","","12.0","__export__.account_tax_6_cba05c03","0.0","0%","4","0%","1"
"__export__.product_product_16089_4090b27f","Red Vinegar Tung Chun 12*500ml CASE","","__export__.account_tax_4_2705eab1","","28.0","__export__.account_tax_6_cba05c03","0.0","0%","4","0%","1"
"__export__.product_product_16091_9944c9a8","Rice Bean 10*500G CASE","","__export__.account_tax_4_2705eab1","","26.0","__export__.account_tax_6_cba05c03","0.0","0%","4","0%","1"
"__export__.product_product_16093_ca7ef66f","Rice Bean 50*200G CASE","","__export__.account_tax_4_2705eab1","","65.0","__export__.account_tax_6_cba05c03","0.0","0%","4","0%","1"
"__export__.product_product_21146_3434e4d5","Rice Berry 12*1kg CASE","","__export__.account_tax_4_2705eab1","","38.0","__export__.account_tax_6_cba05c03","0.0","0%","4","0%","1"
"__export__.product_product_16095_0eafcfa0","Rice Cake Slice 5*1KG CASE","","__export__.account_tax_4_2705eab1","","35.0","__export__.account_tax_6_cba05c03","0.0","0%","4","0%","1"
"__export__.product_product_22126_bec49695","Rice Cake Sliced 900g*12 CASE","","__export__.account_tax_4_2705eab1","","0.0","__export__.account_tax_6_cba05c03","0.0","0%","4","0%","1"
"__export__.product_product_16101_70246e80","Rice Flour 34*400g CASE","","__export__.account_tax_4_2705eab1","","49.0","__export__.account_tax_6_cba05c03","0.0","0%","4","0%","1"
"__export__.product_product_16104_09bde695","Rice Vermicelli Kongmoon 30*400g CASE","","__export__.account_tax_4_2705eab1","","35.0","__export__.account_tax_6_cba05c03","0.0","0%","4","0%","1"
"__export__.product_product_21331_a312bf57","Roasted Black Sesame 12*1KG CASE","","__export__.account_tax_4_2705eab1","","77.0","__export__.account_tax_6_cba05c03","0.0","0%","4","0%","1"
"__export__.product_product_19562_a9684002","Roasted Black Sesame Seed 10*1kg CASE","","__export__.account_tax_4_2705eab1","","65.0","__export__.account_tax_6_cba05c03","0.0","0%","4","0%","1"
"__export__.product_product_22087_3af5e374","Roasted Salted Peanuts 10kg","","__export__.account_tax_4_2705eab1","","75.0","__export__.account_tax_6_cba05c03","0.0","0%","4","0%","1"
"__export__.product_product_21895_c8ae34f4","Roasted Seaweed(Laver) （31424） 64*20g CASE","","__export__.account_tax_4_2705eab1","","0.0","__export__.account_tax_6_cba05c03","0.0","0%","4","0%","1"
"__export__.product_product_21884_1b86e817","Roasted Seaweed(sushi nori13822) 40*50sht CASE","","__export__.account_tax_4_2705eab1","","235.0","l10n_generic_coa.1_purchase_tax_template","0.0","0%","4","0%","1"
"__export__.product_product_19931_ecce1173","Roasted White Sesame Seed  *Shirakiku *10*1kg CASE","","__export__.account_tax_4_2705eab1","","57.95","__export__.account_tax_6_cba05c03","0.0","0%","4","0%","1"
"__export__.product_product_16112_eac1e61e","Rocket PACKET","","__export__.account_tax_4_2705eab1","","1.8","__export__.account_tax_6_cba05c03","0.0","0%","4","0%","1"
"__export__.product_product_16113_b594d8c6","Rooster 10Kg BAG","","__export__.account_tax_4_2705eab1","","8.5","__export__.account_tax_6_cba05c03","0.0","0%","4","0%","1"
"__export__.product_product_16116_89ff056b","Rosemary PACKET","","__export__.account_tax_4_2705eab1","","2.0","__export__.account_tax_6_cba05c03","0.0","0%","4","0%","1"
"__export__.product_product_20462_2b69a3bd","Rou Song Cake Scallion CASE","","__export__.account_tax_4_2705eab1","","38.5","__export__.account_tax_6_cba05c03","0.0","0%","4","0%","1"
"__export__.product_product_20461_bd7aaca7","Rou Song Cake Spicy CASE","","__export__.account_tax_4_2705eab1","","52.0","__export__.account_tax_6_cba05c03","0.0","0%","4","0%","1"
"__export__.product_product_19153_a21331c2","Royal Orient Sushi Rice 10KG BAG","","__export__.account_tax_4_2705eab1","","21.5","__export__.account_tax_6_cba05c03","0.0","0%","4","0%","1"
"__export__.product_product_22122_e89f8c60","Royal Umbrella Glutinous Rice 18KG BAG","","__export__.account_tax_4_2705eab1","","32.4","__export__.account_tax_6_cba05c03","0.0","0%","4","0%","1"
"__export__.product_product_16120_a42cc703","S&B Assorted 7-chilli Pepper 30*300g CASE","","__export__.account_tax_4_2705eab1","","133.0","__export__.account_tax_6_cba05c03","0.0","0%","4","0%","1"
"__export__.product_product_19933_4e71600a","S&B Dinner Curry Flake 20*1kg CASE","","__export__.account_tax_4_2705eab1","","0.0","__export__.account_tax_6_cba05c03","0.0","0%","4","0%","1"
"__export__.product_product_20774_9ef3d703","S&B Golden Curry Chukara Medium Hot 6*10*220g CASE","","__export__.account_tax_4_2705eab1","","176.5","__export__.account_tax_6_cba05c03","0.0","0%","4","0%","1"
"__export__.product_product_16122_2b5e002c","SAKURA Sushi Rice 10KG BAG","","__export__.account_tax_4_2705eab1","","23.8","__export__.account_tax_6_cba05c03","0.0","0%","4","0%","1"
"__export__.product_product_21360_af0bc4df","SAMYANG Buldak Sauce Hot Chicken 24*200g CASE","","__export__.account_tax_4_2705eab1","","75.5","__export__.account_tax_6_cba05c03","0.0","0%","4","0%","1"
"__export__.product_product_16146_7ad556e6","SANFENG White Sesame Paste 12*454g CASE","","__export__.account_tax_4_2705eab1","","52.0","__export__.account_tax_6_cba05c03","0.0","0%","4","0%","1"
"__export__.product_product_20744_db1200ff","SCEALLOGA Double Crunch 9*9mm 4*2.5kg CASE","","__export__.account_tax_4_2705eab1","","20.5","__export__.account_tax_6_cba05c03","0.0","0%","4","0%","1"
"__export__.product_product_21896_0a245c53","SEMPIO Barley Tea Roasted Grain(07273) 6*(10g*30) CASE","","__export__.account_tax_4_2705eab1","","24.0","__export__.account_tax_6_cba05c03","0.0","0%","4","0%","1"
"__export__.product_product_21467_6bbe6445","SEMPIO Coarse Salt 15*1KG CASE","","__export__.account_tax_4_2705eab1","","54.0","__export__.account_tax_6_cba05c03","0.0","0%","4","0%","1"
"__export__.product_product_21794_1db2d56b","SEMPIO Cripsy Seaweed Snack Original 50G","","__export__.account_tax_4_2705eab1","","3.0","l10n_generic_coa.1_purchase_tax_template","0.0","0%","4","0%","1"
"__export__.product_product_20146_b28959c7","SEMPIO Doenjang Soybean Paste 12*460g CASE","","__export__.account_tax_4_2705eab1","","20.95","__export__.account_tax_6_cba05c03","0.0","0%","4","0%","1"
"__export__.product_product_20498_6301716f","SEMPIO Hot Pepper Powder(Kimchi) 10*1kg CASE","","__export__.account_tax_4_2705eab1","","100.0","__export__.account_tax_6_cba05c03","0.0","0%","4","0%","1"
"__export__.product_product_21919_7c766949","SEMPIO Korean Rice cake Sauce Spicy(28749) 4*(6*150g) CASE","","__export__.account_tax_4_2705eab1","","28.5","__export__.account_tax_6_cba05c03","0.0","0%","4","0%","1"
"__export__.product_product_21920_8ac0032b","SEMPIO Korean Rice cake Sauce Sweet (28750) 4*(6*150g) CASE","","__export__.account_tax_4_2705eab1","","28.5","__export__.account_tax_6_cba05c03","0.0","0%","4","0%","1"
"__export__.product_product_21903_b6cf4d6f","SEMPIO Sea Salt(23664) 5*3KG CASE","","__export__.account_tax_4_2705eab1","","54.0","__export__.account_tax_6_cba05c03","0.0","0%","4","0%","1"
"__export__.product_product_21882_63c1bb99","SEMPIO Seasoned Seaweed(Laver) BBQ(28845) 12*50g CASE","","__export__.account_tax_4_2705eab1","","0.0","l10n_generic_coa.1_purchase_tax_template","0.0","0%","4","0%","1"
"__export__.product_product_21883_0c7c34c2","SEMPIO Seasoned Seaweed(Laver)(33796) 12*(4*20g) CASE","","__export__.account_tax_4_2705eab1","","0.0","__export__.account_tax_6_cba05c03","0.0","0%","4","0%","1"
"__export__.product_product_20500_679a7d8c","SEMPIO Soy Sauce JIN-S 15L DRUM","","__export__.account_tax_4_2705eab1","","32.0","__export__.account_tax_6_cba05c03","0.0","0%","4","0%","1"
"__export__.product_product_21885_4704485c","SEMPIO Soy Sauce Jin Gold F3(01619) 12*860ml CASE","","__export__.account_tax_4_2705eab1","","0.0","l10n_generic_coa.1_purchase_tax_template","0.0","0%","4","0%","1"
"__export__.product_product_21881_695f5ffd","SEMPIO Soy Sauce Jin-s(01274) 12*860ml CASE","","__export__.account_tax_4_2705eab1","","0.0","l10n_generic_coa.1_purchase_tax_template","0.0","0%","4","0%","1"
"__export__.product_product_21880_271352dc","SEMPIO Soy Sauce Jin-s(01437) 6*1.7L CASE","","__export__.account_tax_4_2705eab1","","0.0","l10n_generic_coa.1_purchase_tax_template","0.0","0%","4","0%","1"
"__export__.product_product_21886_f200c634","SEMPIO Soy Sauce Jin-s(24339) 24*500ml CASE","","__export__.account_tax_4_2705eab1","","0.0","l10n_generic_coa.1_purchase_tax_template","0.0","0%","4","0%","1"
"__export__.product_product_20495_0b88dfd0","SEMPIO Soybean Paste 14KG CASE","","__export__.account_tax_4_2705eab1","","26.95","__export__.account_tax_6_cba05c03","0.0","0%","4","0%","1"
"__export__.product_product_21902_dcfeb18a","SEMPIO Soybean Paste in Bottle Ssamjang(34429) 20*500g CASE","","__export__.account_tax_4_2705eab1","","63.0","__export__.account_tax_6_cba05c03","0.0","0%","4","0%","1"
"__export__.product_product_21889_ba9509e7","SEMPIO Soybean Paste in Pack Japanese Style MISO (17677) 24*500g CASE","","__export__.account_tax_4_2705eab1","","63.0","__export__.account_tax_6_cba05c03","0.0","0%","4","0%","1"
"__export__.product_product_21901_865f9c18","SEMPIO Soybean Paste(23663) 8*450g CASE","","__export__.account_tax_4_2705eab1","","63.0","__export__.account_tax_6_cba05c03","0.0","0%","4","0%","1"
"__export__.product_product_22029_3c1cb6d6","SHIRAKIKU Green Masago 12*500g CASE","","__export__.account_tax_4_2705eab1","","119.0","__export__.account_tax_6_cba05c03","0.0","0%","4","0%","1"
"__export__.product_product_20162_edc19fcc","SINGO Pear Korean 3.5KG CASE","","__export__.account_tax_4_2705eab1","","16.5","__export__.account_tax_6_cba05c03","0.0","0%","4","0%","1"
"__export__.product_product_16320_fb3c00ed","SL Berry Rice 16*1KG CASE","","__export__.account_tax_4_2705eab1","","58.5","__export__.account_tax_6_cba05c03","0.0","0%","4","0%","1"
"__export__.product_product_16322_c1840da9","SL Rice Vermicelli Thai 30*400g CASE","","__export__.account_tax_4_2705eab1","","42.0","__export__.account_tax_6_cba05c03","0.0","0%","4","0%","1"
"__export__.product_product_16329_a5ef9e84","SN Bean Paste Hedgehog Bun 24*360g CASE","","__export__.account_tax_4_2705eab1","","47.0","__export__.account_tax_6_cba05c03","0.0","0%","4","0%","1"
"__export__.product_product_19527_5bcaa41a","SN Crisp Roti Milk & Cheese 10*900g CASE","","__export__.account_tax_4_2705eab1","","63.0","__export__.account_tax_6_cba05c03","0.0","0%","4","0%","1"
"__export__.product_product_19525_701964d5","SN Glutinous Rice Ball Mixed Nuts 24*400g CASE","","__export__.account_tax_4_2705eab1","","79.0","__export__.account_tax_6_cba05c03","0.0","0%","4","0%","1"
"__export__.product_product_21198_a118f029","SN Glutinous Rice Ball Sesame 180g PKT","","__export__.account_tax_4_2705eab1","","2.8000000000000003","__export__.account_tax_6_cba05c03","0.0","0%","4","0%","1"
"__export__.product_product_21197_8c3dd87d","SN Glutinous Rice Ball Sesame 24*180g CASE","","__export__.account_tax_4_2705eab1","","38.5","__export__.account_tax_6_cba05c03","0.0","0%","4","0%","1"
"__export__.product_product_19813_1c3568ad","SN Milk Flavor Bun 8*960g CASE","","__export__.account_tax_4_2705eab1","","51.5","__export__.account_tax_6_cba05c03","0.0","0%","4","0%","1"
"__export__.product_product_19526_7741ee5a","SN Sweet Dumplings Jasmine 18*240g CASE","","__export__.account_tax_4_2705eab1","","62.0","__export__.account_tax_6_cba05c03","0.0","0%","4","0%","1"
"__export__.product_product_16345_374852cd","SN Sweet Dumplings Osmanthus 18*240g CASE","","__export__.account_tax_4_2705eab1","","68.0","__export__.account_tax_6_cba05c03","0.0","0%","4","0%","1"
"__export__.product_product_16347_7c34ec80","SN Sweet Dumplings Rose Flavour 18*240g CASE","","__export__.account_tax_4_2705eab1","","68.0","__export__.account_tax_6_cba05c03","0.0","0%","4","0%","1"
"__export__.product_product_16356_d3f5d0ba","SOP Vegetable Oil 20L DRUM","","__export__.account_tax_4_2705eab1","","34.5","__export__.account_tax_6_cba05c03","0.0","0%","4","0%","1"
"__export__.product_product_21754_cbca58f6","SQUID Brand Fish Sauce 3*4500ml CASE","","__export__.account_tax_4_2705eab1","","32.0","__export__.account_tax_6_cba05c03","0.0","0%","4","0%","1"
"__export__.product_product_16372_1f1593e9","SQUID Brand Fish Sauce 725ml*12 CASE","","__export__.account_tax_4_2705eab1","","25.5","__export__.account_tax_6_cba05c03","0.0","0%","4","0%","1"
"__export__.product_product_19744_d62a4ec1","SSP Masago Orange 12*500g CASE","","__export__.account_tax_4_2705eab1","","82.0","__export__.account_tax_6_cba05c03","0.0","0%","4","0%","1"
"__export__.product_product_20615_60fb2eba","ST Beijing Noodles 10*1.36kg CASE","","__export__.account_tax_4_2705eab1","","37.0","__export__.account_tax_6_cba05c03","0.0","0%","4","0%","1"
"__export__.product_product_20777_cbff4f12","ST Hand Mand Amoy Flour Vermicelli 24*300g CASE","","__export__.account_tax_4_2705eab1","","33.5","__export__.account_tax_6_cba05c03","0.0","0%","4","0%","1"
"__export__.product_product_21580_c21360fa","ST Japanese Style UDON 12*4*200g CASE","","__export__.account_tax_4_2705eab1","","0.0","__export__.account_tax_6_cba05c03","0.0","0%","4","0%","1"
"__export__.product_product_22111_c70867d1","ST Japanese Udon Noodle 12's*(3*200g) CASE","","__export__.account_tax_4_2705eab1","","25.0","__export__.account_tax_6_cba05c03","0.0","0%","4","0%","1"
"__export__.product_product_20616_c8bb6cbf","ST Sichuan Spicy Noodles 10*1.6kg CASE","","__export__.account_tax_4_2705eab1","","37.0","l10n_generic_coa.1_purchase_tax_template","0.0","0%","4","0%","1"
"__export__.product_product_19183_d94119fe","ST Sliced Noodle 12*600 CASE","","__export__.account_tax_4_2705eab1","","26.0","__export__.account_tax_6_cba05c03","0.0","0%","4","0%","1"
"__export__.product_product_19194_40a144ab","ST Taiwanese Style Sliced Noodle 12*400g CASE","","__export__.account_tax_4_2705eab1","","32.0","__export__.account_tax_6_cba05c03","0.0","0%","4","0%","1"
"__export__.product_product_19182_be238d64","ST Tan Tan Noodle 12*540g CASE","","__export__.account_tax_4_2705eab1","","26.0","__export__.account_tax_6_cba05c03","0.0","0%","4","0%","1"
"__export__.product_product_21281_4638c7e4","STC Cream Corn 24*404g CASE","","__export__.account_tax_4_2705eab1","","21.0","__export__.account_tax_6_cba05c03","0.0","0%","4","0%","1"
"__export__.product_product_21407_ed1d0913","STC Dried Chilli Crushed 10*1KG CASE","","__export__.account_tax_4_2705eab1","","0.0","__export__.account_tax_6_cba05c03","0.0","0%","4","0%","1"
"__export__.product_product_21399_cd664864","STC Garlic Granules 15*1KG CASE","","__export__.account_tax_4_2705eab1","","79.8","__export__.account_tax_6_cba05c03","0.0","0%","4","0%","1"
"__export__.product_product_21917_3e680fea","SURASANG Hot Sauce in Bottle Kimchi Flavor(20706) 15*230ml CASE","","__export__.account_tax_4_2705eab1","","0.0","__export__.account_tax_6_cba05c03","0.0","0%","4","0%","1"
"__export__.product_product_21916_4aed920b","SURASANG Korean Kimchi Base in Bottle(20602) 15*453g CASE","","__export__.account_tax_4_2705eab1","","35.0","__export__.account_tax_6_cba05c03","0.0","0%","4","0%","1"
"__export__.product_product_16396_b1f0c9ec","SW White Lump Sugar 50*400g CASE","","__export__.account_tax_4_2705eab1","","64.0","__export__.account_tax_6_cba05c03","0.0","0%","4","0%","1"
"__export__.product_product_20598_9a159102","SZR Instant Artificial Beef Flavour Noodles 24*100g CASE","","__export__.account_tax_4_2705eab1","","0.0","__export__.account_tax_6_cba05c03","0.0","0%","4","0%","1"
"__export__.product_product_16121_bec9e85a","Sakura Mix CASE","","__export__.account_tax_4_2705eab1","","14.0","__export__.account_tax_6_cba05c03","0.0","0%","4","0%","1"
"__export__.product_product_20965_caf3de7f","Salad Container 1000cc 200's CASE","","l10n_generic_coa.1_sale_tax_template","","0.0","l10n_generic_coa.1_purchase_tax_template","23.0","23%","1","23%","1"
"__export__.product_product_16123_e1e00a25","Salad Crispy PACKET","","__export__.account_tax_4_2705eab1","","0.0","__export__.account_tax_6_cba05c03","0.0","0%","4","0%","1"
"__export__.product_product_16124_421fc95f","Salad Trio CASE","","__export__.account_tax_4_2705eab1","","16.5","__export__.account_tax_6_cba05c03","0.0","0%","4","0%","1"
"__export__.product_product_16125_3f2f1e5a","Salad Trio LOOSE","","__export__.account_tax_4_2705eab1","","2.0","__export__.account_tax_6_cba05c03","0.0","0%","4","0%","1"
"__export__.product_product_19459_f0a51aad","Salted Black Bean W/Ginger 500g*40 CASE","","__export__.account_tax_4_2705eab1","","75.0","__export__.account_tax_6_cba05c03","0.0","0%","4","0%","1"
"__export__.product_product_16126_618bea06","SamYang 2x Spicy Hot Chicken 8*5*140g CASE","","__export__.account_tax_4_2705eab1","","44.0","__export__.account_tax_6_cba05c03","0.0","0%","4","0%","1"
"__export__.product_product_16127_84f405e2","SamYang Beef&Ham 20*120g CASE","","__export__.account_tax_4_2705eab1","","14.0","__export__.account_tax_6_cba05c03","0.0","0%","4","0%","1"
"__export__.product_product_20908_6776acfd","SamYang Hot Chicken Curry 8*5*140g CASE","","__export__.account_tax_4_2705eab1","","44.0","__export__.account_tax_6_cba05c03","0.0","0%","4","0%","1"
"__export__.product_product_7615_b1a5d70d","SamYang Hot Chicken Ramen Cheese 8*5*140g CASE","","__export__.account_tax_4_2705eab1","","54.5","__export__.account_tax_6_cba05c03","0.0","0%","4","0%","1"
"__export__.product_product_19578_bd1f2ec1","SamYang Hot Chicken Ramen- Carbonara 8*5*130g CASE","","__export__.account_tax_4_2705eab1","","48.5","__export__.account_tax_6_cba05c03","0.0","0%","4","0%","1"
"__export__.product_product_7617_0db6b2d2","SamYang Hot Chicken Spicy 8*5*140g CASE","","__export__.account_tax_4_2705eab1","","39.0","__export__.account_tax_6_cba05c03","0.0","0%","4","0%","1"
"__export__.product_product_20909_a9544a1f","SamYang Hot chicken Kimchi 8*5*135g CASE","","__export__.account_tax_4_2705eab1","","52.0","__export__.account_tax_6_cba05c03","0.0","0%","4","0%","1"
"__export__.product_product_16133_df6b5297","SamYang Kimchi 20*120g CASE","","__export__.account_tax_4_2705eab1","","14.0","","0.0","0%","4","0%","1"
"__export__.product_product_16136_7ce504ad","SamYang Sogogi Myun Beef 20*120g CASE","","__export__.account_tax_4_2705eab1","","14.0","__export__.account_tax_6_cba05c03","0.0","0%","4","0%","1"
"__export__.product_product_16137_3b23a103","SamYang Sutah hot&spicy beef 20*120g CASE","","__export__.account_tax_4_2705eab1","","14.0","","0.0","0%","4","0%","1"
"__export__.product_product_16139_d418492c","SamYang Yukgaejang Hot mush 20*120g CASE","","__export__.account_tax_4_2705eab1","","14.0","__export__.account_tax_6_cba05c03","0.0","0%","4","0%","1"
"__export__.product_product_19754_aaeeeebf","Samyang Bowl 2x Spicy Hot Chicken Ramen 16*120g CASE","","__export__.account_tax_4_2705eab1","","0.0","l10n_generic_coa.1_purchase_tax_template","0.0","0%","4","0%","1"
"__export__.product_product_19753_149f02ac","Samyang Bowl Hot Chicken Ramen 16*120g CASE","","__export__.account_tax_4_2705eab1","","0.0","l10n_generic_coa.1_purchase_tax_template","0.0","0%","4","0%","1"
"__export__.product_product_21941_85874b46","Samyang Carbonara Buldak Hot Sauce 165ML BOTTLE","","__export__.account_tax_4_2705eab1","","3.95","__export__.account_tax_6_cba05c03","0.0","0%","4","0%","1"
"__export__.product_product_19752_d2cbd899","Samyang Chinese Blackbean 20*120g CASE","","__export__.account_tax_4_2705eab1","","0.0","l10n_generic_coa.1_purchase_tax_template","0.0","0%","4","0%","1"
"__export__.product_product_19529_809807d5","San Choi 5kg CASE","","__export__.account_tax_4_2705eab1","","25.0","l10n_generic_coa.1_purchase_tax_template","0.0","0%","4","0%","1"
"__export__.product_product_16141_0cfe12ed","Sand Ginger Powder 50pk*250g CASE","","__export__.account_tax_4_2705eab1","","92.0","__export__.account_tax_6_cba05c03","0.0","0%","4","0%","1"
"__export__.product_product_21669_b9a05e48","Santa Maria Cheddar Cheese Sauce 3*3kg CASE","","__export__.account_tax_4_2705eab1","","55.0","__export__.account_tax_6_cba05c03","0.0","0%","4","0%","1"
"__export__.product_product_21459_ced9f645","Santa Maria Flour Tortillas 12"" 10*10 CASE","","__export__.account_tax_4_2705eab1","","0.0","__export__.account_tax_6_cba05c03","0.0","0%","4","0%","1"
"__export__.product_product_22084_0400b25a","Sanwu Hot Pot Seasoning 32*400g CASE","","__export__.account_tax_4_2705eab1","","112.0","__export__.account_tax_6_cba05c03","0.0","0%","4","0%","1"
"__export__.product_product_22139_ae8f04e9","Sanwu Hot Pot Seasoning 400 PKT","","__export__.account_tax_4_2705eab1","","3.4","__export__.account_tax_6_cba05c03","0.0","0%","4","0%","1"
"__export__.product_product_16151_727234a1","Satco C1000 250's CASE","","l10n_generic_coa.1_sale_tax_template","","46.0","__export__.account_tax_6_cba05c03","23.0","23%","1","23%","1"
"__export__.product_product_16152_4cafb65f","Satco C500 250's CASE","","l10n_generic_coa.1_sale_tax_template","","42.5","l10n_generic_coa.1_purchase_tax_template","23.0","23%","1","23%","1"
"__export__.product_product_16153_056052f1","Satco C650 250's CASE","","l10n_generic_coa.1_sale_tax_template","","49.95","l10n_generic_coa.1_purchase_tax_template","23.0","23%","1","23%","1"
"__export__.product_product_21970_773498a6","Satonoyuki Tofu Firm 48*300g CASE","","__export__.account_tax_4_2705eab1","","59.5","__export__.account_tax_6_cba05c03","0.0","0%","4","0%","1"
"__export__.product_product_16159_9f01d693","Scallion Mexico CASE","","__export__.account_tax_4_2705eab1","","50.0","__export__.account_tax_6_cba05c03","0.0","0%","4","0%","1"
"__export__.product_product_16288_7bd85182","Schweppes Cream Soda 3*(8*330ml) Tin CASE","","l10n_generic_coa.1_sale_tax_template","","22.0","__export__.account_tax_6_cba05c03","23.0","23%","1","23%","1"
"__export__.product_product_20648_1be36e05","Seabass Whole 300-400g 5KG CASE","","__export__.account_tax_4_2705eab1","","45.0","__export__.account_tax_6_cba05c03","0.0","0%","4","0%","1"
"__export__.product_product_21879_832db203","Seasoned Seaweed Less salt(33787) 12*(4*20g) CASE","","__export__.account_tax_4_2705eab1","","0.0","__export__.account_tax_6_cba05c03","0.0","0%","4","0%","1"
"__export__.product_product_16291_3f4d4adf","Seaweed Kelp Strip CASE","","__export__.account_tax_4_2705eab1","","35.0","__export__.account_tax_6_cba05c03","0.0","0%","4","0%","1"
"__export__.product_product_20491_cb120f36","Sempio Korean Glass Noodle 20*450g CASE","","__export__.account_tax_4_2705eab1","","58.5","__export__.account_tax_6_cba05c03","0.0","0%","4","0%","1"
"__export__.product_product_16295_3a78a45f","Shallot BAG","","__export__.account_tax_4_2705eab1","","11.0","__export__.account_tax_6_cba05c03","0.0","0%","4","0%","1"
"__export__.product_product_19976_de12cd87","Shimaya Kombu Dashi Soup Stock 10*(2*500g)  CASE","","__export__.account_tax_4_2705eab1","","135.0","__export__.account_tax_6_cba05c03","0.0","0%","4","0%","1"
"__export__.product_product_16304_0bcf7657","Shimeji Mush Brown CASE(10*150g)","","__export__.account_tax_4_2705eab1","","17.5","__export__.account_tax_6_cba05c03","0.0","0%","4","0%","1"
"__export__.product_product_16307_f831938f","Shimeji Mush White CASE (10*150g)","","__export__.account_tax_4_2705eab1","","23.0","__export__.account_tax_6_cba05c03","0.0","0%","4","0%","1"
"__export__.product_product_20382_6208d894","Shimonita Shirataki Noodle Silk White 30*380g CASE","","__export__.account_tax_4_2705eab1","","48.0","__export__.account_tax_6_cba05c03","0.0","0%","4","0%","1"
"__export__.product_product_20021_375538c4","Shinode Sushi Rice 10Kg BAG","","__export__.account_tax_4_2705eab1","","21.5","__export__.account_tax_6_cba05c03","0.0","0%","4","0%","1"
"__export__.product_product_20551_647fe1f0","Shinshu Shiro Miso 12*350g CASE","","__export__.account_tax_4_2705eab1","","28.0","__export__.account_tax_6_cba05c03","0.0","0%","4","0%","1"
"__export__.product_product_20561_3d263530","Shirakiku Frozen Inariage Tofu Pouches 14*1.1kg CASE","","__export__.account_tax_4_2705eab1","","108.0","__export__.account_tax_6_cba05c03","0.0","0%","4","0%","1"
"__export__.product_product_20533_a06da810","Shirakiku Kimchi Sauce 12*1L CASE","","__export__.account_tax_4_2705eab1","","110.0","__export__.account_tax_6_cba05c03","0.0","0%","4","0%","1"
"__export__.product_product_16310_11ae26e9","Shiso Leaves CASE","","__export__.account_tax_4_2705eab1","","33.0","__export__.account_tax_6_cba05c03","0.0","0%","4","0%","1"
"__export__.product_product_16314_2896fee6","Shred Cabbage Red KG","","__export__.account_tax_4_2705eab1","","1.8","__export__.account_tax_6_cba05c03","0.0","0%","4","0%","1"
"__export__.product_product_16315_37d5975b","Shred Cabbage White KG","","__export__.account_tax_4_2705eab1","","2.6","__export__.account_tax_6_cba05c03","0.0","0%","4","0%","1"
"__export__.product_product_16316_5eaaaf8e","Shred Mixed Veg KG","","__export__.account_tax_4_2705eab1","","3.0","__export__.account_tax_6_cba05c03","0.0","0%","4","0%","1"
"__export__.product_product_21054_0730eccd","Shrimp Dried 15*100g CASE","","__export__.account_tax_4_2705eab1","","0.0","__export__.account_tax_6_cba05c03","0.0","0%","4","0%","1"
"__export__.product_product_21800_81f1830d","Shrimp Dumpling Ha Kau 2.5KG PKT","","__export__.account_tax_4_2705eab1","","24.0","__export__.account_tax_6_cba05c03","0.0","0%","4","0%","1"
"__export__.product_product_21758_a340dab4","Shrimp Dumpling Ha Kau 5*2.5KG CASE","","__export__.account_tax_4_2705eab1","","128.0","__export__.account_tax_6_cba05c03","0.0","0%","4","0%","1"
"__export__.product_product_20713_aba1ebcc","ShuangHui Chicken Sausages 3.5Kg CASE","","__export__.account_tax_4_2705eab1","","48.5","__export__.account_tax_6_cba05c03","0.0","0%","4","0%","1"
"__export__.product_product_20033_d4d88ea8","ShuangHui Pork Sausages (10pkt) CASE","","__export__.account_tax_4_2705eab1","","39.0","__export__.account_tax_6_cba05c03","0.0","0%","4","0%","1"
"__export__.product_product_21807_faf1f03e","Sichuan Wild Peppercorn Green Whole 10*1kg CASE","","__export__.account_tax_4_2705eab1","","198.0","__export__.account_tax_6_cba05c03","0.0","0%","4","0%","1"
"__export__.product_product_16318_3c33b549","Sikwa Luffa CASE","","__export__.account_tax_4_2705eab1","","70.0","__export__.account_tax_6_cba05c03","0.0","0%","4","0%","1"
"__export__.product_product_22034_597e026f","Silky Chicken 10KG CASE","","__export__.account_tax_4_2705eab1","","135.0","__export__.account_tax_6_cba05c03","0.0","0%","4","0%","1"
"__export__.product_product_20250_bb807dfd","Sliced Beef Belly 400g PKT","","__export__.account_tax_4_2705eab1","","6.5","__export__.account_tax_6_cba05c03","0.0","0%","4","0%","1"
"__export__.product_product_21252_32fb26cf","Sliced Lamb 400g (Hot Pot) PKT","","__export__.account_tax_4_2705eab1","","6.5","__export__.account_tax_6_cba05c03","0.0","0%","4","0%","1"
"__export__.product_product_21282_59d1526f","Sliced Pork 400g (Hotpot) PKT","","__export__.account_tax_4_2705eab1","","6.5","__export__.account_tax_6_cba05c03","0.0","0%","4","0%","1"
"__export__.product_product_21644_46eb062b","Small(FC0) Chicken Box 400's CASE","","l10n_generic_coa.1_sale_tax_template","","18.0","__export__.account_tax_6_cba05c03","23.0","23%","1","23%","1"
"__export__.product_product_16328_1521c755","Smiling Fish Fried Mackerels 24*500g CASE","","__export__.account_tax_4_2705eab1","","35.0","__export__.account_tax_6_cba05c03","0.0","0%","4","0%","1"
"__export__.product_product_18914_6b430fe6","Soda Crystals 6*1KG","","l10n_generic_coa.1_sale_tax_template","","15.5","__export__.account_tax_6_cba05c03","23.0","23%","1","23%","1"
"__export__.product_product_19854_37e02e0f","Soft Shell Crabs 6*1kg 12's CASE","","__export__.account_tax_4_2705eab1","","155.0","__export__.account_tax_6_cba05c03","0.0","0%","4","0%","1"
"__export__.product_product_21102_59473814","Solo Garlic CASE","","__export__.account_tax_4_2705eab1","","26.0","__export__.account_tax_6_cba05c03","0.0","0%","4","0%","1"
"__export__.product_product_16359_a25655f7","Soy Bean 5*1KG VIET CASE","","__export__.account_tax_4_2705eab1","","0.0","__export__.account_tax_6_cba05c03","0.0","0%","4","0%","1"
"__export__.product_product_20931_cf1e661d","Soy Milk 380ml PKT","","__export__.account_tax_4_2705eab1","","2.0","__export__.account_tax_6_cba05c03","0.0","0%","4","0%","1"
"__export__.product_product_22010_f16a80a2","Soya Bean 30*500g CASE","","__export__.account_tax_4_2705eab1","","67.5","__export__.account_tax_6_cba05c03","0.0","0%","4","0%","1"
"__export__.product_product_18264_a054511b","Spiced Tofu Rolls 20*325g CASE","","__export__.account_tax_4_2705eab1","","59.5","__export__.account_tax_6_cba05c03","0.0","0%","4","0%","1"
"__export__.product_product_19409_9f500d79","Spiced Tofu Slices 20*325g CASE","","__export__.account_tax_4_2705eab1","","59.5","__export__.account_tax_6_cba05c03","0.0","0%","4","0%","1"
"__export__.product_product_19390_47c7ce98","Spicy Bulgogi Sauce For Pork 12*500g CASE","","__export__.account_tax_4_2705eab1","","0.0","__export__.account_tax_6_cba05c03","0.0","0%","4","0%","1"
"__export__.product_product_18969_511c1423","Spring Home TYJ Spring Roll Pastry 10"" CASE","","__export__.account_tax_4_2705eab1","","62.0","__export__.account_tax_6_cba05c03","0.0","0%","4","0%","1"
"__export__.product_product_18968_4d55bb23","Spring Home TYJ Spring Roll Pastry 8.5"" CASE","","__export__.account_tax_4_2705eab1","","48.0","__export__.account_tax_6_cba05c03","0.0","0%","4","0%","1"
"__export__.product_product_22006_f9c13c85","SpringHome Glutinous Rice Ball Peanut 200g PKT","","__export__.account_tax_4_2705eab1","","2.0","__export__.account_tax_6_cba05c03","0.0","0%","4","0%","1"
"__export__.product_product_22004_95935f2d","SpringHome Glutinous Rice Ball Red Bean 200g PKT","","__export__.account_tax_4_2705eab1","","2.0","__export__.account_tax_6_cba05c03","0.0","0%","4","0%","1"
"__export__.product_product_16369_5b51b6ac","SpringHome Glutinous Rice Ball Seasame 24*200g CASE","","__export__.account_tax_4_2705eab1","","35.0","__export__.account_tax_6_cba05c03","0.0","0%","4","0%","1"
"__export__.product_product_22072_4b75986f","Star Anise **Seeds** 500g PKT","","__export__.account_tax_4_2705eab1","","7.0","__export__.account_tax_6_cba05c03","0.0","0%","4","0%","1"
"__export__.product_product_6902_688c7c2a","Steamed Bao Buns 6*500g CASE","","__export__.account_tax_4_2705eab1","","19.95","__export__.account_tax_6_cba05c03","0.0","0%","4","0%","1"
"__export__.product_product_20226_0de223c6","Stewart No.2 LIDS Heavy Duty 1000pcs CASE","","l10n_generic_coa.1_sale_tax_template","","19.5","l10n_generic_coa.1_purchase_tax_template","23.0","23%","1","23%","1"
"__export__.product_product_16385_782f8d94","Strawberries PUNNUT","","__export__.account_tax_4_2705eab1","","3.95","__export__.account_tax_6_cba05c03","0.0","0%","4","0%","1"
"__export__.product_product_16383_095a2152","Strawberry 8*500g BOX","","__export__.account_tax_4_2705eab1","","25.0","__export__.account_tax_6_cba05c03","0.0","0%","4","0%","1"
"__export__.product_product_16391_a13eda7c","Sugar Heart Fuji Apple 4Kg CASE","","__export__.account_tax_4_2705eab1","","23.0","__export__.account_tax_6_cba05c03","0.0","0%","4","0%","1"
"__export__.product_product_19204_b9b20040","Sunflower Haw Flakes 120*(10*14g) CASE","","l10n_generic_coa.1_sale_tax_template","","82.5","__export__.account_tax_6_cba05c03","23.0","23%","1","23%","1"
"__export__.product_product_19435_963855d8","Sunlight Washing Up Liquid 2*5L CASE","","l10n_generic_coa.1_sale_tax_template","","20.0","l10n_generic_coa.1_purchase_tax_template","23.0","23%","1","23%","1"
"__export__.product_product_21666_423760a8","Sushi Bowl","","l10n_generic_coa.1_sale_tax_template","","50.0","l10n_generic_coa.1_purchase_tax_template","23.0","23%","1","23%","1"
"__export__.product_product_18400_77c811a6","Sushi Ebi 4L 20x225g CASE","","__export__.account_tax_4_2705eab1","","108.0","__export__.account_tax_6_cba05c03","0.0","0%","4","0%","1"
"__export__.product_product_20912_86c2e0c9","Sushi Ebi Tempura 10*300g (10pcs) CASE","","__export__.account_tax_4_2705eab1","","58.5","__export__.account_tax_6_cba05c03","0.0","0%","4","0%","1"
"__export__.product_product_20956_2c5ee4f9","Sushi Ginger (Pink) 10*1.5kg CASE","","__export__.account_tax_4_2705eab1","","32.0","__export__.account_tax_6_cba05c03","0.0","0%","4","0%","1"
"__export__.product_product_20303_8f7bcc5b","Sushi Ginger (Pink) 10x1kg CASE","","__export__.account_tax_4_2705eab1","","36.0","__export__.account_tax_6_cba05c03","0.0","0%","4","0%","1"
"__export__.product_product_20958_23b4437f","Sushi Ginger Shredded (Pink) 10*1.5kg CASE","","__export__.account_tax_4_2705eab1","","28.5","__export__.account_tax_6_cba05c03","0.0","0%","4","0%","1"
"__export__.product_product_19997_436fffe2","Sushi Ginger White 10x1.5kg CASE","","__export__.account_tax_4_2705eab1","","27.5","__export__.account_tax_6_cba05c03","0.0","0%","4","0%","1"
"__export__.product_product_20256_9f4afbc1","Sushi Nori Classic Full 10*50sht(125g) CASE","","__export__.account_tax_4_2705eab1","","65.0","__export__.account_tax_6_cba05c03","0.0","0%","4","0%","1"
"__export__.product_product_21278_a7fa3788","Sushi Nori Gold/Whole 10*130g(50pcs) CASE","","__export__.account_tax_4_2705eab1","","68.0","__export__.account_tax_6_cba05c03","0.0","0%","4","0%","1"
"__export__.product_product_20094_f56fa4be","Sushi TAKO Octopus Topping 20x160g(20pcs) CASE","","__export__.account_tax_4_2705eab1","","135.0","__export__.account_tax_6_cba05c03","0.0","0%","4","0%","1"
"__export__.product_product_19850_e0c7a426","Sushi TAKO Octopus Topping 25*160g(20pcs) CASE","","__export__.account_tax_4_2705eab1","","135.0","__export__.account_tax_6_cba05c03","0.0","0%","4","0%","1"
"__export__.product_product_19864_4a7fbc95","Sushi Topping Ebi 3L 20*165g CASE","","__export__.account_tax_4_2705eab1","","94.0","__export__.account_tax_6_cba05c03","0.0","0%","4","0%","1"
"__export__.product_product_20154_3f813466","Sushi Topping Ebi 3L 20*175g CASE","","__export__.account_tax_4_2705eab1","","95.0","__export__.account_tax_6_cba05c03","0.0","0%","4","0%","1"
"__export__.product_product_20814_7ebd5059","Sushi Topping Ebi 3L 20*180g CASE","","__export__.account_tax_4_2705eab1","","85.0","__export__.account_tax_6_cba05c03","0.0","0%","4","0%","1"
"__export__.product_product_21402_372f2297","Sushi Topping Ebi 3L 20*185g CASE","","__export__.account_tax_4_2705eab1","","85.0","__export__.account_tax_6_cba05c03","0.0","0%","4","0%","1"
"__export__.product_product_21856_9e697b2b","Sushi Topping Mackerel Slice - Shimesaba 40*160g (20pc) CASE","","__export__.account_tax_4_2705eab1","","135.0","__export__.account_tax_6_cba05c03","0.0","0%","4","0%","1"
"__export__.product_product_20067_bf889be2","Sushi Topping Mackerel slices - Shimesaba 25*160g CASE","","__export__.account_tax_4_2705eab1","","119.0","__export__.account_tax_6_cba05c03","0.0","0%","4","0%","1"
"__export__.product_product_19807_fae4db11","Sushi Tray With Lid 400s  PT-0.6 CASE","","l10n_generic_coa.1_sale_tax_template","","56.7","l10n_generic_coa.1_purchase_tax_template","23.0","23%","1","23%","1"
"__export__.product_product_20045_3232f431","Sushi Tray With Lid 400s PT-0.8 CASE","","l10n_generic_coa.1_sale_tax_template","","55.0","l10n_generic_coa.1_purchase_tax_template","23.0","23%","1","23%","1"
"__export__.product_product_20046_ff5589be","Sushi Tray With Lid 400s PT-1.0 CASE","","l10n_generic_coa.1_sale_tax_template","","62.0","l10n_generic_coa.1_purchase_tax_template","23.0","23%","1","23%","1"
"__export__.product_product_20047_ad041491","Sushi Tray With Lid 400s PT-1.5 CASE","","l10n_generic_coa.1_sale_tax_template","","69.99","l10n_generic_coa.1_purchase_tax_template","23.0","23%","1","23%","1"
"__export__.product_product_20049_e91c0fc2","Sushi Tray With Lid 600s PT-0.4 CASE","","l10n_generic_coa.1_sale_tax_template","","54.95","l10n_generic_coa.1_purchase_tax_template","23.0","23%","1","23%","1"
"__export__.product_product_20048_e0cd10b8","Sushi Tray With Lid OP-00 800's CASE","","l10n_generic_coa.1_sale_tax_template","","69.95","l10n_generic_coa.1_purchase_tax_template","23.0","23%","1","23%","1"
"__export__.product_product_22092_ca333e96","Sweet Corn 220g PKT","","__export__.account_tax_4_2705eab1","","1.5","__export__.account_tax_6_cba05c03","0.0","0%","4","0%","1"
"__export__.product_product_22091_792760b7","Sweet Corn 24*220g CASE","","__export__.account_tax_4_2705eab1","","22.0","__export__.account_tax_6_cba05c03","0.0","0%","4","0%","1"
"__export__.product_product_21751_26423fa5","Sweet Corn In Water 12*340g CASE","","__export__.account_tax_4_2705eab1","","9.5","l10n_generic_coa.1_purchase_tax_template","0.0","0%","4","0%","1"
"__export__.product_product_16402_1f4b2077","Sweet Potato Purple/Purple 10 Kg CASE","","__export__.account_tax_4_2705eab1","","27.0","__export__.account_tax_6_cba05c03","0.0","0%","4","0%","1"
"__export__.product_product_16407_fb9873c8","Sweet Potato Red/Orang CASE","","__export__.account_tax_4_2705eab1","","14.0","__export__.account_tax_6_cba05c03","0.0","0%","4","0%","1"
"__export__.product_product_16405_a4c7bce1","Sweet Potato Red/White CASE","","__export__.account_tax_4_2705eab1","","27.5","__export__.account_tax_6_cba05c03","0.0","0%","4","0%","1"
"__export__.product_product_22128_252edbe1","Sweetheart Cabbage CACE","","__export__.account_tax_4_2705eab1","","0.0","__export__.account_tax_6_cba05c03","0.0","0%","4","0%","1"
"__export__.product_product_16409_bcc21142","Szechuan Peppercorn 40*500G CASE","","__export__.account_tax_4_2705eab1","","377.5","__export__.account_tax_6_cba05c03","0.0","0%","4","0%","1"
"__export__.product_product_21636_e5f6265e","T06 Unicurd Tau Kwa 24*220g CASE","","__export__.account_tax_4_2705eab1","","36.0","__export__.account_tax_6_cba05c03","0.0","0%","4","0%","1"
"__export__.product_product_16411_84d73293","T1050 Round container 150's CASE","","l10n_generic_coa.1_sale_tax_template","","34.5","__export__.account_tax_6_cba05c03","23.0","23%","1","23%","1"
"__export__.product_product_22025_fd29cc39","T33 Unicurd Fresh Noodles Hor Fun 12*420g CASE","","__export__.account_tax_4_2705eab1","","28.5","__export__.account_tax_6_cba05c03","0.0","0%","4","0%","1"
"__export__.product_product_21432_87f3fbc9","TASTY BOX C1000 CASE","","l10n_generic_coa.1_sale_tax_template","","39.0","l10n_generic_coa.1_purchase_tax_template","23.0","23%","1","23%","1"
"__export__.product_product_21057_e03daadf","TASTY BOX C500 CASE","","l10n_generic_coa.1_sale_tax_template","","25.0","l10n_generic_coa.1_purchase_tax_template","23.0","23%","1","23%","1"
"__export__.product_product_21058_bc3b95eb","TASTY BOX C650 CASE","","l10n_generic_coa.1_sale_tax_template","","26.0","l10n_generic_coa.1_purchase_tax_template","23.0","23%","1","23%","1"
"__export__.product_product_21431_5a015af4","TASTY BOX C750 CASE","","l10n_generic_coa.1_sale_tax_template","","30.5","l10n_generic_coa.1_purchase_tax_template","23.0","23%","1","23%","1"
"__export__.product_product_20287_0c7dc0c9","TE Imitation Surimi Crab Sticks 20*500g CASE","","__export__.account_tax_4_2705eab1","","62.0","__export__.account_tax_6_cba05c03","0.0","0%","4","0%","1"
"__export__.product_product_19999_645c00ed","TE Soft Shell Crab (whole-cleaned) (hotel) 10x 1kg (14pcs) CASE","","__export__.account_tax_4_2705eab1","","285.0","__export__.account_tax_6_cba05c03","0.0","0%","4","0%","1"
"__export__.product_product_21701_be929d9b","TEST 14P","","l10n_generic_coa.1_sale_tax_template","","0.1","l10n_generic_coa.1_purchase_tax_template","23.0","23%","1","23%","1"
"__export__.product_product_21700_e77f1250","TEST 1P","","l10n_generic_coa.1_sale_tax_template","","0.0","l10n_generic_coa.1_purchase_tax_template","23.0","23%","1","23%","1"
"__export__.product_product_22141_a6c978bc","TEST CONSUMABLE","","","","0.0","l10n_generic_coa.1_purchase_tax_template","","","","","1"
"__export__.product_product_15203_9573286b","TOTOLE Granulated Chicken Flav Seasoning 12*1Kg CASE","","__export__.account_tax_4_2705eab1","","85.0","__export__.account_tax_6_cba05c03","0.0","0%","4","0%","1"
"__export__.product_product_19764_bb35bded","TOTOLE Granulated Chicken Flavour Seasoning 10*1KG CASE","","__export__.account_tax_4_2705eab1","","75.0","__export__.account_tax_6_cba05c03","0.0","0%","4","0%","1"
"__export__.product_product_15201_0e92b7eb","TOTOLE Granulated Mushroom Powder 10*1kg CASE","","__export__.account_tax_4_2705eab1","","75.0","__export__.account_tax_6_cba05c03","0.0","0%","4","0%","1"
"__export__.product_product_19461_7f71d97d","TRITON Curry Powder 2*10KG TIN CASE","","__export__.account_tax_4_2705eab1","","73.5","__export__.account_tax_6_cba05c03","0.0","0%","4","0%","1"
"__export__.product_product_20543_13217308","TRITON Curry Powder 25KG Bag","","__export__.account_tax_4_2705eab1","","70.0","__export__.account_tax_6_cba05c03","0.0","0%","4","0%","1"
"__export__.product_product_15209_f11e9957","TRITON Curry Powder 4*5KG CASE","","__export__.account_tax_4_2705eab1","","75.0","__export__.account_tax_6_cba05c03","0.0","0%","4","0%","1"
"__export__.product_product_5639_154c60f5","TS-8(II)/8 OZ Uniplas 240's CASE","","l10n_generic_coa.1_sale_tax_template","","21.0","__export__.account_tax_6_cba05c03","23.0","23%","1","23%","1"
"__export__.product_product_15223_d958a90a","TW Chi Sheng Brown Sugar 20*300g CASE","","__export__.account_tax_4_2705eab1","","0.0","__export__.account_tax_6_cba05c03","0.0","0%","4","0%","1"
"__export__.product_product_15224_1d7158bb","TW Chi Sheng Coconut Milk Sago 15*300g CASE","","__export__.account_tax_4_2705eab1","","0.0","__export__.account_tax_6_cba05c03","0.0","0%","4","0%","1"
"__export__.product_product_15225_814a75f2","TW Chi Sheng High Gluten Flour 12*500g CASE","","__export__.account_tax_4_2705eab1","","25.5","__export__.account_tax_6_cba05c03","0.0","0%","4","0%","1"
"__export__.product_product_15228_8be004f3","TW Chi Sheng Starch BALLS 12*250g CASE","","__export__.account_tax_4_2705eab1","","0.0","__export__.account_tax_6_cba05c03","0.0","0%","4","0%","1"
"__export__.product_product_15229_e6f7dd5e","TW Chi Sheng Starch BALLS 15*600g CASE","","__export__.account_tax_4_2705eab1","","0.0","__export__.account_tax_6_cba05c03","0.0","0%","4","0%","1"
"__export__.product_product_15233_6e3c2c25","TW FH Peanut soup Drink 24*320g CASE","","__export__.account_tax_4_2705eab1","","32.0","__export__.account_tax_6_cba05c03","0.0","0%","4","0%","1"
"__export__.product_product_15247_9a738828","TW I MEI Original Egg Roll cookies 12*60g","","l10n_generic_coa.1_sale_tax_template","","0.0","__export__.account_tax_6_cba05c03","23.0","23%","1","23%","1"
"__export__.product_product_15256_053531f8","TW I MEI Taipei Egg Crisps Laver 12*66g CASE","","l10n_generic_coa.1_sale_tax_template","","25.0","__export__.account_tax_6_cba05c03","23.0","23%","1","23%","1"
"__export__.product_product_15257_6a2e782a","TW I MEI Taipei Egg Crisps Sesame 12*66g CASE","","l10n_generic_coa.1_sale_tax_template","","25.0","__export__.account_tax_6_cba05c03","23.0","23%","1","23%","1"
"__export__.product_product_22095_b1fd44be","TW I Mei Choco Roll Mixed Berry 12*137g CASE","","l10n_generic_coa.1_sale_tax_template","","0.0","l10n_generic_coa.1_purchase_tax_template","23.0","23%","1","23%","1"
"__export__.product_product_19552_8a90d425","TW NC Crisp Broad Beans Spice 24x160g CASE","","__export__.account_tax_4_2705eab1","","49.0","__export__.account_tax_6_cba05c03","0.0","0%","4","0%","1"
"__export__.product_product_15260_90ea8353","TW NC Soft Flour Cake - Egg 30*227g CASE","","__export__.account_tax_4_2705eab1","","65.0","__export__.account_tax_6_cba05c03","0.0","0%","4","0%","1"
"__export__.product_product_15258_33b0368b","TW NC Soft Flour Cake-Brown Sugar 30*227g CASE","","__export__.account_tax_4_2705eab1","","65.0","__export__.account_tax_6_cba05c03","0.0","0%","4","0%","1"
"__export__.product_product_15261_cd2ce04b","TW NC Soft Flour Cake-Raisin&Sesame 30*227g CASE","","__export__.account_tax_4_2705eab1","","65.0","__export__.account_tax_6_cba05c03","0.0","0%","4","0%","1"
"__export__.product_product_21154_771b80d4","TW QQ Canned Black Rice 24*340g CASE","","__export__.account_tax_4_2705eab1","","31.0","__export__.account_tax_6_cba05c03","0.0","0%","4","0%","1"
"__export__.product_product_18382_d20ac6e0","TW QQ Canned Grass jelly 24*315 CASE","","__export__.account_tax_4_2705eab1","","26.0","__export__.account_tax_6_cba05c03","0.0","0%","4","0%","1"
"__export__.product_product_19719_5cf82c1c","TW QQ Canned Mixed Congee 24*340g CASE","","__export__.account_tax_4_2705eab1","","31.0","__export__.account_tax_6_cba05c03","0.0","0%","4","0%","1"
"__export__.product_product_19720_65b656e3","TW QQ Canned Pear Mik Tea 24*315ml CASE","","__export__.account_tax_4_2705eab1","","0.0","__export__.account_tax_6_cba05c03","0.0","0%","4","0%","1"
"__export__.product_product_15271_7a05c93f","TW QQ Canned peanut soup w/milk 24*320g CASE","","__export__.account_tax_4_2705eab1","","31.0","__export__.account_tax_6_cba05c03","0.0","0%","4","0%","1"
"__export__.product_product_20938_e063f36c","TW Tokimeki Dorayaki Red Bean Creamy 12*165g (3pcs) CASE","","l10n_generic_coa.1_sale_tax_template","","0.0","__export__.account_tax_6_cba05c03","23.0","23%","1","23%","1"
"__export__.product_product_21295_60bcced1","TW Tokimeki Dorayaki Red Bean Fl 12x165g CASE","","__export__.account_tax_4_2705eab1","","0.0","l10n_generic_coa.1_purchase_tax_template","0.0","0%","4","0%","1"
"__export__.product_product_21804_3ee2aec5","TYM Beancurd Strips 24*200g CASE","","__export__.account_tax_4_2705eab1","","22.0","__export__.account_tax_6_cba05c03","0.0","0%","4","0%","1"
"__export__.product_product_21463_21fff639","TYM Chilli Strips 6*1KG CASE","","__export__.account_tax_4_2705eab1","","80.0","__export__.account_tax_6_cba05c03","0.0","0%","4","0%","1"
"__export__.product_product_21803_ea93b2ad","TYM Fried Beancurd Stick - Yellow Soy Bean 36*120g CASE","","__export__.account_tax_4_2705eab1","","22.0","__export__.account_tax_6_cba05c03","0.0","0%","4","0%","1"
"__export__.product_product_21829_3e5e2500","TYM Hot Chilli Powder 30*50g CASE","","__export__.account_tax_4_2705eab1","","23.990000000000002","__export__.account_tax_6_cba05c03","0.0","0%","4","0%","1"
"__export__.product_product_7733_ad54404e","TYM Red Peppercorn 6*1KG CASE","","__export__.account_tax_4_2705eab1","","110.0","__export__.account_tax_6_cba05c03","0.0","0%","4","0%","1"
"__export__.product_product_19060_e866de1a","TYM Szechuan Preserved Vegetable Shredded 24*340g CASE","","__export__.account_tax_4_2705eab1","","29.0","__export__.account_tax_6_cba05c03","0.0","0%","4","0%","1"
"__export__.product_product_20103_01b6e5ce","Takeaway Bottle 15cc 60*100's CASE","","l10n_generic_coa.1_sale_tax_template","","285.0","l10n_generic_coa.1_purchase_tax_template","23.0","23%","1","23%","1"
"__export__.product_product_19827_fb1eba9c","Takeaway Soy Sauce Bento 4*300*7.5ml (No msg) CASE","","__export__.account_tax_4_2705eab1","","55.0","__export__.account_tax_6_cba05c03","0.0","0%","4","0%","1"
"__export__.product_product_19953_5571899a","Takeaway Soy Sauce Container-L 15cc 48*100P CASE","","l10n_generic_coa.1_sale_tax_template","","239.0","l10n_generic_coa.1_purchase_tax_template","23.0","23%","1","23%","1"
"__export__.product_product_19836_3889a61b","Takebashi Sousei 8 Sun Bamboo Chopstick W/B 30*100pcs CASE","","l10n_generic_coa.1_sale_tax_template","","70.5","l10n_generic_coa.1_purchase_tax_template","23.0","23%","1","23%","1"
"__export__.product_product_20905_3552275a","Takoyaki Octopus Ball 10*600g CASE","","__export__.account_tax_4_2705eab1","","45.0","__export__.account_tax_6_cba05c03","0.0","0%","4","0%","1"
"__export__.product_product_19867_c90688cf","Takoyaki Octopus Ball 20*500g CASE","","__export__.account_tax_4_2705eab1","","78.0","__export__.account_tax_6_cba05c03","0.0","0%","4","0%","1"
"__export__.product_product_19857_cd3f0232","Tamago Yaki Japanese Omelette 24*400g CASE","","__export__.account_tax_4_2705eab1","","89.0","__export__.account_tax_6_cba05c03","0.0","0%","4","0%","1"
"__export__.product_product_7644_fbd2a253","Tape Large Brown Bags 250s CASE","","l10n_generic_coa.1_sale_tax_template","","16.5","l10n_generic_coa.1_purchase_tax_template","23.0","23%","1","23%","1"
"__export__.product_product_7758_7566c039","Tape Medium Brown Bags 250's CASE","","l10n_generic_coa.1_sale_tax_template","","14.0","l10n_generic_coa.1_purchase_tax_template","23.0","23%","1","23%","1"
"__export__.product_product_15169_186cf595","Taro CASE","","__export__.account_tax_4_2705eab1","","39.5","__export__.account_tax_6_cba05c03","0.0","0%","4","0%","1"
"__export__.product_product_21195_210d4801","Taro Peeled Big 20*454g CASE","","__export__.account_tax_4_2705eab1","","43.5","__export__.account_tax_6_cba05c03","0.0","0%","4","0%","1"
"__export__.product_product_22008_fcd5a681","Taro Peeled Big 454g PKT","","__export__.account_tax_4_2705eab1","","2.5","__export__.account_tax_6_cba05c03","0.0","0%","4","0%","1"
"__export__.product_product_19289_eeaf4306","Tarragon PKT","","__export__.account_tax_4_2705eab1","","1.8","__export__.account_tax_6_cba05c03","0.0","0%","4","0%","1"
"__export__.product_product_21370_bc63cd0a","Tasty Box 2 OZ CASE","","l10n_generic_coa.1_sale_tax_template","","23.5","l10n_generic_coa.1_purchase_tax_template","23.0","23%","1","23%","1"
"__export__.product_product_15173_0f65de1b","Tender Steam Broccoli CASE","","__export__.account_tax_4_2705eab1","","27.5","__export__.account_tax_6_cba05c03","0.0","0%","4","0%","1"
"__export__.product_product_21588_8dd05598","Tender Steam Broccoli PKT","","__export__.account_tax_4_2705eab1","","3.0","__export__.account_tax_6_cba05c03","0.0","0%","4","0%","1"
"__export__.product_product_20128_0d1a2555","Teppo Bamboo Stick 15cm (Skewer)100*100pcs CASE","","l10n_generic_coa.1_sale_tax_template","","120.0","l10n_generic_coa.1_purchase_tax_template","23.0","23%","1","23%","1"
"__export__.product_product_20192_da31ed46","Teriyaki Sauce 6*2kg CASE","","__export__.account_tax_4_2705eab1","","97.5","__export__.account_tax_6_cba05c03","0.0","0%","4","0%","1"
"__export__.product_product_22132_17a1c557","Testing Product","","__export__.account_tax_4_2705eab1","","0.0","__export__.account_tax_6_cba05c03","0.0","0%","4","0%","1"
"__export__.product_product_21962_00ba2aaf","Thermal Till Roll 80*50mm 20's CASE","","l10n_generic_coa.1_sale_tax_template","","10.0","l10n_generic_coa.1_purchase_tax_template","23.0","23%","1","23%","1"
"__export__.product_product_15176_a1249844","Thermal Till Roll 80*80mm 20's CASE","","l10n_generic_coa.1_sale_tax_template","","16.5","__export__.account_tax_6_cba05c03","23.0","23%","1","23%","1"
"__export__.product_product_15177_de632613","Thyme PACKET","","__export__.account_tax_4_2705eab1","","2.0","__export__.account_tax_6_cba05c03","0.0","0%","4","0%","1"
"__export__.product_product_7831_85ec6062","Tiger No.2 Foil Cont. Super Heavy 1000's CASE","","l10n_generic_coa.1_sale_tax_template","","41.0","__export__.account_tax_6_cba05c03","23.0","23%","1","23%","1"
"__export__.product_product_18305_5b632203","Tiger No.6a Foil Cont. Super Heavy 500ps CASE","","l10n_generic_coa.1_sale_tax_template","","33.0","l10n_generic_coa.1_purchase_tax_template","23.0","23%","1","23%","1"
"__export__.product_product_19069_532d0099","Tiger Sharpening Stone s 8""x2""x1"" 50pcs CASE","","l10n_generic_coa.1_sale_tax_template","","0.0","l10n_generic_coa.1_purchase_tax_template","23.0","23%","1","23%","1"
"__export__.product_product_21312_cf2319a6","Tilapia Fillets Skinless 10*1kg CASE","","__export__.account_tax_4_2705eab1","","57.0","__export__.account_tax_6_cba05c03","0.0","0%","4","0%","1"
"__export__.product_product_6712_c2740224","Tin Lung Fortune Cookie CASE","","__export__.account_tax_4_2705eab1","","23.5","__export__.account_tax_6_cba05c03","0.0","0%","4","0%","1"
"__export__.product_product_21347_4a785c2c","Tissue Paper for Fish CASE","","l10n_generic_coa.1_sale_tax_template","","0.0","l10n_generic_coa.1_purchase_tax_template","23.0","23%","1","23%","1"
"__export__.product_product_20183_fdd6caff","Tobiko Red 12*500g CASE","","__export__.account_tax_4_2705eab1","","189.0","__export__.account_tax_6_cba05c03","0.0","0%","4","0%","1"
"__export__.product_product_20181_dd9545dd","Tobiko Red 500g PKT","","__export__.account_tax_4_2705eab1","","16.5","__export__.account_tax_6_cba05c03","0.0","0%","4","0%","1"
"__export__.product_product_15178_eff357f6","Tofu 500G PUNNUT","","__export__.account_tax_4_2705eab1","","1.5","__export__.account_tax_6_cba05c03","0.0","0%","4","0%","1"
"__export__.product_product_18945_fe5e8a0b","Tofu Catering Bowl 5KG-S","","__export__.account_tax_4_2705eab1","","17.0","__export__.account_tax_6_cba05c03","0.0","0%","4","0%","1"
"__export__.product_product_20932_f762b0dd","Tofu Fried PKT-S","","__export__.account_tax_4_2705eab1","","3.6","__export__.account_tax_6_cba05c03","0.0","0%","4","0%","1"
"__export__.product_product_20670_d6c09dab","Tofu Gan 36p*500g CASE","","__export__.account_tax_4_2705eab1","","102.0","__export__.account_tax_6_cba05c03","0.0","0%","4","0%","1"
"__export__.product_product_20930_76ad695b","Tofu Slice PKT-S","","__export__.account_tax_4_2705eab1","","3.3000000000000003","__export__.account_tax_6_cba05c03","0.0","0%","4","0%","1"
"__export__.product_product_15185_df4fccf8","Toilet Roll 2ply 3*12's BAG","","l10n_generic_coa.1_sale_tax_template","","12.0","__export__.account_tax_6_cba05c03","23.0","23%","1","23%","1"
"__export__.product_product_22114_142a81eb","Tokimeki Biscuit Stick Blueberry Fl 40*40g CASE","","l10n_generic_coa.1_sale_tax_template","","0.0","l10n_generic_coa.1_purchase_tax_template","23.0","23%","1","23%","1"
"__export__.product_product_20444_ec241990","Tokimeki Biscuit Stick Bubble Tea Flavor 40*40g CASE","","l10n_generic_coa.1_sale_tax_template","","0.0","__export__.account_tax_6_cba05c03","23.0","23%","1","23%","1"
"__export__.product_product_20857_4afc732f","Tokimeki Corn Rolls Cheese Flavor 12*98g CASE","","__export__.account_tax_4_2705eab1","","0.0","__export__.account_tax_6_cba05c03","0.0","0%","4","0%","1"
"__export__.product_product_20858_ae770cdf","Tokimeki Corn Rolls Chocolate Flavor 12*90g CASE","","__export__.account_tax_4_2705eab1","","0.0","__export__.account_tax_6_cba05c03","0.0","0%","4","0%","1"
"__export__.product_product_20856_3cb3cffc","Tokimeki Corn Rolls Seaweed Flavor 12*98g CASE","","__export__.account_tax_4_2705eab1","","0.0","__export__.account_tax_6_cba05c03","0.0","0%","4","0%","1"
"__export__.product_product_21130_9062083b","Tokimeki Dorayaki Boba Strawberry 12*165g CASE","","__export__.account_tax_4_2705eab1","","0.0","__export__.account_tax_6_cba05c03","0.0","0%","4","0%","1"
"__export__.product_product_21131_60b62b9d","Tokimeki Dorayaki Boba Taro Fl 12*165g","","__export__.account_tax_4_2705eab1","","0.0","__export__.account_tax_6_cba05c03","0.0","0%","4","0%","1"
"__export__.product_product_20719_05c3d3ea","Tokimeki Fruity Mochi Cranberry Flavor 24*168g CASE","","__export__.account_tax_4_2705eab1","","46.5","__export__.account_tax_6_cba05c03","0.0","0%","4","0%","1"
"__export__.product_product_20699_18c0f4ea","Tokimeki Fruity Mochi Kiwi Flavor 24*168g CASE","","__export__.account_tax_4_2705eab1","","46.5","__export__.account_tax_6_cba05c03","0.0","0%","4","0%","1"
"__export__.product_product_20717_2d9d8a44","Tokimeki Fruity Mochi Lemon Flavor 24*168g CASE","","__export__.account_tax_4_2705eab1","","46.5","__export__.account_tax_6_cba05c03","0.0","0%","4","0%","1"
"__export__.product_product_20718_13ecaac7","Tokimeki Fruity Mochi White Peach Flavor 24*168g CASE","","__export__.account_tax_4_2705eab1","","46.5","__export__.account_tax_6_cba05c03","0.0","0%","4","0%","1"
"__export__.product_product_20940_424afaf4","Tokimeki Millet Crisps Five Spices 20*90g CASE","","l10n_generic_coa.1_sale_tax_template","","0.0","__export__.account_tax_6_cba05c03","23.0","23%","1","23%","1"
"__export__.product_product_20959_0a35df95","Tokimeki Mini Mochi Mango 24*80g CASE","","l10n_generic_coa.1_sale_tax_template","","0.0","__export__.account_tax_6_cba05c03","23.0","23%","1","23%","1"
"__export__.product_product_20960_d2c4c730","Tokimeki Mix Mochi (Boba, Matcha, Brown sugar) 12*510g CASE","","l10n_generic_coa.1_sale_tax_template","","0.0","__export__.account_tax_6_cba05c03","23.0","23%","1","23%","1"
"__export__.product_product_20766_d32fb3f6","Tokimeki Mochi Green Tea Flavor 24*210g CASAE","","__export__.account_tax_4_2705eab1","","46.5","__export__.account_tax_6_cba05c03","0.0","0%","4","0%","1"
"__export__.product_product_20721_9e7855f0","Tokimeki Mochi Peanut Flavor 24*210g CASE","","__export__.account_tax_4_2705eab1","","46.5","__export__.account_tax_6_cba05c03","0.0","0%","4","0%","1"
"__export__.product_product_20720_8577208d","Tokimeki Mochi Red Bean Flavor 24*210g CASE","","__export__.account_tax_4_2705eab1","","46.5","__export__.account_tax_6_cba05c03","0.0","0%","4","0%","1"
"__export__.product_product_20723_3b50f092","Tokimeki Mochi Sesame Flavor 24*210g CASE","","__export__.account_tax_4_2705eab1","","46.5","__export__.account_tax_6_cba05c03","0.0","0%","4","0%","1"
"__export__.product_product_21307_f73e2922","Tokimeki Panda Biscuit Milk Tea Fl. 24*40g CASE","","l10n_generic_coa.1_sale_tax_template","","0.0","__export__.account_tax_6_cba05c03","23.0","23%","1","23%","1"
"__export__.product_product_20961_8fdf8f7a","Tokimeki Potato Fries 20*50g CASE","","l10n_generic_coa.1_sale_tax_template","","0.0","__export__.account_tax_6_cba05c03","23.0","23%","1","23%","1"
"__export__.product_product_21072_e5480652","Tokimeki Potato Fries Sichuan Spicy Flavor 20*50g CASE","","l10n_generic_coa.1_sale_tax_template","","0.0","__export__.account_tax_6_cba05c03","23.0","23%","1","23%","1"
"__export__.product_product_19975_e0c85f9e","Tokusen Shirokoshi Miso 20kg CASE","","__export__.account_tax_4_2705eab1","","41.5","__export__.account_tax_6_cba05c03","0.0","0%","4","0%","1"
"__export__.product_product_15187_3258e11a","Tomato Beef CASE","","__export__.account_tax_4_2705eab1","","22.5","__export__.account_tax_6_cba05c03","0.0","0%","4","0%","1"
"__export__.product_product_15196_5c4aad10","Tomato Paste ZANAE 12*860g CASE","","__export__.account_tax_4_2705eab1","","37.0","__export__.account_tax_6_cba05c03","0.0","0%","4","0%","1"
"__export__.product_product_15198_d6d2d533","Tonghao CASE","","__export__.account_tax_4_2705eab1","","30.0","__export__.account_tax_6_cba05c03","0.0","0%","4","0%","1"
"__export__.product_product_15200_2efad8e9","Tongkwa KG","","__export__.account_tax_4_2705eab1","","2.4","__export__.account_tax_6_cba05c03","0.0","0%","4","0%","1"
"__export__.product_product_21806_832ee59a","Totole Granulated Chicken Flavour Seasoning 20*454g CASE","","__export__.account_tax_4_2705eab1","","0.0","__export__.account_tax_6_cba05c03","0.0","0%","4","0%","1"
"__export__.product_product_15206_67933e7d","Transport PALLET","","l10n_generic_coa.1_sale_tax_template","","160.0","__export__.account_tax_6_cba05c03","23.0","23%","1","23%","1"
"__export__.product_product_19543_39941a35","Tsingtao Samosa 10*60's CASE","","__export__.account_tax_4_2705eab1","","24.0","__export__.account_tax_6_cba05c03","0.0","0%","4","0%","1"
"__export__.product_product_20821_dc20380c","Turmeric Powder 10*400g CASE","","__export__.account_tax_4_2705eab1","","35.0","__export__.account_tax_6_cba05c03","0.0","0%","4","0%","1"
"__export__.product_product_19276_c534b015","Turmeric Powder 20*1Kg CASE","","__export__.account_tax_4_2705eab1","","60.0","__export__.account_tax_6_cba05c03","0.0","0%","4","0%","1"
"__export__.product_product_15216_efcfccf8","Turnip LOOSE","","__export__.account_tax_4_2705eab1","","0.0","__export__.account_tax_6_cba05c03","0.0","0%","4","0%","1"
"__export__.product_product_19329_4ea4ec2f","Twisted Brown Kraft (L) 250's CASE","","l10n_generic_coa.1_sale_tax_template","","31.0","l10n_generic_coa.1_purchase_tax_template","23.0","23%","1","23%","1"
"__export__.product_product_19305_1bd30bb6","Twisted Brown Kraft (M) 250's CASE","","l10n_generic_coa.1_sale_tax_template","","29.0","l10n_generic_coa.1_purchase_tax_template","23.0","23%","1","23%","1"
"__export__.product_product_19328_c6656ea7","Twisted White Kraft (L) 250's CASE","","l10n_generic_coa.1_sale_tax_template","","36.0","l10n_generic_coa.1_purchase_tax_template","23.0","23%","1","23%","1"
"__export__.product_product_21279_925d8010","UCHIBORI Rice Vinegar 20L","","__export__.account_tax_4_2705eab1","","27.5","__export__.account_tax_6_cba05c03","0.0","0%","4","0%","1"
"__export__.product_product_18283_ccc724be","UT 12'S BAMBOO HANDLE STRAINER BRASS","","l10n_generic_coa.1_sale_tax_template","","0.5","l10n_generic_coa.1_purchase_tax_template","23.0","23%","1","23%","1"
"__export__.product_product_18282_bbd2e990","UT S/S SPIDER SKIMMER 6'S","","l10n_generic_coa.1_sale_tax_template","","0.5","l10n_generic_coa.1_purchase_tax_template","23.0","23%","1","23%","1"
"__export__.product_product_19625_7df76e86","Ukraine Potato Starch 25Kg BAG","","__export__.account_tax_4_2705eab1","","38.0","__export__.account_tax_6_cba05c03","0.0","0%","4","0%","1"
"__export__.product_product_20479_054bdc9f","Unif Green Tea 15*500ml CASE","","l10n_generic_coa.1_sale_tax_template","","18.0","__export__.account_tax_6_cba05c03","23.0","23%","1","23%","1"
"__export__.product_product_21638_e0d68f4f","VIFON Noodle Pack Mi Ky 10*950g CASE","","__export__.account_tax_4_2705eab1","","48.5","__export__.account_tax_6_cba05c03","0.0","0%","4","0%","1"
"__export__.product_product_15803_372f1678","VIP 1 BOX 450ml 210's CASE","","l10n_generic_coa.1_sale_tax_template","","31.0","l10n_generic_coa.1_purchase_tax_template","23.0","23%","1","23%","1"
"__export__.product_product_21731_8a20ac29","VIP 2 BOX 180's CASE","","l10n_generic_coa.1_sale_tax_template","","19.5","l10n_generic_coa.1_purchase_tax_template","23.0","23%","1","23%","1"
"__export__.product_product_15806_871d43b7","VIP 3 BOX 1100ml 150's CASE","","l10n_generic_coa.1_sale_tax_template","","22.0","l10n_generic_coa.1_purchase_tax_template","23.0","23%","1","23%","1"
"__export__.product_product_21022_237b085c","VIP 4 BOX 1900ml 100's CASE","","l10n_generic_coa.1_sale_tax_template","","19.0","__export__.account_tax_6_cba05c03","23.0","23%","1","23%","1"
"__export__.product_product_20789_75923df9","Vaccum Steamed Purple Potato 12*200g CASE","","__export__.account_tax_4_2705eab1","","19.5","__export__.account_tax_6_cba05c03","0.0","0%","4","0%","1"
"__export__.product_product_21085_c2ecafd0","Vacuum Waxy Corn (200g*10p) *4 bags CASE","","__export__.account_tax_4_2705eab1","","41.0","__export__.account_tax_6_cba05c03","0.0","0%","4","0%","1"
"__export__.product_product_6993_52040dc2","Vannamei Shrimps 30/40 Prawn Head On Shell On 6*2KG CASE","","__export__.account_tax_4_2705eab1","","85.0","__export__.account_tax_6_cba05c03","0.0","0%","4","0%","1"
"__export__.product_product_19350_7a564db4","Veal With Sauce 90g*24 CASE","","__export__.account_tax_4_2705eab1","","87.0","__export__.account_tax_6_cba05c03","0.0","0%","4","0%","1"
"__export__.product_product_19629_8327602e","Vimal Potato Starch 25Kg BAG","","__export__.account_tax_4_2705eab1","","38.0","__export__.account_tax_6_cba05c03","0.0","0%","4","0%","1"
"__export__.product_product_5802_a8d19e44","Vine Cherry Tomato CASE","","__export__.account_tax_4_2705eab1","","14.5","__export__.account_tax_6_cba05c03","0.0","0%","4","0%","1"
"__export__.product_product_15197_a3bf6921","Vine Tomato CASE","","__export__.account_tax_4_2705eab1","","12.5","__export__.account_tax_6_cba05c03","0.0","0%","4","0%","1"
"__export__.product_product_19650_dd23d798","Vinyl Gloves L-Size10*100's CASE","","l10n_generic_coa.1_sale_tax_template","","29.5","l10n_generic_coa.1_purchase_tax_template","23.0","23%","1","23%","1"
"__export__.product_product_20400_92e691fb","Vinyl Gloves M-Size10*100's CASE","","l10n_generic_coa.1_sale_tax_template","","29.5","l10n_generic_coa.1_purchase_tax_template","23.0","23%","1","23%","1"
"__export__.product_product_22105_f223bd9a","Vita Ya Shi Xiang Lemon Tea Drink 2*4*6*250ml CASE","","l10n_generic_coa.1_sale_tax_template","","0.0","l10n_generic_coa.1_purchase_tax_template","23.0","23%","1","23%","1"
"__export__.product_product_15814_8922fdca","Vitasoy Original Soy Drink 2*4*6*250ml CASE","","__export__.account_tax_4_2705eab1","","0.0","__export__.account_tax_6_cba05c03","0.0","0%","4","0%","1"
"__export__.product_product_21253_3f13df51","Vlevy Shoulder Ham 5Kg TIN","","__export__.account_tax_4_2705eab1","","25.5","__export__.account_tax_6_cba05c03","0.0","0%","4","0%","1"
"__export__.product_product_20115_e8c84b6a","Volvic Mineral Still Water 12*1.5L","","__export__.account_tax_4_2705eab1","","0.0","__export__.account_tax_6_cba05c03","0.0","0%","4","0%","1"
"__export__.product_product_19576_04875518","W90 Pot Scourers 15pkt*10's CASE","","l10n_generic_coa.1_sale_tax_template","","105.0","l10n_generic_coa.1_purchase_tax_template","23.0","23%","1","23%","1"
"__export__.product_product_21891_64dc89a0","WANG Batter Mix for Fry Chicken(13356) 5*2kg","","__export__.account_tax_4_2705eab1","","38.0","__export__.account_tax_6_cba05c03","0.0","0%","4","0%","1"
"__export__.product_product_21449_2c6416e8","WANG Kr Dried Seaweed 25*100g CASE","","__export__.account_tax_4_2705eab1","","60.0","l10n_generic_coa.1_purchase_tax_template","0.0","0%","4","0%","1"
"__export__.product_product_21454_6c3132cd","WANG Kr Style Rice Slice 12*(4*150g) CASE","","__export__.account_tax_4_2705eab1","","30.0","l10n_generic_coa.1_purchase_tax_template","0.0","0%","4","0%","1"
"__export__.product_product_21455_b80b2996","WANG Rice Stick 12*(4*150g) CASE","","__export__.account_tax_4_2705eab1","","30.0","__export__.account_tax_6_cba05c03","0.0","0%","4","0%","1"
"__export__.product_product_21433_01015db6","WANG Seasoned Seaweed 24pk*(3*4g) CASE","","__export__.account_tax_4_2705eab1","","32.0","__export__.account_tax_6_cba05c03","0.0","0%","4","0%","1"
"__export__.product_product_21914_30e9743f","WANG korean Style Chilli Sauce For Chicken Mild(13358) 5*2kg CASE","","__export__.account_tax_4_2705eab1","","39.0","__export__.account_tax_6_cba05c03","0.0","0%","4","0%","1"
"__export__.product_product_21915_e27cf3c3","WANG sweet Garlic Soy Sauce For Chicken(13359) 5*2kg CASE","","__export__.account_tax_4_2705eab1","","40.0","__export__.account_tax_6_cba05c03","0.0","0%","4","0%","1"
"__export__.product_product_21031_3c911a0e","WFY Tapioca Pearl Topping (Golden) 36*250g CASE","","__export__.account_tax_4_2705eab1","","78.5","__export__.account_tax_6_cba05c03","0.0","0%","4","0%","1"
"__export__.product_product_21157_07acdcb9","WFY Tapioca Pearl Topping (Green Tea) 36*250g CASE","","__export__.account_tax_4_2705eab1","","78.5","l10n_generic_coa.1_purchase_tax_template","0.0","0%","4","0%","1"
"__export__.product_product_21032_78aff54d","WFY Tapioca Pearl Topping (Lychee) 36*250g CASE","","__export__.account_tax_4_2705eab1","","78.5","__export__.account_tax_6_cba05c03","0.0","0%","4","0%","1"
"__export__.product_product_21791_e434b81a","WHH Mixed Congee 12*360g CASE","","__export__.account_tax_4_2705eab1","","19.0","__export__.account_tax_6_cba05c03","0.0","0%","4","0%","1"
"__export__.product_product_20668_9e2ff533","WJ Crisp Mustard Tuber 12*300g CASE","","__export__.account_tax_4_2705eab1","","10.0","l10n_generic_coa.1_purchase_tax_template","0.0","0%","4","0%","1"
"__export__.product_product_19761_d9b1366e","WJ Fragrant Radish 100*60g CASE","","__export__.account_tax_4_2705eab1","","31.5","__export__.account_tax_6_cba05c03","0.0","0%","4","0%","1"
"__export__.product_product_19758_70973686","WJ Light Flavour Mustard Tuber 100*80g CASE","","__export__.account_tax_4_2705eab1","","37.0","__export__.account_tax_6_cba05c03","0.0","0%","4","0%","1"
"__export__.product_product_19759_bda08b20","WJ Sauce Flavour Mustard Tuber 100*80g CASE","","__export__.account_tax_4_2705eab1","","37.0","__export__.account_tax_6_cba05c03","0.0","0%","4","0%","1"
"__export__.product_product_19757_1f16217d","WJ Spicy and Tart Flavour Mustard Tuber 100*80g CASE","","__export__.account_tax_4_2705eab1","","39.0","__export__.account_tax_6_cba05c03","0.0","0%","4","0%","1"
"__export__.product_product_19760_44450db2","WJ Tasty Radish 100*60g CASE","","__export__.account_tax_4_2705eab1","","29.5","__export__.account_tax_6_cba05c03","0.0","0%","4","0%","1"
"__export__.product_product_19985_e24b7a4d","WP Dashi Kombu-K 4oz 24/113.4g CASE","","__export__.account_tax_4_2705eab1","","89.0","__export__.account_tax_6_cba05c03","0.0","0%","4","0%","1"
"__export__.product_product_18875_3544d5ec","WP Fueru Wakame Dried Seaweed 6*453g CASE","","__export__.account_tax_4_2705eab1","","85.0","__export__.account_tax_6_cba05c03","0.0","0%","4","0%","1"
"__export__.product_product_19187_9da63b64","WR Candy 96*108g CASE","","l10n_generic_coa.1_sale_tax_template","","130.5","__export__.account_tax_6_cba05c03","23.0","23%","1","23%","1"
"__export__.product_product_13856_02c77dfd","WSY 13 Spices 100*45g CASE","","__export__.account_tax_4_2705eab1","","73.0","__export__.account_tax_6_cba05c03","0.0","0%","4","0%","1"
"__export__.product_product_20687_338d9c06","WW Fruity Juice Drink Grape 24*100ml CASE","","__export__.account_tax_4_2705eab1","","0.0","__export__.account_tax_6_cba05c03","0.0","0%","4","0%","1"
"__export__.product_product_20676_8036f195","WW Fruity Juice Drink Peach 24*300ml CASE","","l10n_generic_coa.1_sale_tax_template","","0.0","__export__.account_tax_6_cba05c03","23.0","23%","1","23%","1"
"__export__.product_product_19815_34f7e1a9","WW Got Rice Wasabi Fla 4*10*85g CASE","","l10n_generic_coa.1_sale_tax_template","","62.0","__export__.account_tax_6_cba05c03","23.0","23%","1","23%","1"
"__export__.product_product_20778_efb3aae4","WW Milk Drink 3*20*125ml CASE","","__export__.account_tax_4_2705eab1","","42.0","__export__.account_tax_6_cba05c03","0.0","0%","4","0%","1"
"__export__.product_product_21934_33f189ed","WW Milk Drink 4*12*245ml CASE","","__export__.account_tax_4_2705eab1","","65.0","__export__.account_tax_6_cba05c03","0.0","0%","4","0%","1"
"__export__.product_product_20131_e9afafe6","WW Rice Crackers All Blessed Box 20*50g CASE","","__export__.account_tax_4_2705eab1","","0.0","l10n_generic_coa.1_purchase_tax_template","0.0","0%","4","0%","1"
"__export__.product_product_13860_1bad32dd","WW Senbei Cracker FlowerShape Sheely 5*350g CASE","","l10n_generic_coa.1_sale_tax_template","","0.0","__export__.account_tax_6_cba05c03","23.0","23%","1","23%","1"
"__export__.product_product_19814_87d073c9","WW Shelly SENBEI Strawberry Fla10*117g CASE","","l10n_generic_coa.1_sale_tax_template","","27.5","__export__.account_tax_6_cba05c03","23.0","23%","1","23%","1"
"__export__.product_product_13867_24c83968","WZH 100%Pure Sesame Paste 30*225g CASE","","__export__.account_tax_4_2705eab1","","50.0","__export__.account_tax_6_cba05c03","0.0","0%","4","0%","1"
"__export__.product_product_21186_4f224b84","WZH Bean Curd Traditional 24*250g CASE","","__export__.account_tax_4_2705eab1","","39.0","__export__.account_tax_6_cba05c03","0.0","0%","4","0%","1"
"__export__.product_product_19055_8d152e39","WZH Blended Sesame Paste 30*225g CASE","","__export__.account_tax_4_2705eab1","","47.0","__export__.account_tax_6_cba05c03","0.0","0%","4","0%","1"
"__export__.product_product_13865_0210754d","WZH Fermented Soybean Curd 30*340g CASE","","__export__.account_tax_4_2705eab1","","57.5","__export__.account_tax_6_cba05c03","0.0","0%","4","0%","1"
"__export__.product_product_21423_79cdc07b","Wai Wai Rice Vermicelli 6*3kg CASE","","__export__.account_tax_4_2705eab1","","49.95","__export__.account_tax_6_cba05c03","0.0","0%","4","0%","1"
"__export__.product_product_22135_ded27c43","Wai Wai Rice Vermicelli Oriental Style 400g*30 CASE","","__export__.account_tax_4_2705eab1","","0.0","__export__.account_tax_6_cba05c03","0.0","0%","4","0%","1"
"__export__.product_product_19801_a299f193","Wanderfort Ham Sausage 15x270g (9's) CASE","","__export__.account_tax_4_2705eab1","","55.95","__export__.account_tax_6_cba05c03","0.0","0%","4","0%","1"
"__export__.product_product_20781_bcd44761","Wanderfort Marinated Duck Neck Spicy 20*105g CASE","","__export__.account_tax_4_2705eab1","","62.0","__export__.account_tax_6_cba05c03","0.0","0%","4","0%","1"
"__export__.product_product_20782_f02bbc47","Wanderfort Marinated Duck Wing Spicy 20*105g CASE","","__export__.account_tax_4_2705eab1","","62.0","__export__.account_tax_6_cba05c03","0.0","0%","4","0%","1"
"__export__.product_product_21438_af3c5c8b","Wang Dried Noodle Chajang 12*1.36kg CASE","","__export__.account_tax_4_2705eab1","","48.0","l10n_generic_coa.1_purchase_tax_template","0.0","0%","4","0%","1"
"__export__.product_product_21437_b550c8f2","Wang Dried Noodle Chajang 24*453g CASE","","__export__.account_tax_4_2705eab1","","35.0","l10n_generic_coa.1_purchase_tax_template","0.0","0%","4","0%","1"
"__export__.product_product_21441_c06a6f56","Wang Dried Noodle Kal Kuksoo 12*1.36kg CASE","","__export__.account_tax_4_2705eab1","","48.0","l10n_generic_coa.1_purchase_tax_template","0.0","0%","4","0%","1"
"__export__.product_product_21439_c222819a","Wang Dried Noodle Mak kuksoo Thin round 24*453g CASE","","__export__.account_tax_4_2705eab1","","35.0","l10n_generic_coa.1_purchase_tax_template","0.0","0%","4","0%","1"
"__export__.product_product_21436_98b6c9c7","Wang Dried Noodle UDON 12*1.36kg CASE","","__export__.account_tax_4_2705eab1","","48.0","__export__.account_tax_6_cba05c03","0.0","0%","4","0%","1"
"__export__.product_product_21440_0e308e2e","Wang Dried Noodle mak kuksoo ,thin round 12*1.36kg CASE","","__export__.account_tax_4_2705eab1","","45.0","l10n_generic_coa.1_purchase_tax_template","0.0","0%","4","0%","1"
"__export__.product_product_15832_be787c59","Washing Up Liquid Fairy 2*5L CASE","","l10n_generic_coa.1_sale_tax_template","","32.5","l10n_generic_coa.1_purchase_tax_template","23.0","23%","1","23%","1"
"__export__.product_product_15834_c433a790","Water 24*500ml case","","l10n_generic_coa.1_sale_tax_template","","5.5","l10n_generic_coa.1_purchase_tax_template","23.0","23%","1","23%","1"
"__export__.product_product_18276_7d0910c4","Water Chestnut Slice 3kg TIN","","__export__.account_tax_4_2705eab1","","6.5","__export__.account_tax_6_cba05c03","0.0","0%","4","0%","1"
"__export__.product_product_15839_a68e02ce","Water Chestnut Slice 6*3000g CASE","","__export__.account_tax_4_2705eab1","","28.5","__export__.account_tax_6_cba05c03","0.0","0%","4","0%","1"
"__export__.product_product_21310_fd974a4d","Water Chestnuts WHOLE 24*567g CASE","","__export__.account_tax_4_2705eab1","","32.0","__export__.account_tax_6_cba05c03","0.0","0%","4","0%","1"
"__export__.product_product_15842_1d706029","Water Melon kg","","__export__.account_tax_4_2705eab1","","1.6500000000000001","__export__.account_tax_6_cba05c03","0.0","0%","4","0%","1"
"__export__.product_product_21500_1dbb9ef8","Water Oats 20*400g CASE","","__export__.account_tax_4_2705eab1","","52.0","__export__.account_tax_6_cba05c03","0.0","0%","4","0%","1"
"__export__.product_product_15851_4f6943c9","Waxberry CASE","","__export__.account_tax_4_2705eab1","","245.0","__export__.account_tax_6_cba05c03","0.0","0%","4","0%","1"
"__export__.product_product_15853_8565f4cc","Wheatsun Beijing Noodles 10*1.82kg CASE","","__export__.account_tax_4_2705eab1","","42.0","__export__.account_tax_6_cba05c03","0.0","0%","4","0%","1"
"__export__.product_product_15854_769a9ae8","Wheatsun Ching Tin Noodles 4*4kg CASE","","__export__.account_tax_4_2705eab1","","0.0","__export__.account_tax_6_cba05c03","0.0","0%","4","0%","1"
"__export__.product_product_19169_45a8d1a2","Wheatsun Core Noodles 12*1kg CASE","","__export__.account_tax_4_2705eab1","","36.5","__export__.account_tax_6_cba05c03","0.0","0%","4","0%","1"
"__export__.product_product_15858_2b00db39","Wheatsun Fresh Noodle Chongqing 200g PUNNET","","__export__.account_tax_4_2705eab1","","2.5","__export__.account_tax_6_cba05c03","0.0","0%","4","0%","1"
"__export__.product_product_15859_750e67ba","Wheatsun Fresh Noodle Chongqing 40*200g CASE","","__export__.account_tax_4_2705eab1","","45.5","__export__.account_tax_6_cba05c03","0.0","0%","4","0%","1"
"__export__.product_product_15860_42e8a8d7","Wheatsun Fresh Noodle Dao Qie 20*400g CASE","","__export__.account_tax_4_2705eab1","","43.5","__export__.account_tax_6_cba05c03","0.0","0%","4","0%","1"
"__export__.product_product_15876_27e4d0a3","Wheatsun Henan Noodles 10*1.82kg CASE","","__export__.account_tax_4_2705eab1","","42.0","__export__.account_tax_6_cba05c03","0.0","0%","4","0%","1"
"__export__.product_product_15877_7ae43d9b","Wheatsun Jianshui Noodles 10*2kg CASE","","__export__.account_tax_4_2705eab1","","0.0","__export__.account_tax_6_cba05c03","0.0","0%","4","0%","1"
"__export__.product_product_15878_fa7285ee","Wheatsun Lanzhou Noodles 10*1.82kg CASE","","__export__.account_tax_4_2705eab1","","42.0","__export__.account_tax_6_cba05c03","0.0","0%","4","0%","1"
"__export__.product_product_18813_14f383ef","Wheatsun Shandong Ramen Noodles 10*1.82kg CASE","","__export__.account_tax_4_2705eab1","","42.0","__export__.account_tax_6_cba05c03","0.0","0%","4","0%","1"
"__export__.product_product_15880_0834badf","Wheatsun Shanghai Noodles 10*1.82kg CASE","","__export__.account_tax_4_2705eab1","","42.0","__export__.account_tax_6_cba05c03","0.0","0%","4","0%","1"
"__export__.product_product_15882_2d003887","Wheatsun Shanxi Noodles 1.82kg PKT","","__export__.account_tax_4_2705eab1","","5.5","__export__.account_tax_6_cba05c03","0.0","0%","4","0%","1"
"__export__.product_product_15883_0291f2f8","Wheatsun Shanxi Noodles 10*1.82kg CASE","","__export__.account_tax_4_2705eab1","","42.0","__export__.account_tax_6_cba05c03","0.0","0%","4","0%","1"
"__export__.product_product_15885_2d8228f6","Wheatsun Sichuan Dan Dan Noodles 10*1.82kg CASE","","__export__.account_tax_4_2705eab1","","42.0","__export__.account_tax_6_cba05c03","0.0","0%","4","0%","1"
"__export__.product_product_15887_60c35a75","Wheatsun Tomoshiraga Somen Noodles 10*1.82kg CASE","","__export__.account_tax_4_2705eab1","","42.0","__export__.account_tax_6_cba05c03","0.0","0%","4","0%","1"
"__export__.product_product_15888_639dcd3c","Wheatsun Wuhan Noodles 10*1.82kg CASE","","__export__.account_tax_4_2705eab1","","42.0","__export__.account_tax_6_cba05c03","0.0","0%","4","0%","1"
"__export__.product_product_21946_9ddb2f35","White Fungus 50*80g CASE","","__export__.account_tax_4_2705eab1","","105.0","__export__.account_tax_6_cba05c03","0.0","0%","4","0%","1"
"__export__.product_product_21172_cb8afb87","White Garlic Chive 200g*30p CASE","","__export__.account_tax_4_2705eab1","","152.0","__export__.account_tax_6_cba05c03","0.0","0%","4","0%","1"
"__export__.product_product_15890_6be6bb64","White HDPE Counter Bag 250*300mm(10*12"") 10*1000's CASE","","l10n_generic_coa.1_sale_tax_template","","30.0","l10n_generic_coa.1_purchase_tax_template","23.0","23%","1","23%","1"
"__export__.product_product_15893_346cf33c","White Hdpe Counter Bag 300*375mm 5*1000's CASE","","l10n_generic_coa.1_sale_tax_template","","27.5","__export__.account_tax_6_cba05c03","23.0","23%","1","23%","1"
"__export__.product_product_7917_ef7ded88","White Napkin 2000's 8F 40/2ply CASE","","l10n_generic_coa.1_sale_tax_template","","45.0","__export__.account_tax_6_cba05c03","23.0","23%","1","23%","1"
"__export__.product_product_21525_9e1eeee7","White Paper Bag (Bento Bag Handle) CASE","","l10n_generic_coa.1_sale_tax_template","","35.0","l10n_generic_coa.1_purchase_tax_template","23.0","23%","1","23%","1"
"__export__.product_product_21340_a4fdc059","White Rice Flour 20*400g COCK CASE","","__export__.account_tax_4_2705eab1","","26.5","__export__.account_tax_6_cba05c03","0.0","0%","4","0%","1"
"__export__.product_product_21959_4186e59a","White Roll 6's CASE","","l10n_generic_coa.1_sale_tax_template","","16.5","__export__.account_tax_6_cba05c03","23.0","23%","1","23%","1"
"__export__.product_product_22060_3590ab64","White Sesame Seed 10*1KG CASE","","__export__.account_tax_4_2705eab1","","67.5","__export__.account_tax_6_cba05c03","0.0","0%","4","0%","1"
"__export__.product_product_16384_db351c32","White Strawberry CASE","","__export__.account_tax_4_2705eab1","","14.0","__export__.account_tax_6_cba05c03","0.0","0%","4","0%","1"
"__export__.product_product_15195_19694e01","White Tower Tomato Paste12*860g CASE","","__export__.account_tax_4_2705eab1","","44.5","__export__.account_tax_6_cba05c03","0.0","0%","4","0%","1"
"__export__.product_product_15904_26462e92","Wild mushroom CASE","","__export__.account_tax_4_2705eab1","","14.0","__export__.account_tax_6_cba05c03","0.0","0%","4","0%","1"
"__export__.product_product_20451_1ebedfd5","Wooden Fork 1000's CASE","","l10n_generic_coa.1_sale_tax_template","","19.5","l10n_generic_coa.1_purchase_tax_template","23.0","23%","1","23%","1"
"__export__.product_product_21026_81811835","Wooden Spoon 1000's CASE","","l10n_generic_coa.1_sale_tax_template","","19.95","l10n_generic_coa.1_purchase_tax_template","23.0","23%","1","23%","1"
"__export__.product_product_22085_0e17d782","XHZ Red Pepper Chilli Powder FINE 15*1KG CASE","","__export__.account_tax_4_2705eab1","","100.0","__export__.account_tax_6_cba05c03","0.0","0%","4","0%","1"
"__export__.product_product_22086_3f7e53be","XHZ Red Pepper Chilli Powder FINE 1kg PKT","","__export__.account_tax_4_2705eab1","","8.5","__export__.account_tax_6_cba05c03","0.0","0%","4","0%","1"
"__export__.product_product_13870_d21c7449","XMYG Broad Beans - Crab Flavour 24*75g CASE","","l10n_generic_coa.1_sale_tax_template","","24.0","__export__.account_tax_6_cba05c03","23.0","23%","1","23%","1"
"__export__.product_product_13874_8f7f0ef2","XMYG Sunflower Seeds - Crab Flavour 24x75g CASE","","l10n_generic_coa.1_sale_tax_template","","24.0","__export__.account_tax_6_cba05c03","23.0","23%","1","23%","1"
"__export__.product_product_13875_21dbc0bb","XPP Dasheen Milk Tea (taro) 30*80g CASE","","__export__.account_tax_4_2705eab1","","32.0","__export__.account_tax_6_cba05c03","0.0","0%","4","0%","1"
"__export__.product_product_19378_f9be3f20","XPP Dasheen Milk Tea-Strawberry 30*80g CASE","","__export__.account_tax_4_2705eab1","","32.0","__export__.account_tax_6_cba05c03","0.0","0%","4","0%","1"
"__export__.product_product_19379_0f9229b0","XPP Dasheen Milk Tea-Wheat Flavour 30*80g CASE","","__export__.account_tax_4_2705eab1","","32.0","__export__.account_tax_6_cba05c03","0.0","0%","4","0%","1"
"__export__.product_product_13876_5851ed3c","XPP Original Milk Tea 30*80g CASE","","__export__.account_tax_4_2705eab1","","32.0","__export__.account_tax_6_cba05c03","0.0","0%","4","0%","1"
"__export__.product_product_13877_21a05b58","XTE Hotpot Soup Base Spicy 30*300g CASE","","__export__.account_tax_4_2705eab1","","57.0","__export__.account_tax_6_cba05c03","0.0","0%","4","0%","1"
"__export__.product_product_18231_24a23cfb","XY Three delights dumpling 25*400g CASE","","__export__.account_tax_4_2705eab1","","0.0","l10n_generic_coa.1_purchase_tax_template","0.0","0%","4","0%","1"
"__export__.product_product_21859_a61b8766","XZL Assorted Jelly 15*495g CASE","","l10n_generic_coa.1_sale_tax_template","","30.5","__export__.account_tax_6_cba05c03","23.0","23%","1","23%","1"
"__export__.product_product_20522_77da8d18","Xu Ri Preserved Duck Eggs 24*6pc CASE","","__export__.account_tax_4_2705eab1","","65.5","__export__.account_tax_6_cba05c03","0.0","0%","4","0%","1"
"__export__.product_product_20899_69ea7472","YB Moon Cake 1 Yolk Durian Paste 12*750g (4pcs) CASE","","l10n_generic_coa.1_sale_tax_template","","167.0","__export__.account_tax_6_cba05c03","23.0","23%","1","23%","1"
"__export__.product_product_20893_a15e1fa8","YB Moon Cake 1 Yolk Green Bean 12*750g (4pcs) CASE","","l10n_generic_coa.1_sale_tax_template","","167.0","__export__.account_tax_6_cba05c03","23.0","23%","1","23%","1"
"__export__.product_product_20897_ca134e66","YB Moon Cake 1 Yolk Green Tea 12*750g (4pcs) CASE","","l10n_generic_coa.1_sale_tax_template","","167.0","__export__.account_tax_6_cba05c03","23.0","23%","1","23%","1"
"__export__.product_product_20887_0a6bb8b3","YB Moon Cake 1 Yolk White Lotus 12*750g (4pcs)CASE","","l10n_generic_coa.1_sale_tax_template","","162.0","__export__.account_tax_6_cba05c03","23.0","23%","1","23%","1"
"__export__.product_product_19373_94c68139","YB Moon Cake 2 Yolk White Lotus Paste 187,5*24 CASE","","l10n_generic_coa.1_sale_tax_template","","0.0","__export__.account_tax_6_cba05c03","23.0","23%","1","23%","1"
"__export__.product_product_13889_3d8a15e5","YB Moon Cake 5 Nuts Paste 12x750g (4pcs) CASE","","l10n_generic_coa.1_sale_tax_template","","192.0","__export__.account_tax_6_cba05c03","23.0","23%","1","23%","1"
"__export__.product_product_19520_aa0e477d","YBN Shake Shake Milk Tea - Assam Flavour 30*53g CASE","","__export__.account_tax_4_2705eab1","","0.0","l10n_generic_coa.1_purchase_tax_template","0.0","0%","4","0%","1"
"__export__.product_product_21581_23284036","YELLOW LIDS Nestle Maggi Seasoning SOS Perasa 6*800ml CASE","","__export__.account_tax_4_2705eab1","","50.45","__export__.account_tax_6_cba05c03","0.0","0%","4","0%","1"
"__export__.product_product_18291_fcb5f282","YEO'S Chilli Sauce with Garlic 12*300ml CASE","","__export__.account_tax_4_2705eab1","","28.0","__export__.account_tax_6_cba05c03","0.0","0%","4","0%","1"
"__export__.product_product_20754_093e68ed","YKOF Jelly Fish Head 12*1KG CASE","","__export__.account_tax_4_2705eab1","","160.0","__export__.account_tax_6_cba05c03","0.0","0%","4","0%","1"
"__export__.product_product_20755_2f241083","YKOF Jelly Fish Shredded 30*454g CASE","","__export__.account_tax_4_2705eab1","","120.0","__export__.account_tax_6_cba05c03","0.0","0%","4","0%","1"
"__export__.product_product_21725_cc884b6c","YKOF Jelly Fish With Chilli 50*170g CASE","","__export__.account_tax_4_2705eab1","","78.0","__export__.account_tax_6_cba05c03","0.0","0%","4","0%","1"
"__export__.product_product_20773_5ca2b6ba","YL Peanut Milk 12*360g CASE","","__export__.account_tax_4_2705eab1","","18.5","__export__.account_tax_6_cba05c03","0.0","0%","4","0%","1"
"__export__.product_product_19262_f1746984","YQ Pres. Stem Mustard w/ Black Fungus 100*80g CASE","","__export__.account_tax_4_2705eab1","","41.0","__export__.account_tax_6_cba05c03","0.0","0%","4","0%","1"
"__export__.product_product_20779_eb01efee","YQ Preserved Mustard & Vegtables 20*350g CASE","","__export__.account_tax_4_2705eab1","","35.0","__export__.account_tax_6_cba05c03","0.0","0%","4","0%","1"
"__export__.product_product_13916_acea82d1","YQ Preserved Mustard Original 100*70g CASE","","__export__.account_tax_4_2705eab1","","25.0","__export__.account_tax_6_cba05c03","0.0","0%","4","0%","1"
"__export__.product_product_20780_729524c5","YQ Preserved Mustard Slices 100*68g CASE","","__export__.account_tax_4_2705eab1","","34.0","__export__.account_tax_6_cba05c03","0.0","0%","4","0%","1"
"__export__.product_product_13917_c8145c5a","YQ Preserved Stem Mustard Priemium 100*80g CASE","","__export__.account_tax_4_2705eab1","","44.0","__export__.account_tax_6_cba05c03","0.0","0%","4","0%","1"
"__export__.product_product_19261_f60649c1","YQ Preserved Stem Mustard in Chili Oil 120*60g CASE","","__export__.account_tax_4_2705eab1","","37.300000000000004","__export__.account_tax_6_cba05c03","0.0","0%","4","0%","1"
"__export__.product_product_18186_1cbec54d","YQ Shirataki Noodles Cake 20*380g CASE","","__export__.account_tax_4_2705eab1","","31.5","__export__.account_tax_6_cba05c03","0.0","0%","4","0%","1"
"__export__.product_product_18423_5f188d9e","YQ Shirataki Noodles Sheet 20*380g CASE","","__export__.account_tax_4_2705eab1","","31.5","__export__.account_tax_6_cba05c03","0.0","0%","4","0%","1"
"__export__.product_product_6058_895cca9a","YQ Shirataki Noodles Silk 20x380g CASE","","__export__.account_tax_4_2705eab1","","29.5","__export__.account_tax_6_cba05c03","0.0","0%","4","0%","1"
"__export__.product_product_18422_ed1ac33c","YQ Shirataki Noodles Stick 20*380g CASE","","__export__.account_tax_4_2705eab1","","31.5","__export__.account_tax_6_cba05c03","0.0","0%","4","0%","1"
"__export__.product_product_18694_b831db35","YQ Shirataki Noodles knot 20*380g CASE","","__export__.account_tax_4_2705eab1","","29.5","__export__.account_tax_6_cba05c03","0.0","0%","4","0%","1"
"__export__.product_product_6060_112c2e48","YQ Sweet Potato Vermicelli (S) 20*350g CASE","","__export__.account_tax_4_2705eab1","","42.5","__export__.account_tax_6_cba05c03","0.0","0%","4","0%","1"
"__export__.product_product_21750_c3399c49","YU PIN YUAN Double Sliced Bao Bun 10*500g CASE","","__export__.account_tax_4_2705eab1","","34.5","__export__.account_tax_6_cba05c03","0.0","0%","4","0%","1"
"__export__.product_product_19644_97c3cc97","YY Preserved Vegetable -Shredded 30*300g CASE","","__export__.account_tax_4_2705eab1","","35.0","__export__.account_tax_6_cba05c03","0.0","0%","4","0%","1"
"__export__.product_product_20436_a8b3fe92","YY Preserved Vegetable -Whole 20*500g CASE","","__export__.account_tax_4_2705eab1","","38.0","__export__.account_tax_6_cba05c03","0.0","0%","4","0%","1"
"__export__.product_product_13879_2ffa83bd","Yacon 10Kg CASE","","__export__.account_tax_4_2705eab1","","28.0","__export__.account_tax_6_cba05c03","0.0","0%","4","0%","1"
"__export__.product_product_20807_239ec3eb","Yakitori Skewered Chargrilled Chicken 12*490g CASE","","__export__.account_tax_4_2705eab1","","85.5","__export__.account_tax_6_cba05c03","0.0","0%","4","0%","1"
"__export__.product_product_13881_6868d5df","Yam Chinese CASE","","__export__.account_tax_4_2705eab1","","31.5","__export__.account_tax_6_cba05c03","0.0","0%","4","0%","1"
"__export__.product_product_20026_02970689","Yamamotoyama  Sushi Nori 10x50sht(125g) CASE","","__export__.account_tax_4_2705eab1","","115.0","__export__.account_tax_6_cba05c03","0.0","0%","4","0%","1"
"__export__.product_product_21268_530b74a8","Yamamotoyama Green Tea Bags(sencha) 16*2g PKT","","__export__.account_tax_4_2705eab1","","4.2","__export__.account_tax_6_cba05c03","0.0","0%","4","0%","1"
"__export__.product_product_22040_20af3474","Yamamotoyama Green Tea Teabag 6*(16*2g) CASE","","__export__.account_tax_4_2705eab1","","22.5","__export__.account_tax_6_cba05c03","0.0","0%","4","0%","1"
"__export__.product_product_21269_3889685c","Yamamotoyama Jasmine Tea 16*32g PKT","","__export__.account_tax_4_2705eab1","","3.2","l10n_generic_coa.1_purchase_tax_template","0.0","0%","4","0%","1"
"__export__.product_product_20257_28cfe62f","Yamato Ajitsuke Inari(40sh) 15*780g CASE","","__export__.account_tax_4_2705eab1","","89.5","__export__.account_tax_6_cba05c03","0.0","0%","4","0%","1"
"__export__.product_product_19237_99c3f355","Yellow Dragon Long Grain Rice 20kg Bag","","__export__.account_tax_4_2705eab1","","22.0","__export__.account_tax_6_cba05c03","0.0","0%","4","0%","1"
"__export__.product_product_20376_6c8fac31","Yellow Powder Permicol Apricol 20*500g CASE","","__export__.account_tax_4_2705eab1","","0.0","__export__.account_tax_6_cba05c03","0.0","0%","4","0%","1"
"__export__.product_product_13908_4334be9a","Yellow Rock Sugar 50*454g CASE","","__export__.account_tax_4_2705eab1","","68.0","__export__.account_tax_6_cba05c03","0.0","0%","4","0%","1"
"__export__.product_product_13910_50b4ec40","Yeo'S Satay Sauce 12*250ml TRAY","","__export__.account_tax_4_2705eab1","","25.0","__export__.account_tax_6_cba05c03","0.0","0%","4","0%","1"
"__export__.product_product_13911_8e557258","Yeo'S Satay Sauce 250ml JAR","","__export__.account_tax_4_2705eab1","","2.2","__export__.account_tax_6_cba05c03","0.0","0%","4","0%","1"
"__export__.product_product_13912_ec318f48","Yeo'S szechuan(kung po) Sauce 12*250ml CASE","","__export__.account_tax_4_2705eab1","","29.5","__export__.account_tax_6_cba05c03","0.0","0%","4","0%","1"
"__export__.product_product_19452_8d7491d2","Yeo's Chilli Sauce Hot 12*345g(300ml) CASE","","__export__.account_tax_4_2705eab1","","27.5","__export__.account_tax_6_cba05c03","0.0","0%","4","0%","1"
"__export__.product_product_19455_47549e11","Yeo's Chilli Sauce Sweet 12*345g(300ml) CASE","","__export__.account_tax_4_2705eab1","","26.0","__export__.account_tax_6_cba05c03","0.0","0%","4","0%","1"
"__export__.product_product_18260_b9333092","Yon Ho Fresh Soyb Milkpowder 30*350g CASE","","__export__.account_tax_4_2705eab1","","80.0","__export__.account_tax_6_cba05c03","0.0","0%","4","0%","1"
"__export__.product_product_21098_66c70ed1","Youmi Instant Noodle Gourmet Creamy Spicy 40*99g CASE","","__export__.account_tax_4_2705eab1","","0.0","__export__.account_tax_6_cba05c03","0.0","0%","4","0%","1"
"__export__.product_product_20802_4ec70e00","Youmi Instant Udon Spicy Flavor Cup 12*192g CASE","","__export__.account_tax_4_2705eab1","","0.0","__export__.account_tax_6_cba05c03","0.0","0%","4","0%","1"
"__export__.product_product_20852_c4a1bb12","Young Coconut 9 Piece with Straw CASE","","__export__.account_tax_4_2705eab1","","22.0","__export__.account_tax_6_cba05c03","0.0","0%","4","0%","1"
"__export__.product_product_13918_e5b3a3c8","YuMei Hot & Sour Vermicelli 30*278g CASE","","__export__.account_tax_4_2705eab1","","50.5","__export__.account_tax_6_cba05c03","0.0","0%","4","0%","1"
"__export__.product_product_13919_0534f6e8","YuMei Hot Pot Bean Noodle Wide 30*265g CASE","","__export__.account_tax_4_2705eab1","","50.5","__export__.account_tax_6_cba05c03","0.0","0%","4","0%","1"
"__export__.product_product_20241_de2cba5e","Yumei Burn Chili Sauce 12x230g CASE","","__export__.account_tax_4_2705eab1","","0.0","__export__.account_tax_6_cba05c03","0.0","0%","4","0%","1"
"__export__.product_product_20448_997aa754","Yumei Casserole Potato Noodle Sesame 30*255g CASE","","__export__.account_tax_4_2705eab1","","52.0","__export__.account_tax_6_cba05c03","0.0","0%","4","0%","1"
"__export__.product_product_20447_d18384f0","Yumei Casserole Potato Noodle Spicy 30*260g CASE","","__export__.account_tax_4_2705eab1","","52.0","__export__.account_tax_6_cba05c03","0.0","0%","4","0%","1"
"__export__.product_product_19675_08c7bdfa","Yumei Cold Noodle to Grill 25*615g CASE","","__export__.account_tax_4_2705eab1","","59.0","__export__.account_tax_6_cba05c03","0.0","0%","4","0%","1"
"__export__.product_product_20450_036fc531","Yumei Cross The Bridge Noodle Matsutake 20*258g CASE","","__export__.account_tax_4_2705eab1","","48.0","__export__.account_tax_6_cba05c03","0.0","0%","4","0%","1"
"__export__.product_product_20449_4c209c11","Yumei Cross The Bridge Vermicelli Spicy 20*258g CASE","","__export__.account_tax_4_2705eab1","","48.0","__export__.account_tax_6_cba05c03","0.0","0%","4","0%","1"
"__export__.product_product_20313_4436bd54","Yumei Grilled Dried Tofu 20*455g CASE","","__export__.account_tax_4_2705eab1","","37.5","__export__.account_tax_6_cba05c03","0.0","0%","4","0%","1"
"__export__.product_product_20770_fffd3e73","Yumei Inst Cold Vermic Snail Spicy 16*15*28g CASE","","__export__.account_tax_4_2705eab1","","0.0","__export__.account_tax_6_cba05c03","0.0","0%","4","0%","1"
"__export__.product_product_6061_e4fd9e1e","Yumei Inst Vermic Snail St Crayfish 20*300g CASE","","__export__.account_tax_4_2705eab1","","56.5","__export__.account_tax_6_cba05c03","0.0","0%","4","0%","1"
"__export__.product_product_6063_991e6ded","Yumei Snail Noodle 20*270g CASE","","__export__.account_tax_4_2705eab1","","41.95","__export__.account_tax_6_cba05c03","0.0","0%","4","0%","1"
"__export__.product_product_20446_cc18d5cc","Yumei Sticky Potato Noodle 20*270g CASE","","__export__.account_tax_4_2705eab1","","46.5","__export__.account_tax_6_cba05c03","0.0","0%","4","0%","1"
"__export__.product_product_20700_a1f4985d","Yumei Tofu Pudding Noodle Pickled Cabbage 20*288g CASE","","__export__.account_tax_4_2705eab1","","0.0","__export__.account_tax_6_cba05c03","0.0","0%","4","0%","1"
"__export__.product_product_21301_e12f7db3","Yumei Traditional Fu Shun Spicy Hotpot Mix 20*405g CASE","","__export__.account_tax_4_2705eab1","","68.0","__export__.account_tax_6_cba05c03","0.0","0%","4","0%","1"
"__export__.product_product_20240_deb43be5","Yumei Wide Noodle to Grill 20*380g CASE","","__export__.account_tax_4_2705eab1","","45.0","__export__.account_tax_6_cba05c03","0.0","0%","4","0%","1"
"__export__.product_product_20035_44b73259","Yutaka Tempura Batter Mix 20kg","","__export__.account_tax_4_2705eab1","","48.0","__export__.account_tax_6_cba05c03","0.0","0%","4","0%","1"
"__export__.product_product_13922_21824c63","Yutaka Wasabi Pea 6*2KG CASE","","__export__.account_tax_4_2705eab1","","128.0","__export__.account_tax_6_cba05c03","0.0","0%","4","0%","1"
"__export__.product_product_13925_e72b26c3","ZJJ Soupbase Hot/Spicy Hotpot 50*200g","","__export__.account_tax_4_2705eab1","","57.0","__export__.account_tax_6_cba05c03","0.0","0%","4","0%","1"
"__export__.product_product_21304_5f7e4bc5","ZKD Bay Leaf 32*500g CASE","","__export__.account_tax_4_2705eab1","","0.0","__export__.account_tax_6_cba05c03","0.0","0%","4","0%","1"
"__export__.product_product_19374_c3061276","[Goliath] Compactor Sacks Black Bin Bag 22.5*34*47"" 100's CASE","","l10n_generic_coa.1_sale_tax_template","","28.0","__export__.account_tax_6_cba05c03","23.0","23%","1","23%","1"
"__export__.product_product_5610_d5aaeed8","[Oriental Kitchen]Laotian Sausage 20*380g CASE","","__export__.account_tax_4_2705eab1","","0.0","__export__.account_tax_6_cba05c03","0.0","0%","4","0%","1"
"__export__.product_product_5611_b9fc4586","[Oriental Kitchen]Laotian Sausage 380g PKT","","__export__.account_tax_4_2705eab1","","6.5","__export__.account_tax_6_cba05c03","0.0","0%","4","0%","1"
"__export__.product_product_19584_455d3083","[T36] Unicurd Baiye Tofu Slice 250g*24 CASE","","__export__.account_tax_4_2705eab1","","0.0","__export__.account_tax_6_cba05c03","0.0","0%","4","0%","1"
"__export__.product_product_6780_9286fb3c","galanga 200g","","__export__.account_tax_4_2705eab1","","3.5","__export__.account_tax_6_cba05c03","0.0","0%","4","0%","1"
"__export__.product_product_21024_3a9a87df","kiwiberries 12*125g CASE","","__export__.account_tax_4_2705eab1","","20.0","__export__.account_tax_6_cba05c03","0.0","0%","4","0%","1"
"__export__.product_product_19881_7462a235","local Mini Pachoi CASE","","__export__.account_tax_4_2705eab1","","0.0","__export__.account_tax_6_cba05c03","0.0","0%","4","0%","1"
"__export__.product_product_21947_ffc75fc4","osp","","l10n_generic_coa.1_sale_tax_template","","1.0","l10n_generic_coa.1_purchase_tax_template","23.0","23%","1","23%","1"
"__export__.product_product_18992_4740fa4c","price difference","","__export__.account_tax_4_2705eab1","","0.0","","0.0","0%","4","0%","1"
"__export__.product_product_20994_596b97ad","reuse","","__export__.account_tax_4_2705eab1","","0.0","__export__.account_tax_6_cba05c03","0.0","0%","4","0%","1"
"__export__.product_product_20995_17b87e18","reuse","","__export__.account_tax_4_2705eab1","","0.0","__export__.account_tax_6_cba05c03","0.0","0%","4","0%","1"
"__export__.product_product_20997_93658dc2","reuse","","__export__.account_tax_4_2705eab1","","0.0","__export__.account_tax_6_cba05c03","0.0","0%","4","0%","1"
"__export__.product_product_22100_f9ac9d8f","shirmp ","","l10n_generic_coa.1_sale_tax_template","","1.0","l10n_generic_coa.1_purchase_tax_template","23.0","23%","1","23%","1"
"__export__.product_product_19741_66e95ec1","test","","l10n_generic_coa.1_sale_tax_template","","1.0","l10n_generic_coa.1_purchase_tax_template","23.0","23%","1","23%","1"
"__export__.product_product_19656_32678390","vest ","","l10n_generic_coa.1_sale_tax_template","","1.0","l10n_generic_coa.1_purchase_tax_template","23.0","23%","1","23%","1"
"__export__.product_product_21435_fe1d6242","wang Dried Noodle UDON 24*453g CASE","","__export__.account_tax_4_2705eab1","","35.0","__export__.account_tax_6_cba05c03","0.0","0%","4","0%","1"
