"External ID","Pricelist Name","Currency","Last Updated by","Last Updated on","Selectable","Sequence","Pricelist Items"
"__export__.product_pricelist_35_a4a5fea4","CITY CENTRE菜价","base.EUR","__export__.res_users_10_962e2fe2","2026-05-25 13:05:07","False","2","__export__.product_pricelist_item_6660_4f0b559f"
"","","","","","","","__export__.product_pricelist_item_7081_00d1e15b"
"","","","","","","","__export__.product_pricelist_item_6130_cfa0e724"
"","","","","","","","__export__.product_pricelist_item_5089_ea405bc6"
"","","","","","","","__export__.product_pricelist_item_4657_014f8b85"
"","","","","","","","__export__.product_pricelist_item_4638_d51bccc2"
"","","","","","","","__export__.product_pricelist_item_1906_fc86eaa0"
"","","","","","","","__export__.product_pricelist_item_1813_9c9f1efd"
"","","","","","","","__export__.product_pricelist_item_1685_ed1a70e1"
"","","","","","","","__export__.product_pricelist_item_1659_8002b944"
"","","","","","","","__export__.product_pricelist_item_7058_45a673f0"
"","","","","","","","__export__.product_pricelist_item_7013_f0a45dd9"
"","","","","","","","__export__.product_pricelist_item_6742_00eb1dde"
"","","","","","","","__export__.product_pricelist_item_6657_5ec79d9e"
"","","","","","","","__export__.product_pricelist_item_5753_69c1bf74"
"","","","","","","","__export__.product_pricelist_item_5083_1d9416c7"
"","","","","","","","__export__.product_pricelist_item_3522_3bb59b99"
"","","","","","","","__export__.product_pricelist_item_3521_d48bfdd6"
"","","","","","","","__export__.product_pricelist_item_2821_b54e837c"
"","","","","","","","__export__.product_pricelist_item_2798_ecf35fd7"
"","","","","","","","__export__.product_pricelist_item_2669_adcde612"
"","","","","","","","__export__.product_pricelist_item_2577_ceddc939"
"","","","","","","","__export__.product_pricelist_item_2384_5e608594"
"","","","","","","","__export__.product_pricelist_item_1827_fc24cedf"
"","","","","","","","__export__.product_pricelist_item_1792_6dd0c879"
"","","","","","","","__export__.product_pricelist_item_1121_4d621c5f"
"","","","","","","","__export__.product_pricelist_item_1087_c553ce2a"
"","","","","","","","__export__.product_pricelist_item_1086_6bbe07aa"
"","","","","","","","__export__.product_pricelist_item_1084_b5a358fe"
"","","","","","","","__export__.product_pricelist_item_923_7896dfb5"
"","","","","","","","__export__.product_pricelist_item_922_7cb280a8"
"","","","","","","","__export__.product_pricelist_item_270_71a85db3"
"","","","","","","","__export__.product_pricelist_item_267_3b6aea83"
"","","","","","","","__export__.product_pricelist_item_255_7f0e3516"
"","","","","","","","__export__.product_pricelist_item_251_779cc197"
"","","","","","","","__export__.product_pricelist_item_246_20ecec46"
"","","","","","","","__export__.product_pricelist_item_245_fc180bbf"
"","","","","","","","__export__.product_pricelist_item_244_a11bdc5c"
"","","","","","","","__export__.product_pricelist_item_236_b6159f0b"
"","","","","","","","__export__.product_pricelist_item_229_efb34042"
"","","","","","","","__export__.product_pricelist_item_227_c311d09d"
"","","","","","","","__export__.product_pricelist_item_219_ba9937e6"
"","","","","","","","__export__.product_pricelist_item_218_f5d49313"
"","","","","","","","__export__.product_pricelist_item_1075_2ebd62cb"
"","","","","","","","__export__.product_pricelist_item_924_8d10b79f"
"","","","","","","","__export__.product_pricelist_item_279_9820f303"
"","","","","","","","__export__.product_pricelist_item_278_6af7d784"
"","","","","","","","__export__.product_pricelist_item_277_1de693b3"
"","","","","","","","__export__.product_pricelist_item_272_42fa440d"
"","","","","","","","__export__.product_pricelist_item_268_f36fc3e0"
"","","","","","","","__export__.product_pricelist_item_259_6c58c04b"
"","","","","","","","__export__.product_pricelist_item_258_dad5de38"
"","","","","","","","__export__.product_pricelist_item_257_a4b8800d"
"","","","","","","","__export__.product_pricelist_item_254_34eedf51"
"","","","","","","","__export__.product_pricelist_item_253_3e2c72bc"
"","","","","","","","__export__.product_pricelist_item_252_df1a8fc9"
"","","","","","","","__export__.product_pricelist_item_250_a0eb57de"
"","","","","","","","__export__.product_pricelist_item_249_fb46153c"
"","","","","","","","__export__.product_pricelist_item_248_1cb0b77f"
"","","","","","","","__export__.product_pricelist_item_247_4f3284ae"
"","","","","","","","__export__.product_pricelist_item_243_7e936bcd"
"","","","","","","","__export__.product_pricelist_item_242_4015c634"
"","","","","","","","__export__.product_pricelist_item_241_beda7362"
"","","","","","","","__export__.product_pricelist_item_238_9d767cba"
"","","","","","","","__export__.product_pricelist_item_235_a3492924"
"","","","","","","","__export__.product_pricelist_item_234_ca45937b"
"","","","","","","","__export__.product_pricelist_item_230_d4240ce4"
"","","","","","","","__export__.product_pricelist_item_228_a9e18381"
"","","","","","","","__export__.product_pricelist_item_225_c1e87d23"
"","","","","","","","__export__.product_pricelist_item_224_84233848"
"","","","","","","","__export__.product_pricelist_item_221_bc20ec54"
"","","","","","","","__export__.product_pricelist_item_220_62bb6273"
"__export__.product_pricelist_74_8ceded1a","TAKEAWAY-2菜价","base.EUR","__export__.res_users_7_ace94875","2026-05-29 11:21:34","False","3","__export__.product_pricelist_item_7083_48fdb92a"
"","","","","","","","__export__.product_pricelist_item_6126_50a64605"
"","","","","","","","__export__.product_pricelist_item_4654_db02b5d2"
"","","","","","","","__export__.product_pricelist_item_4229_f34d0a3e"
"","","","","","","","__export__.product_pricelist_item_4182_1e50fae1"
"","","","","","","","__export__.product_pricelist_item_4180_06774437"
"","","","","","","","__export__.product_pricelist_item_4176_56a67fe6"
"","","","","","","","__export__.product_pricelist_item_4173_2a631e88"
"","","","","","","","__export__.product_pricelist_item_4170_2b34e4aa"
"","","","","","","","__export__.product_pricelist_item_4169_fbed5442"
"","","","","","","","__export__.product_pricelist_item_4168_c1967e28"
"","","","","","","","__export__.product_pricelist_item_4167_8f897e1e"
"","","","","","","","__export__.product_pricelist_item_4151_ef6d96a5"
"","","","","","","","__export__.product_pricelist_item_4534_c38caa38"
"","","","","","","","__export__.product_pricelist_item_4224_119a8c4c"
"","","","","","","","__export__.product_pricelist_item_4201_d46b5826"
"","","","","","","","__export__.product_pricelist_item_4186_86102438"
"","","","","","","","__export__.product_pricelist_item_4185_a59e3249"
"","","","","","","","__export__.product_pricelist_item_4181_ac4f2514"
"","","","","","","","__export__.product_pricelist_item_4178_0540b3c6"
"","","","","","","","__export__.product_pricelist_item_4177_aa35b5e9"
"","","","","","","","__export__.product_pricelist_item_4175_9e24b63a"
"","","","","","","","__export__.product_pricelist_item_4171_64e30095"
"","","","","","","","__export__.product_pricelist_item_4166_c2cfb84a"
"","","","","","","","__export__.product_pricelist_item_4165_d8ebd65e"
"","","","","","","","__export__.product_pricelist_item_4164_c6342261"
"","","","","","","","__export__.product_pricelist_item_4163_27156853"
"","","","","","","","__export__.product_pricelist_item_4161_1d016dbb"
"","","","","","","","__export__.product_pricelist_item_4160_e72214da"
"","","","","","","","__export__.product_pricelist_item_4157_e19fef33"
"","","","","","","","__export__.product_pricelist_item_4150_7b005fb0"
"","","","","","","","__export__.product_pricelist_item_4148_01c7ea04"
"","","","","","","","__export__.product_pricelist_item_4145_3dc15902"
"","","","","","","","__export__.product_pricelist_item_4144_6a7b3afe"
"","","","","","","","__export__.product_pricelist_item_4140_f9f953d0"
"","","","","","","","__export__.product_pricelist_item_4139_6d58187d"
"","","","","","","","__export__.product_pricelist_item_4131_0eb15807"
"","","","","","","","__export__.product_pricelist_item_4130_2e3949de"
"","","","","","","","__export__.product_pricelist_item_4126_c79344c1"
"","","","","","","","__export__.product_pricelist_item_4125_c2e399ea"
"","","","","","","","__export__.product_pricelist_item_4124_267eb54b"
"","","","","","","","__export__.product_pricelist_item_4119_9f9d6744"
"","","","","","","","__export__.product_pricelist_item_4118_0c4a87bb"
"","","","","","","","__export__.product_pricelist_item_4117_cd5f4922"
"","","","","","","","__export__.product_pricelist_item_4162_8f12e4f1"
"","","","","","","","__export__.product_pricelist_item_4159_e5ce8f3a"
"","","","","","","","__export__.product_pricelist_item_4158_2c9f7d55"
"","","","","","","","__export__.product_pricelist_item_4156_56d594cc"
"","","","","","","","__export__.product_pricelist_item_4155_4c097aaa"
"","","","","","","","__export__.product_pricelist_item_4154_c7a2659d"
"","","","","","","","__export__.product_pricelist_item_4152_496119e0"
"","","","","","","","__export__.product_pricelist_item_4149_da835851"
"","","","","","","","__export__.product_pricelist_item_4147_c3f8e2ba"
"","","","","","","","__export__.product_pricelist_item_4146_9ee4165e"
"","","","","","","","__export__.product_pricelist_item_4143_d01a802f"
"","","","","","","","__export__.product_pricelist_item_4142_fb1cc7f2"
"","","","","","","","__export__.product_pricelist_item_4141_06b28c76"
"","","","","","","","__export__.product_pricelist_item_4138_c311445b"
"","","","","","","","__export__.product_pricelist_item_4137_b978e1cc"
"","","","","","","","__export__.product_pricelist_item_4136_2c6e9aa7"
"","","","","","","","__export__.product_pricelist_item_4135_6da09c31"
"","","","","","","","__export__.product_pricelist_item_4134_14043402"
"","","","","","","","__export__.product_pricelist_item_4133_9de0ced1"
"","","","","","","","__export__.product_pricelist_item_4132_f98b4909"
"","","","","","","","__export__.product_pricelist_item_4127_95986a33"
"","","","","","","","__export__.product_pricelist_item_4123_b5adcdf2"
"","","","","","","","__export__.product_pricelist_item_4122_1e7985ee"
"","","","","","","","__export__.product_pricelist_item_4121_e91c9075"
"","","","","","","","__export__.product_pricelist_item_4120_879262a6"
"","","","","","","","__export__.product_pricelist_item_4116_fd1d2841"
"__export__.product_pricelist_44_2530682a","TAKEAWAY菜价","base.EUR","__export__.res_users_7_ace94875","2026-05-29 11:24:14","False","4","__export__.product_pricelist_item_7082_1133a4f3"
"","","","","","","","__export__.product_pricelist_item_5752_0620edd5"
"","","","","","","","__export__.product_pricelist_item_2400_962594c1"
"","","","","","","","__export__.product_pricelist_item_2202_8c9f8b9e"
"","","","","","","","__export__.product_pricelist_item_1826_47447d5f"
"","","","","","","","__export__.product_pricelist_item_1818_c29194e1"
"","","","","","","","__export__.product_pricelist_item_1774_8b6cd357"
"","","","","","","","__export__.product_pricelist_item_1660_1f9d4b58"
"","","","","","","","__export__.product_pricelist_item_1633_b4390dce"
"","","","","","","","__export__.product_pricelist_item_1565_96b4555b"
"","","","","","","","__export__.product_pricelist_item_6154_a249911a"
"","","","","","","","__export__.product_pricelist_item_4655_06258836"
"","","","","","","","__export__.product_pricelist_item_4533_d9f40fd9"
"","","","","","","","__export__.product_pricelist_item_4531_86841940"
"","","","","","","","__export__.product_pricelist_item_4364_9de6ad63"
"","","","","","","","__export__.product_pricelist_item_3691_ac4245f1"
"","","","","","","","__export__.product_pricelist_item_2671_7b7b1bc9"
"","","","","","","","__export__.product_pricelist_item_2455_d0bc1702"
"","","","","","","","__export__.product_pricelist_item_2454_600f6404"
"","","","","","","","__export__.product_pricelist_item_2366_533f5fde"
"","","","","","","","__export__.product_pricelist_item_2250_0b867552"
"","","","","","","","__export__.product_pricelist_item_2237_43cb4663"
"","","","","","","","__export__.product_pricelist_item_2208_4ad01640"
"","","","","","","","__export__.product_pricelist_item_2207_c735c81f"
"","","","","","","","__export__.product_pricelist_item_2195_8365a32f"
"","","","","","","","__export__.product_pricelist_item_2118_131c5e86"
"","","","","","","","__export__.product_pricelist_item_1810_7d8931a3"
"","","","","","","","__export__.product_pricelist_item_1085_3939549c"
"","","","","","","","__export__.product_pricelist_item_1081_ae6384c2"
"","","","","","","","__export__.product_pricelist_item_1080_2f2aef91"
"","","","","","","","__export__.product_pricelist_item_1078_0ade4aa0"
"","","","","","","","__export__.product_pricelist_item_901_369e8339"
"","","","","","","","__export__.product_pricelist_item_900_1d7fc37a"
"","","","","","","","__export__.product_pricelist_item_835_a7a113f1"
"","","","","","","","__export__.product_pricelist_item_828_eac916f8"
"","","","","","","","__export__.product_pricelist_item_823_2f7a1e28"
"","","","","","","","__export__.product_pricelist_item_815_af8dc498"
"","","","","","","","__export__.product_pricelist_item_814_65b26c17"
"","","","","","","","__export__.product_pricelist_item_813_f5fe1eca"
"","","","","","","","__export__.product_pricelist_item_804_3bbb44a2"
"","","","","","","","__export__.product_pricelist_item_803_56dec531"
"","","","","","","","__export__.product_pricelist_item_802_0462855b"
"","","","","","","","__export__.product_pricelist_item_794_2cfb94f2"
"","","","","","","","__export__.product_pricelist_item_793_e23cd2e2"
"","","","","","","","__export__.product_pricelist_item_784_ddc33f8a"
"","","","","","","","__export__.product_pricelist_item_782_efca4a4d"
"","","","","","","","__export__.product_pricelist_item_1066_d4346c8e"
"","","","","","","","__export__.product_pricelist_item_837_dae3847a"
"","","","","","","","__export__.product_pricelist_item_836_51a763d0"
"","","","","","","","__export__.product_pricelist_item_833_a765ca53"
"","","","","","","","__export__.product_pricelist_item_832_5f8076a5"
"","","","","","","","__export__.product_pricelist_item_831_4402e920"
"","","","","","","","__export__.product_pricelist_item_829_c733df7d"
"","","","","","","","__export__.product_pricelist_item_827_9f4aa80f"
"","","","","","","","__export__.product_pricelist_item_826_7a55e51c"
"","","","","","","","__export__.product_pricelist_item_822_729e59ce"
"","","","","","","","__export__.product_pricelist_item_821_e22b3574"
"","","","","","","","__export__.product_pricelist_item_819_ab699f5d"
"","","","","","","","__export__.product_pricelist_item_818_cc820799"
"","","","","","","","__export__.product_pricelist_item_817_96b7b7dc"
"","","","","","","","__export__.product_pricelist_item_816_cc3b180b"
"","","","","","","","__export__.product_pricelist_item_812_5aa43a79"
"","","","","","","","__export__.product_pricelist_item_811_094f03b1"
"","","","","","","","__export__.product_pricelist_item_809_da5a837a"
"","","","","","","","__export__.product_pricelist_item_808_c1c25ff6"
"","","","","","","","__export__.product_pricelist_item_807_f25d646a"
"","","","","","","","__export__.product_pricelist_item_806_ea70176e"
"","","","","","","","__export__.product_pricelist_item_805_301f6b2c"
"","","","","","","","__export__.product_pricelist_item_799_4b1d8027"
"","","","","","","","__export__.product_pricelist_item_795_99cf303d"
"","","","","","","","__export__.product_pricelist_item_792_a382ac15"
"","","","","","","","__export__.product_pricelist_item_791_b345d882"
"","","","","","","","__export__.product_pricelist_item_788_39d77dd2"
"","","","","","","","__export__.product_pricelist_item_787_2b671eaa"
"","","","","","","","__export__.product_pricelist_item_783_8deb7b5d"
"","","","","","","","__export__.product_pricelist_item_779_47858436"
"__export__.product_pricelist_42_7be6d488","MUSASHI","base.EUR","__export__.res_users_7_ace94875","2026-06-19 12:13:35","False","5","__export__.product_pricelist_item_1114_ec91db18"
"","","","","","","","__export__.product_pricelist_item_695_2b1a08f3"
"","","","","","","","__export__.product_pricelist_item_7239_3acb2aa4"
"","","","","","","","__export__.product_pricelist_item_7237_561367b0"
"","","","","","","","__export__.product_pricelist_item_6743_ae1b85de"
"","","","","","","","__export__.product_pricelist_item_6735_a1ae5f95"
"","","","","","","","__export__.product_pricelist_item_6734_dfbf25ae"
"","","","","","","","__export__.product_pricelist_item_6733_273932a0"
"","","","","","","","__export__.product_pricelist_item_6732_d0883d28"
"","","","","","","","__export__.product_pricelist_item_6731_ab955292"
"","","","","","","","__export__.product_pricelist_item_6730_97e283fe"
"","","","","","","","__export__.product_pricelist_item_6729_48de3b1b"
"","","","","","","","__export__.product_pricelist_item_6728_b3f0c6e2"
"","","","","","","","__export__.product_pricelist_item_6727_5b5a3036"
"","","","","","","","__export__.product_pricelist_item_6726_69c006b3"
"","","","","","","","__export__.product_pricelist_item_6725_adaae8c1"
"","","","","","","","__export__.product_pricelist_item_6724_385bf0f2"
"","","","","","","","__export__.product_pricelist_item_6723_1be36d06"
"","","","","","","","__export__.product_pricelist_item_6722_10e2e47b"
"","","","","","","","__export__.product_pricelist_item_6721_7e4c5c41"
"","","","","","","","__export__.product_pricelist_item_6703_2d291b89"
"","","","","","","","__export__.product_pricelist_item_6132_17f368c3"
"","","","","","","","__export__.product_pricelist_item_5979_a0f47d51"
"","","","","","","","__export__.product_pricelist_item_5725_10d99014"
"","","","","","","","__export__.product_pricelist_item_5626_7ace55cd"
"","","","","","","","__export__.product_pricelist_item_5500_d1c6a1b7"
"","","","","","","","__export__.product_pricelist_item_5492_2e370581"
"","","","","","","","__export__.product_pricelist_item_5098_52b1fade"
"","","","","","","","__export__.product_pricelist_item_4924_599ddb7e"
"","","","","","","","__export__.product_pricelist_item_4658_f98da182"
"","","","","","","","__export__.product_pricelist_item_4645_e0420e20"
"","","","","","","","__export__.product_pricelist_item_4644_cfb6de10"
"","","","","","","","__export__.product_pricelist_item_4643_d3c7ffb3"
"","","","","","","","__export__.product_pricelist_item_4642_751e628c"
"","","","","","","","__export__.product_pricelist_item_4641_29e0a161"
"","","","","","","","__export__.product_pricelist_item_4458_c33c5fb3"
"","","","","","","","__export__.product_pricelist_item_3911_b5dd4826"
"","","","","","","","__export__.product_pricelist_item_3905_9cd57731"
"","","","","","","","__export__.product_pricelist_item_3690_88775097"
"","","","","","","","__export__.product_pricelist_item_3420_40ab5072"
"","","","","","","","__export__.product_pricelist_item_2795_d0659033"
"","","","","","","","__export__.product_pricelist_item_2668_6c6b7cae"
"","","","","","","","__export__.product_pricelist_item_2667_c8a339f4"
"","","","","","","","__export__.product_pricelist_item_2610_1694489b"
"","","","","","","","__export__.product_pricelist_item_2399_d63a70da"
"","","","","","","","__export__.product_pricelist_item_2398_58af30ce"
"","","","","","","","__export__.product_pricelist_item_2397_d50e5090"
"","","","","","","","__export__.product_pricelist_item_2253_2980f0ec"
"","","","","","","","__export__.product_pricelist_item_2235_f28ce773"
"","","","","","","","__export__.product_pricelist_item_2196_2f0756a7"
"","","","","","","","__export__.product_pricelist_item_2187_379be3d7"
"","","","","","","","__export__.product_pricelist_item_2186_128e7c9e"
"","","","","","","","__export__.product_pricelist_item_2185_3c1c012f"
"","","","","","","","__export__.product_pricelist_item_2184_096f03b7"
"","","","","","","","__export__.product_pricelist_item_2183_3dd26005"
"","","","","","","","__export__.product_pricelist_item_2182_2fc6856c"
"","","","","","","","__export__.product_pricelist_item_2181_b865b044"
"","","","","","","","__export__.product_pricelist_item_2120_f52b2346"
"","","","","","","","__export__.product_pricelist_item_2002_be742424"
"","","","","","","","__export__.product_pricelist_item_2001_abf0e807"
"","","","","","","","__export__.product_pricelist_item_1998_380a1a81"
"","","","","","","","__export__.product_pricelist_item_1997_4d2ab73d"
"","","","","","","","__export__.product_pricelist_item_1995_a0d5710f"
"","","","","","","","__export__.product_pricelist_item_1994_343d755f"
"","","","","","","","__export__.product_pricelist_item_1993_f3167054"
"","","","","","","","__export__.product_pricelist_item_1992_48143dfb"
"","","","","","","","__export__.product_pricelist_item_1990_f330ac4f"
"","","","","","","","__export__.product_pricelist_item_1989_331916b5"
"","","","","","","","__export__.product_pricelist_item_1988_5e8ae5a6"
"","","","","","","","__export__.product_pricelist_item_1987_7890d244"
"","","","","","","","__export__.product_pricelist_item_1986_55b7bc82"
"","","","","","","","__export__.product_pricelist_item_1984_2b4d1452"
"","","","","","","","__export__.product_pricelist_item_1980_f0f4ddd0"
"","","","","","","","__export__.product_pricelist_item_1979_140bab22"
"","","","","","","","__export__.product_pricelist_item_1978_d21b5ac4"
"","","","","","","","__export__.product_pricelist_item_1977_38d07791"
"","","","","","","","__export__.product_pricelist_item_1976_e6dbf4bf"
"","","","","","","","__export__.product_pricelist_item_1975_bdd9d343"
"","","","","","","","__export__.product_pricelist_item_1974_fbde246d"
"","","","","","","","__export__.product_pricelist_item_1972_7c08ab06"
"","","","","","","","__export__.product_pricelist_item_1970_7aefbda1"
"","","","","","","","__export__.product_pricelist_item_1969_79384942"
"","","","","","","","__export__.product_pricelist_item_1968_aa600c1c"
"","","","","","","","__export__.product_pricelist_item_1967_7e2cd632"
"","","","","","","","__export__.product_pricelist_item_1965_eb5c061e"
"","","","","","","","__export__.product_pricelist_item_1963_ff2af090"
"","","","","","","","__export__.product_pricelist_item_1962_afacff0e"
"","","","","","","","__export__.product_pricelist_item_1959_28e884cd"
"","","","","","","","__export__.product_pricelist_item_1958_f35b280c"
"","","","","","","","__export__.product_pricelist_item_1957_745a2397"
"","","","","","","","__export__.product_pricelist_item_1956_5afba0e7"
"","","","","","","","__export__.product_pricelist_item_1955_6d5fe378"
"","","","","","","","__export__.product_pricelist_item_1953_0913143a"
"","","","","","","","__export__.product_pricelist_item_1952_057e8422"
"","","","","","","","__export__.product_pricelist_item_1950_759c8407"
"","","","","","","","__export__.product_pricelist_item_1949_1302b470"
"","","","","","","","__export__.product_pricelist_item_1948_a7e4b509"
"","","","","","","","__export__.product_pricelist_item_1946_b9ebf394"
"","","","","","","","__export__.product_pricelist_item_1945_15e23831"
"","","","","","","","__export__.product_pricelist_item_1944_19defb9c"
"","","","","","","","__export__.product_pricelist_item_1941_c43de60c"
"","","","","","","","__export__.product_pricelist_item_1939_70695c16"
"","","","","","","","__export__.product_pricelist_item_1937_caa1acf7"
"","","","","","","","__export__.product_pricelist_item_1936_32333284"
"","","","","","","","__export__.product_pricelist_item_1935_4bc5b04f"
"","","","","","","","__export__.product_pricelist_item_1934_14478452"
"","","","","","","","__export__.product_pricelist_item_1933_671660e0"
"","","","","","","","__export__.product_pricelist_item_1932_35690cf3"
"","","","","","","","__export__.product_pricelist_item_1931_3b072ae9"
"","","","","","","","__export__.product_pricelist_item_1930_b18ef88d"
"","","","","","","","__export__.product_pricelist_item_1929_21c357fd"
"","","","","","","","__export__.product_pricelist_item_1928_19cdd92d"
"","","","","","","","__export__.product_pricelist_item_1927_ea0b7334"
"","","","","","","","__export__.product_pricelist_item_1926_4870539f"
"","","","","","","","__export__.product_pricelist_item_1925_619098e6"
"","","","","","","","__export__.product_pricelist_item_1924_28d66c13"
"","","","","","","","__export__.product_pricelist_item_1922_3ee285de"
"","","","","","","","__export__.product_pricelist_item_1921_a0a169a6"
"","","","","","","","__export__.product_pricelist_item_1919_42a8ebfa"
"","","","","","","","__export__.product_pricelist_item_1918_34eaca99"
"","","","","","","","__export__.product_pricelist_item_1917_965fc204"
"","","","","","","","__export__.product_pricelist_item_1916_18a783a1"
"","","","","","","","__export__.product_pricelist_item_1915_0bde4b66"
"","","","","","","","__export__.product_pricelist_item_1913_14cbee3a"
"","","","","","","","__export__.product_pricelist_item_1912_8818d603"
"","","","","","","","__export__.product_pricelist_item_1911_1fe96cac"
"","","","","","","","__export__.product_pricelist_item_1910_4a993bd3"
"","","","","","","","__export__.product_pricelist_item_1909_821bacb8"
"","","","","","","","__export__.product_pricelist_item_1908_fb09785e"
"","","","","","","","__export__.product_pricelist_item_1907_a6cf3caa"
"","","","","","","","__export__.product_pricelist_item_1870_047bfd44"
"","","","","","","","__export__.product_pricelist_item_1869_a687c14e"
"","","","","","","","__export__.product_pricelist_item_1865_a8eee3c8"
"","","","","","","","__export__.product_pricelist_item_1861_319dc5a4"
"","","","","","","","__export__.product_pricelist_item_1859_94d45158"
"","","","","","","","__export__.product_pricelist_item_1858_ddd052f2"
"","","","","","","","__export__.product_pricelist_item_1857_945e8ee1"
"","","","","","","","__export__.product_pricelist_item_1856_f79c281e"
"","","","","","","","__export__.product_pricelist_item_1855_c4f81abe"
"","","","","","","","__export__.product_pricelist_item_1854_b75a59e4"
"","","","","","","","__export__.product_pricelist_item_1853_0acbfe1a"
"","","","","","","","__export__.product_pricelist_item_1683_33d88c74"
"","","","","","","","__export__.product_pricelist_item_1286_e41aef4a"
"","","","","","","","__export__.product_pricelist_item_688_32125476"
"","","","","","","","__export__.product_pricelist_item_685_a30a3733"
"","","","","","","","__export__.product_pricelist_item_712_ae1beb6f"
"","","","","","","","__export__.product_pricelist_item_681_3ff02ca2"
"","","","","","","","__export__.product_pricelist_item_679_8cadbedb"
"","","","","","","","__export__.product_pricelist_item_678_4366e31d"
"","","","","","","","__export__.product_pricelist_item_672_3c363e77"
"","","","","","","","__export__.product_pricelist_item_670_725bb4d6"
"","","","","","","","__export__.product_pricelist_item_2634_d9bbc162"
"","","","","","","","__export__.product_pricelist_item_2633_52da9f0d"
"","","","","","","","__export__.product_pricelist_item_2632_c0004395"
"","","","","","","","__export__.product_pricelist_item_2631_505cfa7f"
"","","","","","","","__export__.product_pricelist_item_2630_d46bb134"
"","","","","","","","__export__.product_pricelist_item_2628_968e11d6"
"","","","","","","","__export__.product_pricelist_item_2627_5d08674c"
"","","","","","","","__export__.product_pricelist_item_2626_3b7e8c7b"
"","","","","","","","__export__.product_pricelist_item_2523_ee9afa44"
"","","","","","","","__export__.product_pricelist_item_1092_89b7cd47"
"","","","","","","","__export__.product_pricelist_item_1068_ceeb461f"
"","","","","","","","__export__.product_pricelist_item_908_2a525b53"
"","","","","","","","__export__.product_pricelist_item_713_d5a966a6"
"","","","","","","","__export__.product_pricelist_item_703_6e366bf4"
"","","","","","","","__export__.product_pricelist_item_702_dcc935b3"
"","","","","","","","__export__.product_pricelist_item_699_61d4fec0"
"","","","","","","","__export__.product_pricelist_item_698_94f5bfdb"
"","","","","","","","__export__.product_pricelist_item_693_d510092f"
"","","","","","","","__export__.product_pricelist_item_691_f9a5a33d"
"","","","","","","","__export__.product_pricelist_item_687_fbf11b61"
"","","","","","","","__export__.product_pricelist_item_684_4dc7dddb"
"","","","","","","","__export__.product_pricelist_item_682_79b65a1c"
"","","","","","","","__export__.product_pricelist_item_680_53a48c06"
"","","","","","","","__export__.product_pricelist_item_677_0a484bc1"
"","","","","","","","__export__.product_pricelist_item_675_718b4bdc"
"","","","","","","","__export__.product_pricelist_item_669_ef1adbc8"
"","","","","","","","__export__.product_pricelist_item_667_69115198"
"","","","","","","","__export__.product_pricelist_item_664_d2e803e4"
"","","","","","","","__export__.product_pricelist_item_660_88e55545"
"","","","","","","","__export__.product_pricelist_item_659_a59b18f6"
"","","","","","","","__export__.product_pricelist_item_655_550a75c1"
"","","","","","","","__export__.product_pricelist_item_654_cc910cc4"
"","","","","","","","__export__.product_pricelist_item_653_5a3179a4"
"__export__.product_pricelist_77_e590d8cf","ZI QI DUNLAOGHAIRE","base.EUR","__export__.res_users_7_ace94875","2026-06-19 12:15:33","False","6","__export__.product_pricelist_item_7087_468a4cc8"
"","","","","","","","__export__.product_pricelist_item_6131_cece4c1e"
"","","","","","","","__export__.product_pricelist_item_4420_37724d8f"
"","","","","","","","__export__.product_pricelist_item_4416_91018915"
"","","","","","","","__export__.product_pricelist_item_4415_74b38de3"
"","","","","","","","__export__.product_pricelist_item_5104_319bd234"
"","","","","","","","__export__.product_pricelist_item_4441_0929ffbe"
"","","","","","","","__export__.product_pricelist_item_4438_dbe6b62f"
"","","","","","","","__export__.product_pricelist_item_4437_ed92eebe"
"","","","","","","","__export__.product_pricelist_item_4429_ef3bdf66"
"","","","","","","","__export__.product_pricelist_item_4427_d717b28d"
"","","","","","","","__export__.product_pricelist_item_4426_0f9ae32d"
"","","","","","","","__export__.product_pricelist_item_4424_93f31aeb"
"","","","","","","","__export__.product_pricelist_item_4423_24ce30f2"
"","","","","","","","__export__.product_pricelist_item_4417_71c3cb77"
"","","","","","","","__export__.product_pricelist_item_4402_4dcfca69"
"","","","","","","","__export__.product_pricelist_item_4414_008161c4"
"","","","","","","","__export__.product_pricelist_item_4412_9cfc2aab"
"","","","","","","","__export__.product_pricelist_item_4411_93a3f5a2"
"","","","","","","","__export__.product_pricelist_item_4410_8a303a40"
"","","","","","","","__export__.product_pricelist_item_4409_b9e56c44"
"","","","","","","","__export__.product_pricelist_item_4408_74e5afeb"
"","","","","","","","__export__.product_pricelist_item_4404_5eb1303d"
"","","","","","","","__export__.product_pricelist_item_4401_c4c541e5"
"","","","","","","","__export__.product_pricelist_item_4399_c8bce05c"
"","","","","","","","__export__.product_pricelist_item_4398_37facae4"
"","","","","","","","__export__.product_pricelist_item_4397_3db54748"
"","","","","","","","__export__.product_pricelist_item_4393_6b48f97f"
"","","","","","","","__export__.product_pricelist_item_4389_66878837"
"","","","","","","","__export__.product_pricelist_item_4383_8ada43f6"
"","","","","","","","__export__.product_pricelist_item_4381_8349cfd2"
"","","","","","","","__export__.product_pricelist_item_4377_07224927"
"","","","","","","","__export__.product_pricelist_item_4373_23356d9d"
"","","","","","","","__export__.product_pricelist_item_4371_44c67b07"
"","","","","","","","__export__.product_pricelist_item_4365_912f3e62"
"","","","","","","","__export__.product_pricelist_item_4413_6a05bf41"
"","","","","","","","__export__.product_pricelist_item_4407_48e95906"
"","","","","","","","__export__.product_pricelist_item_4406_b3c7ab03"
"","","","","","","","__export__.product_pricelist_item_4405_6fefe37a"
"","","","","","","","__export__.product_pricelist_item_4400_e6883cac"
"","","","","","","","__export__.product_pricelist_item_4396_4f8e8f39"
"","","","","","","","__export__.product_pricelist_item_4395_57c9aac0"
"","","","","","","","__export__.product_pricelist_item_4394_453b893e"
"","","","","","","","__export__.product_pricelist_item_4392_79a5e494"
"","","","","","","","__export__.product_pricelist_item_4391_0bfd2ea2"
"","","","","","","","__export__.product_pricelist_item_4390_cdcdf90c"
"","","","","","","","__export__.product_pricelist_item_4388_702f6ca3"
"","","","","","","","__export__.product_pricelist_item_4387_c3bc2421"
"","","","","","","","__export__.product_pricelist_item_4386_949ac469"
"","","","","","","","__export__.product_pricelist_item_4385_8bdb9b8d"
"","","","","","","","__export__.product_pricelist_item_4384_e1e9eeb9"
"","","","","","","","__export__.product_pricelist_item_4380_c2042e9b"
"","","","","","","","__export__.product_pricelist_item_4379_8be846e5"
"","","","","","","","__export__.product_pricelist_item_4378_00a63f36"
"","","","","","","","__export__.product_pricelist_item_4376_c40cc402"
"","","","","","","","__export__.product_pricelist_item_4375_bb685e5a"
"","","","","","","","__export__.product_pricelist_item_4374_476e139e"
"","","","","","","","__export__.product_pricelist_item_4372_8d8271cb"
"","","","","","","","__export__.product_pricelist_item_4370_dc7a94db"
"","","","","","","","__export__.product_pricelist_item_4369_05a3dd35"
"","","","","","","","__export__.product_pricelist_item_4368_1186a6c9"
"","","","","","","","__export__.product_pricelist_item_4367_90c83e93"
"","","","","","","","__export__.product_pricelist_item_4366_f29f82c8"
"__export__.product_pricelist_41_b1cf001b","MR CHEN","base.EUR","__export__.res_users_7_ace94875","2026-06-19 12:14:43","False","7","__export__.product_pricelist_item_2017_56e3ad0b"
"","","","","","","","__export__.product_pricelist_item_1779_442492b9"
"","","","","","","","__export__.product_pricelist_item_7114_c3631a1c"
"","","","","","","","__export__.product_pricelist_item_7113_c4d49adb"
"","","","","","","","__export__.product_pricelist_item_7112_a6fc1684"
"","","","","","","","__export__.product_pricelist_item_7111_b892faff"
"","","","","","","","__export__.product_pricelist_item_7110_cd91b5d1"
"","","","","","","","__export__.product_pricelist_item_7109_a0515c71"
"","","","","","","","__export__.product_pricelist_item_7108_f29cc45f"
"","","","","","","","__export__.product_pricelist_item_7107_95167ad3"
"","","","","","","","__export__.product_pricelist_item_7106_b3ff945b"
"","","","","","","","__export__.product_pricelist_item_7105_857f607d"
"","","","","","","","__export__.product_pricelist_item_7104_3e30c89a"
"","","","","","","","__export__.product_pricelist_item_7103_a82e9ae2"
"","","","","","","","__export__.product_pricelist_item_7102_edc81240"
"","","","","","","","__export__.product_pricelist_item_7101_4c7348b4"
"","","","","","","","__export__.product_pricelist_item_7100_98cdc6ed"
"","","","","","","","__export__.product_pricelist_item_7099_82365e34"
"","","","","","","","__export__.product_pricelist_item_7098_0eda5284"
"","","","","","","","__export__.product_pricelist_item_7097_d22db68c"
"","","","","","","","__export__.product_pricelist_item_7096_0274ebc4"
"","","","","","","","__export__.product_pricelist_item_6133_3f81f8d7"
"","","","","","","","__export__.product_pricelist_item_5105_bebbd5b2"
"","","","","","","","__export__.product_pricelist_item_5099_ca37c1a3"
"","","","","","","","__export__.product_pricelist_item_5091_dc3b9eec"
"","","","","","","","__export__.product_pricelist_item_3992_e4a7cc5d"
"","","","","","","","__export__.product_pricelist_item_3988_e3ea8185"
"","","","","","","","__export__.product_pricelist_item_3987_75cda2e7"
"","","","","","","","__export__.product_pricelist_item_3986_2e7a9060"
"","","","","","","","__export__.product_pricelist_item_3985_68928402"
"","","","","","","","__export__.product_pricelist_item_3983_3f7a7c8b"
"","","","","","","","__export__.product_pricelist_item_3982_82821548"
"","","","","","","","__export__.product_pricelist_item_3981_3cdd15b7"
"","","","","","","","__export__.product_pricelist_item_3980_df962cde"
"","","","","","","","__export__.product_pricelist_item_3421_e92dc046"
"","","","","","","","__export__.product_pricelist_item_2419_d00b9be6"
"","","","","","","","__export__.product_pricelist_item_2232_29003517"
"","","","","","","","__export__.product_pricelist_item_2214_c259e748"
"","","","","","","","__export__.product_pricelist_item_1824_2cc233a8"
"","","","","","","","__export__.product_pricelist_item_1564_f6873cb0"
"","","","","","","","__export__.product_pricelist_item_1115_b6ab6213"
"","","","","","","","__export__.product_pricelist_item_629_292063ac"
"","","","","","","","__export__.product_pricelist_item_598_3db6d9d9"
"","","","","","","","__export__.product_pricelist_item_6302_c204d818"
"","","","","","","","__export__.product_pricelist_item_1095_7f4ccdfa"
"","","","","","","","__export__.product_pricelist_item_1094_9195e4fd"
"","","","","","","","__export__.product_pricelist_item_1069_2a420920"
"","","","","","","","__export__.product_pricelist_item_910_a5a94680"
"","","","","","","","__export__.product_pricelist_item_909_c2ea0a54"
"","","","","","","","__export__.product_pricelist_item_651_50f78e8c"
"","","","","","","","__export__.product_pricelist_item_649_d5493feb"
"","","","","","","","__export__.product_pricelist_item_643_d44dbf10"
"","","","","","","","__export__.product_pricelist_item_640_cc4513f9"
"","","","","","","","__export__.product_pricelist_item_637_845c3685"
"","","","","","","","__export__.product_pricelist_item_632_6553e3d8"
"","","","","","","","__export__.product_pricelist_item_631_74d75c7e"
"","","","","","","","__export__.product_pricelist_item_626_8cbc653a"
"","","","","","","","__export__.product_pricelist_item_625_ce0febb4"
"","","","","","","","__export__.product_pricelist_item_623_1a364149"
"","","","","","","","__export__.product_pricelist_item_621_cf4686f1"
"","","","","","","","__export__.product_pricelist_item_620_0a68fe9b"
"","","","","","","","__export__.product_pricelist_item_619_e1c9a739"
"","","","","","","","__export__.product_pricelist_item_617_43fc81fe"
"","","","","","","","__export__.product_pricelist_item_616_b583590a"
"","","","","","","","__export__.product_pricelist_item_613_998b6cfe"
"","","","","","","","__export__.product_pricelist_item_609_d6145f96"
"","","","","","","","__export__.product_pricelist_item_605_a3297cac"
"","","","","","","","__export__.product_pricelist_item_602_356f9022"
"","","","","","","","__export__.product_pricelist_item_597_67454ad9"
"","","","","","","","__export__.product_pricelist_item_593_866d8b8b"
"","","","","","","","__export__.product_pricelist_item_592_9d046d49"
"","","","","","","","__export__.product_pricelist_item_591_62562957"
"","","","","","","","__export__.product_pricelist_item_590_38ed03aa"
"__export__.product_pricelist_89_fedc9957","M7N3M1菜价","base.EUR","__export__.res_users_7_ace94875","2026-05-29 11:30:32","False","8","__export__.product_pricelist_item_7088_118069c6"
"","","","","","","","__export__.product_pricelist_item_7084_deb23211"
"","","","","","","","__export__.product_pricelist_item_6741_598959f4"
"","","","","","","","__export__.product_pricelist_item_6127_40290d19"
"","","","","","","","__export__.product_pricelist_item_5750_96d9bbf2"
"","","","","","","","__export__.product_pricelist_item_5378_3c813058"
"","","","","","","","__export__.product_pricelist_item_5377_10d9907b"
"","","","","","","","__export__.product_pricelist_item_5376_8c5b9a47"
"","","","","","","","__export__.product_pricelist_item_5374_b1987a4f"
"","","","","","","","__export__.product_pricelist_item_5365_1af4e8ec"
"","","","","","","","__export__.product_pricelist_item_5363_4c84ff43"
"","","","","","","","__export__.product_pricelist_item_5356_d653060f"
"","","","","","","","__export__.product_pricelist_item_5353_568ce17e"
"","","","","","","","__export__.product_pricelist_item_5352_fd88e578"
"","","","","","","","__export__.product_pricelist_item_5350_55b3b3e7"
"","","","","","","","__export__.product_pricelist_item_5375_ca36a655"
"","","","","","","","__export__.product_pricelist_item_5373_8519d40b"
"","","","","","","","__export__.product_pricelist_item_5370_e2919a02"
"","","","","","","","__export__.product_pricelist_item_5369_7e3cb0bd"
"","","","","","","","__export__.product_pricelist_item_5368_9b9ffb30"
"","","","","","","","__export__.product_pricelist_item_5364_7b71b394"
"","","","","","","","__export__.product_pricelist_item_5362_ba164b9d"
"","","","","","","","__export__.product_pricelist_item_5361_a8f98dca"
"","","","","","","","__export__.product_pricelist_item_5360_b8477fb5"
"","","","","","","","__export__.product_pricelist_item_5359_e540f4cf"
"","","","","","","","__export__.product_pricelist_item_5358_c04a5d74"
"","","","","","","","__export__.product_pricelist_item_5357_6320c297"
"","","","","","","","__export__.product_pricelist_item_5354_0c11798a"
"","","","","","","","__export__.product_pricelist_item_5351_eab73adf"
"","","","","","","","__export__.product_pricelist_item_5349_b177e74a"
"","","","","","","","__export__.product_pricelist_item_5348_de333681"
"","","","","","","","__export__.product_pricelist_item_5347_ee8845a8"
"","","","","","","","__export__.product_pricelist_item_5346_0fa313e1"
"","","","","","","","__export__.product_pricelist_item_5344_444edf8f"
"","","","","","","","__export__.product_pricelist_item_5343_5735656d"
"","","","","","","","__export__.product_pricelist_item_5341_11a2a7ac"
"","","","","","","","__export__.product_pricelist_item_5340_fe8a3945"
"","","","","","","","__export__.product_pricelist_item_5335_bb559734"
"","","","","","","","__export__.product_pricelist_item_5334_31368e86"
"","","","","","","","__export__.product_pricelist_item_5333_251c0f20"
"","","","","","","","__export__.product_pricelist_item_5331_e502498c"
"","","","","","","","__export__.product_pricelist_item_5328_810d9e1e"
"","","","","","","","__export__.product_pricelist_item_5324_9d4d9e20"
"","","","","","","","__export__.product_pricelist_item_5323_c243064d"
"","","","","","","","__export__.product_pricelist_item_5322_abcc073d"
"","","","","","","","__export__.product_pricelist_item_5314_74592ee4"
"","","","","","","","__export__.product_pricelist_item_5313_0425e620"
"","","","","","","","__export__.product_pricelist_item_5312_22e2b27a"
"","","","","","","","__export__.product_pricelist_item_5309_031a0540"
"","","","","","","","__export__.product_pricelist_item_5308_5cda55ca"
"","","","","","","","__export__.product_pricelist_item_5307_89f8672e"
"","","","","","","","__export__.product_pricelist_item_5304_2fadd7a8"
"","","","","","","","__export__.product_pricelist_item_5301_72fe278c"
"","","","","","","","__export__.product_pricelist_item_5300_6c32a7c9"
"","","","","","","","__export__.product_pricelist_item_5345_6877d7c7"
"","","","","","","","__export__.product_pricelist_item_5342_afd24584"
"","","","","","","","__export__.product_pricelist_item_5339_c1dbc424"
"","","","","","","","__export__.product_pricelist_item_5338_fc19c494"
"","","","","","","","__export__.product_pricelist_item_5337_87ff8a49"
"","","","","","","","__export__.product_pricelist_item_5336_a95070dc"
"","","","","","","","__export__.product_pricelist_item_5332_73a9b5b0"
"","","","","","","","__export__.product_pricelist_item_5330_62805239"
"","","","","","","","__export__.product_pricelist_item_5329_f94d5239"
"","","","","","","","__export__.product_pricelist_item_5326_61f3a7ee"
"","","","","","","","__export__.product_pricelist_item_5325_f88391c0"
"","","","","","","","__export__.product_pricelist_item_5321_6e72284b"
"","","","","","","","__export__.product_pricelist_item_5320_415e41bd"
"","","","","","","","__export__.product_pricelist_item_5319_32838328"
"","","","","","","","__export__.product_pricelist_item_5318_1f483e19"
"","","","","","","","__export__.product_pricelist_item_5317_1ef23146"
"","","","","","","","__export__.product_pricelist_item_5316_17c6603a"
"","","","","","","","__export__.product_pricelist_item_5315_9ac71d12"
"","","","","","","","__export__.product_pricelist_item_5310_fb285d08"
"","","","","","","","__export__.product_pricelist_item_5306_1571ec01"
"","","","","","","","__export__.product_pricelist_item_5305_c6ceaf30"
"","","","","","","","__export__.product_pricelist_item_5303_3e7e5c8b"
"","","","","","","","__export__.product_pricelist_item_5302_7ddadb91"
"","","","","","","","__export__.product_pricelist_item_5299_96952145"
"__export__.product_pricelist_38_899fff97","LINKEE","base.EUR","__export__.res_users_7_ace94875","2026-06-19 12:17:10","False","9","__export__.product_pricelist_item_1582_7f94b247"
"","","","","","","","__export__.product_pricelist_item_1224_842d8a35"
"","","","","","","","__export__.product_pricelist_item_7194_5de5d6ba"
"","","","","","","","__export__.product_pricelist_item_7193_fb529a8d"
"","","","","","","","__export__.product_pricelist_item_7192_41ce2dd0"
"","","","","","","","__export__.product_pricelist_item_7191_33bdf4d7"
"","","","","","","","__export__.product_pricelist_item_7190_dcdc011b"
"","","","","","","","__export__.product_pricelist_item_7189_ca03050d"
"","","","","","","","__export__.product_pricelist_item_7188_205c966f"
"","","","","","","","__export__.product_pricelist_item_7187_aed3928b"
"","","","","","","","__export__.product_pricelist_item_6134_75961cdd"
"","","","","","","","__export__.product_pricelist_item_5107_d934c3aa"
"","","","","","","","__export__.product_pricelist_item_1794_07130547"
"","","","","","","","__export__.product_pricelist_item_1118_887a32a8"
"","","","","","","","__export__.product_pricelist_item_916_0e591457"
"","","","","","","","__export__.product_pricelist_item_461_da08bc19"
"","","","","","","","__export__.product_pricelist_item_451_a9ec539c"
"","","","","","","","__export__.product_pricelist_item_441_eb1ffa4a"
"","","","","","","","__export__.product_pricelist_item_422_0ad55afd"
"","","","","","","","__export__.product_pricelist_item_1103_fe72944f"
"","","","","","","","__export__.product_pricelist_item_1102_4a8bbae6"
"","","","","","","","__export__.product_pricelist_item_1072_95f089cd"
"","","","","","","","__export__.product_pricelist_item_915_967be9f3"
"","","","","","","","__export__.product_pricelist_item_914_73de3709"
"","","","","","","","__export__.product_pricelist_item_465_d8ef9460"
"","","","","","","","__export__.product_pricelist_item_464_ad889287"
"","","","","","","","__export__.product_pricelist_item_457_95522db6"
"","","","","","","","__export__.product_pricelist_item_455_69329705"
"","","","","","","","__export__.product_pricelist_item_454_d13f6579"
"","","","","","","","__export__.product_pricelist_item_447_0044b273"
"","","","","","","","__export__.product_pricelist_item_446_6e4ac655"
"","","","","","","","__export__.product_pricelist_item_443_d04a5a5f"
"","","","","","","","__export__.product_pricelist_item_440_abe6846c"
"","","","","","","","__export__.product_pricelist_item_437_e02b3aad"
"","","","","","","","__export__.product_pricelist_item_435_e1de17ba"
"","","","","","","","__export__.product_pricelist_item_434_e33bc4ec"
"","","","","","","","__export__.product_pricelist_item_433_fe65425d"
"","","","","","","","__export__.product_pricelist_item_431_4da3f327"
"","","","","","","","__export__.product_pricelist_item_430_5d413cf2"
"","","","","","","","__export__.product_pricelist_item_429_89004939"
"","","","","","","","__export__.product_pricelist_item_427_627b1f06"
"","","","","","","","__export__.product_pricelist_item_423_a53f81b5"
"","","","","","","","__export__.product_pricelist_item_419_cc7a1c9b"
"","","","","","","","__export__.product_pricelist_item_416_69cab68e"
"","","","","","","","__export__.product_pricelist_item_412_3cb25810"
"","","","","","","","__export__.product_pricelist_item_411_d631d11c"
"","","","","","","","__export__.product_pricelist_item_407_00c8ca77"
"","","","","","","","__export__.product_pricelist_item_6329_6565a5be"
"__export__.product_pricelist_37_8547d8cd","LEMON TREE","base.EUR","__export__.res_users_7_ace94875","2026-06-19 12:21:23","False","10","__export__.product_pricelist_item_6135_eaed573f"
"","","","","","","","__export__.product_pricelist_item_5976_3afc5755"
"","","","","","","","__export__.product_pricelist_item_5738_65118749"
"","","","","","","","__export__.product_pricelist_item_5108_a0aa4d1c"
"","","","","","","","__export__.product_pricelist_item_2605_ad675023"
"","","","","","","","__export__.product_pricelist_item_1684_524ddb32"
"","","","","","","","__export__.product_pricelist_item_1119_b97b0e09"
"","","","","","","","__export__.product_pricelist_item_385_44f851b3"
"","","","","","","","__export__.product_pricelist_item_350_5221fef6"
"","","","","","","","__export__.product_pricelist_item_1105_75f58c7f"
"","","","","","","","__export__.product_pricelist_item_1104_84f391f7"
"","","","","","","","__export__.product_pricelist_item_1073_3815e62b"
"","","","","","","","__export__.product_pricelist_item_918_09a960a7"
"","","","","","","","__export__.product_pricelist_item_395_bdf98b8c"
"","","","","","","","__export__.product_pricelist_item_392_9e21f67d"
"","","","","","","","__export__.product_pricelist_item_389_f0e320b0"
"","","","","","","","__export__.product_pricelist_item_384_62a6165d"
"","","","","","","","__export__.product_pricelist_item_381_9f83185b"
"","","","","","","","__export__.product_pricelist_item_378_f7860a5e"
"","","","","","","","__export__.product_pricelist_item_375_e923d529"
"","","","","","","","__export__.product_pricelist_item_374_027e669d"
"","","","","","","","__export__.product_pricelist_item_373_318112d8"
"","","","","","","","__export__.product_pricelist_item_372_fd587325"
"","","","","","","","__export__.product_pricelist_item_371_242add71"
"","","","","","","","__export__.product_pricelist_item_368_d43f3aa5"
"","","","","","","","__export__.product_pricelist_item_367_e3943108"
"","","","","","","","__export__.product_pricelist_item_361_c8c225a5"
"","","","","","","","__export__.product_pricelist_item_357_3b64501f"
"","","","","","","","__export__.product_pricelist_item_354_25c5310c"
"","","","","","","","__export__.product_pricelist_item_349_f55970a2"
"","","","","","","","__export__.product_pricelist_item_348_78bb1a1e"
"","","","","","","","__export__.product_pricelist_item_345_3afeb367"
"__export__.product_pricelist_34_0189f91b","CHUAN CITY","base.EUR","__export__.res_users_7_ace94875","2026-06-19 12:23:48","False","11","__export__.product_pricelist_item_1686_45c5ce4a"
"","","","","","","","__export__.product_pricelist_item_5110_4a781cd4"
"","","","","","","","__export__.product_pricelist_item_4532_7e8e362e"
"","","","","","","","__export__.product_pricelist_item_3996_56a7d70d"
"","","","","","","","__export__.product_pricelist_item_3970_0f326368"
"","","","","","","","__export__.product_pricelist_item_2799_19d64ac5"
"","","","","","","","__export__.product_pricelist_item_1687_cb2a1394"
"","","","","","","","__export__.product_pricelist_item_193_5aaa2bf7"
"","","","","","","","__export__.product_pricelist_item_162_a66064ec"
"","","","","","","","__export__.product_pricelist_item_3550_7a11d93e"
"","","","","","","","__export__.product_pricelist_item_1122_3db3ab91"
"","","","","","","","__export__.product_pricelist_item_1089_a17d80dc"
"","","","","","","","__export__.product_pricelist_item_1088_7152f13c"
"","","","","","","","__export__.product_pricelist_item_1077_8c28048e"
"","","","","","","","__export__.product_pricelist_item_926_4ffafa02"
"","","","","","","","__export__.product_pricelist_item_925_9218fdb9"
"","","","","","","","__export__.product_pricelist_item_217_6ec177ab"
"","","","","","","","__export__.product_pricelist_item_216_922dad34"
"","","","","","","","__export__.product_pricelist_item_209_dd9a4b4e"
"","","","","","","","__export__.product_pricelist_item_208_9ee046a7"
"","","","","","","","__export__.product_pricelist_item_206_0c263c39"
"","","","","","","","__export__.product_pricelist_item_203_a44d5cdf"
"","","","","","","","__export__.product_pricelist_item_199_fad14d4f"
"","","","","","","","__export__.product_pricelist_item_198_85783559"
"","","","","","","","__export__.product_pricelist_item_197_59268b15"
"","","","","","","","__export__.product_pricelist_item_195_f514145d"
"","","","","","","","__export__.product_pricelist_item_192_7b538f48"
"","","","","","","","__export__.product_pricelist_item_191_1e2a52a7"
"","","","","","","","__export__.product_pricelist_item_189_47211664"
"","","","","","","","__export__.product_pricelist_item_187_6c840949"
"","","","","","","","__export__.product_pricelist_item_186_fad72759"
"","","","","","","","__export__.product_pricelist_item_185_6948a3bf"
"","","","","","","","__export__.product_pricelist_item_184_3c567f39"
"","","","","","","","__export__.product_pricelist_item_181_ba3076c3"
"","","","","","","","__export__.product_pricelist_item_179_e1821187"
"","","","","","","","__export__.product_pricelist_item_175_71f434e9"
"","","","","","","","__export__.product_pricelist_item_173_5c91b261"
"","","","","","","","__export__.product_pricelist_item_171_4d025ce9"
"","","","","","","","__export__.product_pricelist_item_168_43a21b1c"
"","","","","","","","__export__.product_pricelist_item_164_03bc9e63"
"","","","","","","","__export__.product_pricelist_item_163_8dfda3ae"
"","","","","","","","__export__.product_pricelist_item_159_93648c24"
"__export__.product_pricelist_33_b38fc797","Chris","base.EUR","__export__.res_users_7_ace94875","2026-06-05 12:21:08","False","12","__export__.product_pricelist_item_7063_59530092"
"","","","","","","","__export__.product_pricelist_item_7055_b16a268d"
"","","","","","","","__export__.product_pricelist_item_6138_12e7b766"
"","","","","","","","__export__.product_pricelist_item_5759_cc6c7803"
"","","","","","","","__export__.product_pricelist_item_5141_e8c39f25"
"","","","","","","","__export__.product_pricelist_item_5111_4801a6db"
"","","","","","","","__export__.product_pricelist_item_4656_2a8163f8"
"","","","","","","","__export__.product_pricelist_item_4639_def3634f"
"","","","","","","","__export__.product_pricelist_item_2652_214ca19e"
"","","","","","","","__export__.product_pricelist_item_1688_dff7502c"
"","","","","","","","__export__.product_pricelist_item_6299_3eb5c116"
"","","","","","","","__export__.product_pricelist_item_6298_d0312106"
"","","","","","","","__export__.product_pricelist_item_6297_134db362"
"","","","","","","","__export__.product_pricelist_item_6296_e188c5dd"
"","","","","","","","__export__.product_pricelist_item_5989_8fd96461"
"","","","","","","","__export__.product_pricelist_item_5988_f15e8099"
"","","","","","","","__export__.product_pricelist_item_5987_4dbdfc88"
"","","","","","","","__export__.product_pricelist_item_5985_4e04ddb3"
"","","","","","","","__export__.product_pricelist_item_5984_1b5167ba"
"","","","","","","","__export__.product_pricelist_item_5975_142a0b90"
"","","","","","","","__export__.product_pricelist_item_2579_dfb9dccb"
"","","","","","","","__export__.product_pricelist_item_2578_3d86d015"
"","","","","","","","__export__.product_pricelist_item_1620_6a44463c"
"","","","","","","","__export__.product_pricelist_item_1574_d0a4ce8d"
"","","","","","","","__export__.product_pricelist_item_1123_406e1731"
"","","","","","","","__export__.product_pricelist_item_1109_9bbe3595"
"","","","","","","","__export__.product_pricelist_item_1108_10501b57"
"","","","","","","","__export__.product_pricelist_item_930_d5e09800"
"","","","","","","","__export__.product_pricelist_item_929_263d12d4"
"","","","","","","","__export__.product_pricelist_item_928_5b463291"
"","","","","","","","__export__.product_pricelist_item_147_ba0f3aa4"
"","","","","","","","__export__.product_pricelist_item_141_c95643dc"
"","","","","","","","__export__.product_pricelist_item_137_388e9281"
"","","","","","","","__export__.product_pricelist_item_136_be21564a"
"","","","","","","","__export__.product_pricelist_item_133_b00b6fe5"
"","","","","","","","__export__.product_pricelist_item_131_60494a1a"
"","","","","","","","__export__.product_pricelist_item_123_24621375"
"","","","","","","","__export__.product_pricelist_item_122_26590789"
"","","","","","","","__export__.product_pricelist_item_119_4cacf74a"
"","","","","","","","__export__.product_pricelist_item_113_237fb64f"
"","","","","","","","__export__.product_pricelist_item_100_970e142f"
"","","","","","","","__export__.product_pricelist_item_1110_8bfbc04b"
"","","","","","","","__export__.product_pricelist_item_155_6fd9ef38"
"","","","","","","","__export__.product_pricelist_item_154_0fc2a0e6"
"","","","","","","","__export__.product_pricelist_item_150_396140dd"
"","","","","","","","__export__.product_pricelist_item_144_5f4c3bc8"
"","","","","","","","__export__.product_pricelist_item_135_e8cb648c"
"","","","","","","","__export__.product_pricelist_item_134_1a75892f"
"","","","","","","","__export__.product_pricelist_item_130_0ac6efbc"
"","","","","","","","__export__.product_pricelist_item_129_aedd120d"
"","","","","","","","__export__.product_pricelist_item_127_460ef126"
"","","","","","","","__export__.product_pricelist_item_125_86a7f495"
"","","","","","","","__export__.product_pricelist_item_124_d9b47cd4"
"","","","","","","","__export__.product_pricelist_item_117_5bc7b952"
"","","","","","","","__export__.product_pricelist_item_109_dfe124a9"
"","","","","","","","__export__.product_pricelist_item_106_624e7d7b"
"","","","","","","","__export__.product_pricelist_item_102_25bf5e8d"
"","","","","","","","__export__.product_pricelist_item_101_1d5da4f4"
"","","","","","","","__export__.product_pricelist_item_97_3bb23af1"
"__export__.product_pricelist_161_ba1939c1","The Little Yeti","base.EUR","__export__.res_users_7_ace94875","2026-06-05 12:28:41","False","13","__export__.product_pricelist_item_7161_5a9b440a"
"","","","","","","","__export__.product_pricelist_item_7159_f9bc397b"
"","","","","","","","__export__.product_pricelist_item_7158_f05e9835"
"","","","","","","","__export__.product_pricelist_item_7157_71888db5"
"","","","","","","","__export__.product_pricelist_item_7156_b84e9c92"
"","","","","","","","__export__.product_pricelist_item_7155_67070add"
"","","","","","","","__export__.product_pricelist_item_7154_e8e03b16"
"","","","","","","","__export__.product_pricelist_item_7153_52bffe3f"
"","","","","","","","__export__.product_pricelist_item_7152_62e44c78"
"","","","","","","","__export__.product_pricelist_item_7151_d4263942"
"","","","","","","","__export__.product_pricelist_item_7150_39981322"
"","","","","","","","__export__.product_pricelist_item_7149_88528fa2"
"","","","","","","","__export__.product_pricelist_item_7148_36dd38ab"
"","","","","","","","__export__.product_pricelist_item_7147_229610df"
"","","","","","","","__export__.product_pricelist_item_7225_0702ea83"
"__export__.product_pricelist_160_41977d06","XL-Shop Ashbourne","base.EUR","__export__.res_users_10_962e2fe2","2026-05-25 13:05:07","False","14","__export__.product_pricelist_item_7140_971a82c5"
"","","","","","","","__export__.product_pricelist_item_7139_989773c2"
"","","","","","","","__export__.product_pricelist_item_7138_a744e8c6"
"","","","","","","","__export__.product_pricelist_item_7137_01c837cf"
"","","","","","","","__export__.product_pricelist_item_7136_0b4d510e"
"","","","","","","","__export__.product_pricelist_item_7135_bc508c1b"
"","","","","","","","__export__.product_pricelist_item_7134_a92cbe8d"
"","","","","","","","__export__.product_pricelist_item_7133_4588ce20"
"__export__.product_pricelist_159_387b3ed6","Kathmandu D2","base.EUR","__export__.res_users_7_ace94875","2026-06-05 12:29:05","False","15","__export__.product_pricelist_item_7131_11abbf79"
"","","","","","","","__export__.product_pricelist_item_7130_858fdb6e"
"","","","","","","","__export__.product_pricelist_item_7129_548176ef"
"","","","","","","","__export__.product_pricelist_item_7128_f95f123c"
"","","","","","","","__export__.product_pricelist_item_7127_84224013"
"","","","","","","","__export__.product_pricelist_item_7126_e40af0c2"
"","","","","","","","__export__.product_pricelist_item_7125_777401df"
"","","","","","","","__export__.product_pricelist_item_7124_369acac6"
"","","","","","","","__export__.product_pricelist_item_7123_da096caa"
"","","","","","","","__export__.product_pricelist_item_7122_f087ed6b"
"","","","","","","","__export__.product_pricelist_item_7121_c5bc68ec"
"","","","","","","","__export__.product_pricelist_item_7120_a62a247f"
"","","","","","","","__export__.product_pricelist_item_7119_0b275fc4"
"","","","","","","","__export__.product_pricelist_item_7118_4c56da49"
"","","","","","","","__export__.product_pricelist_item_7117_f0233249"
"","","","","","","","__export__.product_pricelist_item_7116_3f887079"
"","","","","","","","__export__.product_pricelist_item_7226_47fba37c"
"","","","","","","","__export__.product_pricelist_item_7132_cabc27e9"
"__export__.product_pricelist_165_e190757a","CAF Trading Company Limited","base.EUR","__export__.res_users_7_ace94875","2026-06-15 11:58:36","False","16","__export__.product_pricelist_item_7250_146add64"
"","","","","","","","__export__.product_pricelist_item_7249_f41905ae"
"__export__.product_pricelist_164_3e995869","Kyoto Asian Street Food DL","base.EUR","__export__.res_users_14_42108d61","2026-06-18 04:01:10","False","16","__export__.product_pricelist_item_7259_5b2b6b87"
"","","","","","","","__export__.product_pricelist_item_7258_c2da4a78"
"","","","","","","","__export__.product_pricelist_item_7257_9d12bcbb"
"","","","","","","","__export__.product_pricelist_item_7247_6fe3b8d2"
"","","","","","","","__export__.product_pricelist_item_7246_7e19e65d"
"","","","","","","","__export__.product_pricelist_item_7245_7588c85d"
"","","","","","","","__export__.product_pricelist_item_7244_13a5216a"
"","","","","","","","__export__.product_pricelist_item_7243_819fc957"
"","","","","","","","__export__.product_pricelist_item_7242_d2da3ee5"
"","","","","","","","__export__.product_pricelist_item_7241_0ae261f3"
"","","","","","","","__export__.product_pricelist_item_7248_70219754"
"__export__.product_pricelist_163_bf3716b7","M&j bray","base.EUR","__export__.res_users_7_ace94875","2026-06-12 13:16:21","False","16","__export__.product_pricelist_item_7222_0a86060f"
"","","","","","","","__export__.product_pricelist_item_7221_c0a1b68e"
"","","","","","","","__export__.product_pricelist_item_7220_463c2170"
"","","","","","","","__export__.product_pricelist_item_7219_5772e88b"
"","","","","","","","__export__.product_pricelist_item_7218_b049c9a6"
"","","","","","","","__export__.product_pricelist_item_7217_fc310fb1"
"","","","","","","","__export__.product_pricelist_item_7216_48c631c6"
"","","","","","","","__export__.product_pricelist_item_7215_a05bba25"
"","","","","","","","__export__.product_pricelist_item_7214_e207ee37"
"","","","","","","","__export__.product_pricelist_item_7213_66ffaf7e"
"","","","","","","","__export__.product_pricelist_item_7212_fb40138d"
"","","","","","","","__export__.product_pricelist_item_7211_984a08df"
"","","","","","","","__export__.product_pricelist_item_7210_7588f49b"
"","","","","","","","__export__.product_pricelist_item_7209_ae30bb79"
"","","","","","","","__export__.product_pricelist_item_7208_3c35d9aa"
"","","","","","","","__export__.product_pricelist_item_7207_09879481"
"","","","","","","","__export__.product_pricelist_item_7206_e136e6f7"
"","","","","","","","__export__.product_pricelist_item_7205_c67df67e"
"","","","","","","","__export__.product_pricelist_item_7204_b6187aa5"
"","","","","","","","__export__.product_pricelist_item_7203_eb47612e"
"","","","","","","","__export__.product_pricelist_item_7202_b975342e"
"","","","","","","","__export__.product_pricelist_item_7201_beda90b6"
"__export__.product_pricelist_158_090b28af","aroma干货","base.EUR","__export__.res_users_10_962e2fe2","2026-05-25 13:05:07","False","16","__export__.product_pricelist_item_7067_885105db"
"","","","","","","","__export__.product_pricelist_item_7066_e817813c"
"","","","","","","","__export__.product_pricelist_item_7075_fbfa8e5e"
"__export__.product_pricelist_157_1f652c42","js0.1","base.EUR","__export__.res_users_10_962e2fe2","2026-05-25 13:05:07","False","17","__export__.product_pricelist_item_7059_684bbe3e"
"__export__.product_pricelist_156_b8038e39","Yoi","base.EUR","__export__.res_users_10_962e2fe2","2026-05-25 13:05:07","False","18","__export__.product_pricelist_item_7095_7b9b9912"
"","","","","","","","__export__.product_pricelist_item_7050_81879450"
"","","","","","","","__export__.product_pricelist_item_7049_579bdae4"
"","","","","","","","__export__.product_pricelist_item_7047_ce2b52a4"
"","","","","","","","__export__.product_pricelist_item_7046_932d0621"
"","","","","","","","__export__.product_pricelist_item_7045_0a311f26"
"","","","","","","","__export__.product_pricelist_item_7044_d8281688"
"","","","","","","","__export__.product_pricelist_item_7043_9a1b11b3"
"","","","","","","","__export__.product_pricelist_item_7042_d9f885dd"
"","","","","","","","__export__.product_pricelist_item_7041_c60432c4"
"","","","","","","","__export__.product_pricelist_item_7040_852a50d5"
"","","","","","","","__export__.product_pricelist_item_7039_a530715c"
"","","","","","","","__export__.product_pricelist_item_7038_1e3d98a6"
"","","","","","","","__export__.product_pricelist_item_7037_05b2d638"
"","","","","","","","__export__.product_pricelist_item_7036_e719b73e"
"","","","","","","","__export__.product_pricelist_item_7035_51c2bc56"
"","","","","","","","__export__.product_pricelist_item_7034_c5671b1e"
"","","","","","","","__export__.product_pricelist_item_7033_6a824b0f"
"","","","","","","","__export__.product_pricelist_item_7032_6d1320d5"
"","","","","","","","__export__.product_pricelist_item_7031_a9f0ee08"
"","","","","","","","__export__.product_pricelist_item_7030_9b107ea0"
"","","","","","","","__export__.product_pricelist_item_7029_25c69e75"
"","","","","","","","__export__.product_pricelist_item_7028_d95a6e39"
"","","","","","","","__export__.product_pricelist_item_7027_83133689"
"","","","","","","","__export__.product_pricelist_item_7026_bd1ee2f5"
"","","","","","","","__export__.product_pricelist_item_7025_c382577d"
"","","","","","","","__export__.product_pricelist_item_7024_d7f715d6"
"","","","","","","","__export__.product_pricelist_item_7023_5bfd978e"
"","","","","","","","__export__.product_pricelist_item_7048_b5d4e173"
"","","","","","","","__export__.product_pricelist_item_7022_cc4ba21c"
"__export__.product_pricelist_155_3f58e76f","NS LF","base.EUR","__export__.res_users_14_42108d61","2026-06-17 03:09:52","False","19","__export__.product_pricelist_item_7008_0a24eba7"
"","","","","","","","__export__.product_pricelist_item_7144_42bbd670"
"","","","","","","","__export__.product_pricelist_item_7010_59b3b665"
"","","","","","","","__export__.product_pricelist_item_7007_b2b6594a"
"","","","","","","","__export__.product_pricelist_item_7006_8b43b19d"
"","","","","","","","__export__.product_pricelist_item_7005_3a0547ac"
"","","","","","","","__export__.product_pricelist_item_7004_e1e5a256"
"","","","","","","","__export__.product_pricelist_item_7003_5552f5f4"
"","","","","","","","__export__.product_pricelist_item_7002_cb31d79d"
"","","","","","","","__export__.product_pricelist_item_7001_5e7b4957"
"","","","","","","","__export__.product_pricelist_item_7251_0876aabd"
"","","","","","","","__export__.product_pricelist_item_7052_e20f0e7e"
"","","","","","","","__export__.product_pricelist_item_7009_f44ace90"
"__export__.product_pricelist_154_977b6583","Chan Oriental LF","base.EUR","__export__.res_users_10_962e2fe2","2026-05-25 13:05:07","False","20","__export__.product_pricelist_item_6983_3b827920"
"","","","","","","","__export__.product_pricelist_item_6999_85077004"
"","","","","","","","__export__.product_pricelist_item_6998_82a5e284"
"","","","","","","","__export__.product_pricelist_item_6997_c633f604"
"","","","","","","","__export__.product_pricelist_item_6996_692093db"
"","","","","","","","__export__.product_pricelist_item_6994_0acfedb9"
"","","","","","","","__export__.product_pricelist_item_6993_35970bd2"
"","","","","","","","__export__.product_pricelist_item_6992_af140932"
"","","","","","","","__export__.product_pricelist_item_6991_7dee4bee"
"","","","","","","","__export__.product_pricelist_item_6990_ef10dfde"
"","","","","","","","__export__.product_pricelist_item_6989_d608362c"
"","","","","","","","__export__.product_pricelist_item_6988_fc9a4346"
"","","","","","","","__export__.product_pricelist_item_6987_d323580f"
"","","","","","","","__export__.product_pricelist_item_6986_bf1fb6fe"
"","","","","","","","__export__.product_pricelist_item_6985_965cb3b9"
"","","","","","","","__export__.product_pricelist_item_6984_d34fa6ce"
"","","","","","","","__export__.product_pricelist_item_6982_e2da0a4d"
"","","","","","","","__export__.product_pricelist_item_6981_bd6c9577"
"","","","","","","","__export__.product_pricelist_item_6980_87774cc1"
"","","","","","","","__export__.product_pricelist_item_6979_91d41d46"
"","","","","","","","__export__.product_pricelist_item_6978_f58b7da8"
"","","","","","","","__export__.product_pricelist_item_6977_7d4fc697"
"","","","","","","","__export__.product_pricelist_item_6976_d43fdeb4"
"","","","","","","","__export__.product_pricelist_item_6975_f691d65c"
"","","","","","","","__export__.product_pricelist_item_6995_cc47e6e9"
"__export__.product_pricelist_152_d558c78d","Blue Elephant","base.EUR","__export__.res_users_10_962e2fe2","2026-05-25 13:05:07","False","21","__export__.product_pricelist_item_6913_b0dabda0"
"","","","","","","","__export__.product_pricelist_item_6928_146d752b"
"","","","","","","","__export__.product_pricelist_item_6927_41f1dc65"
"","","","","","","","__export__.product_pricelist_item_6926_62a04643"
"","","","","","","","__export__.product_pricelist_item_6925_b3f7d2a4"
"","","","","","","","__export__.product_pricelist_item_6924_e7735ee8"
"","","","","","","","__export__.product_pricelist_item_6923_1b52e84a"
"","","","","","","","__export__.product_pricelist_item_6922_f4d9b64c"
"","","","","","","","__export__.product_pricelist_item_6921_950ae38c"
"","","","","","","","__export__.product_pricelist_item_6920_87db0896"
"","","","","","","","__export__.product_pricelist_item_6919_42466bf9"
"","","","","","","","__export__.product_pricelist_item_6918_e8794b35"
"","","","","","","","__export__.product_pricelist_item_6917_76e34b91"
"","","","","","","","__export__.product_pricelist_item_6916_14ff1766"
"","","","","","","","__export__.product_pricelist_item_6915_6dc15131"
"","","","","","","","__export__.product_pricelist_item_6914_d3bebc2f"
"__export__.product_pricelist_151_d18614f7","Red Torch Ginger Dry","base.EUR","__export__.res_users_10_962e2fe2","2026-05-25 13:05:07","False","22","__export__.product_pricelist_item_7093_fdd4f87f"
"","","","","","","","__export__.product_pricelist_item_6901_c651c0a4"
"","","","","","","","__export__.product_pricelist_item_6900_24230edd"
"","","","","","","","__export__.product_pricelist_item_6899_0fe2a6b6"
"","","","","","","","__export__.product_pricelist_item_6898_9873397a"
"","","","","","","","__export__.product_pricelist_item_6897_07780f6c"
"","","","","","","","__export__.product_pricelist_item_6896_c9fdd5d2"
"","","","","","","","__export__.product_pricelist_item_6895_e13aa7d2"
"","","","","","","","__export__.product_pricelist_item_6894_70241053"
"","","","","","","","__export__.product_pricelist_item_6893_06cadfed"
"","","","","","","","__export__.product_pricelist_item_6892_f5ff71f5"
"","","","","","","","__export__.product_pricelist_item_6891_b6fb16fd"
"","","","","","","","__export__.product_pricelist_item_6890_05bbef0a"
"","","","","","","","__export__.product_pricelist_item_6889_43bf6ca2"
"","","","","","","","__export__.product_pricelist_item_6888_b56a830a"
"","","","","","","","__export__.product_pricelist_item_6887_7dd06191"
"","","","","","","","__export__.product_pricelist_item_6886_880ec29a"
"","","","","","","","__export__.product_pricelist_item_6885_5f17cdbc"
"","","","","","","","__export__.product_pricelist_item_6884_83c63e6d"
"","","","","","","","__export__.product_pricelist_item_6883_f9f5c19a"
"","","","","","","","__export__.product_pricelist_item_6882_d9a60315"
"","","","","","","","__export__.product_pricelist_item_6881_e304ac2c"
"","","","","","","","__export__.product_pricelist_item_6880_5ccc4bdd"
"","","","","","","","__export__.product_pricelist_item_6879_7dcad8c0"
"","","","","","","","__export__.product_pricelist_item_6878_23325409"
"","","","","","","","__export__.product_pricelist_item_6877_fb53bf9f"
"","","","","","","","__export__.product_pricelist_item_6876_bf1c83e0"
"","","","","","","","__export__.product_pricelist_item_6875_a61e9d5f"
"","","","","","","","__export__.product_pricelist_item_6874_434d36ba"
"","","","","","","","__export__.product_pricelist_item_6873_133280bf"
"","","","","","","","__export__.product_pricelist_item_6872_85d4789c"
"","","","","","","","__export__.product_pricelist_item_6871_2bd1bed0"
"","","","","","","","__export__.product_pricelist_item_6870_c689c985"
"","","","","","","","__export__.product_pricelist_item_6869_f959a160"
"","","","","","","","__export__.product_pricelist_item_6868_839269d4"
"","","","","","","","__export__.product_pricelist_item_6867_d8fe7edb"
"","","","","","","","__export__.product_pricelist_item_6866_5d081088"
"","","","","","","","__export__.product_pricelist_item_6865_36c2f9f8"
"","","","","","","","__export__.product_pricelist_item_6864_80ef3726"
"","","","","","","","__export__.product_pricelist_item_6863_37b31b52"
"","","","","","","","__export__.product_pricelist_item_6862_397119bf"
"","","","","","","","__export__.product_pricelist_item_6861_d7a91824"
"","","","","","","","__export__.product_pricelist_item_6860_14994514"
"","","","","","","","__export__.product_pricelist_item_6859_bf973f29"
"","","","","","","","__export__.product_pricelist_item_6858_5b4ec278"
"","","","","","","","__export__.product_pricelist_item_6857_019992a2"
"","","","","","","","__export__.product_pricelist_item_6856_620b94c5"
"","","","","","","","__export__.product_pricelist_item_6855_e39a4d30"
"","","","","","","","__export__.product_pricelist_item_6854_4d80f2c5"
"","","","","","","","__export__.product_pricelist_item_6853_92b23378"
"","","","","","","","__export__.product_pricelist_item_6852_ad9a7ed8"
"","","","","","","","__export__.product_pricelist_item_6851_0b55f130"
"","","","","","","","__export__.product_pricelist_item_6850_5a875a58"
"","","","","","","","__export__.product_pricelist_item_6849_748c6d14"
"","","","","","","","__export__.product_pricelist_item_6848_f9e09998"
"","","","","","","","__export__.product_pricelist_item_6847_20a04b87"
"","","","","","","","__export__.product_pricelist_item_6846_845ef478"
"","","","","","","","__export__.product_pricelist_item_6845_2768a58e"
"","","","","","","","__export__.product_pricelist_item_6844_5466810d"
"","","","","","","","__export__.product_pricelist_item_6843_68547e9e"
"","","","","","","","__export__.product_pricelist_item_6842_26edce70"
"","","","","","","","__export__.product_pricelist_item_6841_0151b8a3"
"","","","","","","","__export__.product_pricelist_item_6840_1f606c1d"
"","","","","","","","__export__.product_pricelist_item_6839_36394b0e"
"","","","","","","","__export__.product_pricelist_item_6838_54f77b42"
"","","","","","","","__export__.product_pricelist_item_6837_46f0ae9e"
"","","","","","","","__export__.product_pricelist_item_6836_67a86d0d"
"","","","","","","","__export__.product_pricelist_item_6835_a6dcf0a8"
"","","","","","","","__export__.product_pricelist_item_6834_d4b14757"
"","","","","","","","__export__.product_pricelist_item_6833_057a16f9"
"__export__.product_pricelist_150_91f216d7","rose garden","base.EUR","__export__.res_users_10_962e2fe2","2026-05-25 13:05:07","False","23","__export__.product_pricelist_item_7086_74a5d8d1"
"","","","","","","","__export__.product_pricelist_item_7085_eb5e48e5"
"","","","","","","","__export__.product_pricelist_item_7080_3c45be6d"
"","","","","","","","__export__.product_pricelist_item_7079_4bd21406"
"","","","","","","","__export__.product_pricelist_item_7078_7538540a"
"","","","","","","","__export__.product_pricelist_item_6787_fa6853ab"
"","","","","","","","__export__.product_pricelist_item_6785_84bbf4a5"
"","","","","","","","__export__.product_pricelist_item_6784_50ebc749"
"","","","","","","","__export__.product_pricelist_item_6783_a9846795"
"","","","","","","","__export__.product_pricelist_item_6786_de964854"
"__export__.product_pricelist_149_f0aa221b","Red Torch Ginger","base.EUR","__export__.res_users_10_962e2fe2","2026-05-25 13:05:07","False","24","__export__.product_pricelist_item_6780_ad1e813a"
"","","","","","","","__export__.product_pricelist_item_6779_7b4602ed"
"","","","","","","","__export__.product_pricelist_item_6778_9d34baa1"
"","","","","","","","__export__.product_pricelist_item_6777_ef730c05"
"","","","","","","","__export__.product_pricelist_item_6776_6ac4adec"
"","","","","","","","__export__.product_pricelist_item_6775_325c05ee"
"","","","","","","","__export__.product_pricelist_item_6774_2535fc32"
"","","","","","","","__export__.product_pricelist_item_6773_d71adbd8"
"","","","","","","","__export__.product_pricelist_item_6772_6c4c01b5"
"","","","","","","","__export__.product_pricelist_item_6771_fad3fa54"
"","","","","","","","__export__.product_pricelist_item_6770_65ac262d"
"","","","","","","","__export__.product_pricelist_item_6769_bf528aef"
"","","","","","","","__export__.product_pricelist_item_6768_4a889da2"
"","","","","","","","__export__.product_pricelist_item_6767_062ba45d"
"","","","","","","","__export__.product_pricelist_item_6766_17784044"
"","","","","","","","__export__.product_pricelist_item_6765_e8532fe3"
"","","","","","","","__export__.product_pricelist_item_6764_558864d4"
"","","","","","","","__export__.product_pricelist_item_6763_7d5887a3"
"","","","","","","","__export__.product_pricelist_item_6762_252de477"
"","","","","","","","__export__.product_pricelist_item_6761_61426eb3"
"","","","","","","","__export__.product_pricelist_item_6760_ec0e55cc"
"","","","","","","","__export__.product_pricelist_item_6759_c8776ce6"
"","","","","","","","__export__.product_pricelist_item_6758_ac4a7d02"
"","","","","","","","__export__.product_pricelist_item_6757_ef3795ff"
"","","","","","","","__export__.product_pricelist_item_6756_10ebd991"
"","","","","","","","__export__.product_pricelist_item_6755_d97986c8"
"","","","","","","","__export__.product_pricelist_item_6754_405eb681"
"","","","","","","","__export__.product_pricelist_item_6753_dba02394"
"","","","","","","","__export__.product_pricelist_item_6752_223f19f8"
"","","","","","","","__export__.product_pricelist_item_6751_7927b4bf"
"","","","","","","","__export__.product_pricelist_item_6750_3832f134"
"","","","","","","","__export__.product_pricelist_item_6749_0295f67d"
"","","","","","","","__export__.product_pricelist_item_6748_2fdc3adc"
"__export__.product_pricelist_148_42949996","mr wu m1","base.EUR","__export__.res_users_8_fb87432d","2026-05-27 16:40:44","False","25","__export__.product_pricelist_item_7077_26788d5a"
"","","","","","","","__export__.product_pricelist_item_6912_403ede61"
"","","","","","","","__export__.product_pricelist_item_7073_ca31970f"
"","","","","","","","__export__.product_pricelist_item_7185_cca0ffbd"
"","","","","","","","__export__.product_pricelist_item_7115_44bf4e05"
"","","","","","","","__export__.product_pricelist_item_7076_c64b974a"
"","","","","","","","__export__.product_pricelist_item_7074_4838b147"
"","","","","","","","__export__.product_pricelist_item_7072_cf55ad61"
"","","","","","","","__export__.product_pricelist_item_7057_cdc26a84"
"","","","","","","","__export__.product_pricelist_item_6797_60afe0d5"
"","","","","","","","__export__.product_pricelist_item_6794_aa35c02d"
"","","","","","","","__export__.product_pricelist_item_6793_65b214d5"
"","","","","","","","__export__.product_pricelist_item_6792_5e5f0918"
"","","","","","","","__export__.product_pricelist_item_6791_e71f1972"
"","","","","","","","__export__.product_pricelist_item_6790_f4ac2625"
"","","","","","","","__export__.product_pricelist_item_6789_e96fec72"
"","","","","","","","__export__.product_pricelist_item_6739_b4955356"
"","","","","","","","__export__.product_pricelist_item_6740_77dae8b6"
"__export__.product_pricelist_145_ea23c277","shuncheng cork","base.EUR","__export__.res_users_10_962e2fe2","2026-05-25 13:05:07","False","26","__export__.product_pricelist_item_6644_a7a52b52"
"","","","","","","","__export__.product_pricelist_item_6641_849bcd87"
"","","","","","","","__export__.product_pricelist_item_6640_fcc816f7"
"","","","","","","","__export__.product_pricelist_item_6639_e950136e"
"","","","","","","","__export__.product_pricelist_item_6638_2c54f858"
"","","","","","","","__export__.product_pricelist_item_6643_c945ab0d"
"","","","","","","","__export__.product_pricelist_item_6642_b1fcc15e"
"","","","","","","","__export__.product_pricelist_item_6637_d2598df2"
"__export__.product_pricelist_144_598c389d","chaoshi JP","base.EUR","__export__.res_users_10_962e2fe2","2026-05-25 13:05:07","False","27","__export__.product_pricelist_item_6616_4a8ae38d"
"","","","","","","","__export__.product_pricelist_item_6615_5170e33b"
"","","","","","","","__export__.product_pricelist_item_6614_a371df60"
"","","","","","","","__export__.product_pricelist_item_6613_a0490ab9"
"","","","","","","","__export__.product_pricelist_item_6612_dd98e689"
"","","","","","","","__export__.product_pricelist_item_6611_1f2d92a2"
"","","","","","","","__export__.product_pricelist_item_6610_0f799110"
"","","","","","","","__export__.product_pricelist_item_6609_ce352e9f"
"","","","","","","","__export__.product_pricelist_item_6608_1b763658"
"","","","","","","","__export__.product_pricelist_item_6607_20ce0d19"
"","","","","","","","__export__.product_pricelist_item_6606_3b2116ea"
"","","","","","","","__export__.product_pricelist_item_6605_7187ea44"
"","","","","","","","__export__.product_pricelist_item_6604_05a2f56d"
"","","","","","","","__export__.product_pricelist_item_6603_7ae39d8e"
"","","","","","","","__export__.product_pricelist_item_6602_b0c8fefa"
"","","","","","","","__export__.product_pricelist_item_6601_628a2519"
"","","","","","","","__export__.product_pricelist_item_6600_4a5144d4"
"","","","","","","","__export__.product_pricelist_item_6599_06dcf722"
"","","","","","","","__export__.product_pricelist_item_6598_f31c1818"
"","","","","","","","__export__.product_pricelist_item_6597_cebf4405"
"","","","","","","","__export__.product_pricelist_item_6596_122303fe"
"","","","","","","","__export__.product_pricelist_item_6595_9ea81e36"
"","","","","","","","__export__.product_pricelist_item_6594_1121680d"
"","","","","","","","__export__.product_pricelist_item_6593_dbdd2606"
"__export__.product_pricelist_142_3a323482","wunloy2","base.EUR","__export__.res_users_10_962e2fe2","2026-05-25 13:05:07","False","28","__export__.product_pricelist_item_6582_79a8ffdb"
"","","","","","","","__export__.product_pricelist_item_6580_9f1fbfc3"
"","","","","","","","__export__.product_pricelist_item_6579_526a8f49"
"","","","","","","","__export__.product_pricelist_item_6572_e1372f87"
"","","","","","","","__export__.product_pricelist_item_6570_01d0d650"
"","","","","","","","__export__.product_pricelist_item_6583_fe156a66"
"","","","","","","","__export__.product_pricelist_item_6581_036a6309"
"","","","","","","","__export__.product_pricelist_item_6577_c0c51203"
"","","","","","","","__export__.product_pricelist_item_6576_741e13f5"
"","","","","","","","__export__.product_pricelist_item_6575_64d9e67c"
"","","","","","","","__export__.product_pricelist_item_6574_13b182c9"
"","","","","","","","__export__.product_pricelist_item_6573_45195efc"
"","","","","","","","__export__.product_pricelist_item_6571_06428e10"
"","","","","","","","__export__.product_pricelist_item_6569_9d07f452"
"","","","","","","","__export__.product_pricelist_item_6568_24d09264"
"","","","","","","","__export__.product_pricelist_item_6578_99df9c22"
"__export__.product_pricelist_141_f8b39a4e","wunloy","base.EUR","__export__.res_users_10_962e2fe2","2026-05-25 13:05:07","False","29","__export__.product_pricelist_item_6530_8cfc2306"
"","","","","","","","__export__.product_pricelist_item_6528_a8b61ffb"
"","","","","","","","__export__.product_pricelist_item_6527_5a0fdc09"
"","","","","","","","__export__.product_pricelist_item_6520_53977108"
"","","","","","","","__export__.product_pricelist_item_6518_4120aed0"
"","","","","","","","__export__.product_pricelist_item_6626_67aa00a6"
"","","","","","","","__export__.product_pricelist_item_6625_dedad9c6"
"","","","","","","","__export__.product_pricelist_item_6624_1431d488"
"","","","","","","","__export__.product_pricelist_item_6623_7645515a"
"","","","","","","","__export__.product_pricelist_item_6529_74821eb1"
"","","","","","","","__export__.product_pricelist_item_6525_e4da316b"
"","","","","","","","__export__.product_pricelist_item_6524_cd07a03b"
"","","","","","","","__export__.product_pricelist_item_6523_be893373"
"","","","","","","","__export__.product_pricelist_item_6522_2d235b36"
"","","","","","","","__export__.product_pricelist_item_6521_af5cdc6d"
"","","","","","","","__export__.product_pricelist_item_6519_6cba643c"
"","","","","","","","__export__.product_pricelist_item_6517_88c44f0b"
"","","","","","","","__export__.product_pricelist_item_6516_e166aed6"
"","","","","","","","__export__.product_pricelist_item_6526_affc22d8"
"__export__.product_pricelist_140_22167876","TEST PL.L1","base.EUR","__export__.res_users_10_962e2fe2","2026-05-25 13:05:07","False","30","__export__.product_pricelist_item_6512_e5389cf7"
"","","","","","","","__export__.product_pricelist_item_6618_cf6f03f9"
"","","","","","","","__export__.product_pricelist_item_6617_2b3ea3c6"
"","","","","","","","__export__.product_pricelist_item_6620_6912a974"
"","","","","","","","__export__.product_pricelist_item_6619_c14d38d8"
"","","","","","","","__export__.product_pricelist_item_6513_b513be50"
"__export__.product_pricelist_139_e3ff9e89","d15 abct","base.EUR","__export__.res_users_10_962e2fe2","2026-05-25 13:05:07","False","31","__export__.product_pricelist_item_6911_bcbfe61b"
"","","","","","","","__export__.product_pricelist_item_6908_7e5116b1"
"","","","","","","","__export__.product_pricelist_item_6907_9b1afc3c"
"","","","","","","","__export__.product_pricelist_item_6906_6acf913d"
"","","","","","","","__export__.product_pricelist_item_6910_62063d8f"
"","","","","","","","__export__.product_pricelist_item_6909_0bc21270"
"","","","","","","","__export__.product_pricelist_item_6509_d9da6a98"
"","","","","","","","__export__.product_pricelist_item_6508_23b19849"
"","","","","","","","__export__.product_pricelist_item_6510_8e977ae4"
"__export__.product_pricelist_138_1e8eab2d","TEST PL.BASE","base.EUR","__export__.res_users_10_962e2fe2","2026-05-25 13:05:07","False","32","__export__.product_pricelist_item_6514_68629f97"
"","","","","","","","__export__.product_pricelist_item_6507_39d62a9a"
"__export__.product_pricelist_137_913e99b3","LUCKYME LTD(C.O.D)","base.EUR","__export__.res_users_10_962e2fe2","2026-05-25 13:05:07","False","33","__export__.product_pricelist_item_6480_3a1f5547"
"__export__.product_pricelist_136_c6eaff5a","sakura clondalkin","base.EUR","__export__.res_users_10_962e2fe2","2026-05-25 13:05:07","False","34","__export__.product_pricelist_item_6472_7a570ffc"
"","","","","","","","__export__.product_pricelist_item_6471_df2d7779"
"","","","","","","","__export__.product_pricelist_item_6470_bc3b6caa"
"","","","","","","","__export__.product_pricelist_item_6469_674fc4ab"
"","","","","","","","__export__.product_pricelist_item_6468_6cc2c7e5"
"","","","","","","","__export__.product_pricelist_item_6467_2812881a"
"","","","","","","","__export__.product_pricelist_item_6466_9bc494aa"
"","","","","","","","__export__.product_pricelist_item_6465_256b7061"
"","","","","","","","__export__.product_pricelist_item_6464_b9b35e25"
"","","","","","","","__export__.product_pricelist_item_6463_ed2f63c8"
"","","","","","","","__export__.product_pricelist_item_6462_b0fab88b"
"","","","","","","","__export__.product_pricelist_item_6461_3dbdce49"
"","","","","","","","__export__.product_pricelist_item_6460_1b563775"
"","","","","","","","__export__.product_pricelist_item_6459_beddb728"
"","","","","","","","__export__.product_pricelist_item_6458_662fc504"
"","","","","","","","__export__.product_pricelist_item_6457_3313ba49"
"","","","","","","","__export__.product_pricelist_item_6456_c9c49982"
"","","","","","","","__export__.product_pricelist_item_6455_9c8057f7"
"","","","","","","","__export__.product_pricelist_item_6454_d3d74cf9"
"","","","","","","","__export__.product_pricelist_item_6453_addf0b7c"
"","","","","","","","__export__.product_pricelist_item_6452_5f263afd"
"","","","","","","","__export__.product_pricelist_item_6451_a1a05e5c"
"","","","","","","","__export__.product_pricelist_item_6450_dad591ac"
"","","","","","","","__export__.product_pricelist_item_6449_3c3d152c"
"","","","","","","","__export__.product_pricelist_item_6448_a4a60fa9"
"","","","","","","","__export__.product_pricelist_item_6447_9c64995e"
"","","","","","","","__export__.product_pricelist_item_6446_9a3e11bd"
"","","","","","","","__export__.product_pricelist_item_6445_ebd4633d"
"","","","","","","","__export__.product_pricelist_item_6444_d0c10c72"
"","","","","","","","__export__.product_pricelist_item_6443_e74e3e71"
"","","","","","","","__export__.product_pricelist_item_6442_33f2ca30"
"","","","","","","","__export__.product_pricelist_item_6441_5d1e4d35"
"","","","","","","","__export__.product_pricelist_item_6440_7591c276"
"__export__.product_pricelist_134_e1238b2c","mr noodle","base.EUR","__export__.res_users_10_962e2fe2","2026-05-25 13:05:07","False","35","__export__.product_pricelist_item_6414_caf14098"
"","","","","","","","__export__.product_pricelist_item_6477_9e8cbba2"
"","","","","","","","__export__.product_pricelist_item_6476_8da6c99a"
"","","","","","","","__export__.product_pricelist_item_6475_1204afe3"
"","","","","","","","__export__.product_pricelist_item_6474_53c7ee9e"
"","","","","","","","__export__.product_pricelist_item_6416_2e8c28bc"
"","","","","","","","__export__.product_pricelist_item_6415_0c76a84d"
"__export__.product_pricelist_132_36c34d9d","Green Cottage Chen Ltd","base.EUR","__export__.res_users_10_962e2fe2","2026-05-25 13:05:07","False","36","__export__.product_pricelist_item_6391_f000ab88"
"","","","","","","","__export__.product_pricelist_item_6392_fea7c5e9"
"__export__.product_pricelist_130_2ebc31aa","J2 Swords","base.EUR","__export__.res_users_10_962e2fe2","2026-05-25 13:05:07","False","37","__export__.product_pricelist_item_6383_a9c3a361"
"__export__.product_pricelist_128_9e273e4d","Sushi Planet","base.EUR","__export__.res_users_10_962e2fe2","2026-05-25 13:05:07","False","38","__export__.product_pricelist_item_6378_387481b8"
"__export__.product_pricelist_127_a21bf1c0","yum thai noodle bar collection","base.EUR","__export__.res_users_10_962e2fe2","2026-05-25 13:05:07","False","39","__export__.product_pricelist_item_6355_f8c458c5"
"","","","","","","","__export__.product_pricelist_item_6361_edd58d1e"
"","","","","","","","__export__.product_pricelist_item_6360_3f5ecb1c"
"","","","","","","","__export__.product_pricelist_item_6359_d2c1d30a"
"","","","","","","","__export__.product_pricelist_item_6358_29581fd3"
"","","","","","","","__export__.product_pricelist_item_6357_bf0c0fb7"
"","","","","","","","__export__.product_pricelist_item_6356_fbef5fd1"
"","","","","","","","__export__.product_pricelist_item_6354_7ec1ef92"
"","","","","","","","__export__.product_pricelist_item_6353_7143463e"
"","","","","","","","__export__.product_pricelist_item_6352_c2472e7c"
"","","","","","","","__export__.product_pricelist_item_6351_97bd0141"
"__export__.product_pricelist_126_6821e3ba","Noodle Box Louth","base.EUR","__export__.res_users_10_962e2fe2","2026-05-25 13:05:07","False","40","__export__.product_pricelist_item_6349_77389345"
"","","","","","","","__export__.product_pricelist_item_6348_78fbf8f6"
"","","","","","","","__export__.product_pricelist_item_6347_0e4f1c11"
"","","","","","","","__export__.product_pricelist_item_6346_206e39cd"
"","","","","","","","__export__.product_pricelist_item_6345_4d7940ed"
"","","","","","","","__export__.product_pricelist_item_6344_b1c237d5"
"","","","","","","","__export__.product_pricelist_item_6343_6dff733c"
"","","","","","","","__export__.product_pricelist_item_6342_ac6fc666"
"","","","","","","","__export__.product_pricelist_item_6341_11f98072"
"","","","","","","","__export__.product_pricelist_item_6340_8c214b07"
"","","","","","","","__export__.product_pricelist_item_6339_dcbed647"
"","","","","","","","__export__.product_pricelist_item_6338_d01002f9"
"","","","","","","","__export__.product_pricelist_item_6337_a5e21b4c"
"","","","","","","","__export__.product_pricelist_item_6336_7a3c1a55"
"","","","","","","","__export__.product_pricelist_item_6335_82d7712f"
"","","","","","","","__export__.product_pricelist_item_6334_c83eaf0d"
"","","","","","","","__export__.product_pricelist_item_6333_ada48193"
"","","","","","","","__export__.product_pricelist_item_6332_dee81b66"
"","","","","","","","__export__.product_pricelist_item_6331_9318e7fb"
"","","","","","","","__export__.product_pricelist_item_6350_19846485"
"__export__.product_pricelist_124_6a0bf120","Jasmine shop","base.EUR","__export__.res_users_10_962e2fe2","2026-05-25 13:05:07","False","41","__export__.product_pricelist_item_6319_21fcce0f"
"","","","","","","","__export__.product_pricelist_item_6321_70c3aa5f"
"","","","","","","","__export__.product_pricelist_item_6320_452c0149"
"","","","","","","","__export__.product_pricelist_item_6318_bc141d4d"
"__export__.product_pricelist_122_07e1cc4a","Fujiyama Dundrum","base.EUR","__export__.res_users_14_42108d61","2026-06-18 07:51:44","False","42","__export__.product_pricelist_item_7260_1250f2b6"
"","","","","","","","__export__.product_pricelist_item_7256_802ecc17"
"","","","","","","","__export__.product_pricelist_item_7255_1ec5a7a3"
"","","","","","","","__export__.product_pricelist_item_7199_481d626c"
"","","","","","","","__export__.product_pricelist_item_7196_78546188"
"","","","","","","","__export__.product_pricelist_item_7195_f8897495"
"","","","","","","","__export__.product_pricelist_item_7186_87ac9134"
"","","","","","","","__export__.product_pricelist_item_7064_160b295e"
"","","","","","","","__export__.product_pricelist_item_6745_0cf3ce2b"
"","","","","","","","__export__.product_pricelist_item_6407_4955a282"
"","","","","","","","__export__.product_pricelist_item_6388_7afa1fc8"
"","","","","","","","__export__.product_pricelist_item_6374_1c362ceb"
"","","","","","","","__export__.product_pricelist_item_6327_83e0dda1"
"","","","","","","","__export__.product_pricelist_item_6295_b333e7cd"
"","","","","","","","__export__.product_pricelist_item_6290_879b727e"
"","","","","","","","__export__.product_pricelist_item_6289_aade5415"
"","","","","","","","__export__.product_pricelist_item_6288_6d2eeb62"
"","","","","","","","__export__.product_pricelist_item_6287_27a0a228"
"","","","","","","","__export__.product_pricelist_item_6281_293a1e97"
"","","","","","","","__export__.product_pricelist_item_6280_a6e096dd"
"","","","","","","","__export__.product_pricelist_item_6279_28b1c09b"
"","","","","","","","__export__.product_pricelist_item_6278_e96719a0"
"","","","","","","","__export__.product_pricelist_item_6277_2f7a163e"
"","","","","","","","__export__.product_pricelist_item_6276_e5cb46a4"
"","","","","","","","__export__.product_pricelist_item_6275_ae1515d3"
"","","","","","","","__export__.product_pricelist_item_6274_671e7c14"
"","","","","","","","__export__.product_pricelist_item_6273_07163261"
"","","","","","","","__export__.product_pricelist_item_6272_95bddf1b"
"","","","","","","","__export__.product_pricelist_item_6271_5b07cfe4"
"","","","","","","","__export__.product_pricelist_item_6270_b1792798"
"","","","","","","","__export__.product_pricelist_item_6269_4093a21c"
"","","","","","","","__export__.product_pricelist_item_6268_c1da04a7"
"","","","","","","","__export__.product_pricelist_item_6267_b074dbab"
"","","","","","","","__export__.product_pricelist_item_6266_be0443e8"
"","","","","","","","__export__.product_pricelist_item_6265_a57d13bd"
"","","","","","","","__export__.product_pricelist_item_6264_d1ddbe2e"
"","","","","","","","__export__.product_pricelist_item_6263_fe9a8843"
"","","","","","","","__export__.product_pricelist_item_6262_6e67bc06"
"","","","","","","","__export__.product_pricelist_item_6261_c6297edd"
"","","","","","","","__export__.product_pricelist_item_6260_74b9b9f8"
"","","","","","","","__export__.product_pricelist_item_6259_d5646ee3"
"","","","","","","","__export__.product_pricelist_item_6258_efc81641"
"","","","","","","","__export__.product_pricelist_item_6257_7e7c2eee"
"","","","","","","","__export__.product_pricelist_item_6256_ad449275"
"","","","","","","","__export__.product_pricelist_item_6255_465aaeff"
"","","","","","","","__export__.product_pricelist_item_6254_6fe7da65"
"","","","","","","","__export__.product_pricelist_item_6253_7890f448"
"","","","","","","","__export__.product_pricelist_item_6252_6ac81f92"
"","","","","","","","__export__.product_pricelist_item_6251_9d0f05cd"
"","","","","","","","__export__.product_pricelist_item_6250_8420658f"
"","","","","","","","__export__.product_pricelist_item_6249_a13a850c"
"","","","","","","","__export__.product_pricelist_item_6248_f812d98a"
"","","","","","","","__export__.product_pricelist_item_6247_c6a53f3a"
"","","","","","","","__export__.product_pricelist_item_6246_2ad6455a"
"","","","","","","","__export__.product_pricelist_item_6245_c36bb256"
"","","","","","","","__export__.product_pricelist_item_6244_f712a4dc"
"","","","","","","","__export__.product_pricelist_item_6243_20f6b248"
"","","","","","","","__export__.product_pricelist_item_6242_1200184e"
"","","","","","","","__export__.product_pricelist_item_6241_c82eacfe"
"","","","","","","","__export__.product_pricelist_item_6240_930846a5"
"","","","","","","","__export__.product_pricelist_item_6239_0fd22751"
"","","","","","","","__export__.product_pricelist_item_6238_2de83a02"
"","","","","","","","__export__.product_pricelist_item_6237_aff6d6e3"
"","","","","","","","__export__.product_pricelist_item_6236_339fb2e3"
"","","","","","","","__export__.product_pricelist_item_6235_ee3f875d"
"","","","","","","","__export__.product_pricelist_item_6234_799d4da0"
"","","","","","","","__export__.product_pricelist_item_6233_91efc2e7"
"","","","","","","","__export__.product_pricelist_item_6231_8473b272"
"","","","","","","","__export__.product_pricelist_item_6230_05506f1e"
"","","","","","","","__export__.product_pricelist_item_6229_ce301d13"
"","","","","","","","__export__.product_pricelist_item_6228_d09c5f5d"
"__export__.product_pricelist_121_e895bfc3","Wings","base.EUR","__export__.res_users_7_ace94875","2026-06-18 23:39:03","False","43","__export__.product_pricelist_item_7227_8ad4c3e5"
"","","","","","","","__export__.product_pricelist_item_7224_181c6dd8"
"","","","","","","","__export__.product_pricelist_item_7198_9297e9f5"
"","","","","","","","__export__.product_pricelist_item_7164_185f34f0"
"","","","","","","","__export__.product_pricelist_item_7053_e28f6cc6"
"","","","","","","","__export__.product_pricelist_item_6487_a3031a50"
"","","","","","","","__export__.product_pricelist_item_6412_a7cdd403"
"","","","","","","","__export__.product_pricelist_item_6387_8e960d31"
"","","","","","","","__export__.product_pricelist_item_6381_ddfa011a"
"","","","","","","","__export__.product_pricelist_item_6380_6eaf020f"
"","","","","","","","__export__.product_pricelist_item_6294_d197b012"
"","","","","","","","__export__.product_pricelist_item_6293_bd529d28"
"","","","","","","","__export__.product_pricelist_item_6292_a12577c2"
"","","","","","","","__export__.product_pricelist_item_6291_4e56362c"
"","","","","","","","__export__.product_pricelist_item_6226_2cc8b6c4"
"","","","","","","","__export__.product_pricelist_item_6224_cafa4366"
"","","","","","","","__export__.product_pricelist_item_6223_69dbbc81"
"__export__.product_pricelist_117_da7d3f47","Yummy Yummy Asian St Food","base.EUR","__export__.res_users_10_962e2fe2","2026-05-25 13:05:07","False","44","__export__.product_pricelist_item_6218_5e6e711f"
"","","","","","","","__export__.product_pricelist_item_6217_3ee04eb3"
"","","","","","","","__export__.product_pricelist_item_6216_96ec86f3"
"","","","","","","","__export__.product_pricelist_item_6215_9c116555"
"","","","","","","","__export__.product_pricelist_item_6214_68620dbb"
"","","","","","","","__export__.product_pricelist_item_6213_5408bc4b"
"","","","","","","","__export__.product_pricelist_item_6212_6dca2769"
"","","","","","","","__export__.product_pricelist_item_6211_aa7eb8f8"
"","","","","","","","__export__.product_pricelist_item_6210_49bc5c26"
"","","","","","","","__export__.product_pricelist_item_6209_ec37160b"
"","","","","","","","__export__.product_pricelist_item_6208_72dec787"
"","","","","","","","__export__.product_pricelist_item_6207_b9c637f8"
"","","","","","","","__export__.product_pricelist_item_6206_d17f8545"
"","","","","","","","__export__.product_pricelist_item_6205_9783bb16"
"","","","","","","","__export__.product_pricelist_item_6204_104c5257"
"","","","","","","","__export__.product_pricelist_item_6203_54edb041"
"","","","","","","","__export__.product_pricelist_item_6202_3c3e785e"
"","","","","","","","__export__.product_pricelist_item_6201_0afd3d7f"
"","","","","","","","__export__.product_pricelist_item_6200_39fe0002"
"","","","","","","","__export__.product_pricelist_item_6199_8b2c0636"
"","","","","","","","__export__.product_pricelist_item_6198_7f7b5891"
"","","","","","","","__export__.product_pricelist_item_6197_dda7872c"
"","","","","","","","__export__.product_pricelist_item_6196_f73fc717"
"","","","","","","","__export__.product_pricelist_item_6195_2859fda2"
"","","","","","","","__export__.product_pricelist_item_6194_aa28d2c3"
"","","","","","","","__export__.product_pricelist_item_6193_7eb3ae1b"
"","","","","","","","__export__.product_pricelist_item_6192_70959c3f"
"","","","","","","","__export__.product_pricelist_item_6191_19352b40"
"","","","","","","","__export__.product_pricelist_item_6190_ad1ec6a7"
"","","","","","","","__export__.product_pricelist_item_6189_bacb2e85"
"","","","","","","","__export__.product_pricelist_item_6188_3c93ca1c"
"","","","","","","","__export__.product_pricelist_item_6187_7f404e22"
"","","","","","","","__export__.product_pricelist_item_6186_a0e07cd8"
"","","","","","","","__export__.product_pricelist_item_6185_4bd111d1"
"","","","","","","","__export__.product_pricelist_item_6124_3a6f9495"
"","","","","","","","__export__.product_pricelist_item_6123_56267292"
"","","","","","","","__export__.product_pricelist_item_6122_f4131779"
"","","","","","","","__export__.product_pricelist_item_6121_dc61003a"
"","","","","","","","__export__.product_pricelist_item_6120_6e5354d7"
"__export__.product_pricelist_116_9890b79c","red chilli LTD","base.EUR","__export__.res_users_10_962e2fe2","2026-05-25 13:05:07","False","45","__export__.product_pricelist_item_6484_576a0914"
"","","","","","","","__export__.product_pricelist_item_6115_fb609cd0"
"","","","","","","","__export__.product_pricelist_item_6496_6792f2f0"
"","","","","","","","__export__.product_pricelist_item_6495_fb7360af"
"","","","","","","","__export__.product_pricelist_item_6485_2f2f64e6"
"","","","","","","","__export__.product_pricelist_item_6651_802622a2"
"","","","","","","","__export__.product_pricelist_item_6119_24c702f7"
"","","","","","","","__export__.product_pricelist_item_6118_db4140e9"
"","","","","","","","__export__.product_pricelist_item_6117_1effb009"
"","","","","","","","__export__.product_pricelist_item_6116_26518a39"
"__export__.product_pricelist_115_a63e9f66","SUSHI YAMA","base.EUR","__export__.res_users_10_962e2fe2","2026-05-25 13:05:07","False","46","__export__.product_pricelist_item_6112_b7dd757a"
"","","","","","","","__export__.product_pricelist_item_6113_0f5d5042"
"__export__.product_pricelist_113_42aa2ab9","Soup Ramen DL","base.EUR","__export__.res_users_10_962e2fe2","2026-05-25 13:05:07","False","47","__export__.product_pricelist_item_6027_74915a78"
"","","","","","","","__export__.product_pricelist_item_6026_4673f428"
"","","","","","","","__export__.product_pricelist_item_6025_b4000026"
"","","","","","","","__export__.product_pricelist_item_6024_6655aa64"
"","","","","","","","__export__.product_pricelist_item_6023_9491ab46"
"","","","","","","","__export__.product_pricelist_item_6022_8e3d95a2"
"","","","","","","","__export__.product_pricelist_item_6021_113c518e"
"","","","","","","","__export__.product_pricelist_item_6020_edc3a79a"
"","","","","","","","__export__.product_pricelist_item_6019_2eac295e"
"","","","","","","","__export__.product_pricelist_item_6018_7baafeaf"
"","","","","","","","__export__.product_pricelist_item_6017_ef29da86"
"","","","","","","","__export__.product_pricelist_item_6016_034ebe53"
"","","","","","","","__export__.product_pricelist_item_6015_3080389c"
"","","","","","","","__export__.product_pricelist_item_6014_01f097b5"
"","","","","","","","__export__.product_pricelist_item_6013_e6c59579"
"","","","","","","","__export__.product_pricelist_item_6012_7e28be44"
"","","","","","","","__export__.product_pricelist_item_6011_60729258"
"","","","","","","","__export__.product_pricelist_item_6010_059379c8"
"","","","","","","","__export__.product_pricelist_item_6009_2e586c08"
"","","","","","","","__export__.product_pricelist_item_6008_41940e3f"
"","","","","","","","__export__.product_pricelist_item_6007_d92adbad"
"","","","","","","","__export__.product_pricelist_item_6006_8f8c6f8d"
"","","","","","","","__export__.product_pricelist_item_6005_c645d9ee"
"__export__.product_pricelist_112_87ec22fc","k.y veg&fruit LTD","base.EUR","__export__.res_users_10_962e2fe2","2026-05-25 13:05:07","False","48","__export__.product_pricelist_item_6410_97b19777"
"","","","","","","","__export__.product_pricelist_item_5998_1b3bb812"
"","","","","","","","__export__.product_pricelist_item_6001_3d9ab3f3"
"","","","","","","","__export__.product_pricelist_item_6000_0aca12c0"
"","","","","","","","__export__.product_pricelist_item_5993_b53593f6"
"","","","","","","","__export__.product_pricelist_item_5991_f9ce56da"
"","","","","","","","__export__.product_pricelist_item_6003_928bc063"
"","","","","","","","__export__.product_pricelist_item_5994_2ef9b68f"
"","","","","","","","__export__.product_pricelist_item_5992_d0f721a7"
"","","","","","","","__export__.product_pricelist_item_6004_cf33bfa8"
"","","","","","","","__export__.product_pricelist_item_5997_0d9ff822"
"","","","","","","","__export__.product_pricelist_item_5996_991bcd20"
"","","","","","","","__export__.product_pricelist_item_5990_82d984dc"
"__export__.product_pricelist_70_1e94acd5","Tip top","base.EUR","__export__.res_users_7_ace94875","2026-06-19 12:34:01","False","49","__export__.product_pricelist_item_3808_5c3511e1"
"","","","","","","","__export__.product_pricelist_item_3807_e8f3e817"
"","","","","","","","__export__.product_pricelist_item_3806_b1d33915"
"","","","","","","","__export__.product_pricelist_item_3777_eabaf755"
"","","","","","","","__export__.product_pricelist_item_3775_70b4fa3c"
"","","","","","","","__export__.product_pricelist_item_6489_29c8669a"
"","","","","","","","__export__.product_pricelist_item_3811_ccaf6379"
"","","","","","","","__export__.product_pricelist_item_3786_80329312"
"","","","","","","","__export__.product_pricelist_item_3782_cb7ccf6e"
"","","","","","","","__export__.product_pricelist_item_3781_89531fc8"
"","","","","","","","__export__.product_pricelist_item_3780_1c1d71a1"
"","","","","","","","__export__.product_pricelist_item_3778_10d94551"
"","","","","","","","__export__.product_pricelist_item_3776_1da2076b"
"","","","","","","","__export__.product_pricelist_item_3759_d15e3fe5"
"","","","","","","","__export__.product_pricelist_item_3755_fcbc20a6"
"","","","","","","","__export__.product_pricelist_item_3752_f10de41c"
"","","","","","","","__export__.product_pricelist_item_3751_d2ea50c3"
"","","","","","","","__export__.product_pricelist_item_3750_c102b0f0"
"","","","","","","","__export__.product_pricelist_item_3748_3246016e"
"","","","","","","","__export__.product_pricelist_item_3747_5ed28281"
"","","","","","","","__export__.product_pricelist_item_3745_fff5e1af"
"","","","","","","","__export__.product_pricelist_item_3744_327cbcbf"
"","","","","","","","__export__.product_pricelist_item_3743_c143c56c"
"","","","","","","","__export__.product_pricelist_item_3740_0aac9367"
"","","","","","","","__export__.product_pricelist_item_3739_f6b37969"
"","","","","","","","__export__.product_pricelist_item_3738_53d37680"
"","","","","","","","__export__.product_pricelist_item_3737_a30c9b50"
"","","","","","","","__export__.product_pricelist_item_3735_708e52e3"
"","","","","","","","__export__.product_pricelist_item_3732_5ebc2c23"
"","","","","","","","__export__.product_pricelist_item_3731_a332e286"
"","","","","","","","__export__.product_pricelist_item_3728_f5648e2a"
"","","","","","","","__export__.product_pricelist_item_3727_fcb1ff2d"
"","","","","","","","__export__.product_pricelist_item_3726_569a8937"
"","","","","","","","__export__.product_pricelist_item_3724_02459b6a"
"","","","","","","","__export__.product_pricelist_item_3722_9bc33db6"
"","","","","","","","__export__.product_pricelist_item_3721_6c9f57ee"
"","","","","","","","__export__.product_pricelist_item_3720_041bda0c"
"","","","","","","","__export__.product_pricelist_item_3719_fd6dbffc"
"","","","","","","","__export__.product_pricelist_item_3716_9b0b2d57"
"","","","","","","","__export__.product_pricelist_item_3715_8debe84e"
"","","","","","","","__export__.product_pricelist_item_3714_d0b168e6"
"","","","","","","","__export__.product_pricelist_item_3713_78d63fea"
"","","","","","","","__export__.product_pricelist_item_3712_172eb3af"
"","","","","","","","__export__.product_pricelist_item_3711_79089297"
"","","","","","","","__export__.product_pricelist_item_3709_fdee62d4"
"","","","","","","","__export__.product_pricelist_item_3708_bea3086a"
"","","","","","","","__export__.product_pricelist_item_3707_28e59080"
"","","","","","","","__export__.product_pricelist_item_3706_c40777af"
"","","","","","","","__export__.product_pricelist_item_3705_dd271634"
"","","","","","","","__export__.product_pricelist_item_3704_154b0bad"
"","","","","","","","__export__.product_pricelist_item_3703_fd79014b"
"","","","","","","","__export__.product_pricelist_item_3702_df50464d"
"","","","","","","","__export__.product_pricelist_item_3701_64e744e8"
"","","","","","","","__export__.product_pricelist_item_3700_33a5d836"
"","","","","","","","__export__.product_pricelist_item_3699_d8779faa"
"__export__.product_pricelist_65_1edc1290","HanSung Market菜","base.EUR","__export__.res_users_7_ace94875","2026-06-19 12:32:23","False","50","__export__.product_pricelist_item_6104_67534294"
"","","","","","","","__export__.product_pricelist_item_5964_573a27f8"
"","","","","","","","__export__.product_pricelist_item_5963_16d10c21"
"","","","","","","","__export__.product_pricelist_item_5962_b56c2bcf"
"","","","","","","","__export__.product_pricelist_item_5961_4b8d008e"
"","","","","","","","__export__.product_pricelist_item_5960_446ac51a"
"","","","","","","","__export__.product_pricelist_item_4230_ecff2d89"
"","","","","","","","__export__.product_pricelist_item_3288_ee24f3f9"
"","","","","","","","__export__.product_pricelist_item_3286_2cb00889"
"","","","","","","","__export__.product_pricelist_item_3284_68070719"
"","","","","","","","__export__.product_pricelist_item_3282_7351e991"
"","","","","","","","__export__.product_pricelist_item_3280_dc7606eb"
"","","","","","","","__export__.product_pricelist_item_6140_8813c5b0"
"","","","","","","","__export__.product_pricelist_item_5488_9128118a"
"","","","","","","","__export__.product_pricelist_item_4233_5c1cf12d"
"","","","","","","","__export__.product_pricelist_item_4231_fd5db7a1"
"","","","","","","","__export__.product_pricelist_item_3289_60f571f6"
"","","","","","","","__export__.product_pricelist_item_3287_d5303e3d"
"","","","","","","","__export__.product_pricelist_item_3285_08d574f8"
"","","","","","","","__export__.product_pricelist_item_3283_f99cada0"
"","","","","","","","__export__.product_pricelist_item_3281_e271c45d"
"","","","","","","","__export__.product_pricelist_item_3279_36682018"
"__export__.product_pricelist_55_e2af9163","ASAHI D2","base.EUR","__export__.res_users_7_ace94875","2026-06-19 12:28:07","False","51","__export__.product_pricelist_item_2105_a1aef76a"
"","","","","","","","__export__.product_pricelist_item_2099_453ba5b0"
"","","","","","","","__export__.product_pricelist_item_5090_97a78153"
"","","","","","","","__export__.product_pricelist_item_4925_d0a13513"
"","","","","","","","__export__.product_pricelist_item_4530_f7c297e8"
"","","","","","","","__export__.product_pricelist_item_3142_3e0e79ee"
"","","","","","","","__export__.product_pricelist_item_2107_ad3b1e08"
"","","","","","","","__export__.product_pricelist_item_2101_5f0fc0cb"
"","","","","","","","__export__.product_pricelist_item_2100_f725dcf3"
"","","","","","","","__export__.product_pricelist_item_2098_f1c64176"
"","","","","","","","__export__.product_pricelist_item_2076_fde41129"
"","","","","","","","__export__.product_pricelist_item_2056_463dc0d4"
"","","","","","","","__export__.product_pricelist_item_2097_c446a96d"
"","","","","","","","__export__.product_pricelist_item_2096_de238252"
"","","","","","","","__export__.product_pricelist_item_2095_46d5318d"
"","","","","","","","__export__.product_pricelist_item_2094_373a60ef"
"","","","","","","","__export__.product_pricelist_item_2093_0a56aac8"
"","","","","","","","__export__.product_pricelist_item_2092_e062331c"
"","","","","","","","__export__.product_pricelist_item_2091_3b8f127e"
"","","","","","","","__export__.product_pricelist_item_2090_7b0e084b"
"","","","","","","","__export__.product_pricelist_item_2089_32e0f2f7"
"","","","","","","","__export__.product_pricelist_item_2088_15956e73"
"","","","","","","","__export__.product_pricelist_item_2086_5980f268"
"","","","","","","","__export__.product_pricelist_item_2085_959f04ca"
"","","","","","","","__export__.product_pricelist_item_2084_2e18438a"
"","","","","","","","__export__.product_pricelist_item_2081_5efacfd2"
"","","","","","","","__export__.product_pricelist_item_2080_a1044f17"
"","","","","","","","__export__.product_pricelist_item_2077_b643793c"
"","","","","","","","__export__.product_pricelist_item_2075_1cf2c97c"
"","","","","","","","__export__.product_pricelist_item_2072_11b9317e"
"","","","","","","","__export__.product_pricelist_item_2071_6ea02f1f"
"","","","","","","","__export__.product_pricelist_item_2070_b7e064ae"
"","","","","","","","__export__.product_pricelist_item_2069_7dabe780"
"","","","","","","","__export__.product_pricelist_item_2068_5f548ecc"
"","","","","","","","__export__.product_pricelist_item_2067_b8af4170"
"","","","","","","","__export__.product_pricelist_item_2065_5acee12d"
"","","","","","","","__export__.product_pricelist_item_2064_b500dc1d"
"","","","","","","","__export__.product_pricelist_item_2062_ac04b63e"
"","","","","","","","__export__.product_pricelist_item_2061_b30aed41"
"","","","","","","","__export__.product_pricelist_item_2060_f426db19"
"","","","","","","","__export__.product_pricelist_item_2059_3c7419b7"
"","","","","","","","__export__.product_pricelist_item_2058_3108c379"
"","","","","","","","__export__.product_pricelist_item_2057_e9564b85"
"","","","","","","","__export__.product_pricelist_item_2055_b709ecf7"
"","","","","","","","__export__.product_pricelist_item_2054_c9bce08f"
"","","","","","","","__export__.product_pricelist_item_2053_3ae6badd"
"","","","","","","","__export__.product_pricelist_item_2052_0abc5847"
"","","","","","","","__export__.product_pricelist_item_2051_60ec27bc"
"","","","","","","","__export__.product_pricelist_item_2050_4e64efd6"
"__export__.product_pricelist_111_4d14d23c","hansung 干货","base.EUR","__export__.res_users_10_962e2fe2","2026-05-25 13:05:07","False","52","__export__.product_pricelist_item_5958_fe66c77b"
"","","","","","","","__export__.product_pricelist_item_5944_a2bd2bc0"
"","","","","","","","__export__.product_pricelist_item_5943_39ff14a5"
"","","","","","","","__export__.product_pricelist_item_5942_4597278c"
"","","","","","","","__export__.product_pricelist_item_5941_d81b239d"
"","","","","","","","__export__.product_pricelist_item_5940_2735353a"
"","","","","","","","__export__.product_pricelist_item_5939_65c71df7"
"","","","","","","","__export__.product_pricelist_item_6373_f3765e77"
"","","","","","","","__export__.product_pricelist_item_6372_42707025"
"","","","","","","","__export__.product_pricelist_item_6371_5b7cde4b"
"","","","","","","","__export__.product_pricelist_item_6370_82844896"
"","","","","","","","__export__.product_pricelist_item_5968_6341af9e"
"","","","","","","","__export__.product_pricelist_item_5967_de44f7d1"
"","","","","","","","__export__.product_pricelist_item_5966_22203d20"
"","","","","","","","__export__.product_pricelist_item_5965_4a5e4710"
"","","","","","","","__export__.product_pricelist_item_5959_b9ff7a43"
"","","","","","","","__export__.product_pricelist_item_6100_34651e49"
"__export__.product_pricelist_110_db078c12","MOMOYA ASIAN","base.EUR","__export__.res_users_14_42108d61","2026-06-20 07:36:37","False","53","__export__.product_pricelist_item_7266_465d967c"
"","","","","","","","__export__.product_pricelist_item_7265_f9c219eb"
"","","","","","","","__export__.product_pricelist_item_7264_cef91383"
"","","","","","","","__export__.product_pricelist_item_7263_a816b7c2"
"","","","","","","","__export__.product_pricelist_item_7262_cecc285e"
"","","","","","","","__export__.product_pricelist_item_7261_7469eccd"
"","","","","","","","__export__.product_pricelist_item_7011_38b7db12"
"","","","","","","","__export__.product_pricelist_item_6486_c6236cb2"
"","","","","","","","__export__.product_pricelist_item_6437_30bc92b6"
"","","","","","","","__export__.product_pricelist_item_6436_9bb3cab4"
"","","","","","","","__export__.product_pricelist_item_6409_2c241e05"
"","","","","","","","__export__.product_pricelist_item_6408_14b00c5c"
"","","","","","","","__export__.product_pricelist_item_6309_0dc7e314"
"","","","","","","","__export__.product_pricelist_item_6222_511c822d"
"","","","","","","","__export__.product_pricelist_item_6221_2e790c29"
"","","","","","","","__export__.product_pricelist_item_6219_e8f80824"
"","","","","","","","__export__.product_pricelist_item_6125_d22351fd"
"","","","","","","","__export__.product_pricelist_item_6106_59de49be"
"","","","","","","","__export__.product_pricelist_item_6105_61d7a369"
"","","","","","","","__export__.product_pricelist_item_6086_30e28fd3"
"","","","","","","","__export__.product_pricelist_item_6085_33096624"
"","","","","","","","__export__.product_pricelist_item_6084_fd4f446b"
"","","","","","","","__export__.product_pricelist_item_6083_6614a1a8"
"","","","","","","","__export__.product_pricelist_item_6082_6cb41479"
"","","","","","","","__export__.product_pricelist_item_6081_9732f794"
"","","","","","","","__export__.product_pricelist_item_6080_9876a6e7"
"","","","","","","","__export__.product_pricelist_item_6079_6a065b6f"
"","","","","","","","__export__.product_pricelist_item_6078_06177460"
"","","","","","","","__export__.product_pricelist_item_6077_a85520d2"
"","","","","","","","__export__.product_pricelist_item_6076_dc8841fd"
"","","","","","","","__export__.product_pricelist_item_6029_d327f98d"
"","","","","","","","__export__.product_pricelist_item_6028_1a95b953"
"","","","","","","","__export__.product_pricelist_item_5956_767e5e9f"
"","","","","","","","__export__.product_pricelist_item_5938_33e57a21"
"","","","","","","","__export__.product_pricelist_item_5937_c4c1fdd3"
"","","","","","","","__export__.product_pricelist_item_5936_e1bff717"
"","","","","","","","__export__.product_pricelist_item_5935_a2498153"
"","","","","","","","__export__.product_pricelist_item_5934_382540ab"
"","","","","","","","__export__.product_pricelist_item_5933_d96163a2"
"","","","","","","","__export__.product_pricelist_item_5932_3eab8577"
"","","","","","","","__export__.product_pricelist_item_5931_1cc9e275"
"","","","","","","","__export__.product_pricelist_item_5930_bdf0fecc"
"","","","","","","","__export__.product_pricelist_item_5929_9bcc400b"
"","","","","","","","__export__.product_pricelist_item_5928_305c4ec4"
"","","","","","","","__export__.product_pricelist_item_5923_b6f23553"
"","","","","","","","__export__.product_pricelist_item_5922_65b805a2"
"","","","","","","","__export__.product_pricelist_item_5921_e5d33da0"
"","","","","","","","__export__.product_pricelist_item_5920_593b3225"
"","","","","","","","__export__.product_pricelist_item_5919_d304e230"
"","","","","","","","__export__.product_pricelist_item_5918_cc0f6398"
"","","","","","","","__export__.product_pricelist_item_5917_0005c8e6"
"","","","","","","","__export__.product_pricelist_item_5916_59ebad99"
"","","","","","","","__export__.product_pricelist_item_5915_5aa84b76"
"","","","","","","","__export__.product_pricelist_item_5914_2c9ba771"
"","","","","","","","__export__.product_pricelist_item_5913_00253654"
"","","","","","","","__export__.product_pricelist_item_5927_a3f27894"
"__export__.product_pricelist_104_1c40792c","carnivil20250530","base.EUR","__export__.res_users_10_962e2fe2","2026-05-25 13:05:07","False","54","__export__.product_pricelist_item_6411_14e7f5df"
"","","","","","","","__export__.product_pricelist_item_5735_4f70a83b"
"","","","","","","","__export__.product_pricelist_item_5729_0573559c"
"","","","","","","","__export__.product_pricelist_item_5728_5014f636"
"","","","","","","","__export__.product_pricelist_item_7062_b0d7e775"
"","","","","","","","__export__.product_pricelist_item_7060_1f37a5ab"
"","","","","","","","__export__.product_pricelist_item_5737_31bcbf0a"
"","","","","","","","__export__.product_pricelist_item_5734_f809a24c"
"","","","","","","","__export__.product_pricelist_item_5733_fc606428"
"","","","","","","","__export__.product_pricelist_item_5732_58abd575"
"","","","","","","","__export__.product_pricelist_item_5731_f1dfc0ca"
"","","","","","","","__export__.product_pricelist_item_5730_6251a827"
"","","","","","","","__export__.product_pricelist_item_5727_dde90f6e"
"__export__.product_pricelist_103_45e3dedb","MINORI","base.EUR","__export__.res_users_10_962e2fe2","2026-05-25 13:05:07","False","55","__export__.product_pricelist_item_6111_cbddae33"
"","","","","","","","__export__.product_pricelist_item_6110_e2e7b073"
"","","","","","","","__export__.product_pricelist_item_6109_9cf31bd0"
"","","","","","","","__export__.product_pricelist_item_6108_c01fb10d"
"","","","","","","","__export__.product_pricelist_item_6107_a05bdaac"
"","","","","","","","__export__.product_pricelist_item_5981_a6271544"
"","","","","","","","__export__.product_pricelist_item_5722_e0720347"
"","","","","","","","__export__.product_pricelist_item_5721_3fcce56a"
"","","","","","","","__export__.product_pricelist_item_5720_ac62122b"
"","","","","","","","__export__.product_pricelist_item_5719_1cffb863"
"","","","","","","","__export__.product_pricelist_item_5718_4c85f65c"
"","","","","","","","__export__.product_pricelist_item_5717_e2a3090a"
"","","","","","","","__export__.product_pricelist_item_5716_42eba621"
"","","","","","","","__export__.product_pricelist_item_5715_084a3525"
"","","","","","","","__export__.product_pricelist_item_5714_9cd8b0f5"
"","","","","","","","__export__.product_pricelist_item_5713_dd479638"
"","","","","","","","__export__.product_pricelist_item_5712_8eef0e0c"
"","","","","","","","__export__.product_pricelist_item_5711_013173fd"
"","","","","","","","__export__.product_pricelist_item_5710_b9174b01"
"","","","","","","","__export__.product_pricelist_item_5709_3c30f6b4"
"","","","","","","","__export__.product_pricelist_item_5708_d8e2d80b"
"","","","","","","","__export__.product_pricelist_item_5707_644a7ed4"
"","","","","","","","__export__.product_pricelist_item_5706_6e54c234"
"","","","","","","","__export__.product_pricelist_item_5705_40ff7d26"
"","","","","","","","__export__.product_pricelist_item_5704_73a3e2d6"
"","","","","","","","__export__.product_pricelist_item_5703_6e42466f"
"","","","","","","","__export__.product_pricelist_item_5702_5b362017"
"","","","","","","","__export__.product_pricelist_item_5701_8ad82688"
"","","","","","","","__export__.product_pricelist_item_5700_cba6bb86"
"","","","","","","","__export__.product_pricelist_item_5699_7b3a6ff4"
"","","","","","","","__export__.product_pricelist_item_5698_ebd8e55c"
"","","","","","","","__export__.product_pricelist_item_5697_bd5995aa"
"","","","","","","","__export__.product_pricelist_item_5696_408e0ec3"
"","","","","","","","__export__.product_pricelist_item_5695_6155624e"
"","","","","","","","__export__.product_pricelist_item_5694_f7bfb928"
"","","","","","","","__export__.product_pricelist_item_5693_ea98a172"
"","","","","","","","__export__.product_pricelist_item_5692_ba40061b"
"__export__.product_pricelist_99_439fc869","Canton Regent","base.EUR","__export__.res_users_10_962e2fe2","2026-05-25 13:05:07","False","56","__export__.product_pricelist_item_5565_dc83831a"
"","","","","","","","__export__.product_pricelist_item_5564_2301b6e6"
"","","","","","","","__export__.product_pricelist_item_5983_0ad712a8"
"","","","","","","","__export__.product_pricelist_item_5614_935be140"
"","","","","","","","__export__.product_pricelist_item_5613_4f905ddd"
"","","","","","","","__export__.product_pricelist_item_5612_28aa8976"
"","","","","","","","__export__.product_pricelist_item_5611_8af709eb"
"","","","","","","","__export__.product_pricelist_item_5610_0fff7cb8"
"","","","","","","","__export__.product_pricelist_item_5609_c290ed53"
"","","","","","","","__export__.product_pricelist_item_5608_658938d6"
"","","","","","","","__export__.product_pricelist_item_5607_025213d0"
"","","","","","","","__export__.product_pricelist_item_5606_b7158a8e"
"","","","","","","","__export__.product_pricelist_item_5605_a861848e"
"","","","","","","","__export__.product_pricelist_item_5604_a2669549"
"","","","","","","","__export__.product_pricelist_item_5603_afe6da16"
"","","","","","","","__export__.product_pricelist_item_5602_2f5b189a"
"","","","","","","","__export__.product_pricelist_item_5601_33b7c3c3"
"","","","","","","","__export__.product_pricelist_item_5600_18ef7aab"
"","","","","","","","__export__.product_pricelist_item_5599_1b28131c"
"","","","","","","","__export__.product_pricelist_item_5598_1c5facfd"
"","","","","","","","__export__.product_pricelist_item_5597_79c09b36"
"","","","","","","","__export__.product_pricelist_item_5596_9e997ff6"
"","","","","","","","__export__.product_pricelist_item_5595_720dc074"
"","","","","","","","__export__.product_pricelist_item_5594_5f0013ca"
"","","","","","","","__export__.product_pricelist_item_5593_90740f9d"
"","","","","","","","__export__.product_pricelist_item_5592_486f7159"
"","","","","","","","__export__.product_pricelist_item_5591_9f069369"
"","","","","","","","__export__.product_pricelist_item_5590_aa9c037f"
"","","","","","","","__export__.product_pricelist_item_5589_88f82adc"
"","","","","","","","__export__.product_pricelist_item_5588_c5060f8b"
"","","","","","","","__export__.product_pricelist_item_5587_951e6211"
"","","","","","","","__export__.product_pricelist_item_5586_c17eb5db"
"","","","","","","","__export__.product_pricelist_item_5585_18a10de9"
"","","","","","","","__export__.product_pricelist_item_5584_0b2e49f2"
"","","","","","","","__export__.product_pricelist_item_5583_e9fd4388"
"","","","","","","","__export__.product_pricelist_item_5582_b49ee4ac"
"","","","","","","","__export__.product_pricelist_item_5581_cee349c4"
"","","","","","","","__export__.product_pricelist_item_5580_73c2cff8"
"","","","","","","","__export__.product_pricelist_item_5579_7595a317"
"","","","","","","","__export__.product_pricelist_item_5578_397e3a8b"
"","","","","","","","__export__.product_pricelist_item_5577_b1c3778e"
"","","","","","","","__export__.product_pricelist_item_5576_2e24ae3c"
"","","","","","","","__export__.product_pricelist_item_5575_f698bcb3"
"","","","","","","","__export__.product_pricelist_item_5574_556ac549"
"","","","","","","","__export__.product_pricelist_item_5573_a9ea9f50"
"","","","","","","","__export__.product_pricelist_item_5572_ca794d96"
"","","","","","","","__export__.product_pricelist_item_5571_1a4f5623"
"","","","","","","","__export__.product_pricelist_item_5570_905c0bcf"
"","","","","","","","__export__.product_pricelist_item_5569_f792d029"
"","","","","","","","__export__.product_pricelist_item_5568_cde12844"
"","","","","","","","__export__.product_pricelist_item_5567_5c7e1f0b"
"","","","","","","","__export__.product_pricelist_item_5566_1a96c4ce"
"","","","","","","","__export__.product_pricelist_item_5563_7cc7128d"
"","","","","","","","__export__.product_pricelist_item_5562_cff4a029"
"","","","","","","","__export__.product_pricelist_item_5561_3b74ab7d"
"","","","","","","","__export__.product_pricelist_item_5560_ab23f918"
"","","","","","","","__export__.product_pricelist_item_5559_b4e7eaf6"
"","","","","","","","__export__.product_pricelist_item_5558_c91b6251"
"","","","","","","","__export__.product_pricelist_item_5557_24f18888"
"","","","","","","","__export__.product_pricelist_item_5556_42dc44b7"
"","","","","","","","__export__.product_pricelist_item_5982_21b07a47"
"__export__.product_pricelist_96_88d6c752","noodle box","base.EUR","__export__.res_users_10_962e2fe2","2026-05-25 13:05:07","False","57","__export__.product_pricelist_item_5532_179d7726"
"","","","","","","","__export__.product_pricelist_item_5534_0d106459"
"","","","","","","","__export__.product_pricelist_item_5531_f6fb4fe4"
"","","","","","","","__export__.product_pricelist_item_5530_adc2fcd2"
"","","","","","","","__export__.product_pricelist_item_5533_3b594031"
"","","","","","","","__export__.product_pricelist_item_5529_b6909cfb"
"__export__.product_pricelist_108_3c254f3e","takeaway1干货","base.EUR","__export__.res_users_10_962e2fe2","2026-05-25 13:05:07","False","58","__export__.product_pricelist_item_5859_ea51856b"
"","","","","","","","__export__.product_pricelist_item_5858_d6c1aa49"
"","","","","","","","__export__.product_pricelist_item_5857_b00e81b2"
"","","","","","","","__export__.product_pricelist_item_5865_bd6874c6"
"","","","","","","","__export__.product_pricelist_item_5861_a60595e2"
"","","","","","","","__export__.product_pricelist_item_5860_b8c9390b"
"","","","","","","","__export__.product_pricelist_item_5864_ae6d16bc"
"__export__.product_pricelist_101_baf080f4","takeaway2干货","base.EUR","__export__.res_users_10_962e2fe2","2026-05-25 13:05:07","False","59","__export__.product_pricelist_item_5641_635f2254"
"","","","","","","","__export__.product_pricelist_item_5640_dab6d15b"
"","","","","","","","__export__.product_pricelist_item_5639_bca5b19f"
"","","","","","","","__export__.product_pricelist_item_5647_979a35b7"
"","","","","","","","__export__.product_pricelist_item_5643_b6e17713"
"","","","","","","","__export__.product_pricelist_item_5642_1829c2d4"
"","","","","","","","__export__.product_pricelist_item_5646_eca59ffd"
"__export__.product_pricelist_135_1cd5c01d","Genesis kitchen干货","base.EUR","__export__.res_users_10_962e2fe2","2026-05-25 13:05:07","False","60","__export__.product_pricelist_item_6658_c680ea4b"
"","","","","","","","__export__.product_pricelist_item_6650_bc618669"
"","","","","","","","__export__.product_pricelist_item_6634_a0d2c0e6"
"","","","","","","","__export__.product_pricelist_item_6633_80594136"
"","","","","","","","__export__.product_pricelist_item_6632_87ef7706"
"","","","","","","","__export__.product_pricelist_item_6631_5096bd10"
"","","","","","","","__export__.product_pricelist_item_6630_75b87847"
"","","","","","","","__export__.product_pricelist_item_6629_de0a07da"
"","","","","","","","__export__.product_pricelist_item_6628_9b3a4541"
"","","","","","","","__export__.product_pricelist_item_6627_35d936bf"
"","","","","","","","__export__.product_pricelist_item_6435_c1e7144d"
"","","","","","","","__export__.product_pricelist_item_6434_c364abd1"
"","","","","","","","__export__.product_pricelist_item_6433_5e51aa9e"
"","","","","","","","__export__.product_pricelist_item_6432_4c3bcec6"
"","","","","","","","__export__.product_pricelist_item_6431_e8b69880"
"","","","","","","","__export__.product_pricelist_item_6430_7384b2a4"
"","","","","","","","__export__.product_pricelist_item_6429_fd48e0d4"
"","","","","","","","__export__.product_pricelist_item_6428_ebaf98fa"
"","","","","","","","__export__.product_pricelist_item_6427_dbcc446e"
"","","","","","","","__export__.product_pricelist_item_6425_e933d4e7"
"","","","","","","","__export__.product_pricelist_item_6424_293e2c51"
"","","","","","","","__export__.product_pricelist_item_6423_3b9d6cea"
"","","","","","","","__export__.product_pricelist_item_6422_dab85745"
"","","","","","","","__export__.product_pricelist_item_6419_71e22882"
"","","","","","","","__export__.product_pricelist_item_6418_30056b5e"
"","","","","","","","__export__.product_pricelist_item_6417_bd94a953"
"","","","","","","","__export__.product_pricelist_item_6661_99a6a835"
"","","","","","","","__export__.product_pricelist_item_6591_5be70458"
"","","","","","","","__export__.product_pricelist_item_6590_ebb82d4a"
"","","","","","","","__export__.product_pricelist_item_6497_700a4b74"
"","","","","","","","__export__.product_pricelist_item_6479_863f4884"
"","","","","","","","__export__.product_pricelist_item_6659_0554eefb"
"__export__.product_pricelist_100_0640b661","summer inn d11干货","base.EUR","__export__.res_users_10_962e2fe2","2026-05-25 13:05:07","False","61","__export__.product_pricelist_item_5638_0bda16b4"
"","","","","","","","__export__.product_pricelist_item_5635_24ddfa24"
"","","","","","","","__export__.product_pricelist_item_5634_62adb7f8"
"","","","","","","","__export__.product_pricelist_item_5631_220be109"
"","","","","","","","__export__.product_pricelist_item_5630_6c3168f9"
"","","","","","","","__export__.product_pricelist_item_5629_d15422db"
"","","","","","","","__export__.product_pricelist_item_5637_2547902b"
"","","","","","","","__export__.product_pricelist_item_5633_e3cf0267"
"","","","","","","","__export__.product_pricelist_item_5632_efdf1a81"
"","","","","","","","__export__.product_pricelist_item_5636_ce40ea4b"
"__export__.product_pricelist_98_2659323d","M7M1N3干货-2","base.EUR","__export__.res_users_10_962e2fe2","2026-05-25 13:05:07","False","62","__export__.product_pricelist_item_5554_e9c17941"
"","","","","","","","__export__.product_pricelist_item_5546_086bfc9d"
"","","","","","","","__export__.product_pricelist_item_5545_fa1bd867"
"","","","","","","","__export__.product_pricelist_item_5542_b2685691"
"","","","","","","","__export__.product_pricelist_item_5541_7e6e0773"
"","","","","","","","__export__.product_pricelist_item_5540_bac89373"
"","","","","","","","__export__.product_pricelist_item_5548_9c09a467"
"","","","","","","","__export__.product_pricelist_item_5544_ccf359a1"
"","","","","","","","__export__.product_pricelist_item_5543_c87f7ffa"
"","","","","","","","__export__.product_pricelist_item_5547_0afe5dd1"
"__export__.product_pricelist_106_ba9252e4","东方行-D1","base.EUR","__export__.res_users_10_962e2fe2","2026-05-25 13:05:07","False","63","__export__.product_pricelist_item_6700_c05fbb2d"
"","","","","","","","__export__.product_pricelist_item_6494_d5bc804c"
"","","","","","","","__export__.product_pricelist_item_6493_1cbae4b9"
"","","","","","","","__export__.product_pricelist_item_6492_fb01f434"
"","","","","","","","__export__.product_pricelist_item_6491_b22da64e"
"","","","","","","","__export__.product_pricelist_item_5775_8a4f76b2"
"","","","","","","","__export__.product_pricelist_item_5774_381a83de"
"","","","","","","","__export__.product_pricelist_item_5770_0f29e105"
"","","","","","","","__export__.product_pricelist_item_5769_8ce948b8"
"__export__.product_pricelist_39_f0d834bf","M7M1N3干货-1","base.EUR","__export__.res_users_10_962e2fe2","2026-05-25 13:05:07","False","64","__export__.product_pricelist_item_7143_7c2992bb"
"","","","","","","","__export__.product_pricelist_item_7091_234743a1"
"","","","","","","","__export__.product_pricelist_item_5550_6a8d55ac"
"","","","","","","","__export__.product_pricelist_item_7061_cb933b1b"
"","","","","","","","__export__.product_pricelist_item_7142_9d647a93"
"","","","","","","","__export__.product_pricelist_item_7089_70c9a6f8"
"","","","","","","","__export__.product_pricelist_item_5553_bd3a8277"
"","","","","","","","__export__.product_pricelist_item_5549_babf14e3"
"","","","","","","","__export__.product_pricelist_item_5160_1622cdfd"
"","","","","","","","__export__.product_pricelist_item_5159_a16a67a2"
"","","","","","","","__export__.product_pricelist_item_3681_e4262650"
"","","","","","","","__export__.product_pricelist_item_3680_f4d8e90b"
"","","","","","","","__export__.product_pricelist_item_3679_c61054af"
"","","","","","","","__export__.product_pricelist_item_7141_babec196"
"","","","","","","","__export__.product_pricelist_item_7092_8a6df9ab"
"","","","","","","","__export__.product_pricelist_item_7090_3ae95e64"
"","","","","","","","__export__.product_pricelist_item_5552_a7f64dfd"
"","","","","","","","__export__.product_pricelist_item_5551_b9654193"
"","","","","","","","__export__.product_pricelist_item_4544_be2338cc"
"","","","","","","","__export__.product_pricelist_item_4539_4ea7abea"
"","","","","","","","__export__.product_pricelist_item_5382_77a3c924"
"__export__.product_pricelist_91_8f65b54d","东方新星","base.EUR","__export__.res_users_10_962e2fe2","2026-05-25 13:05:07","False","65","__export__.product_pricelist_item_5466_990e52d7"
"","","","","","","","__export__.product_pricelist_item_5425_4faf35fe"
"","","","","","","","__export__.product_pricelist_item_5468_f714cc32"
"","","","","","","","__export__.product_pricelist_item_5467_2c0b41ca"
"","","","","","","","__export__.product_pricelist_item_5430_09731fdb"
"","","","","","","","__export__.product_pricelist_item_5429_cda5bdf1"
"","","","","","","","__export__.product_pricelist_item_5428_c7165aa7"
"","","","","","","","__export__.product_pricelist_item_5427_52258d1e"
"","","","","","","","__export__.product_pricelist_item_5426_4d85192c"
"","","","","","","","__export__.product_pricelist_item_5470_cb1d84af"
"","","","","","","","__export__.product_pricelist_item_5469_919d5e0c"
"__export__.product_pricelist_86_49e35a46","Musashi SF","base.EUR","__export__.res_users_14_42108d61","2026-06-15 06:00:15","False","66","__export__.product_pricelist_item_6368_ee8c342c"
"","","","","","","","__export__.product_pricelist_item_6367_9bc05d92"
"","","","","","","","__export__.product_pricelist_item_7238_f0dddb94"
"","","","","","","","__export__.product_pricelist_item_7197_1ec7ba87"
"","","","","","","","__export__.product_pricelist_item_7163_6b0d46d2"
"","","","","","","","__export__.product_pricelist_item_7145_a4764603"
"","","","","","","","__export__.product_pricelist_item_7094_a178169f"
"","","","","","","","__export__.product_pricelist_item_7056_0ab8c076"
"","","","","","","","__export__.product_pricelist_item_7012_f7b62c43"
"","","","","","","","__export__.product_pricelist_item_6788_ec0b495f"
"","","","","","","","__export__.product_pricelist_item_6747_4281ab17"
"","","","","","","","__export__.product_pricelist_item_6746_17639f48"
"","","","","","","","__export__.product_pricelist_item_6738_3019391a"
"","","","","","","","__export__.product_pricelist_item_6737_721c6443"
"","","","","","","","__export__.product_pricelist_item_6736_36271865"
"","","","","","","","__export__.product_pricelist_item_6720_8781d6ee"
"","","","","","","","__export__.product_pricelist_item_6719_90df7dfa"
"","","","","","","","__export__.product_pricelist_item_6718_80efe4c1"
"","","","","","","","__export__.product_pricelist_item_6717_9932e85c"
"","","","","","","","__export__.product_pricelist_item_6716_fa4b12a4"
"","","","","","","","__export__.product_pricelist_item_6715_48f71c73"
"","","","","","","","__export__.product_pricelist_item_6714_388709fc"
"","","","","","","","__export__.product_pricelist_item_6713_1de48abc"
"","","","","","","","__export__.product_pricelist_item_6712_da09e321"
"","","","","","","","__export__.product_pricelist_item_6711_855a8f1e"
"","","","","","","","__export__.product_pricelist_item_6710_6042f11b"
"","","","","","","","__export__.product_pricelist_item_6709_08de0efc"
"","","","","","","","__export__.product_pricelist_item_6708_a71a6557"
"","","","","","","","__export__.product_pricelist_item_6707_b23b9a38"
"","","","","","","","__export__.product_pricelist_item_6706_21517683"
"","","","","","","","__export__.product_pricelist_item_6705_d52e51e5"
"","","","","","","","__export__.product_pricelist_item_6704_b00e0214"
"","","","","","","","__export__.product_pricelist_item_6622_5dbab27d"
"","","","","","","","__export__.product_pricelist_item_6621_1e995dbd"
"","","","","","","","__export__.product_pricelist_item_6567_1a548137"
"","","","","","","","__export__.product_pricelist_item_6566_54d95dfc"
"","","","","","","","__export__.product_pricelist_item_6565_7e808450"
"","","","","","","","__export__.product_pricelist_item_6564_e812cb29"
"","","","","","","","__export__.product_pricelist_item_6563_23d2d5e1"
"","","","","","","","__export__.product_pricelist_item_6562_13a47dfd"
"","","","","","","","__export__.product_pricelist_item_6561_c33d70bd"
"","","","","","","","__export__.product_pricelist_item_6560_4e19b6e5"
"","","","","","","","__export__.product_pricelist_item_6559_e3b9537c"
"","","","","","","","__export__.product_pricelist_item_6558_3eecaf97"
"","","","","","","","__export__.product_pricelist_item_6557_099bc3c9"
"","","","","","","","__export__.product_pricelist_item_6556_238bf628"
"","","","","","","","__export__.product_pricelist_item_6555_14b6e5ae"
"","","","","","","","__export__.product_pricelist_item_6554_83de541f"
"","","","","","","","__export__.product_pricelist_item_6553_673128be"
"","","","","","","","__export__.product_pricelist_item_6552_55768f28"
"","","","","","","","__export__.product_pricelist_item_6551_c19057a6"
"","","","","","","","__export__.product_pricelist_item_6550_ac284cd9"
"","","","","","","","__export__.product_pricelist_item_6549_9a797fea"
"","","","","","","","__export__.product_pricelist_item_6548_9216134f"
"","","","","","","","__export__.product_pricelist_item_6547_79016313"
"","","","","","","","__export__.product_pricelist_item_6546_aab22b7d"
"","","","","","","","__export__.product_pricelist_item_6545_c02aad92"
"","","","","","","","__export__.product_pricelist_item_6544_fe4238c2"
"","","","","","","","__export__.product_pricelist_item_6543_a956ce98"
"","","","","","","","__export__.product_pricelist_item_6542_26a10dd6"
"","","","","","","","__export__.product_pricelist_item_6541_ac6a2054"
"","","","","","","","__export__.product_pricelist_item_6540_6ee5c1f2"
"","","","","","","","__export__.product_pricelist_item_6539_e969f0aa"
"","","","","","","","__export__.product_pricelist_item_6538_c46b3f7c"
"","","","","","","","__export__.product_pricelist_item_6537_1b415d6b"
"","","","","","","","__export__.product_pricelist_item_6536_eb624bea"
"","","","","","","","__export__.product_pricelist_item_6535_4704f941"
"","","","","","","","__export__.product_pricelist_item_6534_a14e116c"
"","","","","","","","__export__.product_pricelist_item_6533_e41be932"
"","","","","","","","__export__.product_pricelist_item_6473_a1fa3aee"
"","","","","","","","__export__.product_pricelist_item_6406_e12acd1a"
"","","","","","","","__export__.product_pricelist_item_6284_d5bcd6e4"
"","","","","","","","__export__.product_pricelist_item_6220_8d4c3ac1"
"","","","","","","","__export__.product_pricelist_item_5978_ca553085"
"","","","","","","","__export__.product_pricelist_item_5726_d52e98b5"
"","","","","","","","__export__.product_pricelist_item_5724_db7e7817"
"","","","","","","","__export__.product_pricelist_item_5431_cbb69f2c"
"","","","","","","","__export__.product_pricelist_item_5281_f7a77989"
"","","","","","","","__export__.product_pricelist_item_5243_b39501d1"
"","","","","","","","__export__.product_pricelist_item_5242_b7f162ea"
"","","","","","","","__export__.product_pricelist_item_5241_ffae90bd"
"","","","","","","","__export__.product_pricelist_item_5229_b056648e"
"","","","","","","","__export__.product_pricelist_item_5225_42147017"
"","","","","","","","__export__.product_pricelist_item_5224_9736efc9"
"","","","","","","","__export__.product_pricelist_item_5223_374caad0"
"","","","","","","","__export__.product_pricelist_item_5222_750ecc1c"
"","","","","","","","__export__.product_pricelist_item_5219_a9330c4f"
"","","","","","","","__export__.product_pricelist_item_5218_65f2a35d"
"","","","","","","","__export__.product_pricelist_item_5217_1a9f1be7"
"","","","","","","","__export__.product_pricelist_item_5216_1ce7e0ef"
"","","","","","","","__export__.product_pricelist_item_5215_67f246dc"
"","","","","","","","__export__.product_pricelist_item_5214_ba0883c0"
"","","","","","","","__export__.product_pricelist_item_5213_e6765ddd"
"","","","","","","","__export__.product_pricelist_item_5211_53db7ef0"
"","","","","","","","__export__.product_pricelist_item_5209_9b6213cc"
"","","","","","","","__export__.product_pricelist_item_5208_938a44b2"
"","","","","","","","__export__.product_pricelist_item_5207_ebe63a7c"
"","","","","","","","__export__.product_pricelist_item_5206_54ce91bd"
"","","","","","","","__export__.product_pricelist_item_5205_5713c97e"
"","","","","","","","__export__.product_pricelist_item_5204_35a510fb"
"","","","","","","","__export__.product_pricelist_item_5203_10daf847"
"","","","","","","","__export__.product_pricelist_item_5202_d80a85b7"
"","","","","","","","__export__.product_pricelist_item_5201_201e1c9f"
"","","","","","","","__export__.product_pricelist_item_5200_fdfc0c47"
"","","","","","","","__export__.product_pricelist_item_5199_0b8e91ad"
"","","","","","","","__export__.product_pricelist_item_5198_bb5f818e"
"","","","","","","","__export__.product_pricelist_item_5197_3891c7e9"
"","","","","","","","__export__.product_pricelist_item_5196_17649b71"
"","","","","","","","__export__.product_pricelist_item_5195_9cc3e9f9"
"","","","","","","","__export__.product_pricelist_item_5194_dc2e3d66"
"","","","","","","","__export__.product_pricelist_item_5193_f85a3941"
"","","","","","","","__export__.product_pricelist_item_5192_a5506843"
"","","","","","","","__export__.product_pricelist_item_5191_04b3be24"
"","","","","","","","__export__.product_pricelist_item_5190_016feb26"
"","","","","","","","__export__.product_pricelist_item_5189_cb3596f6"
"","","","","","","","__export__.product_pricelist_item_5188_b162bd71"
"","","","","","","","__export__.product_pricelist_item_5187_c89a82dc"
"","","","","","","","__export__.product_pricelist_item_5186_a63b1b9d"
"","","","","","","","__export__.product_pricelist_item_5185_a5c51853"
"","","","","","","","__export__.product_pricelist_item_5184_009b1458"
"","","","","","","","__export__.product_pricelist_item_5183_313c972d"
"","","","","","","","__export__.product_pricelist_item_5182_cc5340ba"
"","","","","","","","__export__.product_pricelist_item_5181_343ce333"
"","","","","","","","__export__.product_pricelist_item_5180_4e751d74"
"","","","","","","","__export__.product_pricelist_item_5179_92e0c0ef"
"","","","","","","","__export__.product_pricelist_item_5178_0b6be2ed"
"","","","","","","","__export__.product_pricelist_item_5177_d3177e0e"
"","","","","","","","__export__.product_pricelist_item_5176_42f00b78"
"","","","","","","","__export__.product_pricelist_item_5175_2c578b1c"
"","","","","","","","__export__.product_pricelist_item_5174_b3a57150"
"","","","","","","","__export__.product_pricelist_item_5173_2f1d7052"
"","","","","","","","__export__.product_pricelist_item_5170_5bc1c725"
"","","","","","","","__export__.product_pricelist_item_5168_2b350c35"
"","","","","","","","__export__.product_pricelist_item_5167_ceb4e037"
"","","","","","","","__export__.product_pricelist_item_5166_9b6a219a"
"","","","","","","","__export__.product_pricelist_item_5165_b06e1204"
"","","","","","","","__export__.product_pricelist_item_5164_d775e214"
"__export__.product_pricelist_87_08db63fc","weikee","base.EUR","__export__.res_users_10_962e2fe2","2026-05-25 13:05:07","False","67","__export__.product_pricelist_item_6482_b3152853"
"","","","","","","","__export__.product_pricelist_item_6481_79092b32"
"","","","","","","","__export__.product_pricelist_item_5538_d27cca81"
"","","","","","","","__export__.product_pricelist_item_5537_fa82e4e0"
"","","","","","","","__export__.product_pricelist_item_5289_134ba3c8"
"","","","","","","","__export__.product_pricelist_item_5288_9dfbc183"
"","","","","","","","__export__.product_pricelist_item_5287_996ae023"
"","","","","","","","__export__.product_pricelist_item_5286_8c1742d8"
"","","","","","","","__export__.product_pricelist_item_5285_758331bf"
"","","","","","","","__export__.product_pricelist_item_5284_8799698e"
"","","","","","","","__export__.product_pricelist_item_5476_4cc772aa"
"__export__.product_pricelist_56_3e4ca486","Global Cuisine","base.EUR","__export__.res_users_14_42108d61","2026-06-17 05:56:59","False","68","__export__.product_pricelist_item_7252_ca096373"
"","","","","","","","__export__.product_pricelist_item_7071_78b19d1c"
"","","","","","","","__export__.product_pricelist_item_7051_fa96ab97"
"","","","","","","","__export__.product_pricelist_item_6782_8559240d"
"","","","","","","","__export__.product_pricelist_item_6781_c6ff050a"
"","","","","","","","__export__.product_pricelist_item_6744_14cd39c1"
"","","","","","","","__export__.product_pricelist_item_6699_d9539a9f"
"","","","","","","","__export__.product_pricelist_item_6698_f903bd95"
"","","","","","","","__export__.product_pricelist_item_6697_28caa798"
"","","","","","","","__export__.product_pricelist_item_6696_0046c9e4"
"","","","","","","","__export__.product_pricelist_item_6695_d125834e"
"","","","","","","","__export__.product_pricelist_item_6694_08142130"
"","","","","","","","__export__.product_pricelist_item_6693_21d1e8ff"
"","","","","","","","__export__.product_pricelist_item_6692_6624cdbf"
"","","","","","","","__export__.product_pricelist_item_6691_77be5689"
"","","","","","","","__export__.product_pricelist_item_6690_529b292b"
"","","","","","","","__export__.product_pricelist_item_6689_d2fa1647"
"","","","","","","","__export__.product_pricelist_item_6688_df744576"
"","","","","","","","__export__.product_pricelist_item_6687_1fac1c53"
"","","","","","","","__export__.product_pricelist_item_6686_5c65b2df"
"","","","","","","","__export__.product_pricelist_item_6685_16f8bb5f"
"","","","","","","","__export__.product_pricelist_item_6684_7f6e6489"
"","","","","","","","__export__.product_pricelist_item_6683_bd92c8a6"
"","","","","","","","__export__.product_pricelist_item_6682_0abebc0c"
"","","","","","","","__export__.product_pricelist_item_6681_e79bb730"
"","","","","","","","__export__.product_pricelist_item_6680_a88c7d2e"
"","","","","","","","__export__.product_pricelist_item_6679_e1a24fef"
"","","","","","","","__export__.product_pricelist_item_6678_897c13be"
"","","","","","","","__export__.product_pricelist_item_6677_80f132c9"
"","","","","","","","__export__.product_pricelist_item_6676_a6f9ba07"
"","","","","","","","__export__.product_pricelist_item_6675_2735e5e8"
"","","","","","","","__export__.product_pricelist_item_6674_81ef3290"
"","","","","","","","__export__.product_pricelist_item_6673_77ab643b"
"","","","","","","","__export__.product_pricelist_item_6672_11380769"
"","","","","","","","__export__.product_pricelist_item_6671_416995fe"
"","","","","","","","__export__.product_pricelist_item_6670_919fd038"
"","","","","","","","__export__.product_pricelist_item_6669_a58d0e37"
"","","","","","","","__export__.product_pricelist_item_6668_1868fad2"
"","","","","","","","__export__.product_pricelist_item_6667_421e88c4"
"","","","","","","","__export__.product_pricelist_item_6666_e4bb9949"
"","","","","","","","__export__.product_pricelist_item_6665_cadf019e"
"","","","","","","","__export__.product_pricelist_item_6664_ce14b5fc"
"","","","","","","","__export__.product_pricelist_item_6663_49085538"
"","","","","","","","__export__.product_pricelist_item_6662_5e210c05"
"","","","","","","","__export__.product_pricelist_item_6478_8b28bd6f"
"","","","","","","","__export__.product_pricelist_item_6306_b96ca38b"
"","","","","","","","__export__.product_pricelist_item_6305_84576fdb"
"","","","","","","","__export__.product_pricelist_item_6304_723e936b"
"","","","","","","","__export__.product_pricelist_item_6303_7929c3c9"
"","","","","","","","__export__.product_pricelist_item_6074_a2de5de2"
"","","","","","","","__export__.product_pricelist_item_6073_a4318d85"
"","","","","","","","__export__.product_pricelist_item_6072_1b7889c6"
"","","","","","","","__export__.product_pricelist_item_6071_19b17118"
"","","","","","","","__export__.product_pricelist_item_6070_2b37f552"
"","","","","","","","__export__.product_pricelist_item_6069_a2920be2"
"","","","","","","","__export__.product_pricelist_item_6068_e35d58fc"
"","","","","","","","__export__.product_pricelist_item_6067_72469fc2"
"","","","","","","","__export__.product_pricelist_item_6066_dd95af5e"
"","","","","","","","__export__.product_pricelist_item_6065_6b72c3e6"
"","","","","","","","__export__.product_pricelist_item_6064_3518addc"
"","","","","","","","__export__.product_pricelist_item_6063_eebe6d7f"
"","","","","","","","__export__.product_pricelist_item_6062_a1cf5848"
"","","","","","","","__export__.product_pricelist_item_6061_56f1f51b"
"","","","","","","","__export__.product_pricelist_item_6060_577c6ad5"
"","","","","","","","__export__.product_pricelist_item_6059_34ec5efa"
"","","","","","","","__export__.product_pricelist_item_6058_f7464909"
"","","","","","","","__export__.product_pricelist_item_6057_710eeae5"
"","","","","","","","__export__.product_pricelist_item_6056_d2d937d1"
"","","","","","","","__export__.product_pricelist_item_6055_adeaf88e"
"","","","","","","","__export__.product_pricelist_item_6054_12101f1d"
"","","","","","","","__export__.product_pricelist_item_6053_f064f246"
"","","","","","","","__export__.product_pricelist_item_6052_dbee89fd"
"","","","","","","","__export__.product_pricelist_item_6051_c22692ec"
"","","","","","","","__export__.product_pricelist_item_6050_97db214c"
"","","","","","","","__export__.product_pricelist_item_6049_ce1d0742"
"","","","","","","","__export__.product_pricelist_item_6048_ea93a420"
"","","","","","","","__export__.product_pricelist_item_6047_208a3713"
"","","","","","","","__export__.product_pricelist_item_6046_d65ab9e1"
"","","","","","","","__export__.product_pricelist_item_6045_799e385f"
"","","","","","","","__export__.product_pricelist_item_6044_ecf81be0"
"","","","","","","","__export__.product_pricelist_item_6043_a9f46dad"
"","","","","","","","__export__.product_pricelist_item_6042_45b3c6f3"
"","","","","","","","__export__.product_pricelist_item_6041_bcfb50ba"
"","","","","","","","__export__.product_pricelist_item_6040_afc19e65"
"","","","","","","","__export__.product_pricelist_item_6039_415f151e"
"","","","","","","","__export__.product_pricelist_item_6038_58f705af"
"","","","","","","","__export__.product_pricelist_item_6037_af9e9276"
"","","","","","","","__export__.product_pricelist_item_6036_da5c4042"
"","","","","","","","__export__.product_pricelist_item_6035_b3e526b8"
"","","","","","","","__export__.product_pricelist_item_6034_2878eb2f"
"","","","","","","","__export__.product_pricelist_item_6033_006e28e2"
"","","","","","","","__export__.product_pricelist_item_6032_0c77bd88"
"","","","","","","","__export__.product_pricelist_item_6031_a3af41ed"
"","","","","","","","__export__.product_pricelist_item_5980_77a11b77"
"","","","","","","","__export__.product_pricelist_item_5974_7fe4cba8"
"","","","","","","","__export__.product_pricelist_item_5973_dc8cdfbd"
"","","","","","","","__export__.product_pricelist_item_5972_ca28ff41"
"","","","","","","","__export__.product_pricelist_item_5971_49fa2543"
"","","","","","","","__export__.product_pricelist_item_5970_c3371ede"
"","","","","","","","__export__.product_pricelist_item_5969_292bb55b"
"","","","","","","","__export__.product_pricelist_item_5904_212d7406"
"","","","","","","","__export__.product_pricelist_item_5903_4feef383"
"","","","","","","","__export__.product_pricelist_item_5902_40e68908"
"","","","","","","","__export__.product_pricelist_item_5901_0a748966"
"","","","","","","","__export__.product_pricelist_item_5900_d9a6420c"
"","","","","","","","__export__.product_pricelist_item_5898_94313830"
"","","","","","","","__export__.product_pricelist_item_5897_6c72adaf"
"","","","","","","","__export__.product_pricelist_item_5896_3988cc28"
"","","","","","","","__export__.product_pricelist_item_5894_2e1080a4"
"","","","","","","","__export__.product_pricelist_item_5893_8971c9a7"
"","","","","","","","__export__.product_pricelist_item_5892_9cc361ee"
"","","","","","","","__export__.product_pricelist_item_5891_f920a696"
"","","","","","","","__export__.product_pricelist_item_5890_f4e59019"
"","","","","","","","__export__.product_pricelist_item_5889_1f65c988"
"","","","","","","","__export__.product_pricelist_item_5888_42df749f"
"","","","","","","","__export__.product_pricelist_item_5887_04001fbd"
"","","","","","","","__export__.product_pricelist_item_5886_d5fd65d1"
"","","","","","","","__export__.product_pricelist_item_5885_d0ce5b23"
"","","","","","","","__export__.product_pricelist_item_5884_4a23502e"
"","","","","","","","__export__.product_pricelist_item_5883_4733496f"
"","","","","","","","__export__.product_pricelist_item_5882_30297854"
"","","","","","","","__export__.product_pricelist_item_5881_095a0229"
"","","","","","","","__export__.product_pricelist_item_5880_c27eb7cc"
"","","","","","","","__export__.product_pricelist_item_5878_534c049d"
"","","","","","","","__export__.product_pricelist_item_5877_06d5db14"
"","","","","","","","__export__.product_pricelist_item_5876_d4f72c42"
"","","","","","","","__export__.product_pricelist_item_5875_be908001"
"","","","","","","","__export__.product_pricelist_item_5874_ee3a990e"
"","","","","","","","__export__.product_pricelist_item_5873_b15d3074"
"","","","","","","","__export__.product_pricelist_item_5872_fad64191"
"","","","","","","","__export__.product_pricelist_item_5871_67bdc65f"
"__export__.product_pricelist_80_2cb142a1","chef chen-finglas","base.EUR","__export__.res_users_10_962e2fe2","2026-05-25 13:05:07","False","69","__export__.product_pricelist_item_4629_9bb359a8"
"","","","","","","","__export__.product_pricelist_item_4628_96ed2149"
"","","","","","","","__export__.product_pricelist_item_4627_e92962b2"
"","","","","","","","__export__.product_pricelist_item_4626_9d2ba2a4"
"","","","","","","","__export__.product_pricelist_item_4625_2e3a0d2f"
"","","","","","","","__export__.product_pricelist_item_4624_3aefc51b"
"","","","","","","","__export__.product_pricelist_item_4623_b93a09d1"
"","","","","","","","__export__.product_pricelist_item_4622_6d9ea893"
"","","","","","","","__export__.product_pricelist_item_4621_42543bd6"
"","","","","","","","__export__.product_pricelist_item_4620_e6693cb4"
"","","","","","","","__export__.product_pricelist_item_4619_7d6a6fe7"
"","","","","","","","__export__.product_pricelist_item_4618_5fb31168"
"","","","","","","","__export__.product_pricelist_item_4617_4d4c71e5"
"","","","","","","","__export__.product_pricelist_item_4616_7914291b"
"","","","","","","","__export__.product_pricelist_item_4615_b73e9e8e"
"","","","","","","","__export__.product_pricelist_item_4614_360f76b3"
"","","","","","","","__export__.product_pricelist_item_4613_e4e8e688"
"","","","","","","","__export__.product_pricelist_item_4612_8e269ffa"
"","","","","","","","__export__.product_pricelist_item_4611_6ae3ca31"
"","","","","","","","__export__.product_pricelist_item_4610_021a02b5"
"","","","","","","","__export__.product_pricelist_item_4609_1ac5faa0"
"","","","","","","","__export__.product_pricelist_item_4608_95714b0f"
"","","","","","","","__export__.product_pricelist_item_4607_3ca0ad5c"
"","","","","","","","__export__.product_pricelist_item_4606_4024aec0"
"","","","","","","","__export__.product_pricelist_item_4605_64744ac9"
"","","","","","","","__export__.product_pricelist_item_4604_c5ed33f6"
"","","","","","","","__export__.product_pricelist_item_4603_b142548d"
"","","","","","","","__export__.product_pricelist_item_4602_5c032d41"
"","","","","","","","__export__.product_pricelist_item_4601_85791f29"
"","","","","","","","__export__.product_pricelist_item_4600_fd329b31"
"","","","","","","","__export__.product_pricelist_item_4599_3c475997"
"","","","","","","","__export__.product_pricelist_item_4598_4781e8f9"
"","","","","","","","__export__.product_pricelist_item_4597_3dea26d6"
"","","","","","","","__export__.product_pricelist_item_4596_fcee8578"
"","","","","","","","__export__.product_pricelist_item_4595_968722e0"
"","","","","","","","__export__.product_pricelist_item_4594_20568987"
"","","","","","","","__export__.product_pricelist_item_4593_1eb68321"
"","","","","","","","__export__.product_pricelist_item_4592_ab878853"
"","","","","","","","__export__.product_pricelist_item_4591_df298855"
"","","","","","","","__export__.product_pricelist_item_4590_3704f19a"
"","","","","","","","__export__.product_pricelist_item_4589_04200a09"
"","","","","","","","__export__.product_pricelist_item_4588_29a06b2e"
"__export__.product_pricelist_79_b148429f","oriental kitchen-rush","base.EUR","__export__.res_users_10_962e2fe2","2026-05-25 13:05:07","False","70","__export__.product_pricelist_item_4576_8139a39b"
"","","","","","","","__export__.product_pricelist_item_4571_c8edf845"
"","","","","","","","__export__.product_pricelist_item_4569_849a38cc"
"","","","","","","","__export__.product_pricelist_item_4587_02240174"
"","","","","","","","__export__.product_pricelist_item_4586_bfc1ecc4"
"","","","","","","","__export__.product_pricelist_item_4583_02232c46"
"","","","","","","","__export__.product_pricelist_item_4582_9e17c538"
"","","","","","","","__export__.product_pricelist_item_4580_43c39157"
"","","","","","","","__export__.product_pricelist_item_4579_3dd998c6"
"","","","","","","","__export__.product_pricelist_item_4578_1b4b3b36"
"","","","","","","","__export__.product_pricelist_item_4573_5fc091ba"
"","","","","","","","__export__.product_pricelist_item_4572_d5b6d3d5"
"","","","","","","","__export__.product_pricelist_item_4570_8a18d380"
"","","","","","","","__export__.product_pricelist_item_4568_a4eb2f91"
"","","","","","","","__export__.product_pricelist_item_4567_6297ddba"
"","","","","","","","__export__.product_pricelist_item_4566_42e93ebb"
"","","","","","","","__export__.product_pricelist_item_4565_ae840172"
"","","","","","","","__export__.product_pricelist_item_4564_713a01e6"
"","","","","","","","__export__.product_pricelist_item_4562_46d92ef0"
"","","","","","","","__export__.product_pricelist_item_4561_9324bc7d"
"","","","","","","","__export__.product_pricelist_item_4560_34fb6beb"
"","","","","","","","__export__.product_pricelist_item_4559_da570abf"
"","","","","","","","__export__.product_pricelist_item_4558_2a93c729"
"","","","","","","","__export__.product_pricelist_item_4555_5226f9c2"
"","","","","","","","__export__.product_pricelist_item_4553_175e30b8"
"","","","","","","","__export__.product_pricelist_item_4549_42627ab9"
"","","","","","","","__export__.product_pricelist_item_4548_e2cb249f"
"","","","","","","","__export__.product_pricelist_item_5489_005fc0a5"
"__export__.product_pricelist_72_c55ac5be","San Sab Drumcondra","base.EUR","__export__.res_users_10_962e2fe2","2026-05-25 13:05:07","False","71","__export__.product_pricelist_item_6831_72dd0278"
"","","","","","","","__export__.product_pricelist_item_6830_356fa1fa"
"","","","","","","","__export__.product_pricelist_item_6829_f2aadf79"
"","","","","","","","__export__.product_pricelist_item_6828_4f2c74f4"
"","","","","","","","__export__.product_pricelist_item_6827_e3e51b75"
"","","","","","","","__export__.product_pricelist_item_6826_f9b70b51"
"","","","","","","","__export__.product_pricelist_item_6825_a3fb9083"
"","","","","","","","__export__.product_pricelist_item_6824_6755557f"
"","","","","","","","__export__.product_pricelist_item_6823_936adeea"
"","","","","","","","__export__.product_pricelist_item_6822_0b1d8bf9"
"","","","","","","","__export__.product_pricelist_item_6821_fe0ef3a6"
"","","","","","","","__export__.product_pricelist_item_6820_3f7a24bd"
"","","","","","","","__export__.product_pricelist_item_6819_f9717f81"
"","","","","","","","__export__.product_pricelist_item_6818_244ebb79"
"","","","","","","","__export__.product_pricelist_item_6817_925503b8"
"","","","","","","","__export__.product_pricelist_item_6816_cad661e7"
"","","","","","","","__export__.product_pricelist_item_6815_65161ee5"
"","","","","","","","__export__.product_pricelist_item_6814_0d93884a"
"","","","","","","","__export__.product_pricelist_item_6813_f48afe31"
"","","","","","","","__export__.product_pricelist_item_6812_33d005ca"
"","","","","","","","__export__.product_pricelist_item_6811_15498b27"
"","","","","","","","__export__.product_pricelist_item_6810_65508c84"
"","","","","","","","__export__.product_pricelist_item_6809_9b11a17e"
"","","","","","","","__export__.product_pricelist_item_6808_07515c66"
"","","","","","","","__export__.product_pricelist_item_6807_a9f2bf4d"
"","","","","","","","__export__.product_pricelist_item_6806_0368fa9a"
"","","","","","","","__export__.product_pricelist_item_6805_b421e6af"
"","","","","","","","__export__.product_pricelist_item_6804_594618b1"
"","","","","","","","__export__.product_pricelist_item_6803_68569bc8"
"","","","","","","","__export__.product_pricelist_item_6802_6da74c09"
"","","","","","","","__export__.product_pricelist_item_6801_1d76730b"
"","","","","","","","__export__.product_pricelist_item_6800_c5dadbcb"
"","","","","","","","__export__.product_pricelist_item_6799_e910606c"
"","","","","","","","__export__.product_pricelist_item_6798_96329b6c"
"","","","","","","","__export__.product_pricelist_item_3968_a33819b8"
"","","","","","","","__export__.product_pricelist_item_3967_4994d83b"
"","","","","","","","__export__.product_pricelist_item_3966_b63bf21d"
"","","","","","","","__export__.product_pricelist_item_3965_a922f763"
"","","","","","","","__export__.product_pricelist_item_3964_60c53cd9"
"","","","","","","","__export__.product_pricelist_item_3963_e0e2f01c"
"","","","","","","","__export__.product_pricelist_item_3962_2669a79d"
"","","","","","","","__export__.product_pricelist_item_3961_4835ad53"
"","","","","","","","__export__.product_pricelist_item_3960_5acdd8c9"
"","","","","","","","__export__.product_pricelist_item_3959_9c1e7c77"
"","","","","","","","__export__.product_pricelist_item_3958_e2fef0e4"
"","","","","","","","__export__.product_pricelist_item_3956_e42bcb92"
"","","","","","","","__export__.product_pricelist_item_3955_3421fe36"
"","","","","","","","__export__.product_pricelist_item_3954_1727683e"
"","","","","","","","__export__.product_pricelist_item_3953_b6d0d008"
"","","","","","","","__export__.product_pricelist_item_3952_1872e468"
"","","","","","","","__export__.product_pricelist_item_3951_7a6eed8a"
"","","","","","","","__export__.product_pricelist_item_3950_6723d0f8"
"","","","","","","","__export__.product_pricelist_item_3949_4e7c6726"
"","","","","","","","__export__.product_pricelist_item_3948_f3447ff5"
"","","","","","","","__export__.product_pricelist_item_3946_9c388c53"
"","","","","","","","__export__.product_pricelist_item_3945_8911ab4b"
"","","","","","","","__export__.product_pricelist_item_3944_b98bdc3e"
"","","","","","","","__export__.product_pricelist_item_3943_0d3c0c1b"
"","","","","","","","__export__.product_pricelist_item_3942_463dff1a"
"","","","","","","","__export__.product_pricelist_item_3941_0e20cd5f"
"","","","","","","","__export__.product_pricelist_item_3940_c6a9b767"
"","","","","","","","__export__.product_pricelist_item_3939_73b00f95"
"","","","","","","","__export__.product_pricelist_item_3938_6ed6355a"
"","","","","","","","__export__.product_pricelist_item_3937_c53f1f82"
"","","","","","","","__export__.product_pricelist_item_3936_53163cab"
"","","","","","","","__export__.product_pricelist_item_3935_f02495e6"
"","","","","","","","__export__.product_pricelist_item_3934_7b7c582f"
"","","","","","","","__export__.product_pricelist_item_3933_7c2bfe13"
"","","","","","","","__export__.product_pricelist_item_3932_6dfaa672"
"","","","","","","","__export__.product_pricelist_item_3931_2c6028db"
"","","","","","","","__export__.product_pricelist_item_3930_7554cece"
"","","","","","","","__export__.product_pricelist_item_3929_cdc9b36b"
"","","","","","","","__export__.product_pricelist_item_3928_66a50ef2"
"","","","","","","","__export__.product_pricelist_item_3927_bd8cda9a"
"","","","","","","","__export__.product_pricelist_item_3926_946c07d6"
"","","","","","","","__export__.product_pricelist_item_3925_5bdddeeb"
"","","","","","","","__export__.product_pricelist_item_3924_125866a7"
"","","","","","","","__export__.product_pricelist_item_3923_b1d83ccf"
"","","","","","","","__export__.product_pricelist_item_3922_17715978"
"","","","","","","","__export__.product_pricelist_item_3921_75ce01c4"
"","","","","","","","__export__.product_pricelist_item_3920_66e98a11"
"","","","","","","","__export__.product_pricelist_item_3919_274ea476"
"","","","","","","","__export__.product_pricelist_item_3918_ffce7792"
"","","","","","","","__export__.product_pricelist_item_3917_01f4c6d8"
"","","","","","","","__export__.product_pricelist_item_3916_834d0ada"
"","","","","","","","__export__.product_pricelist_item_3915_393ca0ff"
"","","","","","","","__export__.product_pricelist_item_3914_68ba1c75"
"","","","","","","","__export__.product_pricelist_item_3913_3a3b48dc"
"__export__.product_pricelist_63_02d16983","Dynasty Kitchen","base.EUR","__export__.res_users_10_962e2fe2","2026-05-25 13:05:07","False","72","__export__.product_pricelist_item_3483_428f6c09"
"","","","","","","","__export__.product_pricelist_item_3482_89f71fbb"
"","","","","","","","__export__.product_pricelist_item_3481_ef2ff800"
"","","","","","","","__export__.product_pricelist_item_3480_26626199"
"","","","","","","","__export__.product_pricelist_item_3479_22ef7a79"
"","","","","","","","__export__.product_pricelist_item_3478_d2f10b56"
"","","","","","","","__export__.product_pricelist_item_3126_da210a93"
"","","","","","","","__export__.product_pricelist_item_3124_eb4c47c1"
"","","","","","","","__export__.product_pricelist_item_3095_f0fe29f8"
"","","","","","","","__export__.product_pricelist_item_3094_52e8666a"
"","","","","","","","__export__.product_pricelist_item_3093_65f7c35b"
"","","","","","","","__export__.product_pricelist_item_3092_c0428726"
"","","","","","","","__export__.product_pricelist_item_3091_89933755"
"","","","","","","","__export__.product_pricelist_item_3090_232aafd2"
"","","","","","","","__export__.product_pricelist_item_3089_6aaceb7e"
"__export__.product_pricelist_95_cc881f88","thaima","base.EUR","__export__.res_users_10_962e2fe2","2026-05-25 13:05:07","False","73","__export__.product_pricelist_item_5527_2f4e4b7e"
"","","","","","","","__export__.product_pricelist_item_5526_76a2721f"
"","","","","","","","__export__.product_pricelist_item_5516_f561b9f0"
"","","","","","","","__export__.product_pricelist_item_5528_9b950950"
"","","","","","","","__export__.product_pricelist_item_5519_72f43416"
"","","","","","","","__export__.product_pricelist_item_5518_8cdf8e12"
"","","","","","","","__export__.product_pricelist_item_5520_5c49e3e8"
"","","","","","","","__export__.product_pricelist_item_5524_a1202c7b"
"","","","","","","","__export__.product_pricelist_item_5521_251da2c8"
"","","","","","","","__export__.product_pricelist_item_5513_3b613c23"
"","","","","","","","__export__.product_pricelist_item_5511_8d970864"
"","","","","","","","__export__.product_pricelist_item_5504_d75c49b6"
"","","","","","","","__export__.product_pricelist_item_5523_9c403bfc"
"__export__.product_pricelist_92_9bf88e32","golden elephant dun干货","base.EUR","__export__.res_users_10_962e2fe2","2026-05-25 13:05:07","False","74","__export__.product_pricelist_item_5453_ea35616a"
"","","","","","","","__export__.product_pricelist_item_5452_76a50914"
"","","","","","","","__export__.product_pricelist_item_5447_9ca3c9c2"
"","","","","","","","__export__.product_pricelist_item_5454_07d5e486"
"","","","","","","","__export__.product_pricelist_item_5457_591c8c75"
"","","","","","","","__export__.product_pricelist_item_5455_6429f537"
"","","","","","","","__export__.product_pricelist_item_5445_1f1742db"
"","","","","","","","__export__.product_pricelist_item_5443_0c0c8423"
"","","","","","","","__export__.product_pricelist_item_5442_da98be47"
"","","","","","","","__export__.product_pricelist_item_5441_67f8c432"
"","","","","","","","__export__.product_pricelist_item_5440_752f78ad"
"","","","","","","","__export__.product_pricelist_item_5439_1851ead8"
"","","","","","","","__export__.product_pricelist_item_5438_c75918eb"
"","","","","","","","__export__.product_pricelist_item_5437_341ba91a"
"","","","","","","","__export__.product_pricelist_item_5436_d09bd3f3"
"","","","","","","","__export__.product_pricelist_item_5435_df1d2460"
"","","","","","","","__export__.product_pricelist_item_5482_925adee0"
"__export__.product_pricelist_71_5b1ff570","golden elephant dun","base.EUR","__export__.res_users_10_962e2fe2","2026-05-25 13:05:07","False","75","__export__.product_pricelist_item_3880_4f25ddd3"
"","","","","","","","__export__.product_pricelist_item_3879_00064ad9"
"","","","","","","","__export__.product_pricelist_item_3878_0c144088"
"","","","","","","","__export__.product_pricelist_item_3889_9a803629"
"","","","","","","","__export__.product_pricelist_item_3888_6401b8e2"
"","","","","","","","__export__.product_pricelist_item_3886_43f2eace"
"","","","","","","","__export__.product_pricelist_item_3847_8bb74da2"
"","","","","","","","__export__.product_pricelist_item_3884_7c91a732"
"","","","","","","","__export__.product_pricelist_item_3882_9a83828e"
"","","","","","","","__export__.product_pricelist_item_3873_6c272882"
"","","","","","","","__export__.product_pricelist_item_3872_4a17a7a2"
"","","","","","","","__export__.product_pricelist_item_3869_98305f7d"
"","","","","","","","__export__.product_pricelist_item_3864_b6f60191"
"","","","","","","","__export__.product_pricelist_item_3862_56484bad"
"","","","","","","","__export__.product_pricelist_item_3861_c24dee15"
"","","","","","","","__export__.product_pricelist_item_3858_7ce14a22"
"","","","","","","","__export__.product_pricelist_item_3854_f35f1854"
"","","","","","","","__export__.product_pricelist_item_3853_82b17c11"
"","","","","","","","__export__.product_pricelist_item_3852_4efb66db"
"","","","","","","","__export__.product_pricelist_item_3851_d7f4d303"
"","","","","","","","__export__.product_pricelist_item_3846_4608dbe8"
"","","","","","","","__export__.product_pricelist_item_3837_0350c2b6"
"","","","","","","","__export__.product_pricelist_item_3860_1f8672c8"
"","","","","","","","__export__.product_pricelist_item_3831_c66d5dc5"
"","","","","","","","__export__.product_pricelist_item_5465_f9bd76ac"
"__export__.product_pricelist_67_0ef00f83","cheng gong","base.EUR","__export__.res_users_10_962e2fe2","2026-05-25 13:05:07","False","76","__export__.product_pricelist_item_5615_b5ae98f0"
"","","","","","","","__export__.product_pricelist_item_3666_7c2d2a48"
"","","","","","","","__export__.product_pricelist_item_3661_c9a75d78"
"","","","","","","","__export__.product_pricelist_item_3659_8b06cb86"
"","","","","","","","__export__.product_pricelist_item_5484_dc22181e"
"","","","","","","","__export__.product_pricelist_item_3663_76c60074"
"","","","","","","","__export__.product_pricelist_item_3616_7bb66e62"
"","","","","","","","__export__.product_pricelist_item_6161_3a58dd45"
"","","","","","","","__export__.product_pricelist_item_5955_dc09cd84"
"","","","","","","","__export__.product_pricelist_item_5950_a5200949"
"","","","","","","","__export__.product_pricelist_item_5949_9b407c2c"
"","","","","","","","__export__.product_pricelist_item_5948_eff3a72e"
"","","","","","","","__export__.product_pricelist_item_5485_af8452a0"
"","","","","","","","__export__.product_pricelist_item_3684_72515658"
"","","","","","","","__export__.product_pricelist_item_3643_801d3d56"
"","","","","","","","__export__.product_pricelist_item_3615_85eecbc1"
"","","","","","","","__export__.product_pricelist_item_3606_1e82ada4"
"","","","","","","","__export__.product_pricelist_item_3605_35e1adb0"
"","","","","","","","__export__.product_pricelist_item_3604_b2d8f8c9"
"","","","","","","","__export__.product_pricelist_item_3603_30395979"
"","","","","","","","__export__.product_pricelist_item_3674_6c35683e"
"","","","","","","","__export__.product_pricelist_item_3673_00f44434"
"","","","","","","","__export__.product_pricelist_item_3656_1afe93f0"
"","","","","","","","__export__.product_pricelist_item_3650_ff4908a9"
"","","","","","","","__export__.product_pricelist_item_3648_a79a71e4"
"","","","","","","","__export__.product_pricelist_item_3638_d8b4b094"
"","","","","","","","__export__.product_pricelist_item_3636_1b48a9cc"
"","","","","","","","__export__.product_pricelist_item_3635_40878736"
"","","","","","","","__export__.product_pricelist_item_3629_73ddd3ad"
"","","","","","","","__export__.product_pricelist_item_3626_c1133114"
"","","","","","","","__export__.product_pricelist_item_3624_8d44658c"
"","","","","","","","__export__.product_pricelist_item_3623_0feb8bb6"
"","","","","","","","__export__.product_pricelist_item_3622_d0a7dcd8"
"","","","","","","","__export__.product_pricelist_item_3621_5a25c419"
"","","","","","","","__export__.product_pricelist_item_3620_24dc70f2"
"","","","","","","","__export__.product_pricelist_item_3619_78dac8bf"
"","","","","","","","__export__.product_pricelist_item_3614_14323400"
"","","","","","","","__export__.product_pricelist_item_5483_1097e026"
"__export__.product_pricelist_54_4e1d1369","cosmo","base.EUR","__export__.res_users_10_962e2fe2","2026-05-25 13:05:07","False","77","__export__.product_pricelist_item_6377_d6e01f8f"
"","","","","","","","__export__.product_pricelist_item_6376_241900bf"
"","","","","","","","__export__.product_pricelist_item_6375_c9f60fb3"
"","","","","","","","__export__.product_pricelist_item_6075_866102f6"
"","","","","","","","__export__.product_pricelist_item_5627_d7b78cc7"
"","","","","","","","__export__.product_pricelist_item_5625_f04203b6"
"","","","","","","","__export__.product_pricelist_item_5624_86e856ef"
"","","","","","","","__export__.product_pricelist_item_5622_b09c4d6e"
"","","","","","","","__export__.product_pricelist_item_5621_da63b29c"
"","","","","","","","__export__.product_pricelist_item_5620_3b8798a9"
"","","","","","","","__export__.product_pricelist_item_5619_a295c1d1"
"","","","","","","","__export__.product_pricelist_item_5618_dc1a1ee4"
"","","","","","","","__export__.product_pricelist_item_5617_e3dd3742"
"","","","","","","","__export__.product_pricelist_item_5616_2ebcf045"
"","","","","","","","__export__.product_pricelist_item_2346_ff90de53"
"","","","","","","","__export__.product_pricelist_item_2340_d4a0cdf2"
"","","","","","","","__export__.product_pricelist_item_2339_dbe7ff54"
"","","","","","","","__export__.product_pricelist_item_2337_c317c643"
"","","","","","","","__export__.product_pricelist_item_2334_d91f003d"
"","","","","","","","__export__.product_pricelist_item_2037_04ee77fc"
"","","","","","","","__export__.product_pricelist_item_2036_68f2ed61"
"","","","","","","","__export__.product_pricelist_item_4524_28f0426b"
"","","","","","","","__export__.product_pricelist_item_2026_2ad3d13d"
"","","","","","","","__export__.product_pricelist_item_2024_7ac9d76f"
"","","","","","","","__export__.product_pricelist_item_2023_cc433d2c"
"","","","","","","","__export__.product_pricelist_item_2022_84eb4124"
"","","","","","","","__export__.product_pricelist_item_2021_46467030"
"","","","","","","","__export__.product_pricelist_item_2020_e9200dfd"
"","","","","","","","__export__.product_pricelist_item_2019_49e29972"
"","","","","","","","__export__.product_pricelist_item_2018_f7fcf9bb"
"","","","","","","","__export__.product_pricelist_item_6382_0d3ba8dd"
"","","","","","","","__export__.product_pricelist_item_6362_656a7c23"
"","","","","","","","__export__.product_pricelist_item_6301_786e3918"
"__export__.product_pricelist_94_fbc6ea0d","Jade Palace-Applewood","base.EUR","__export__.res_users_10_962e2fe2","2026-05-25 13:05:07","False","78","__export__.product_pricelist_item_7070_156788f8"
"","","","","","","","__export__.product_pricelist_item_7069_150e3b57"
"","","","","","","","__export__.product_pricelist_item_5490_9bf84d38"
"__export__.product_pricelist_68_5a90c786","Castello Asian Cuisine Ltd","base.EUR","__export__.res_users_7_ace94875","2026-06-09 13:44:12","False","79","__export__.product_pricelist_item_7236_7a740880"
"","","","","","","","__export__.product_pricelist_item_7235_12882828"
"","","","","","","","__export__.product_pricelist_item_7234_0956c245"
"","","","","","","","__export__.product_pricelist_item_7233_6da53163"
"","","","","","","","__export__.product_pricelist_item_7232_8310f1f5"
"","","","","","","","__export__.product_pricelist_item_7231_7decd79b"
"","","","","","","","__export__.product_pricelist_item_7230_c4dd4658"
"","","","","","","","__export__.product_pricelist_item_7229_448ed34c"
"","","","","","","","__export__.product_pricelist_item_7228_77349441"
"","","","","","","","__export__.product_pricelist_item_7172_7c17ffd7"
"","","","","","","","__export__.product_pricelist_item_7171_4479cdb0"
"","","","","","","","__export__.product_pricelist_item_7170_fb6c8dbb"
"","","","","","","","__export__.product_pricelist_item_7169_c3d49662"
"","","","","","","","__export__.product_pricelist_item_7168_c3385b78"
"","","","","","","","__export__.product_pricelist_item_7167_441d0017"
"","","","","","","","__export__.product_pricelist_item_7166_9f162c9b"
"","","","","","","","__export__.product_pricelist_item_7165_80da9b4e"
"","","","","","","","__export__.product_pricelist_item_3694_c3d7c408"
"","","","","","","","__export__.product_pricelist_item_5158_a67b3485"
"__export__.product_pricelist_90_0802f693","Veg For takeaway","base.EUR","__export__.res_users_10_962e2fe2","2026-05-25 13:05:07","False","80","__export__.product_pricelist_item_5420_c17f7da0"
"","","","","","","","__export__.product_pricelist_item_5419_378b8a4b"
"","","","","","","","__export__.product_pricelist_item_5418_dada3432"
"","","","","","","","__export__.product_pricelist_item_5417_6c6f1efa"
"","","","","","","","__export__.product_pricelist_item_5416_6fa1890f"
"","","","","","","","__export__.product_pricelist_item_5415_494effa0"
"","","","","","","","__export__.product_pricelist_item_5414_8cf93dee"
"","","","","","","","__export__.product_pricelist_item_5413_7de0f8d5"
"","","","","","","","__export__.product_pricelist_item_5412_a659f2aa"
"","","","","","","","__export__.product_pricelist_item_5411_1f90ff12"
"","","","","","","","__export__.product_pricelist_item_5410_7564e1e4"
"","","","","","","","__export__.product_pricelist_item_5409_13d14b2a"
"","","","","","","","__export__.product_pricelist_item_5408_f965f823"
"","","","","","","","__export__.product_pricelist_item_5407_9300e651"
"","","","","","","","__export__.product_pricelist_item_5406_13b6d517"
"","","","","","","","__export__.product_pricelist_item_5405_ca86cdb5"
"","","","","","","","__export__.product_pricelist_item_5404_104e4251"
"","","","","","","","__export__.product_pricelist_item_5403_d50c0de1"
"","","","","","","","__export__.product_pricelist_item_5402_3f529bc5"
"","","","","","","","__export__.product_pricelist_item_5401_8b3f275c"
"","","","","","","","__export__.product_pricelist_item_5400_27d8bfeb"
"","","","","","","","__export__.product_pricelist_item_5399_950fada2"
"","","","","","","","__export__.product_pricelist_item_5398_f210a764"
"","","","","","","","__export__.product_pricelist_item_5397_f2b43500"
"","","","","","","","__export__.product_pricelist_item_5396_278b0ae8"
"","","","","","","","__export__.product_pricelist_item_5395_aa85c79d"
"","","","","","","","__export__.product_pricelist_item_5394_16062e99"
"","","","","","","","__export__.product_pricelist_item_5393_976e5612"
"","","","","","","","__export__.product_pricelist_item_5392_d7d14bc7"
"","","","","","","","__export__.product_pricelist_item_5391_748e574c"
"","","","","","","","__export__.product_pricelist_item_5390_8a97b7c3"
"","","","","","","","__export__.product_pricelist_item_5389_3422e5d8"
"","","","","","","","__export__.product_pricelist_item_5388_6609a940"
"","","","","","","","__export__.product_pricelist_item_5387_b4f34705"
"","","","","","","","__export__.product_pricelist_item_5386_47fc62f3"
"","","","","","","","__export__.product_pricelist_item_5385_1db00fdd"
"","","","","","","","__export__.product_pricelist_item_5384_b17441a8"
"","","","","","","","__export__.product_pricelist_item_5383_9dadcec7"
"","","","","","","","__export__.product_pricelist_item_5424_8b2cd2b0"
"","","","","","","","__export__.product_pricelist_item_5423_3d74ac19"
"","","","","","","","__export__.product_pricelist_item_5422_9744acb3"
"__export__.product_pricelist_109_9197c5c2","Chicko","base.EUR","__export__.res_users_10_962e2fe2","2026-05-25 13:05:07","False","82","__export__.product_pricelist_item_5869_26ae49f5"
"","","","","","","","__export__.product_pricelist_item_5870_b14702da"
"","","","","","","","__export__.product_pricelist_item_5868_ce8cd6d3"
"__export__.product_pricelist_51_1b1fa6e3","Supermarket","base.EUR","__export__.res_users_10_962e2fe2","2026-06-15 11:14:49","False","83","__export__.product_pricelist_item_2352_54325ffb"
"","","","","","","","__export__.product_pricelist_item_3906_091b0731"
"","","","","","","","__export__.product_pricelist_item_2457_0c47d6e0"
"","","","","","","","__export__.product_pricelist_item_2282_02983d41"
"","","","","","","","__export__.product_pricelist_item_3895_28aa5d64"
"","","","","","","","__export__.product_pricelist_item_2287_2e7278c9"
"","","","","","","","__export__.product_pricelist_item_3275_03a297a2"
"","","","","","","","__export__.product_pricelist_item_3903_5e18f126"
"","","","","","","","__export__.product_pricelist_item_3099_e2557d8e"
"","","","","","","","__export__.product_pricelist_item_3097_4dca8909"
"","","","","","","","__export__.product_pricelist_item_2373_9f534789"
"","","","","","","","__export__.product_pricelist_item_2290_b18efd6a"
"","","","","","","","__export__.product_pricelist_item_2288_3d5ef399"
"","","","","","","","__export__.product_pricelist_item_1834_9d49acbc"
"","","","","","","","__export__.product_pricelist_item_1712_678d7735"
"","","","","","","","__export__.product_pricelist_item_1711_a589648a"
"","","","","","","","__export__.product_pricelist_item_1710_6adac672"
"","","","","","","","__export__.product_pricelist_item_1651_0e23179a"
"","","","","","","","__export__.product_pricelist_item_6501_dacd909d"
"","","","","","","","__export__.product_pricelist_item_6500_fe486f0a"
"","","","","","","","__export__.product_pricelist_item_6499_59c6a4d4"
"","","","","","","","__export__.product_pricelist_item_5849_6747ac99"
"","","","","","","","__export__.product_pricelist_item_5478_7812e027"
"","","","","","","","__export__.product_pricelist_item_5095_4d268410"
"","","","","","","","__export__.product_pricelist_item_4451_de80a97f"
"","","","","","","","__export__.product_pricelist_item_3995_938f6261"
"","","","","","","","__export__.product_pricelist_item_3976_33eb56ed"
"","","","","","","","__export__.product_pricelist_item_3973_77a0bb88"
"","","","","","","","__export__.product_pricelist_item_3972_fb4537b8"
"","","","","","","","__export__.product_pricelist_item_3559_ce27a45b"
"","","","","","","","__export__.product_pricelist_item_3558_1430e4c3"
"","","","","","","","__export__.product_pricelist_item_3557_fd70a61b"
"","","","","","","","__export__.product_pricelist_item_3556_0b125f89"
"","","","","","","","__export__.product_pricelist_item_3555_44d911e5"
"","","","","","","","__export__.product_pricelist_item_3543_3a90ea5d"
"","","","","","","","__export__.product_pricelist_item_3541_a8cf2674"
"","","","","","","","__export__.product_pricelist_item_3520_a7ae9839"
"","","","","","","","__export__.product_pricelist_item_3519_4a65e516"
"","","","","","","","__export__.product_pricelist_item_3518_6827a8d4"
"","","","","","","","__export__.product_pricelist_item_3517_1c524e3b"
"","","","","","","","__export__.product_pricelist_item_3438_54b7b737"
"","","","","","","","__export__.product_pricelist_item_3437_2b4ff12b"
"","","","","","","","__export__.product_pricelist_item_3435_9fd70657"
"","","","","","","","__export__.product_pricelist_item_3434_a0ed10a1"
"","","","","","","","__export__.product_pricelist_item_3416_7a394e5f"
"","","","","","","","__export__.product_pricelist_item_3294_eaf64e42"
"","","","","","","","__export__.product_pricelist_item_3291_e982490e"
"","","","","","","","__export__.product_pricelist_item_3274_54ca4c84"
"","","","","","","","__export__.product_pricelist_item_3151_aa3fd475"
"","","","","","","","__export__.product_pricelist_item_3150_6b804976"
"","","","","","","","__export__.product_pricelist_item_3148_0134c286"
"","","","","","","","__export__.product_pricelist_item_3147_782d7259"
"","","","","","","","__export__.product_pricelist_item_3146_9aee0da4"
"","","","","","","","__export__.product_pricelist_item_3138_e621b311"
"","","","","","","","__export__.product_pricelist_item_3137_fa501be1"
"","","","","","","","__export__.product_pricelist_item_3125_79e120fc"
"","","","","","","","__export__.product_pricelist_item_2975_d91cf0c1"
"","","","","","","","__export__.product_pricelist_item_2974_99540479"
"","","","","","","","__export__.product_pricelist_item_2823_4180fc13"
"","","","","","","","__export__.product_pricelist_item_2822_cb845d24"
"","","","","","","","__export__.product_pricelist_item_2810_30a22f4d"
"","","","","","","","__export__.product_pricelist_item_2809_c6cbda52"
"","","","","","","","__export__.product_pricelist_item_2808_f92aa5b9"
"","","","","","","","__export__.product_pricelist_item_2807_755dd827"
"","","","","","","","__export__.product_pricelist_item_2806_58441475"
"","","","","","","","__export__.product_pricelist_item_2805_6cb448a9"
"","","","","","","","__export__.product_pricelist_item_2804_e0f5c320"
"","","","","","","","__export__.product_pricelist_item_2792_14f79991"
"","","","","","","","__export__.product_pricelist_item_2676_918bc6f5"
"","","","","","","","__export__.product_pricelist_item_2675_13a5b4bc"
"","","","","","","","__export__.product_pricelist_item_2650_be1145f4"
"","","","","","","","__export__.product_pricelist_item_2638_f35a3f38"
"","","","","","","","__export__.product_pricelist_item_2637_af3e1880"
"","","","","","","","__export__.product_pricelist_item_2636_320c5913"
"","","","","","","","__export__.product_pricelist_item_2589_3a9dd25b"
"","","","","","","","__export__.product_pricelist_item_2566_5dad77b4"
"","","","","","","","__export__.product_pricelist_item_2564_bfc6d0de"
"","","","","","","","__export__.product_pricelist_item_2563_203e7562"
"","","","","","","","__export__.product_pricelist_item_2562_ba545014"
"","","","","","","","__export__.product_pricelist_item_2561_09856849"
"","","","","","","","__export__.product_pricelist_item_2560_6a0eb8ff"
"","","","","","","","__export__.product_pricelist_item_2559_2a52bf74"
"","","","","","","","__export__.product_pricelist_item_2558_3ad7ffe6"
"","","","","","","","__export__.product_pricelist_item_2557_8f7997cc"
"","","","","","","","__export__.product_pricelist_item_2556_041d13d9"
"","","","","","","","__export__.product_pricelist_item_2555_b90427e5"
"","","","","","","","__export__.product_pricelist_item_2554_baaa18bb"
"","","","","","","","__export__.product_pricelist_item_2553_6ca2dff5"
"","","","","","","","__export__.product_pricelist_item_2549_9be4c4fd"
"","","","","","","","__export__.product_pricelist_item_2548_bc960283"
"","","","","","","","__export__.product_pricelist_item_2547_a0277490"
"","","","","","","","__export__.product_pricelist_item_2458_0d9fe397"
"","","","","","","","__export__.product_pricelist_item_2421_4cf22e31"
"","","","","","","","__export__.product_pricelist_item_2405_43ad3e10"
"","","","","","","","__export__.product_pricelist_item_2404_a0be5930"
"","","","","","","","__export__.product_pricelist_item_2381_61548685"
"","","","","","","","__export__.product_pricelist_item_2380_f76786e5"
"","","","","","","","__export__.product_pricelist_item_2378_cb3d2636"
"","","","","","","","__export__.product_pricelist_item_2376_13472227"
"","","","","","","","__export__.product_pricelist_item_2372_6327378e"
"","","","","","","","__export__.product_pricelist_item_2371_29e73ca7"
"","","","","","","","__export__.product_pricelist_item_2363_02324c57"
"","","","","","","","__export__.product_pricelist_item_2362_00e046ef"
"","","","","","","","__export__.product_pricelist_item_2361_d7d437e7"
"","","","","","","","__export__.product_pricelist_item_2360_1001dab1"
"","","","","","","","__export__.product_pricelist_item_2359_fcb8d34d"
"","","","","","","","__export__.product_pricelist_item_2358_64cecd8f"
"","","","","","","","__export__.product_pricelist_item_2357_a816ab66"
"","","","","","","","__export__.product_pricelist_item_2356_1984c76b"
"","","","","","","","__export__.product_pricelist_item_2354_603e0055"
"","","","","","","","__export__.product_pricelist_item_2331_6bf33dc9"
"","","","","","","","__export__.product_pricelist_item_2330_74eb78e2"
"","","","","","","","__export__.product_pricelist_item_2279_230b8cc5"
"","","","","","","","__export__.product_pricelist_item_2278_d7561127"
"","","","","","","","__export__.product_pricelist_item_2273_40321868"
"","","","","","","","__export__.product_pricelist_item_2270_94b0f5b6"
"","","","","","","","__export__.product_pricelist_item_2255_ce2dea65"
"","","","","","","","__export__.product_pricelist_item_2254_8d306886"
"","","","","","","","__export__.product_pricelist_item_2236_973266c9"
"","","","","","","","__export__.product_pricelist_item_2234_b977e250"
"","","","","","","","__export__.product_pricelist_item_2231_95da75a4"
"","","","","","","","__export__.product_pricelist_item_2227_6227d474"
"","","","","","","","__export__.product_pricelist_item_2226_66b53ca0"
"","","","","","","","__export__.product_pricelist_item_2225_e4a6585a"
"","","","","","","","__export__.product_pricelist_item_2224_93f8ff2e"
"","","","","","","","__export__.product_pricelist_item_2223_6f2da649"
"","","","","","","","__export__.product_pricelist_item_2222_b9e2c9a6"
"","","","","","","","__export__.product_pricelist_item_2221_88bd1d6c"
"","","","","","","","__export__.product_pricelist_item_2219_cd45f733"
"","","","","","","","__export__.product_pricelist_item_2218_cb56434c"
"","","","","","","","__export__.product_pricelist_item_2217_c932ac00"
"","","","","","","","__export__.product_pricelist_item_2193_374786f7"
"","","","","","","","__export__.product_pricelist_item_1835_7a4e7fe5"
"","","","","","","","__export__.product_pricelist_item_1833_6ac115bc"
"","","","","","","","__export__.product_pricelist_item_1832_5902aad4"
"","","","","","","","__export__.product_pricelist_item_1831_4d7ee3e3"
"","","","","","","","__export__.product_pricelist_item_1830_7de5f5b9"
"","","","","","","","__export__.product_pricelist_item_1807_28338fc2"
"","","","","","","","__export__.product_pricelist_item_1806_240205df"
"","","","","","","","__export__.product_pricelist_item_1805_b39bdbdf"
"","","","","","","","__export__.product_pricelist_item_1798_64e2af29"
"","","","","","","","__export__.product_pricelist_item_1797_9fe2eb94"
"","","","","","","","__export__.product_pricelist_item_1796_415b62f0"
"","","","","","","","__export__.product_pricelist_item_1795_34b79968"
"","","","","","","","__export__.product_pricelist_item_1742_d11def9c"
"","","","","","","","__export__.product_pricelist_item_1741_a96e8d56"
"","","","","","","","__export__.product_pricelist_item_1740_3b174d1f"
"","","","","","","","__export__.product_pricelist_item_1739_94575aac"
"","","","","","","","__export__.product_pricelist_item_1737_f47062de"
"","","","","","","","__export__.product_pricelist_item_1709_cd2aced4"
"","","","","","","","__export__.product_pricelist_item_1708_b3aec227"
"","","","","","","","__export__.product_pricelist_item_1221_fda84f88"
"__export__.product_pricelist_162_9d3b1743","GINK&Chengdu","base.EUR","__export__.res_users_10_962e2fe2","2026-06-11 08:10:40","False","85","__export__.product_pricelist_item_7178_b59e170c"
"","","","","","","","__export__.product_pricelist_item_7184_02024d67"
"","","","","","","","__export__.product_pricelist_item_7183_c1789e93"
"","","","","","","","__export__.product_pricelist_item_7182_cd5be9f0"
"","","","","","","","__export__.product_pricelist_item_7181_fc43af46"
"","","","","","","","__export__.product_pricelist_item_7180_68c10b5c"
"","","","","","","","__export__.product_pricelist_item_7179_e9b90e2b"
"","","","","","","","__export__.product_pricelist_item_7177_f3b7caa3"
"","","","","","","","__export__.product_pricelist_item_7176_9a3b61f5"
"","","","","","","","__export__.product_pricelist_item_7174_971e4b2f"
"","","","","","","","__export__.product_pricelist_item_7173_11343d2d"
"__export__.product_pricelist_97_259b6e00","Yang Guofu Hot Spicy Dip","base.EUR","__export__.res_users_10_962e2fe2","2026-06-08 14:10:00","False","86","__export__.product_pricelist_item_6363_86665e2b"
"","","","","","","","__export__.product_pricelist_item_6364_a7eb7490"
"","","","","","","","__export__.product_pricelist_item_6365_a157bdae"
"","","","","","","","__export__.product_pricelist_item_6389_4d176131"
"","","","","","","","__export__.product_pricelist_item_5739_d132cb85"
"","","","","","","","__export__.product_pricelist_item_5535_ac1a2750"
"__export__.product_pricelist_93_7cee60b3","Lok Moon","base.EUR","__export__.res_users_10_962e2fe2","2026-05-25 13:05:07","False","87","__export__.product_pricelist_item_5905_d58ca8fa"
"","","","","","","","__export__.product_pricelist_item_5763_056c933a"
"","","","","","","","__export__.product_pricelist_item_5906_87c27700"
"","","","","","","","__export__.product_pricelist_item_5762_325c96f4"
"","","","","","","","__export__.product_pricelist_item_6307_923f3939"
"","","","","","","","__export__.product_pricelist_item_6149_bbb9e20c"
"","","","","","","","__export__.product_pricelist_item_5855_184f5960"
"","","","","","","","__export__.product_pricelist_item_5854_82110d93"
"","","","","","","","__export__.product_pricelist_item_5761_8bebc0c1"
"","","","","","","","__export__.product_pricelist_item_5748_a4842d4a"
"","","","","","","","__export__.product_pricelist_item_5494_42648f31"
"","","","","","","","__export__.product_pricelist_item_5493_47bbc2b7"
"","","","","","","","__export__.product_pricelist_item_5474_07a9fc07"
"","","","","","","","__export__.product_pricelist_item_5473_6c7d562b"
"","","","","","","","__export__.product_pricelist_item_5472_bf077e8f"
"","","","","","","","__export__.product_pricelist_item_5471_46a27174"
"__export__.product_pricelist_123_cc130f55","jia jia 超市cork","base.EUR","__export__.res_users_10_962e2fe2","2026-05-25 13:05:07","False","88","__export__.product_pricelist_item_6317_55f509b0"
"","","","","","","","__export__.product_pricelist_item_6316_dd413cf6"
"","","","","","","","__export__.product_pricelist_item_6315_0196d60a"
"","","","","","","","__export__.product_pricelist_item_6314_aed691b8"
"","","","","","","","__export__.product_pricelist_item_6313_b9a09030"
"","","","","","","","__export__.product_pricelist_item_6312_1f5557eb"
"","","","","","","","__export__.product_pricelist_item_6311_f7cc4cb7"
"","","","","","","","__export__.product_pricelist_item_6310_4ce24833"
"__export__.product_pricelist_105_60cd2301","DingDing","base.EUR","__export__.res_users_10_962e2fe2","2026-06-17 08:37:37","False","89","__export__.product_pricelist_item_6532_f5840228"
"","","","","","","","__export__.product_pricelist_item_5910_cfa20403"
"","","","","","","","__export__.product_pricelist_item_6404_8859c0c8"
"","","","","","","","__export__.product_pricelist_item_6308_c3d35085"
"","","","","","","","__export__.product_pricelist_item_6286_e81a17f3"
"","","","","","","","__export__.product_pricelist_item_6182_acac6f9c"
"","","","","","","","__export__.product_pricelist_item_6181_f6bc0595"
"","","","","","","","__export__.product_pricelist_item_5907_0d1466cc"
"","","","","","","","__export__.product_pricelist_item_5745_56823d5a"
"","","","","","","","__export__.product_pricelist_item_5742_25ced563"
"","","","","","","","__export__.product_pricelist_item_5740_c421efd7"
"","","","","","","","__export__.product_pricelist_item_7254_ed0a3135"
"","","","","","","","__export__.product_pricelist_item_7253_a819c24e"
"","","","","","","","__export__.product_pricelist_item_6403_d6c3f7d2"
"","","","","","","","__export__.product_pricelist_item_6285_67212607"
"","","","","","","","__export__.product_pricelist_item_5909_7ef8c9f3"
"","","","","","","","__export__.product_pricelist_item_5908_cc303ef5"
"","","","","","","","__export__.product_pricelist_item_5746_390bd29c"
"","","","","","","","__export__.product_pricelist_item_5743_0a3bebe9"
"","","","","","","","__export__.product_pricelist_item_5741_1254dc9a"
"","","","","","","","__export__.product_pricelist_item_6393_7cf78c1a"
"","","","","","","","__export__.product_pricelist_item_6225_26806a1d"
"","","","","","","","__export__.product_pricelist_item_6184_2d5ad95f"
"","","","","","","","__export__.product_pricelist_item_6183_a6e24d24"
"","","","","","","","__export__.product_pricelist_item_5744_bee4a1ce"
"__export__.product_pricelist_131_3913e896","golden beach金海湾","base.EUR","__export__.res_users_10_962e2fe2","2026-05-25 13:05:07","False","90","__export__.product_pricelist_item_6402_90cbd688"
"","","","","","","","__export__.product_pricelist_item_6438_062a740a"
"","","","","","","","__export__.product_pricelist_item_6401_d2e6b404"
"","","","","","","","__export__.product_pricelist_item_6399_e5b36381"
"","","","","","","","__export__.product_pricelist_item_6385_3449412c"
"","","","","","","","__export__.product_pricelist_item_6439_eaff75fa"
"","","","","","","","__export__.product_pricelist_item_6400_10bc71d4"
"","","","","","","","__export__.product_pricelist_item_6398_632d09fb"
"","","","","","","","__export__.product_pricelist_item_6386_345cf37d"
"","","","","","","","__export__.product_pricelist_item_6511_02a260c3"
"","","","","","","","__export__.product_pricelist_item_6384_99fb6f53"
"__export__.product_pricelist_118_de6ef955","Lee Kee","base.EUR","__export__.res_users_10_962e2fe2","2026-05-25 13:05:07","False","91","__export__.product_pricelist_item_6178_5b63d7d1"
"","","","","","","","__export__.product_pricelist_item_6488_62d9e431"
"","","","","","","","__export__.product_pricelist_item_6180_ba67219c"
"","","","","","","","__export__.product_pricelist_item_6179_0ebbe989"
"","","","","","","","__export__.product_pricelist_item_6177_38f05724"
"","","","","","","","__export__.product_pricelist_item_6176_a0de2e8b"
"","","","","","","","__export__.product_pricelist_item_6175_902aecae"
"","","","","","","","__export__.product_pricelist_item_6174_e55a5e83"
"","","","","","","","__export__.product_pricelist_item_6173_7d4fe93d"
"","","","","","","","__export__.product_pricelist_item_6172_97ea9e19"
"","","","","","","","__export__.product_pricelist_item_6171_2f658629"
"","","","","","","","__export__.product_pricelist_item_6170_f9b3312e"
"","","","","","","","__export__.product_pricelist_item_6169_562f3731"
"","","","","","","","__export__.product_pricelist_item_6168_abf5a4cb"
"","","","","","","","__export__.product_pricelist_item_6167_e20fb21f"
"","","","","","","","__export__.product_pricelist_item_6166_d21af827"
"","","","","","","","__export__.product_pricelist_item_6165_2b7add55"
"","","","","","","","__export__.product_pricelist_item_6164_0a4af640"
"","","","","","","","__export__.product_pricelist_item_6163_418cd351"
"","","","","","","","__export__.product_pricelist_item_6162_13b6913c"
"","","","","","","","__export__.product_pricelist_item_6147_3a2a361f"
"","","","","","","","__export__.product_pricelist_item_6146_e28f225f"
"","","","","","","","__export__.product_pricelist_item_6145_f1041240"
"","","","","","","","__export__.product_pricelist_item_6144_2266930c"
"","","","","","","","__export__.product_pricelist_item_6143_2c101a35"
"","","","","","","","__export__.product_pricelist_item_6141_69244167"
"__export__.product_pricelist_125_c7c2d5d0","Oriental Emporium-D6","base.EUR","__export__.res_users_10_962e2fe2","2026-05-25 13:05:07","False","92","__export__.product_pricelist_item_6326_b86a4756"
"","","","","","","","__export__.product_pricelist_item_6325_d41dd80d"
"","","","","","","","__export__.product_pricelist_item_6324_56ab9a8a"
"","","","","","","","__export__.product_pricelist_item_6322_7c842127"
"__export__.product_pricelist_133_1cce5086","Chuan Jin Lin Supermarket","base.EUR","__export__.res_users_10_962e2fe2","2026-05-25 13:05:07","False","93","__export__.product_pricelist_item_6397_8889c2bf"
"","","","","","","","__export__.product_pricelist_item_6396_5d39e29e"
"","","","","","","","__export__.product_pricelist_item_6395_627f44e4"
"","","","","","","","__export__.product_pricelist_item_6394_d3577f7a"
