"External ID","Display Name","City","Created by","Created on","Notes","Price Type","Pricelist","Street"
"__export__.res_partner_691_be6d1e03","818 Cake Studio D13","dublin 13","base.user_admin","2021-05-29 14:47:43","","Multi Price","product.list0","8 Moyclare road"
"__export__.res_partner_692_5b156858","A&D De Rubeis Ltd T/A Roxy takeaway Swords","dublin","base.user_admin","2021-05-29 14:47:43","","Default Price","__export__.product_pricelist_44_2530682a","75, main street swords"
"__export__.res_partner_2398_0a098c06","ABC Restaurant Ltd","","__export__.res_users_14_42108d61","2025-06-11 15:01:33","","Default Price","__export__.product_pricelist_44_2530682a","17 Capel street"
"__export__.res_partner_2174_1da73cb7","AC Clonmel","","__export__.res_users_18_297f6f55","2024-06-14 13:14:00","","Multi Price","__export__.product_pricelist_51_1b1fa6e3",""
"__export__.res_partner_2117_e0ef75ce","ACL D15","","__export__.res_users_10_962e2fe2","2024-06-11 11:39:21","","Multi Price","__export__.product_pricelist_42_7be6d488",""
"__export__.res_partner_2104_6700d1e8","ACR Dún Laoghaire","","__export__.res_users_10_962e2fe2","2024-06-11 11:25:31","","Multi Price","__export__.product_pricelist_37_8547d8cd",""
"__export__.res_partner_2136_c060bffb","AD Leixlip","","__export__.res_users_10_962e2fe2","2024-06-11 17:12:13","","Multi Price","__export__.product_pricelist_89_fedc9957",""
"__export__.res_partner_2131_ca622633","AE D5","","__export__.res_users_10_962e2fe2","2024-06-11 12:51:27","","Multi Price","__export__.product_pricelist_44_2530682a",""
"__export__.res_partner_2541_f274938d","AGROFRESH","","__export__.res_users_27_ccf3d93e","2026-04-23 13:17:42","","Default Price","",""
"__export__.res_partner_2027_0b9161de","AH D1","","__export__.res_users_10_962e2fe2","2024-04-05 11:54:13","","Multi Price","__export__.product_pricelist_44_2530682a",""
"__export__.res_partner_2113_7641b64b","AI D2","","__export__.res_users_10_962e2fe2","2024-06-11 11:35:33","","Default Price","__export__.product_pricelist_55_e2af9163",""
"__export__.res_partner_2172_d0f3d7f7","AKU Mullingar","","__export__.res_users_18_297f6f55","2024-06-14 11:52:11","","Multi Price","__export__.product_pricelist_44_2530682a",""
"__export__.res_partner_2184_5f33cc92","AKY Portlaoise","","__export__.res_users_18_297f6f55","2024-06-14 17:21:17","","Multi Price","__export__.product_pricelist_89_fedc9957",""
"__export__.res_partner_1556_1ee6798a","APP EDENFERRY","","base.user_admin","2022-02-23 15:56:58","","Multi Price","__export__.product_pricelist_44_2530682a",""
"__export__.res_partner_2196_40e93a6f","AS&G","","__export__.res_users_10_962e2fe2","2024-06-21 09:20:47","","Multi Price","__export__.product_pricelist_44_2530682a",""
"__export__.res_partner_2167_cd85528f","ATM JP Dundalk","","__export__.res_users_18_297f6f55","2024-06-14 11:14:07","","Multi Price","__export__.product_pricelist_89_fedc9957",""
"__export__.res_partner_2365_00581175","AY mullingar","","__export__.res_users_14_42108d61","2025-05-05 10:49:37","","Default Price","product.list0",""
"__export__.res_partner_2087_b0d7e8dc","Aa Stillorgan","","__export__.res_users_10_962e2fe2","2024-06-10 14:10:41","","Multi Price","__export__.product_pricelist_44_2530682a",""
"__export__.res_partner_2325_e0ebe52e","Achara","Dublin","__export__.res_users_10_962e2fe2","2025-03-13 10:59:46","","Multi Price","__export__.product_pricelist_35_a4a5fea4","14-18, Aston Quay, Temple Bar, Dublin,"
"base.partner_admin","Administrator","","base.user_root","2021-01-26 21:02:24","","Default Price","product.list0",""
"__export__.res_partner_1869_c2b3c1c3","Afanti Restaurant D1","Dublin 1","__export__.res_users_8_fb87432d","2023-05-08 08:26:26","'+353 (83)1701077Back door Code:5801","Multi Price","__export__.product_pricelist_44_2530682a","3A cavendish Row"
"__export__.res_partner_1983_35e4d1fc","Agrover","","__export__.res_users_22_942f71e3","2023-12-21 17:23:18","","Default Price","product.list0","via M"
"__export__.res_partner_1996_02dfe9a1","Akayu Mullingar","","__export__.res_users_10_962e2fe2","2024-01-31 08:37:40","","Multi Price","__export__.product_pricelist_44_2530682a","1 Grove St, Mullingar,"
"__export__.res_partner_683_122aef26","Akayu-Portlaoise","Portlaoise","base.user_admin","2021-05-29 14:47:43","","Multi Price","__export__.product_pricelist_89_fedc9957","37 main street"
"__export__.res_partner_2421_5ad3698c","Aky Mullingar","","__export__.res_users_14_42108d61","2025-07-15 17:07:54","","Multi Price","__export__.product_pricelist_89_fedc9957",""
"__export__.res_partner_694_169613ff","Alannadale","Leixlip","base.user_admin","2021-05-29 14:47:43","鑫蘭阁","Multi Price","__export__.product_pricelist_89_fedc9957","St Mary's building , main st"
"__export__.res_partner_1838_9a673e84","Albatross Catering Ltd D15","","__export__.res_users_14_42108d61","2023-03-22 23:29:32","","Multi Price","__export__.product_pricelist_42_7be6d488","Unit 452A Blanchardstown Shopping Centre"
"__export__.res_partner_1824_131f6d0e","Aldi stores","","__export__.res_users_14_42108d61","2023-03-03 10:30:13","","Multi Price","product.list0","Finglas"
"__export__.res_partner_1697_f52d0610","Allegro LTD","Dublin","__export__.res_users_18_297f6f55","2022-07-04 15:58:03","","Multi Price","product.list0","2nd Floor Unit 3, Nexus building"
"__export__.res_partner_2060_22451fee","Alta Native S.L","","__export__.res_users_22_942f71e3","2024-05-08 12:19:18","","Default Price","product.list0",""
"__export__.res_partner_1945_90a23439","Amber Court Chinese Restaurant","","__export__.res_users_7_ace94875","2023-10-02 11:47:19","","Multi Price","__export__.product_pricelist_89_fedc9957","30 Dominick St, Mullingar, Co. Westmeath, N91 RTX6"
"__export__.res_partner_1681_75006184","Amber Grill Takeaway","Dublin","__export__.res_users_9_d71ce4f4","2022-06-03 10:39:57","","Multi Price","product.list0","451 S Circular Rd"
"__export__.res_partner_1648_dcbb82fe","Amerta Chinese Restaurant","Co.Dublin","__export__.res_users_7_ace94875","2022-05-02 08:18:03","","Multi Price","__export__.product_pricelist_37_8547d8cd","1 Clifton Ave, Monkstown,"
"__export__.res_partner_2215_b0e8fa74","Anabees Cafe & Bistro","","__export__.res_users_14_42108d61","2024-08-01 13:53:21","","Default Price","product.list0","Watermint Court, Lock-Keepers Walk,"
"__export__.res_partner_695_14f077aa","Andrew'S-Kilcoole","Kilcoole","base.user_admin","2021-05-29 14:47:43","发吉","Multi Price","__export__.product_pricelist_89_fedc9957","main st"
"__export__.res_partner_1954_ca183555","Angie's Kitchen LucanXiaohui Weng","Lucan","__export__.res_users_7_ace94875","2023-10-10 10:51:07","","Multi Price","__export__.product_pricelist_51_1b1fa6e3","esker house"
"__export__.res_partner_696_930a1ccb","Ann House D1","Dublin 1","base.user_admin","2021-05-29 14:47:43","","Multi Price","__export__.product_pricelist_44_2530682a","67 middle Abby ST. "
"__export__.res_partner_697_6a0df6a3","Annadale Cottage Lucan","lucan","base.user_admin","2021-05-29 14:47:43","","Multi Price","product.list0","Leixlip road"
"__export__.res_partner_698_658afd4d","Antonios Takeaway","D3","base.user_admin","2021-05-29 14:47:43","fish chip","Multi Price","product.list0","61a ballybough road"
"__export__.res_partner_699_d930a679","Aobaba","D1","base.user_admin","2021-05-29 14:47:43","VN","Multi Price","product.list0","46A Capel ST"
"__export__.res_partner_700_599f2461","Aoki","Dublin 2","base.user_admin","2021-05-29 14:47:43","","Multi Price","product.list0","Unit 4, Richmond View ,"
"__export__.res_partner_701_130ac044","Aoshima Sushi & Grill","Stilorgan","base.user_admin","2021-05-29 14:47:43","japanese","Multi Price","__export__.product_pricelist_44_2530682a","3 Lower kilmacud Road,"
"__export__.res_partner_2567_6c804877","Apache Pizza & Peking Ashbourne","Co. Meath","__export__.res_users_10_962e2fe2","2026-06-03 14:10:14","2点之后有人","Multi Price","__export__.product_pricelist_44_2530682a","Frederick House, Frederick St, Killegland"
"__export__.res_partner_1555_a56443ac","Apache Pizza & Peking Offaly","Offaly","base.user_admin","2022-02-23 15:56:58","","Multi Price","__export__.product_pricelist_44_2530682a","20-21 JKL St"
"__export__.res_partner_2259_982a2137","Arirang Asia Market Limited","Cork City","__export__.res_users_22_942f71e3","2024-11-21 13:11:18","","Multi Price","__export__.product_pricelist_51_1b1fa6e3","26 Paul Street"
"__export__.res_partner_2364_24378e58","Arisu Korea Food LTD. Belfast","Belfast","__export__.res_users_8_fb87432d","2025-05-04 23:30:19","","Last Price","product.list0","43 Botanic Ave,"
"__export__.res_partner_702_52a425d1","Arisu capel","D1","base.user_admin","2021-05-29 14:47:43","korean","Default Price","__export__.product_pricelist_35_a4a5fea4","120 Capel ST. D1"
"__export__.res_partner_1424_7c17c3fa","Army Bargains","Dublin 7","base.user_admin","2021-10-28 21:58:13","","Multi Price","product.list0","29/30 Little Mary ST."
"__export__.res_partner_703_689677ed","Aroma","Stillorgan","base.user_admin","2021-05-29 14:47:43","鑫港","Default Price","__export__.product_pricelist_74_8ceded1a","72 St Laurence's Park"
"__export__.res_partner_1904_f96354f5","Aromance catering Ltd","co. Kildare","__export__.res_users_10_962e2fe2","2023-07-28 10:06:10","","Multi Price","__export__.product_pricelist_44_2530682a","Unit 3 shalom house Charlotte st"
"__export__.res_partner_704_e43cdf12","Asahi","DUblin 2","base.user_admin","2021-05-29 14:47:43","sushi","Default Price","__export__.product_pricelist_55_e2af9163","33 Charlemont ST"
"__export__.res_partner_2438_0e236029","Ashbourne","","__export__.res_users_14_42108d61","2025-08-21 21:27:54","","Default Price","product.list0",""
"__export__.res_partner_1972_188bc18f","Asia Express Food","","__export__.res_users_22_942f71e3","2023-11-10 11:29:42","","Multi Price","product.list0","Kilbystraat 1"
"__export__.res_partner_2362_c988141a","Asia Market D12","","__export__.res_users_14_42108d61","2025-04-25 08:39:25","","Multi Price","__export__.product_pricelist_35_a4a5fea4","Merrywell Business Park,"
"__export__.res_partner_1426_a3831811","Asia Market-Ouli","","base.user_admin","2021-10-28 21:58:13","","Last Price","__export__.product_pricelist_52_1734c1a9",""
"__export__.res_partner_2235_3f5fb721","Asia Market-Weng","","__export__.res_users_10_962e2fe2","2024-10-08 16:00:13","","Default Price","product.list0",""
"__export__.res_partner_706_d6e518d6","Asian Artisan Food Ltd","Dublin 1","base.user_admin","2021-05-29 14:47:43","","Multi Price","__export__.product_pricelist_44_2530682a","Unit B Liffey Trust Centre"
"__export__.res_partner_1777_fc02ee70","Asian Corner","","__export__.res_users_10_962e2fe2","2022-12-04 18:49:03","","Multi Price","__export__.product_pricelist_51_1b1fa6e3","Mary St"
"__export__.res_partner_707_b92d9a31","Asian Express-D5","KILBARRACK D5","base.user_admin","2021-05-29 14:47:43","D5","Multi Price","__export__.product_pricelist_44_2530682a","UNIT 2 KISH HOUSE"
"__export__.res_partner_708_02f3ae7b","Asian Express-Kildare (COD)","Co. kildare","base.user_admin","2021-05-29 14:47:43","","Multi Price","product.list0","weavers court"
"__export__.res_partner_1971_412215b4","Asian Food Group","","__export__.res_users_10_962e2fe2","2023-11-10 11:13:52","","Multi Price","product.list0",""
"__export__.res_partner_711_ccaf00b7","Asian Street Food","STILLOGAN","base.user_admin","2021-05-29 14:47:43","Asian street food","Multi Price","product.list0","12 THE HILL"
"__export__.res_partner_712_7c717373","Asian Supplier(COD)","Dundalk","base.user_admin","2021-05-29 14:47:43","","Multi Price","product.list0"," The Long Walk, Townparks, "
"__export__.res_partner_713_1c248b44","Asian Wok","Portarlington","base.user_admin","2021-05-29 14:47:43","","Multi Price","product.list0","Market Square"
"__export__.res_partner_2237_a8825dd6","Asiatic Manila","","__export__.res_users_14_42108d61","2024-10-10 12:27:27","","Multi Price","__export__.product_pricelist_51_1b1fa6e3","50 Abbeygate Street Upper"
"__export__.res_partner_714_6e0d102d","Atami Japanese Restaurant Dundalk","dundalk","base.user_admin","2021-05-29 14:47:43","","Multi Price","__export__.product_pricelist_89_fedc9957","19 park st"
"__export__.res_partner_2149_a964da46","B&B Santry","","__export__.res_users_10_962e2fe2","2024-06-12 11:50:35","","Multi Price","__export__.product_pricelist_38_899fff97",""
"__export__.res_partner_1856_6862a45b","B&J Grocery Ltd","","__export__.res_users_14_42108d61","2023-04-08 11:14:52","","Multi Price","product.list0","cork street"
"__export__.res_partner_715_5b81c848","B.G.L Foods Limited","D3","base.user_admin","2021-05-29 14:47:43","fairview","Multi Price","__export__.product_pricelist_44_2530682a","281 richmond rd"
"__export__.res_partner_1902_ccd0273d","BEN's Kitchen","mullingar","__export__.res_users_8_fb87432d","2023-07-25 21:31:42","","Multi Price","__export__.product_pricelist_89_fedc9957","50 austin friars Street"
"__export__.res_partner_2102_9558a6dd","BH Skerries","","__export__.res_users_10_962e2fe2","2024-06-11 11:11:46","","Multi Price","__export__.product_pricelist_89_fedc9957",""
"__export__.res_partner_2441_2e21c209","BI Kimmage","","__export__.res_users_22_942f71e3","2025-08-29 07:54:40","","Default Price","__export__.product_pricelist_74_8ceded1a",""
"__export__.res_partner_2228_e4467f65","BML Food Group Holland BV","","__export__.res_users_14_42108d61","2024-09-05 09:05:46","","Default Price","product.list0","Toussaintkade 50a"
"__export__.res_partner_2140_cafbf7b7","BP Coolock","","__export__.res_users_10_962e2fe2","2024-06-12 11:32:02","","Multi Price","__export__.product_pricelist_58_a63c1124",""
"__export__.res_partner_2028_9fa04bc8","BT Ashbourne","","__export__.res_users_10_962e2fe2","2024-04-05 11:55:58","","Multi Price","__export__.product_pricelist_44_2530682a",""
"__export__.res_partner_2346_4694c90f","Badosa Fruits S.L","","__export__.res_users_22_942f71e3","2025-04-12 10:06:49","","Default Price","product.list0",""
"__export__.res_partner_716_2c55a1fc","Bai Jies Green Veg Ltd","","base.user_admin","2021-05-29 14:47:43","白姐","Multi Price","product.list0",""
"__export__.res_partner_1427_f183a802","Bai Jies Green Veg Ltd","","base.user_admin","2021-10-28 21:58:13","白姐","Multi Price","product.list0",""
"__export__.res_partner_2420_bdfbdeea","Ballinode Sea Foods Ltd","","__export__.res_users_14_42108d61","2025-07-15 15:20:47","","Multi Price","__export__.product_pricelist_89_fedc9957","Killygrallan, Ballinode,"
"__export__.res_partner_1872_5041beb9","BangBang asian street food","","__export__.res_users_8_fb87432d","2023-05-09 14:30:58","","Multi Price","product.list0","72 narrow West ST."
"__export__.res_partner_2425_300dec84","Bao Wei Xuan","","__export__.res_users_22_942f71e3","2025-07-22 15:25:05","","Default Price","__export__.product_pricelist_35_a4a5fea4","180 Parnell Street"
"__export__.res_partner_2306_663c079e","Barri Germans S.L.","","__export__.res_users_22_942f71e3","2025-03-03 13:14:10","","Default Price","product.list0",""
"__export__.res_partner_2379_8273c6cc","Bashu","","__export__.res_users_14_42108d61","2025-05-15 23:22:09","","Multi Price","product.list0",""
"__export__.res_partner_717_0d711fa3","Beach View","Laytown R150","base.user_admin","2021-05-29 14:47:43","C.O.D","Multi Price","product.list0","strand road"
"__export__.res_partner_2055_712cc0e8","Beagley Copperman","","__export__.res_users_22_942f71e3","2024-04-29 16:21:33","","Default Price","product.list0","Beagley Copperman"
"__export__.res_partner_718_eef01ed3","Begley Bros","market","base.user_admin","2021-05-29 14:47:43","begley","Multi Price","product.list0","market"
"__export__.res_partner_719_43c1d2d8","Begleys","","base.user_admin","2021-05-29 14:47:43","","Multi Price","product.list0",""
"__export__.res_partner_1428_d837928c","Begleys","","base.user_admin","2021-10-28 21:58:13","","Multi Price","product.list0",""
"__export__.res_partner_720_95666fe8","Bell Pepper-Coolock","D5","base.user_admin","2021-05-29 14:47:43","","Default Price","__export__.product_pricelist_44_2530682a","3,5 malahide RD"
"__export__.res_partner_721_97520069","Bell Pepper-Kimmage","kimmage","base.user_admin","2021-05-29 14:47:43","","Multi Price","__export__.product_pricelist_58_a63c1124","183  road lower"
"__export__.res_partner_722_a1e752a4","Bennys bray","Bray","base.user_admin","2021-05-29 14:47:43","bray","Default Price","__export__.product_pricelist_44_2530682a","UNIT 18 Castle ST."
"__export__.res_partner_723_b6aff6bf","Best","Ashbourne","base.user_admin","2021-05-29 14:47:43","","Multi Price","__export__.product_pricelist_44_2530682a","6 main street "
"__export__.res_partner_724_5c27bc4f","Bhansa Ghar Resturant","Cabinteely , D18","base.user_admin","2021-05-29 14:47:43","C.O.D","Multi Price","product.list0","1,Saint Gabriel's Court,"
"__export__.res_partner_2426_d9b4bbdb","Bia Inn Noodle Box D12","","__export__.res_users_7_ace94875","2025-07-24 22:39:12","","Default Price","product.list0","112 Sundrive Rd, Kimmage, Dublin 12, D12 X820"
"__export__.res_partner_725_23f27d2e","Bjp Abbeyleix","m7","base.user_admin","2021-05-29 14:47:43","","Default Price","__export__.product_pricelist_98_2659323d","m7"
"__export__.res_partner_726_55339f90","Blue Elephant","Clonsilla","base.user_admin","2021-05-29 14:47:43","","Multi Price","__export__.product_pricelist_44_2530682a","Weaver's Row, 1"
"__export__.res_partner_2378_64bbb2f4","Blue River Product Limited","","__export__.res_users_22_942f71e3","2025-05-15 16:12:30","","Default Price","product.list0",""
"__export__.res_partner_1695_227a6c61","Boba Bar D1","dublin 1","__export__.res_users_9_d71ce4f4","2022-06-27 07:53:39","","Multi Price","__export__.product_pricelist_35_a4a5fea4","139"
"__export__.res_partner_727_c45abc6a","Bobos Burgers-Abbey","D1","base.user_admin","2021-05-29 14:47:43","","Multi Price","product.list0","74 abbey st"
"__export__.res_partner_728_2e8ca052","Bobos Burgers-Dame","Dame ST.","base.user_admin","2021-05-29 14:47:43","","Multi Price","__export__.product_pricelist_35_a4a5fea4","Dame ST."
"__export__.res_partner_1821_910b0076","Bobos Burgers-Rathmines","","__export__.res_users_14_42108d61","2023-02-23 16:09:34","","Multi Price","__export__.product_pricelist_35_a4a5fea4","286 Rathmines Road Lower"
"__export__.res_partner_729_433b8e0a","Bobos Burgers-Wexford","D2","base.user_admin","2021-05-29 14:47:43","","Multi Price","__export__.product_pricelist_35_a4a5fea4","22 wexford ST"
"__export__.res_partner_1771_70fe8754","Bombay Bistro","","__export__.res_users_9_d71ce4f4","2022-11-14 08:41:05","","Multi Price","__export__.product_pricelist_44_2530682a","7 dublin street"
"__export__.res_partner_730_de8ebe6c","Bombay Copper Spice"," Navan","base.user_admin","2021-05-29 14:47:43","","Multi Price","product.list0","18 Ludlow St, Dillonsland,"
"__export__.res_partner_1976_5d7b364d","Borza Sandyford","Dublin","__export__.res_users_22_942f71e3","2023-11-30 12:10:11","","Multi Price","__export__.product_pricelist_44_2530682a","6 the village Ennikskerry road"
"__export__.res_partner_1750_ab07de6e","Bowl Bowl Bee","","__export__.res_users_9_d71ce4f4","2022-08-18 15:59:22","","Multi Price","__export__.product_pricelist_35_a4a5fea4","Kitchen 4"
"__export__.res_partner_2284_31e994c9","Box 55","","__export__.res_users_14_42108d61","2025-02-12 08:32:35","","Default Price","product.list0","6, Kilmore,"
"__export__.res_partner_732_02a744cf","Brilliant Castle Ltd Jade Palace","Abbeyleix","base.user_admin","2021-05-29 14:47:43","翡翠宫","Default Price","__export__.product_pricelist_98_2659323d","main street"
"__export__.res_partner_733_7f04a2b5","Brilliant Royal Asian Rest","Mountrath","base.user_admin","2021-05-29 14:47:43","辉煌朝","Default Price","__export__.product_pricelist_39_f0d834bf","6 Shannon Street"
"__export__.res_partner_734_e8513f94","Brother Dosirak","Dublin 1","base.user_admin","2021-05-29 14:47:43","C.O.D","Multi Price","product.list0","27 Capel st"
"__export__.res_partner_735_2cfc97b5","Bu-Ali Tandoori","D8","base.user_admin","2021-05-29 14:47:43","indian","Multi Price","product.list0","28 Lr. Clanbrassil ST"
"__export__.res_partner_1780_627c8004","Bun and Bowl Santry","","__export__.res_users_7_ace94875","2022-12-14 08:13:22","LINKEE 3","Multi Price","__export__.product_pricelist_38_899fff97","2A Swords road "
"__export__.res_partner_2466_86473cec","C & LUM LTD Tallaght","tallaght dublin 24","__export__.res_users_22_942f71e3","2025-10-16 08:33:51","","Default Price","__export__.product_pricelist_44_2530682a","Unit 9 Tuansgate"
"__export__.res_partner_737_13829bbd","C&N Meats","Dublin 8","base.user_admin","2021-05-29 14:47:43","","Multi Price","product.list0","8 meath st."
"__export__.res_partner_1846_53c72dc8","CAF Trading Company Limited","Dublin 10","__export__.res_users_8_fb87432d","2023-03-28 19:18:44","","Default Price","__export__.product_pricelist_165_e190757a","Cherry Orchard Industrial Estate, Unit 13"
"__export__.res_partner_2394_8a5126cc","CASH WC","Dublin","__export__.res_users_10_962e2fe2","2025-06-08 20:50:02","","Multi Price","__export__.product_pricelist_74_8ceded1a","66 Dorset Street Upper,"
"__export__.res_partner_2566_0a567560","CC Asian Delights","","__export__.res_users_30_f31202ea","2026-06-02 21:42:01","","Default Price","__export__.product_pricelist_35_a4a5fea4","Unit 1, Old Post Office, O'Connor Square, Tullamore,"
"__export__.res_partner_1776_2f479102","CCT Cash","Dublin 7","__export__.res_users_10_962e2fe2","2022-12-02 10:40:26","","Multi Price","__export__.product_pricelist_44_2530682a",""
"__export__.res_partner_736_3bf46d4d","CD DUNLEER","","base.user_admin","2021-05-29 14:47:43","","Multi Price","__export__.product_pricelist_89_fedc9957",""
"__export__.res_partner_2320_8631160b","CENTRAL DICA","Barcelona","__export__.res_users_22_942f71e3","2025-03-11 09:12:20","","Default Price","product.list0",""
"__export__.res_partner_2409_9d30ae57","CH Clodakin","","__export__.res_users_22_942f71e3","2025-06-27 08:12:00","","Default Price","__export__.product_pricelist_107_2ced0f3d",""
"__export__.res_partner_757_61df41ce","CH1","coolmine","base.user_admin","2021-05-29 14:47:43","","Multi Price","product.list0",""
"__export__.res_partner_758_7e25d43d","CH2","ongar","base.user_admin","2021-05-29 14:47:43","","Multi Price","product.list0",""
"__export__.res_partner_766_97fcda57","CHAOQUN","DUBLIN 9","base.user_admin","2021-05-29 14:47:43","","Multi Price","__export__.product_pricelist_44_2530682a",""
"__export__.res_partner_767_f5b208ca","CHAOQUN D12","DUBLIN 12","base.user_admin","2021-05-29 14:47:43","","Multi Price","__export__.product_pricelist_44_2530682a",""
"__export__.res_partner_771_7f6f27a2","CHEN","D6","base.user_admin","2021-05-29 14:47:43","","Multi Price","product.list0",""
"__export__.res_partner_2328_1ea2d044","CHINESE GOSPEL CHURCH OF IRELAND","","__export__.res_users_10_962e2fe2","2025-03-19 08:40:58","","Multi Price","__export__.product_pricelist_44_2530682a",""
"__export__.res_partner_788_5547fb40","CHU JIA YU","M7","base.user_admin","2021-05-29 14:47:43","","Multi Price","product.list0",""
"__export__.res_partner_1909_70d8744f","CHU ongar","","__export__.res_users_8_fb87432d","2023-08-16 23:57:43","","Multi Price","product.list0",""
"__export__.res_partner_1910_c6e5d75a","CHU tyrrelstown","","__export__.res_users_8_fb87432d","2023-08-16 23:58:18","","Multi Price","product.list0",""
"__export__.res_partner_791_5ef53010","CHUN","","base.user_admin","2021-05-29 14:47:43","","Multi Price","__export__.product_pricelist_44_2530682a",""
"__export__.res_partner_792_deff0393","CIA Food Limited","dublin","base.user_admin","2021-05-29 14:47:43","","Multi Price","product.list0","275 Glasnevin Ave"
"__export__.res_partner_2377_4aff4263","CJCM CASH","","__export__.res_users_22_942f71e3","2025-05-15 08:19:59","","Default Price","product.list0",""
"__export__.res_partner_2231_fb06ad4b","CJCM INVESTMENT LTD","","__export__.res_users_10_962e2fe2","2024-09-19 11:58:32","","Multi Price","__export__.product_pricelist_44_2530682a","74 Ashtown village, 15 Rathborne Dr"
"__export__.res_partner_793_bd3c49eb","CL Longshine LTD","Dundalk","base.user_admin","2021-05-29 14:47:43","","Multi Price","product.list0","9 Eimear Court, "
"__export__.res_partner_795_959543d5","CLG Food Limited","","base.user_admin","2021-05-29 14:47:43","fairview","Multi Price","product.list0",""
"__export__.res_partner_2341_302553c2","CMR Fruits S.A.","","__export__.res_users_22_942f71e3","2025-04-03 12:24:48","","Default Price","product.list0",""
"__export__.res_partner_1622_931c58ed","CN DUCK-D6","D06 P9W8","__export__.res_users_7_ace94875","2022-04-23 14:29:19","","Multi Price","product.list0","12 Ranelagh"
"__export__.res_partner_2286_e546c5d0","CO Longford","","__export__.res_users_14_42108d61","2025-02-12 12:25:01","","Default Price","__export__.product_pricelist_154_977b6583",""
"__export__.res_partner_2356_9a5a68be","CR Tullamore","","__export__.res_users_14_42108d61","2025-04-21 18:06:01","","Default Price","__export__.product_pricelist_39_f0d834bf",""
"__export__.res_partner_2072_d03bc902","CS Bettystown","","__export__.res_users_10_962e2fe2","2024-06-10 12:42:23","","Multi Price","__export__.product_pricelist_89_fedc9957",""
"__export__.res_partner_802_674f6a37","CS D9","","base.user_admin","2021-05-29 14:47:43","","Multi Price","__export__.product_pricelist_44_2530682a",""
"__export__.res_partner_2154_2de71b3f","CT Ballybay","","__export__.res_users_10_962e2fe2","2024-06-12 12:20:13","","Multi Price","__export__.product_pricelist_89_fedc9957",""
"__export__.res_partner_2177_bfc2c8bc","CT Castlebellingham","","__export__.res_users_18_297f6f55","2024-06-14 13:25:47","","Multi Price","__export__.product_pricelist_89_fedc9957",""
"__export__.res_partner_2166_00d167c3","CY Celbridge","","__export__.res_users_18_297f6f55","2024-06-14 11:12:24","","Multi Price","__export__.product_pricelist_44_2530682a",""
"__export__.res_partner_739_8a94fb35","Camseng International Food Ltd","Blanchardstown","base.user_admin","2021-05-29 14:47:43","锦成行","Multi Price","product.list0","Blanchardstown"
"__export__.res_partner_740_7e908ce0","Canton House","dublin 22","base.user_admin","2021-05-29 14:47:43","广东楼","Multi Price","__export__.product_pricelist_107_2ced0f3d","unit 7, greenpark shopping centre"
"__export__.res_partner_1659_79eeabb8","Canton Regent-tullamore","Tullamore","__export__.res_users_8_fb87432d","2022-05-13 13:44:06","","Multi Price","__export__.product_pricelist_99_439fc869","Grand Canal House"
"__export__.res_partner_743_530f71ec","Carnivil Asia Store","limerick","base.user_admin","2021-05-29 14:47:43","","Default Price","__export__.product_pricelist_104_1c40792c",""
"__export__.res_partner_1685_dcb62d27","Carrigdhoun Tasty Foods LTD","mildleton","__export__.res_users_8_fb87432d","2022-06-13 22:20:27","","Multi Price","product.list0","Midleton Oriental Restaurant"
"__export__.res_partner_745_94d460c6","Cash Bin","","base.user_admin","2021-05-29 14:47:43","","Default Price","__export__.product_pricelist_38_899fff97",""
"__export__.res_partner_747_4ecd91bc","Cash Bin 5","","base.user_admin","2021-05-29 14:47:43","","Default Price","__export__.product_pricelist_38_899fff97",""
"__export__.res_partner_748_a0244e8f","Cash Bin 7","","base.user_admin","2021-05-29 14:47:43","","Default Price","__export__.product_pricelist_38_899fff97",""
"__export__.res_partner_749_a964f4ef","Cash Bin 9","","base.user_admin","2021-05-29 14:47:43","","Default Price","__export__.product_pricelist_38_899fff97",""
"__export__.res_partner_750_66797226","Cash Bin S","","base.user_admin","2021-05-29 14:47:43","","Default Price","__export__.product_pricelist_38_899fff97",""
"__export__.res_partner_751_74899655","Cash CD","","base.user_admin","2021-05-29 14:47:43","","Multi Price","__export__.product_pricelist_44_2530682a",""
"__export__.res_partner_752_b29ee5f8","Cash Customer","","base.user_admin","2021-05-29 14:47:43","","Default Price","__export__.product_pricelist_44_2530682a",""
"__export__.res_partner_2236_fdde1423","Cash Customer Yingchao","","__export__.res_users_10_962e2fe2","2024-10-09 11:37:05","","Multi Price","__export__.product_pricelist_44_2530682a",""
"__export__.res_partner_753_cd316397","Cash Feng","","base.user_admin","2021-05-29 14:47:43","","Multi Price","__export__.product_pricelist_44_2530682a",""
"__export__.res_partner_754_1de45ea0","Cash Meigui","","base.user_admin","2021-05-29 14:47:43","","Multi Price","__export__.product_pricelist_44_2530682a",""
"__export__.res_partner_2524_7fa54a68","Cash bin 13","","__export__.res_users_14_42108d61","2026-03-09 14:11:39","","Default Price","__export__.product_pricelist_38_899fff97",""
"__export__.res_partner_2264_7d5b84f7","Cash-87","","__export__.res_users_10_962e2fe2","2024-11-26 09:11:07","","Multi Price","__export__.product_pricelist_44_2530682a","87 Summerhill, Mountjoy, Dublin 1"
"__export__.res_partner_2043_4cb8863e","Cash-Zheng","","__export__.res_users_10_962e2fe2","2024-04-05 12:44:49","","Multi Price","__export__.product_pricelist_44_2530682a",""
"__export__.res_partner_1649_7cdf014b","Castello Asian Cuisine Ltd","Dublin 12","__export__.res_users_10_962e2fe2","2022-05-02 08:20:21","","Default Price","__export__.product_pricelist_68_5a90c786","157 Drimnagh Road"
"__export__.res_partner_1647_f302a0a9","Castle Inn D12","dublin 12","__export__.res_users_9_d71ce4f4","2022-04-28 11:10:25","","Multi Price","__export__.product_pricelist_34_0189f91b","2 long mile RD"
"__export__.res_partner_756_d0e47293","Castleknock Kitchen","Castlekock","base.user_admin","2021-05-29 14:47:43","","Multi Price","__export__.product_pricelist_44_2530682a","unit 4 , Laurel Lodge centre"
"__export__.res_partner_2024_8f2c9069","Caterworld","Dublin 12","__export__.res_users_22_942f71e3","2024-04-01 16:54:44","","Default Price","product.list0","Nangor Road Business Park"
"__export__.res_partner_2391_3fcc6267","Cebollas Consuay, S.L.","","__export__.res_users_22_942f71e3","2025-06-02 14:32:35","","Default Price","product.list0",""
"__export__.res_partner_2285_00dd406d","Chan Oriental Longford","","__export__.res_users_14_42108d61","2025-02-12 12:20:28","","Default Price","__export__.product_pricelist_154_977b6583","Killashee St,"
"__export__.res_partner_2315_8f11ab2a","Chanapa Thai Restaurant and Takeaway","","__export__.res_users_14_42108d61","2025-03-05 09:14:40","","Multi Price","__export__.product_pricelist_89_fedc9957","Ground Floor, Irish national Forester, Church St,"
"__export__.res_partner_2035_11e16b19","Chang Cheng Kildare","","__export__.res_users_10_962e2fe2","2024-04-05 12:10:30","","Multi Price","__export__.product_pricelist_44_2530682a",""
"__export__.res_partner_761_a91de80a","Chang Xing Hang","","base.user_admin","2021-05-29 14:47:43","昌兴行","Multi Price","__export__.product_pricelist_51_1b1fa6e3","collect"
"__export__.res_partner_1810_f113d484","Chang's Chinese &Thai Asian Cuisine Takeaway","Dublin","__export__.res_users_10_962e2fe2","2023-01-24 09:36:00","","Multi Price","__export__.product_pricelist_44_2530682a","275 Glasnevin Ave,"
"__export__.res_partner_2222_26c6b4d0","Chang's Takeaway D11","","__export__.res_users_10_962e2fe2","2024-08-21 08:12:24","","Multi Price","__export__.product_pricelist_44_2530682a","275 Glasnevin Ave, Glasnevin, Dublin 11, D11 Y18W"
"__export__.res_partner_763_ccfd8876","Chans Bettystown","Bettystown","base.user_admin","2021-05-29 14:47:43","","Multi Price","__export__.product_pricelist_89_fedc9957","coast road"
"__export__.res_partner_764_32a91eab","Chans Dunleer","DUNLEER","base.user_admin","2021-05-29 14:47:43","m1","Multi Price","__export__.product_pricelist_89_fedc9957","MAIN STREET DUNLEER"
"__export__.res_partner_765_a7b57c33","Chans Santry","lorcan ave Santry","base.user_admin","2021-05-29 14:47:43","D9","Multi Price","__export__.product_pricelist_44_2530682a","unit 3 supervalue shooping centre"
"__export__.res_partner_1691_b367bfe5","Charles Jiang","","base.user_admin","2022-06-15 22:35:31","","Default Price","product.list0",""
"__export__.res_partner_2298_abf86138","Charlie 4","dublin 2","__export__.res_users_22_942f71e3","2025-02-27 12:45:11","","Default Price","__export__.product_pricelist_35_a4a5fea4","8 south great George's Street"
"__export__.res_partner_2299_11a1b7c5","Charlies 3","","__export__.res_users_7_ace94875","2025-02-28 07:58:51","","Default Price","__export__.product_pricelist_35_a4a5fea4","29 Westmoreland St, Dublin 2, D02 NH61"
"__export__.res_partner_768_72edcbdb","Charming Noodles","D1","base.user_admin","2021-05-29 14:47:43","巧面馆","Multi Price","__export__.product_pricelist_35_a4a5fea4","105 Parnell ST"
"__export__.res_partner_1900_f609d842","Chef Chen","","__export__.res_users_9_d71ce4f4","2023-07-17 09:32:21","","Multi Price","__export__.product_pricelist_44_2530682a","21-31 Barry Ave"
"__export__.res_partner_769_38fba1ad","Chef Garden Tyrrelstown"," Tyrrelstown D15","base.user_admin","2021-05-29 14:47:43","","Multi Price","product.list0","UNIT 5 Block C"
"__export__.res_partner_770_2f1642a3","Chef Thai Coolmine","dublin 15","base.user_admin","2021-05-29 14:47:43","","Multi Price","product.list0","Coolmine Business Park"
"__export__.res_partner_2029_983ad619","Chen Chu D11","","__export__.res_users_10_962e2fe2","2024-04-05 11:58:25","","Multi Price","__export__.product_pricelist_44_2530682a",""
"__export__.res_partner_1558_b4bd7d3c","Cheng Gong","","base.user_admin","2022-02-23 15:56:58","","Default Price","__export__.product_pricelist_67_0ef00f83",""
"__export__.res_partner_2522_4ddc00ff","Chengdu Hotpot D1","","__export__.res_users_10_962e2fe2","2026-03-09 09:41:26","","Multi Price","__export__.product_pricelist_162_9d3b1743","48 Capel St, North City, Dublin 1, D01 P7W9"
"__export__.res_partner_1696_c50b9530","Chens Oriental taste LTD","","__export__.res_users_18_297f6f55","2022-06-29 23:25:27","","Default Price","product.list0","Main Street"
"__export__.res_partner_1432_e079c39f","Cheong Heng Hong","","base.user_admin","2021-10-28 21:58:13","","Multi Price","product.list0",""
"__export__.res_partner_772_4c4224c6","Cheong Heng Hong","","base.user_admin","2021-05-29 14:47:43","","Multi Price","product.list0",""
"__export__.res_partner_1762_98dbe63e","Chess Chinese Takeaway","Dublin 7","__export__.res_users_9_d71ce4f4","2022-09-15 17:43:16","","Multi Price","__export__.product_pricelist_44_2530682a","Park Shopping Centre, Prussia St"
"__export__.res_partner_1899_c541e1ae","Chicko","","__export__.res_users_14_42108d61","2023-07-14 09:38:06","","Multi Price","__export__.product_pricelist_44_2530682a","11 renelagh villages"
"__export__.res_partner_2497_a8b7c8e7","Chief Changs Buffet Stephen's Green","","__export__.res_users_10_962e2fe2","2025-12-01 11:18:38","","Multi Price","__export__.product_pricelist_35_a4a5fea4","Floor 2"
"__export__.res_partner_2333_61a03889","Chilli Flames","Drogheda","__export__.res_users_22_942f71e3","2025-03-27 08:49:04","","Multi Price","__export__.product_pricelist_44_2530682a","75 Trinity St, Mell road"
"__export__.res_partner_1843_ed994eee","China Cash & Carry","","__export__.res_users_10_962e2fe2","2023-03-25 11:32:35","","Multi Price","__export__.product_pricelist_51_1b1fa6e3","10 Duncrue St, Belfast"
"__export__.res_partner_1692_5b70401e","China Cash & Carry","belfast","__export__.res_users_8_fb87432d","2022-06-23 00:49:44","中国城","Multi Price","product.list0","10 duncrue ST."
"__export__.res_partner_2490_6b4b3915","China City Ballyfermot","Dublin 10","__export__.res_users_22_942f71e3","2025-11-14 08:02:47","","Default Price","__export__.product_pricelist_44_2530682a","53 Decies Rd, Decies, Dublin 10"
"__export__.res_partner_773_9bfbf44d","China Garden Balbriggan","Balbriggan","base.user_admin","2021-05-29 14:47:43","","Multi Price","product.list0",""
"__export__.res_partner_1995_e7e7096b","China Garden Restaurant","","__export__.res_users_10_962e2fe2","2024-01-30 08:43:28","龙泉山庄","Multi Price","__export__.product_pricelist_44_2530682a","Newbury Hotel,Dominick St, Mullingar, Co.Westmeath"
"__export__.res_partner_1559_7f2ffb8d","China House  D15","Tyrrelstown","base.user_admin","2022-02-23 15:56:58","","Multi Price","__export__.product_pricelist_44_2530682a","110 Boulevard Bellgree"
"__export__.res_partner_2570_6109fe07","China Inn Chinese Kinnegad","","__export__.res_users_7_ace94875","2026-06-09 11:45:45","","Default Price","__export__.product_pricelist_44_2530682a","Main St, Kinnegad, Co. Westmeath, N91 K152"
"__export__.res_partner_775_2e891d84","China Kitchen-Leixlip(COD)","Leixlip","base.user_admin","2021-05-29 14:47:43","","Default Price","__export__.product_pricelist_74_8ceded1a","unit 7 captain's ST."
"__export__.res_partner_776_c4c29f42","China Link","swords","base.user_admin","2021-05-29 14:47:43","","Multi Price","product.list0","6 main st swords"
"__export__.res_partner_777_34183bd5","China Moon Tallaght","PARKLANDS ROAD","base.user_admin","2021-05-29 14:47:43","中月","Multi Price","__export__.product_pricelist_44_2530682a","(SCHOLAR PUB),(OLD COURT AVE.)"
"__export__.res_partner_778_e12470d8","China Palace Finglas","Dublin 11","base.user_admin","2021-05-29 14:47:43","","Multi Price","product.list0","13-33 Main St, Ballygall, "
"__export__.res_partner_2399_b7ce7b74","China Sichuan Restaurant D18","","__export__.res_users_7_ace94875","2025-06-12 08:32:07","","Default Price","__export__.product_pricelist_44_2530682a","The Forum, Ballymoss Rd, Sandyford Business Park, Dublin 18, D18 XH28"
"__export__.res_partner_779_e2009285","China Town Ballybay","Ballybay","base.user_admin","2021-05-29 14:47:43","ballybay","Multi Price","__export__.product_pricelist_89_fedc9957","Hall ST"
"__export__.res_partner_2445_325b9e1e","China Town Bray","","__export__.res_users_10_962e2fe2","2025-09-08 10:23:31","","Multi Price","__export__.product_pricelist_163_bf3716b7","36 Main St, Bray, Co. Wicklow"
"__export__.res_partner_780_52c72777","China Town Castlebellingham","CO.Louth","base.user_admin","2021-05-29 14:47:43","","Multi Price","__export__.product_pricelist_89_fedc9957","1 Main St,"
"__export__.res_partner_2468_e2144f10","China Wholesale","dublin 11","__export__.res_users_8_fb87432d","2025-10-16 18:29:30","","Multi Price","__export__.product_pricelist_44_2530682a","104 Barrow Road"
"__export__.res_partner_781_c26c6452","Chinese Market Droghada","Droghada","base.user_admin","2021-05-29 14:47:43","国货行","Multi Price","__export__.product_pricelist_51_1b1fa6e3","15 bachelors lane / 7 palace street east(yi garden)"
"__export__.res_partner_782_d5db8063","Chinese Supermarket-HUA","Mullingar","base.user_admin","2021-05-29 14:47:43","hua","Multi Price","__export__.product_pricelist_51_1b1fa6e3","No 2 fairgreen House"
"__export__.res_partner_783_8330f1ea","Chopstick D1","parnell","base.user_admin","2021-05-29 14:47:43","ILAC","Multi Price","__export__.product_pricelist_35_a4a5fea4","parnell"
"__export__.res_partner_784_3cbe298d","Chow Thai Restaurant","","base.user_admin","2021-05-29 14:47:43","","Multi Price","__export__.product_pricelist_44_2530682a","ballyfarmot"
"__export__.res_partner_785_156149bf","Choys","Celbridge","base.user_admin","2021-05-29 14:47:43","CHOYS","Multi Price","__export__.product_pricelist_44_2530682a","Main ST."
"__export__.res_partner_786_4ca3c046","Chris Catering Ltd","swords","base.user_admin","2021-05-29 14:47:43","夏宫","Default Price","__export__.product_pricelist_33_b38fc797","34 main street(0225)"
"__export__.res_partner_2552_bcb6b44f","Chris Packaging Ltd","","__export__.res_users_7_ace94875","2026-05-14 12:45:35","","Default Price","","unit 3 No. 42 Rosemount Business Park"
"__export__.res_partner_789_0ae6dd9e","Chuan City D12","Dublin 12","base.user_admin","2021-05-29 14:47:43","蜀都","Default Price","__export__.product_pricelist_34_0189f91b","2-4 Longmile RD"
"__export__.res_partner_790_fcc5b5d9","Chuan Jin Lin Supermarket","Bray","base.user_admin","2021-05-29 14:47:43","Bray","Multi Price","__export__.product_pricelist_133_1cce5086","10E Albert Walk"
"__export__.res_partner_1840_cd1c1ca5","Chuan Restaurant Limited","","__export__.res_users_7_ace94875","2023-03-23 08:39:42","","Multi Price","__export__.product_pricelist_35_a4a5fea4","105a Cabra Road"
"__export__.res_partner_2415_c1177abd","Chung's Chinese Restaurant","","__export__.res_users_7_ace94875","2025-07-09 22:26:46","","Last Price","product.list0","Unit 1 Ballisk Ct, Ballalease West, Donabate, Co. Dublin"
"__export__.res_partner_1982_5c270dd7","Churchrtown River ltd","","__export__.res_users_10_962e2fe2","2023-12-21 12:10:47","","Multi Price","__export__.product_pricelist_51_1b1fa6e3","119 Braemor road churchtown d14"
"__export__.res_partner_796_d0375350","Codd Mushroom Ltd","Carlow","base.user_admin","2021-05-29 14:47:43","","Multi Price","product.list0","Downings Tullow"
"__export__.res_partner_1433_e5c92b25","Codd Mushroom Ltd","Carlow","base.user_admin","2021-10-28 21:58:13","","Multi Price","product.list0","Downings Tullow"
"__export__.res_partner_797_0b6cbcf5","Coles Catering","","base.user_admin","2021-05-29 14:47:43","","Multi Price","product.list0",""
"__export__.res_partner_1434_810ba4e3","Coles Catering","","base.user_admin","2021-10-28 21:58:13","","Multi Price","product.list0",""
"__export__.res_partner_798_ab17cf3e","Collection Customer","","base.user_admin","2021-05-29 14:47:43","","Multi Price","__export__.product_pricelist_44_2530682a",""
"__export__.res_partner_2507_6f453c60","Connie's Takeaway Dundalk","","__export__.res_users_22_942f71e3","2026-01-22 07:58:24","","Default Price","__export__.product_pricelist_89_fedc9957","A91 TH59"
"__export__.res_partner_799_14801e69","Copa jade LTD Castleblayney (copy)","Castleblayney","base.user_admin","2021-05-29 14:47:43","n3","Multi Price","product.list0","Castleblayney"
"__export__.res_partner_1987_4bc54e43","Coreana Supermarket Ltd","","__export__.res_users_14_42108d61","2024-01-09 09:48:06","","Multi Price","__export__.product_pricelist_35_a4a5fea4","19 Litter Britain St"
"__export__.res_partner_1435_15311764","Corrib Eggs","Galway","base.user_admin","2021-10-28 21:58:13","","Multi Price","product.list0",""
"__export__.res_partner_801_037c491f","Corrib Eggs","Galway","base.user_admin","2021-05-29 14:47:43","","Multi Price","product.list0",""
"__export__.res_partner_2214_597a0e64","Crushed Spices","Dublin","__export__.res_users_10_962e2fe2","2024-08-01 09:27:19","","Multi Price","__export__.product_pricelist_51_1b1fa6e3","Unit 102B, Millfield Shopping Centre, Naul Rd, Tankardstown"
"__export__.res_partner_2079_ca257755","D Dunshaughlin","","__export__.res_users_10_962e2fe2","2024-06-10 13:27:57","","Multi Price","__export__.product_pricelist_89_fedc9957",""
"__export__.res_partner_2067_aa1d150d","D&M's Takeaway","","__export__.res_users_22_942f71e3","2024-05-30 08:12:54","","Multi Price","__export__.product_pricelist_89_fedc9957",""
"__export__.res_partner_2527_2937bc92","D&N wyan Ltd","","__export__.res_users_10_962e2fe2","2026-03-12 08:27:00","","Multi Price","__export__.product_pricelist_35_a4a5fea4","Unit 104B, Dillon House, Coolmine industrial Estate,"
"__export__.res_partner_2471_1a9efe38","D' Lepak MIMM Venture LTD","Dublin 20,","__export__.res_users_22_942f71e3","2025-10-24 08:17:56","","Default Price","__export__.product_pricelist_44_2530682a","34 Manor Rd, Redcowfarm,"
"__export__.res_partner_2009_8da985ae","D15 ABCT Restaurant LTD","","__export__.res_users_8_fb87432d","2024-03-15 09:38:47","","Default Price","__export__.product_pricelist_139_e3ff9e89","D17 RR29"
"__export__.res_partner_2508_f9a33b03","D17 Dave Central Kitchen","","__export__.res_users_8_fb87432d","2026-01-30 17:40:06","","Default Price","__export__.product_pricelist_139_e3ff9e89","Unit 10 Greencastle Parade, Priorswood"
"__export__.res_partner_803_0de415cc","D2U Chinese Resturant"," Dublin 12","base.user_admin","2021-05-29 14:47:43","","Multi Price","product.list0","186 Whitehall Rd W Perrystown"
"__export__.res_partner_804_6570360e","D4 collection","","base.user_admin","2021-05-29 14:47:43","","Multi Price","product.list0",""
"__export__.res_partner_806_2d57519e","DA YU","","base.user_admin","2021-05-29 14:47:43","","Multi Price","product.list0",""
"__export__.res_partner_1818_e8d90b4b","DARUMA D2","Dublin","__export__.res_users_10_962e2fe2","2023-02-14 08:04:47","","Multi Price","__export__.product_pricelist_35_a4a5fea4","DARUMA, 13 Parliament St,"
"__export__.res_partner_1436_e48e6205","DC I&E Food LTD","london","base.user_admin","2021-10-28 21:58:13","","Multi Price","product.list0","u8 orbital Business park,"
"__export__.res_partner_809_6a978622","DC I&E Food LTD","london","base.user_admin","2021-05-29 14:47:43","","Multi Price","product.list0","u8 orbital Business park,"
"__export__.res_partner_2443_80400190","DCLC","","__export__.res_users_22_942f71e3","2025-08-30 08:40:24","","Default Price","product.list0",""
"__export__.res_partner_1562_6fc4e4d6","DEHARVEST LTD-D15 ","Dublin 15","base.user_admin","2022-02-23 15:56:58","","Default Price","__export__.product_pricelist_108_3c254f3e","Unit 3 Hartstown Shopping Centre"
"__export__.res_partner_1437_2b46e15a","DF Catering Equipment","Dublin 11","base.user_admin","2021-10-28 21:58:13","","Multi Price","product.list0","138b slaney close"
"__export__.res_partner_1658_49358478","DFXX port","Portalington","__export__.res_users_8_fb87432d","2022-05-13 13:31:18","","Multi Price","product.list0",""
"__export__.res_partner_1890_6c46070f","DONG FANG Asian Fusion LTD","","__export__.res_users_8_fb87432d","2023-06-21 20:35:06","","Multi Price","product.list0","57-59 downshire road"
"__export__.res_partner_2164_4e66986d","DP Clonmel","","__export__.res_users_18_297f6f55","2024-06-14 10:40:09","","Multi Price","__export__.product_pricelist_89_fedc9957",""
"__export__.res_partner_2083_05485ead","DP Leixlip","","__export__.res_users_10_962e2fe2","2024-06-10 14:07:18","","Multi Price","__export__.product_pricelist_44_2530682a",""
"__export__.res_partner_1439_76f91219","DPP","","base.user_admin","2021-10-28 21:58:13","","Multi Price","product.list0",""
"__export__.res_partner_823_56fab5b2","DPP","","base.user_admin","2021-05-29 14:47:43","","Multi Price","__export__.product_pricelist_44_2530682a",""
"__export__.res_partner_2294_01694925","DTSNB Turramore","","__export__.res_users_14_42108d61","2025-02-24 12:19:44","","Multi Price","__export__.product_pricelist_89_fedc9957",""
"__export__.res_partner_2454_a0d5d7af","DY Athlone","","__export__.res_users_14_42108d61","2025-09-16 20:49:21","","Multi Price","__export__.product_pricelist_89_fedc9957",""
"__export__.res_partner_2336_cb3a40e0","DYM Frutas Diego Martinez Hijos S.L.","","__export__.res_users_22_942f71e3","2025-04-01 10:28:58","","Default Price","product.list0",""
"__export__.res_partner_831_4c93b992","DYNASTY KITCHEN","Naas","base.user_admin","2021-05-29 14:47:43","","Default Price","__export__.product_pricelist_44_2530682a","shop unit 2, esmondale"
"__export__.res_partner_807_cd663b5b","DaShangHai-81","","base.user_admin","2021-05-29 14:47:43","","Multi Price","__export__.product_pricelist_44_2530682a",""
"__export__.res_partner_2204_22437c4c","DaShanghai-Wicklow","","__export__.res_users_10_962e2fe2","2024-07-01 08:48:44","","Multi Price","__export__.product_pricelist_44_2530682a",""
"__export__.res_partner_1926_d33bf2c8","Dalang Korean Restaurant D2","","__export__.res_users_14_42108d61","2023-09-08 15:25:01","","Multi Price","__export__.product_pricelist_35_a4a5fea4","65 Dame St, Temple Bar,"
"__export__.res_partner_1878_ef37f2ca","Dalian Happy Fortunes Trading Co.,LTD","china","__export__.res_users_7_ace94875","2023-05-25 17:18:45","","Multi Price","product.list0","dalian"
"__export__.res_partner_2025_49c6eb0a","Daoti Sushi & Noodle Bar Turramore","","__export__.res_users_14_42108d61","2024-04-02 08:47:21","","Multi Price","product.list0","7 harbour St"
"__export__.res_partner_2211_a1dda4d4","Daruma Malahide","","__export__.res_users_14_42108d61","2024-07-16 16:19:28","","Multi Price","__export__.product_pricelist_44_2530682a","The Diamond, 1 New St,"
"__export__.res_partner_1958_5b63e551","David Takeaway D1","","__export__.res_users_14_42108d61","2023-10-12 09:54:17","","Default Price","product.list0","38A Amien Street D1"
"__export__.res_partner_1898_c19235a8","Dayseaday","","__export__.res_users_14_42108d61","2023-07-08 11:26:24","","Multi Price","product.list0","Schulpengat 9"
"__export__.res_partner_808_320d8314","Dazhi D7","D7","base.user_admin","2021-05-29 14:47:43","Dazhi d7","Multi Price","__export__.product_pricelist_44_2530682a","D7"
"__export__.res_partner_2483_1ddc72d9","Deli Lam Ballyfermot","","__export__.res_users_22_942f71e3","2025-11-10 08:20:56","","Default Price","","296 Ballyfermot Rd,"
"__export__.res_partner_1729_ea363712","Delight City","Dublin","__export__.res_users_10_962e2fe2","2022-08-08 22:00:06","","Multi Price","__export__.product_pricelist_44_2530682a","6 Shantalla Rd"
"__export__.res_partner_2382_17e87513","Delta S.L.U.","","__export__.res_users_22_942f71e3","2025-05-19 16:16:29","","Default Price","product.list0",""
"__export__.res_partner_2198_1334d5f5","Deluxe Food Service LTD","co.wexford","__export__.res_users_8_fb87432d","2024-06-24 13:30:27","","Multi Price","product.list0","5 cathedral ST."
"__export__.res_partner_813_e429710a","Di Lucia'S","D3","base.user_admin","2021-05-29 14:47:43","fish chip","Multi Price","product.list0","201 philipsburgh AVE"
"__export__.res_partner_815_b205f784","Diep-Leixlip","leixlip","base.user_admin","2021-05-29 14:47:43","Leixlip","Multi Price","__export__.product_pricelist_44_2530682a","unit 2, castleview, main st"
"__export__.res_partner_816_f353e010","Diluca","Dublin 1","base.user_admin","2021-05-29 14:47:43","","Multi Price","product.list0","39 Upper Abbey Street"
"__export__.res_partner_1438_638aa367","Dim the Sum Company","","base.user_admin","2021-10-28 21:58:13","","Multi Price","product.list0","Bokeweitstraat 65"
"__export__.res_partner_818_8185df11","Dingding","","base.user_admin","2021-05-29 14:47:43","","Multi Price","__export__.product_pricelist_105_60cd2301",""
"__export__.res_partner_819_b17977bb","Diwali George Street","D2","base.user_admin","2021-05-29 14:47:43","indian","Multi Price","__export__.product_pricelist_159_387b3ed6","Unit 1 , castle house ,south great George St."
"__export__.res_partner_1979_d55d74cf","Diwali Restaurant Camden St","","__export__.res_users_7_ace94875","2023-12-02 08:18:35","","Multi Price","__export__.product_pricelist_159_387b3ed6","77 Camden street d2"
"__export__.res_partner_820_f6610473","Do San","Dublin 1","base.user_admin","2021-05-29 14:47:43","","Multi Price","product.list0","10 Lower dorset ST."
"__export__.res_partner_2011_f2d36c94","Dole","Dublin","__export__.res_users_22_942f71e3","2024-03-18 15:04:27","","Default Price","product.list0","Dole Ireland Ltd"
"__export__.res_partner_1768_4ea95fa9","Dole Dublin","dublin","__export__.res_users_7_ace94875","2022-10-21 13:44:52","","Multi Price","product.list0","Dole"
"__export__.res_partner_821_7a271793","Donabate Chinese  ","donabate","base.user_admin","2021-05-29 14:47:43","","Multi Price","product.list0","3 fairways"
"__export__.res_partner_2437_11d035cb","Donabate Chungs Chinese Resturant","Donabate, Co. Dublin","__export__.res_users_22_942f71e3","2025-08-21 00:24:11","","Default Price","product.list0","Unit 1 Ballisk  West,"
"__export__.res_partner_2125_c18eb26f","Dong Lai Xiang d15","","__export__.res_users_10_962e2fe2","2024-06-11 11:53:16","","Multi Price","__export__.product_pricelist_35_a4a5fea4",""
"__export__.res_partner_2446_8e921426","Double Y Athlone","","__export__.res_users_14_42108d61","2025-09-09 16:29:10","","Multi Price","__export__.product_pricelist_89_fedc9957","Arcadia Centre, Unit 4 Coosan Rd,"
"__export__.res_partner_824_09bf77d4","Dragon City Malahide","Malahide","base.user_admin","2021-05-29 14:47:43","龙城","Multi Price","product.list0","1 kilonan House,church road"
"__export__.res_partner_2499_4880f096","Dragon House Chinese Take","","__export__.res_users_22_942f71e3","2025-12-07 18:55:14","","Default Price","__export__.product_pricelist_44_2530682a","Main St KilCoole Co.wicklow"
"__export__.res_partner_826_edcfba9b","Dragon Inn D8","","base.user_admin","2021-05-29 14:47:43","","Multi Price","product.list0","82 Thomas Street"
"__export__.res_partner_827_cee0fd62","Dragon Inn navan","navan","base.user_admin","2021-05-29 14:47:43","","Multi Price","product.list0","unit 1 athalumney centre"
"__export__.res_partner_1643_349679bb","Dragon Palace-clonmel","Clonmel","__export__.res_users_14_42108d61","2022-04-27 08:56:48","","Default Price","__export__.product_pricelist_39_f0d834bf","91 irishtown , oldbridge clonmel"
"__export__.res_partner_828_0d3d2420","Dragon(COD)","Dunshaughlin","base.user_admin","2021-05-29 14:47:43","龙N3","Multi Price","__export__.product_pricelist_89_fedc9957","main ST"
"__export__.res_partner_1564_25d27433","Drunken Fish","","base.user_admin","2022-02-23 15:56:58","","Multi Price","product.list0","The Excise Building,"
"__export__.res_partner_2551_dcb3618a","Dublin Christ Life Church","Dublin","__export__.res_users_10_962e2fe2","2026-05-14 11:55:48","","Multi Price","","Imaal, Schoolhouse Ln, Santry, Dublin,"
"__export__.res_partner_829_a8fd0855","Dundrum Shop","dundrum","base.user_admin","2021-05-29 14:47:43","chinese","Multi Price","product.list0","dundrum"
"__export__.res_partner_1361_19535b0d","Dunrui Liu","","base.user_admin","2021-10-26 15:12:46","","Default Price","product.list0",""
"__export__.res_partner_2080_09ea8809","E D14","","__export__.res_users_10_962e2fe2","2024-06-10 13:57:30","","Multi Price","__export__.product_pricelist_44_2530682a",""
"__export__.res_partner_1961_c3cd4405","E KOU XIAN","","__export__.res_users_10_962e2fe2","2023-10-19 10:35:03","","Multi Price","__export__.product_pricelist_51_1b1fa6e3","80-84 Donegall pass,BT7 1BX, Belfast"
"__export__.res_partner_2272_68f49b2e","E2G Logistics","","__export__.res_users_10_962e2fe2","2024-12-24 07:32:14","","Multi Price","__export__.product_pricelist_44_2530682a","508b Mitchelstown Rd, NW Business Park, Ballycoolin"
"__export__.res_partner_2247_0817b166","E8AC","","__export__.res_users_10_962e2fe2","2024-10-31 08:59:59","","Multi Price","__export__.product_pricelist_44_2530682a",""
"__export__.res_partner_2026_b3659e1c","EDENMORE LC CHINESE LIMITED","","__export__.res_users_10_962e2fe2","2024-04-02 08:52:13","","Default Price","__export__.product_pricelist_37_8547d8cd",""
"__export__.res_partner_2081_300dc0af","EL Deansgrange","","__export__.res_users_10_962e2fe2","2024-06-10 14:05:20","","Multi Price","__export__.product_pricelist_44_2530682a",""
"__export__.res_partner_2093_9a2af591","EL Greystone","","__export__.res_users_10_962e2fe2","2024-06-10 15:41:45","","Multi Price","__export__.product_pricelist_44_2530682a",""
"__export__.res_partner_2188_8cd8ae6a","EMI Clongriffin","","__export__.res_users_18_297f6f55","2024-06-14 17:25:29","","Multi Price","__export__.product_pricelist_44_2530682a",""
"__export__.res_partner_1638_c4f8759e","EMPEROR Palace","Clonmel","__export__.res_users_8_fb87432d","2022-04-27 07:41:36","","Default Price","__export__.product_pricelist_39_f0d834bf","6 Parnell ST."
"__export__.res_partner_2244_317fb426","ESI Foods Limited","","__export__.res_users_22_942f71e3","2024-10-30 14:04:22","","Default Price","product.list0",""
"__export__.res_partner_1928_fbc97e44","EVEREST Nepalese & Indian Cuisine","Dublin 13","__export__.res_users_8_fb87432d","2023-09-10 22:46:09","","Default Price","__export__.product_pricelist_161_ba1939c1","25 main ST. clongriffin"
"__export__.res_partner_832_c2d9cc05","Ea-tea Coffee","Dublin 1","base.user_admin","2021-05-29 14:47:43","","Multi Price","__export__.product_pricelist_89_fedc9957","159 parnell ST."
"__export__.res_partner_1672_c3095abf","East Garden Kilcullen","","__export__.res_users_7_ace94875","2022-05-19 08:20:34","","Multi Price","__export__.product_pricelist_89_fedc9957","Unit 4, 6&7 Hillcrest, Kilcullenbridge, Kilcullen, Co. Kildare,"
"__export__.res_partner_2003_1322e4a4","Eatokyo Noodle & Sushi Bar","","__export__.res_users_14_42108d61","2024-03-01 08:36:06","","Default Price","product.list0","51 Wellington Quay,"
"__export__.res_partner_1565_948a3c89","Eatzen Restaurant Ashbourne","Ashbourne","base.user_admin","2022-02-23 15:56:58","ILAC","Multi Price","__export__.product_pricelist_44_2530682a","1 Killegland Cres,"
"__export__.res_partner_2374_26f17cd1","Edwin","","base.user_admin","2025-05-13 15:25:30","","Default Price","product.list0",""
"__export__.res_partner_2372_caa419ea","Eighty-Seven Take Away","","__export__.res_users_10_962e2fe2","2025-05-08 16:00:41","","Multi Price","__export__.product_pricelist_44_2530682a","87 Summerhill"
"__export__.res_partner_1998_d1155c59","Eighty8 Asian Cuisine","","__export__.res_users_8_fb87432d","2024-02-11 17:33:39","","Default Price","product.list0","72 West street"
"__export__.res_partner_835_2d2fb932","Emporium and Eatery","Lucan","base.user_admin","2021-05-29 14:47:43","","Multi Price","__export__.product_pricelist_44_2530682a","esker house"
"__export__.res_partner_2517_de25d4b9","Emsland Group","","__export__.res_users_22_942f71e3","2026-02-27 11:16:20","","Default Price","",""
"__export__.res_partner_836_c4aef084","Enfield Chinese Restaurant","","base.user_admin","2021-05-29 14:47:43","","Multi Price","__export__.product_pricelist_89_fedc9957","The coach Yard, main ST."
"__export__.res_partner_2386_d2dc9ae8","Eric's Asian St Food Ltd","","__export__.res_users_14_42108d61","2025-05-22 14:49:50","","Default Price","__export__.product_pricelist_89_fedc9957","KF(knockroe fabrication) Oola"
"__export__.res_partner_2059_454441ad","Eskimo Pizza Finglas","Dublin 11","__export__.res_users_22_942f71e3","2024-05-06 12:16:11","","Multi Price","__export__.product_pricelist_89_fedc9957","9 DROGHEDA MALL"
"__export__.res_partner_2542_fba2e99f","Eskimo wu Limited","Cavan","__export__.res_users_10_962e2fe2","2026-04-24 13:30:17","","Multi Price","","Main street Ballyjamesduff"
"__export__.res_partner_1894_cd7a5354","Eskimo+Lam's Deansgrange","","__export__.res_users_7_ace94875","2023-06-22 09:03:31","","Default Price","__export__.product_pricelist_44_2530682a","31 Grange Ter, Kill of the Grange, Blackrock, Co. Dublin, A94 A3E7"
"__export__.res_partner_1893_1e0e95aa","Eskimo+Lam's Greystone","","__export__.res_users_7_ace94875","2023-06-22 09:03:19","","Default Price","__export__.product_pricelist_44_2530682a","Watson & Johnson Centre, Mill Rd, Killincarrig, Greystones, Co. Wicklow"
"__export__.res_partner_1700_f1779e78","Euro Asia Fruit Dutch B.V.","","__export__.res_users_18_297f6f55","2022-07-18 16:50:36","","Multi Price","product.list0","ABC Westland 427"
"__export__.res_partner_2371_b585a88a","EusebiGuiral S.A.","","__export__.res_users_22_942f71e3","2025-05-08 12:54:50","","Default Price","product.list0",""
"__export__.res_partner_1731_f4120b5c","Every Day Chinese Take Away","","__export__.res_users_10_962e2fe2","2022-08-11 12:45:54","","Multi Price","__export__.product_pricelist_44_2530682a","Main St Carrick On Shannon"
"__export__.res_partner_838_7c60decd","Excellent Chinese Take Away","","base.user_admin","2021-05-29 14:47:43","","Multi Price","product.list0","8 Fitzmaurice Rd"
"__export__.res_partner_839_998b05c9","Excelsior","Dublin 14","base.user_admin","2021-05-29 14:47:43","EXCELSIOR","Default Price","__export__.product_pricelist_44_2530682a","106 Nutgrove Ave"
"__export__.res_partner_2292_7f717491","Exotic Roots","","__export__.res_users_22_942f71e3","2025-02-20 12:11:26","","Default Price","product.list0","2913 LJ Nieuwerkerk a/d ljssei"
"__export__.res_partner_1566_7b3bf5d7","FEN JIE","","base.user_admin","2022-02-23 15:56:58","","Multi Price","product.list0",""
"__export__.res_partner_2030_f52dada3","FL D15","","__export__.res_users_10_962e2fe2","2024-04-05 11:59:56","","Multi Price","__export__.product_pricelist_37_8547d8cd",""
"__export__.res_partner_2220_6ba953be","FR Dublin 8","","__export__.res_users_10_962e2fe2","2024-08-20 09:21:50","","Default Price","__export__.product_pricelist_33_b38fc797",""
"__export__.res_partner_2240_dc783fcc","FRUTM SL","","__export__.res_users_10_962e2fe2","2024-10-16 11:39:42","","Multi Price","product.list0",""
"__export__.res_partner_2424_82fac167","FTL D1(C.O.D)","","__export__.res_users_7_ace94875","2025-07-22 12:24:04","FORTURN TERRACE lTD D1","Default Price","product.list0",""
"__export__.res_partner_856_80c2c97f","FU LI YA(C.O.D)","dublin 22","base.user_admin","2021-05-29 14:47:43","","Multi Price","product.list0",""
"__export__.res_partner_2423_dcf6ae83","FY D1","","__export__.res_users_14_42108d61","2025-07-21 11:22:53","","Multi Price","product.list0",""
"__export__.res_partner_2094_36cea150","FY Newbridge","","__export__.res_users_10_962e2fe2","2024-06-10 15:45:16","","Multi Price","__export__.product_pricelist_34_0189f91b",""
"__export__.res_partner_840_77e96763","Far East D9","Dublin 9","base.user_admin","2021-05-29 14:47:43","","Multi Price","__export__.product_pricelist_44_2530682a","88 shantalla Road,"
"__export__.res_partner_1932_b565a93f","Farm Fresh Produce Co-Operative Society Ltd","","__export__.res_users_10_962e2fe2","2023-09-23 12:16:23","","Multi Price","product.list0",""
"__export__.res_partner_841_2a8ddecb","FeiFei","","base.user_admin","2021-05-29 14:47:43","","Multi Price","product.list0",""
"__export__.res_partner_842_5d267881","Fengshun","","base.user_admin","2021-05-29 14:47:43","japanese","Multi Price","product.list0",""
"__export__.res_partner_843_b31da8bd","First Class Oriental","Dublin 11","base.user_admin","2021-05-29 14:47:43","鸿运","Multi Price","product.list0","42 Main St, Finglas East, Dublin 11, "
"__export__.res_partner_844_85a47cb5","Flaming Wok Clones","co.monaghan","base.user_admin","2021-05-29 14:47:43","N3","Multi Price","product.list0","fermanagh st"
"__export__.res_partner_845_b0ef8277","Flaming Wok D3","Dublin","base.user_admin","2021-05-29 14:47:43","N3","Multi Price","product.list0","24,Fairview strand, Fairview"
"__export__.res_partner_846_5624f494","Flaming Wok N3","Cootehill  Co.Cavan","base.user_admin","2021-05-29 14:47:43","N3","Multi Price","product.list0","71 market ST. Cootehill, CO. Cavan"
"__export__.res_partner_2323_80c63af5","Flores Frutas Y Hortalizas","","__export__.res_users_22_942f71e3","2025-03-12 12:17:47","","Default Price","product.list0",""
"__export__.res_partner_847_ee5713c0","Fly Box","Dublin 1","base.user_admin","2021-05-29 14:47:43","","Multi Price","product.list0","Custom House Square, Unit 3A, Mayor Street Lower,"
"__export__.res_partner_848_264dd878","Fong Zhi Yuen Ltd.","HARTSTOWN","base.user_admin","2021-05-29 14:47:43","乾坤-D15","Multi Price","product.list0","HARTSTOWN"
"__export__.res_partner_1772_ba6b3399","Foo Lok Takeaway","Dublin 15","__export__.res_users_10_962e2fe2","2022-11-14 08:57:48","","Multi Price","__export__.product_pricelist_37_8547d8cd","73 Woodview Grove"
"__export__.res_partner_2296_9e1f20a8","Food Bridge Ltd","Cork","__export__.res_users_22_942f71e3","2025-02-26 15:36:37","","Default Price","product.list0","Lee house Riverview Business Park"
"__export__.res_partner_849_9e5b5681","Food Inn","dublin 10","base.user_admin","2021-05-29 14:47:43","","Multi Price","product.list0","365 ballyfermot road"
"__export__.res_partner_2410_2ed9a75d","Fortune Terrace Limited","","__export__.res_users_7_ace94875","2025-07-02 08:26:21","","Default Price","product.list0","46-49 O'Connell Street Upper,"
"__export__.res_partner_2223_9c79ba3e","Four Season","","__export__.res_users_8_fb87432d","2024-08-25 22:43:03","","Multi Price","product.list0","174 harold's cross"
"__export__.res_partner_2020_d5e77cc7","Four Season Nurseries","Dublin","__export__.res_users_22_942f71e3","2024-03-25 15:21:18","","Default Price","product.list0","Whitestown,"
"__export__.res_partner_850_df312edf","Fragrance City","D3","base.user_admin","2021-05-29 14:47:43","天湘源","Multi Price","__export__.product_pricelist_44_2530682a","107b MALAHIDE ROAD"
"__export__.res_partner_1567_920f121d","Fresh Oriental Store-D1 COD","Dublin 1","base.user_admin","2022-02-23 15:56:58","东方行","Multi Price","__export__.product_pricelist_106_ba9252e4","30/32 Abbey Street Upper"
"__export__.res_partner_1441_e490c1d9","Fresh Point"," Dublin 7","base.user_admin","2021-10-28 21:58:13","","Multi Price","product.list0","13 Mary's Abbey"
"__export__.res_partner_851_01128d3a","Fresh Point"," Dublin 7","base.user_admin","2021-05-29 14:47:43","","Multi Price","product.list0","13 Mary's Abbey"
"__export__.res_partner_2533_8c6c84e1","Freshchoi","","__export__.res_users_27_ccf3d93e","2026-04-02 13:09:57","","Default Price","",""
"__export__.res_partner_2532_2b514420","Freshchoi Handel B.V","Netherlands","__export__.res_users_10_962e2fe2","2026-04-02 11:04:04","","Multi Price","","p/a Lange Campen 10"
"__export__.res_partner_853_16457fea","Freshpoint Holland","","base.user_admin","2021-05-29 14:47:43","","Multi Price","product.list0","p.o.box 253"
"__export__.res_partner_1442_827140a6","Freshpoint Holland","","base.user_admin","2021-10-28 21:58:13","","Multi Price","product.list0","p.o.box 253"
"__export__.res_partner_854_7ad56350","Freshville- newbridge","","base.user_admin","2021-05-29 14:47:43","VILLAGE PARK","Multi Price","product.list0","2 eyre court newbridge"
"__export__.res_partner_2366_4db3147a","Fru&ver Barcelona S.L.U","","__export__.res_users_22_942f71e3","2025-05-05 13:05:34","","Default Price","product.list0",""
"__export__.res_partner_2324_2228667c","Fruits Urpinas S.L.","","__export__.res_users_22_942f71e3","2025-03-12 12:21:28","","Default Price","product.list0",""
"__export__.res_partner_2337_544b2214","Frutas Antonio","","__export__.res_users_22_942f71e3","2025-04-01 15:14:33","","Default Price","product.list0",""
"__export__.res_partner_2330_8be02205","Frutas Candil, S.L.","","__export__.res_users_22_942f71e3","2025-03-21 12:04:31","","Default Price","product.list0",""
"__export__.res_partner_2329_2c7ce03a","Frutas Escandell S.A.","","__export__.res_users_22_942f71e3","2025-03-21 12:02:32","","Default Price","product.list0",""
"__export__.res_partner_2304_32ef358d","Frutasa S.A","","__export__.res_users_22_942f71e3","2025-03-03 13:04:03","","Default Price","product.list0",""
"__export__.res_partner_2480_21bcc134","Frutum","","__export__.res_users_27_ccf3d93e","2025-11-03 16:07:21","","Default Price","",""
"__export__.res_partner_1812_04d8ccc0","Frylite Dublin Ltd","","__export__.res_users_14_42108d61","2023-01-28 13:31:43","","Multi Price","product.list0","St Anne's Business park"
"__export__.res_partner_684_009a8be4","Fudo Izakaya","dublin 7","base.user_admin","2021-05-29 14:47:43","","Multi Price","product.list0","28 Mary street little,"
"__export__.res_partner_858_0e5ada1d","Fuji Yama D1","Dublin 1","base.user_admin","2021-05-29 14:47:43","","Default Price","__export__.product_pricelist_122_07e1cc4a",""
"__export__.res_partner_859_c1e0c4b2","Fuji Yama-Newbridge","Co. Kildare","base.user_admin","2021-05-29 14:47:43","","Default Price","__export__.product_pricelist_122_07e1cc4a","57 - 59 unit whitewater shopping centre"
"__export__.res_partner_2555_ba76af6c","Fujiyama Drogheda","A92 AX26","__export__.res_users_14_42108d61","2026-05-23 09:47:16","","Default Price","__export__.product_pricelist_122_07e1cc4a","21-24, Moneymore,"
"__export__.res_partner_1991_a2810e90","Fujiyama Dundrum","","__export__.res_users_14_42108d61","2024-01-23 09:01:53","","Default Price","__export__.product_pricelist_122_07e1cc4a","DTC CSA 2-1 Unit Dundrum"
"__export__.res_partner_857_3208dd4e","Fujiyama Sushi & Teppanyaki","D13 PY06","base.user_admin","2021-05-29 14:47:43","富记","Default Price","__export__.product_pricelist_122_07e1cc4a","Unit 2, Kingsford Cross, Strand Rd,"
"__export__.res_partner_860_c6f45ec3","Fusion","Dublin 12","base.user_admin","2021-05-29 14:47:43","","Multi Price","__export__.product_pricelist_44_2530682a","Crumlin Village"
"__export__.res_partner_2216_cfc61798","Fusion Kitchen","","__export__.res_users_14_42108d61","2024-08-01 14:21:20","","Multi Price","product.list0","Ballyboggan Business Centre,"
"__export__.res_partner_861_7411b656","Fuzi Shop","Newbridge","base.user_admin","2021-05-29 14:47:43","福仔","Multi Price","__export__.product_pricelist_51_1b1fa6e3","5 George st"
"__export__.res_partner_1984_4afd2f58","G&G Packing","","__export__.res_users_22_942f71e3","2023-12-22 12:07:50","","Multi Price","product.list0",""
"__export__.res_partner_1569_f273a917","G-HOUSE","","base.user_admin","2022-02-23 15:56:58","thai do","Multi Price","__export__.product_pricelist_44_2530682a","Fassaugh ave"
"__export__.res_partner_2370_94da58f5","G.I.S Distrifruit 98 S.L.","","__export__.res_users_22_942f71e3","2025-05-08 12:45:15","","Default Price","product.list0",""
"__export__.res_partner_2305_72726229","GAVA Grup","","__export__.res_users_22_942f71e3","2025-03-03 13:06:38","","Default Price","product.list0",""
"__export__.res_partner_1989_56a4b474","GAlGORM GROUP","","__export__.res_users_10_962e2fe2","2024-01-11 10:06:24","","Multi Price","product.list0","7 Corbally Rd,"
"__export__.res_partner_2175_39728080","GB Kells","","__export__.res_users_18_297f6f55","2024-06-14 13:16:33","","Multi Price","__export__.product_pricelist_89_fedc9957",""
"__export__.res_partner_2417_15476d1d","GB dundrum","","__export__.res_users_14_42108d61","2025-07-12 11:44:24","","Multi Price","__export__.product_pricelist_35_a4a5fea4",""
"__export__.res_partner_2178_f37df010","GC Dundalk","","__export__.res_users_18_297f6f55","2024-06-14 13:30:12","","Multi Price","__export__.product_pricelist_89_fedc9957",""
"__export__.res_partner_2032_04bb3989","GCC Malahide","","__export__.res_users_10_962e2fe2","2024-04-05 12:04:00","","Multi Price","__export__.product_pricelist_44_2530682a",""
"__export__.res_partner_2180_f2f3e377","GD Palmerstown","","__export__.res_users_18_297f6f55","2024-06-14 17:13:46","","Multi Price","__export__.product_pricelist_44_2530682a",""
"__export__.res_partner_1660_2959c159","GDCH-tu","tullamore","__export__.res_users_8_fb87432d","2022-05-13 13:45:00","","Multi Price","product.list0",""
"__export__.res_partner_2127_d93a2446","GE Dún Laoghaire","","__export__.res_users_10_962e2fe2","2024-06-11 11:55:19","","Multi Price","__export__.product_pricelist_60_98961819",""
"__export__.res_partner_2361_7963550c","GF D2","","__export__.res_users_14_42108d61","2025-04-25 07:57:12","","Default Price","__export__.product_pricelist_35_a4a5fea4",""
"__export__.res_partner_2132_1b14619a","GG D5","","__export__.res_users_10_962e2fe2","2024-06-11 12:52:07","","Multi Price","__export__.product_pricelist_44_2530682a",""
"__export__.res_partner_867_d0a986b2","GG SHANKILL","","base.user_admin","2021-05-29 14:47:43","","Multi Price","product.list0",""
"__export__.res_partner_2116_d40984aa","GH D15","","__export__.res_users_10_962e2fe2","2024-06-11 11:38:26","","Multi Price","__export__.product_pricelist_44_2530682a",""
"__export__.res_partner_869_aac305c9","GK D9","","base.user_admin","2021-05-29 14:47:43","","Multi Price","__export__.product_pricelist_44_2530682a",""
"__export__.res_partner_2194_f274fdaf","GKHY","","__export__.res_users_18_297f6f55","2024-06-20 15:16:32","","Multi Price","__export__.product_pricelist_35_a4a5fea4",""
"__export__.res_partner_2297_a026cd5e","GM Food Importer And Distributor Limited","","__export__.res_users_14_42108d61","2025-02-27 11:11:33","","Multi Price","product.list0","Rathleek Farm,Rathleek,"
"__export__.res_partner_2193_60346a71","GP D9","","__export__.res_users_18_297f6f55","2024-06-20 15:13:36","","Multi Price","__export__.product_pricelist_44_2530682a",""
"__export__.res_partner_2159_5e958ca8","GP Maynooth","","__export__.res_users_10_962e2fe2","2024-06-12 15:00:52","","Multi Price","__export__.product_pricelist_44_2530682a",""
"__export__.res_partner_1575_b7f23c37","GUSHI Asian Bar&kitchen","Dublin 1","base.user_admin","2022-02-23 15:56:58","","Multi Price","__export__.product_pricelist_35_a4a5fea4","48 Capel St,"
"__export__.res_partner_2277_cdb4c82b","GV CT Rathcoole","","__export__.res_users_10_962e2fe2","2025-01-06 08:34:22","","Multi Price","__export__.product_pricelist_44_2530682a",""
"__export__.res_partner_2139_9b3c4a32","GV Enfield","","__export__.res_users_10_962e2fe2","2024-06-12 09:50:50","","Multi Price","__export__.product_pricelist_89_fedc9957",""
"__export__.res_partner_898_d5344001","GW D12","","base.user_admin","2021-05-29 14:47:43","","Multi Price","__export__.product_pricelist_44_2530682a",""
"__export__.res_partner_2267_98083fbf","GW Longford","","__export__.res_users_14_42108d61","2024-12-11 00:01:59","","Default Price","product.list0",""
"__export__.res_partner_2105_211982af","GW Lusk","","__export__.res_users_10_962e2fe2","2024-06-11 11:26:47","","Multi Price","__export__.product_pricelist_89_fedc9957",""
"__export__.res_partner_2448_463fc206","GW Townparks","Co. Westmeath","__export__.res_users_10_962e2fe2","2025-09-09 16:31:28","","Multi Price","__export__.product_pricelist_89_fedc9957",""
"__export__.res_partner_899_3ce0e50a","GWFL D1","","base.user_admin","2021-05-29 14:47:43","","Multi Price","__export__.product_pricelist_44_2530682a",""
"__export__.res_partner_1955_c19c9ce8","Gala Plastic Supplies Ltd","","__export__.res_users_14_42108d61","2023-10-10 16:11:35","","Multi Price","product.list0","Block 4 Jamestown Business Park"
"__export__.res_partner_2383_a89c40dd","Garcia Lucas S.L","","__export__.res_users_22_942f71e3","2025-05-19 16:26:36","","Default Price","product.list0",""
"__export__.res_partner_1568_38bd8bd7","Garden House ","","base.user_admin","2022-02-23 15:56:58","","Multi Price","product.list0","main st branchtwon"
"__export__.res_partner_1443_13c587b2","Garden of Eden","","base.user_admin","2021-10-28 21:58:13","","Multi Price","product.list0",""
"__export__.res_partner_681_f0084f5f","Garden of Eden","","base.user_admin","2021-05-29 14:47:43","","Multi Price","product.list0",""
"__export__.res_partner_863_41edda9d","Gc Malahide","","base.user_admin","2021-05-29 14:47:43","GC Malahide","Multi Price","__export__.product_pricelist_44_2530682a",""
"__export__.res_partner_864_8219998e","Ge Sutton","","base.user_admin","2021-05-29 14:47:43","","Multi Price","__export__.product_pricelist_74_8ceded1a",""
"__export__.res_partner_1757_5ea3d55c","Gem Pack Foods Ltd","Dulin","__export__.res_users_10_962e2fe2","2022-08-30 13:50:08","","Multi Price","product.list0","Damastown Industrial Park"
"__export__.res_partner_866_7023b017","Genesis Kitchen","Dublin 1","base.user_admin","2021-05-29 14:47:43","hansung deli","Default Price","__export__.product_pricelist_135_1cd5c01d","22 great strand st"
"__export__.res_partner_2579_c144e9b5","German Doner Kebab (GDK)-Liffey Valley","Dublin","__export__.res_users_10_962e2fe2","2026-06-19 12:43:16","","Multi Price","","Kiosk 3, Food Court, Liffey Valley Shopping Centre, 22 Fonthill Rd, Irishtown"
"__export__.res_partner_2546_a569ec9c","German Doner Kebab (GDK)-Slaney","Dublin 11","__export__.res_users_10_962e2fe2","2026-05-05 12:31:21","","Multi Price","","Hosted Kitchens, 137A Slaney Cl, Dublin Industrial Estate,"
"__export__.res_partner_868_bf11b692","Ginban Kells","A82 HY18","base.user_admin","2021-05-29 14:47:43","kell","Multi Price","__export__.product_pricelist_39_f0d834bf","Castle ST"
"__export__.res_partner_2526_65f4da72","Ginkgo Restaurant D2","","__export__.res_users_10_962e2fe2","2026-03-10 23:05:52","","Multi Price","__export__.product_pricelist_162_9d3b1743","76 Dame St, Temple Bar, Dublin, D02 YY54"
"__export__.res_partner_1444_f4547e53","Glenshane","Maghera co.Derry","base.user_admin","2021-10-28 21:58:13","","Multi Price","product.list0","15 Tullyheron Road"
"__export__.res_partner_870_eda01634","Glenshane","Maghera co.Derry","base.user_admin","2021-05-29 14:47:43","","Multi Price","product.list0","15 Tullyheron Road"
"__export__.res_partner_1570_48b936ad","Global Cuisine Dundrum","","base.user_admin","2022-02-23 15:56:58","","Default Price","__export__.product_pricelist_56_3e4ca486","CSA, 2m  "
"__export__.res_partner_872_5fe7fe5b","Go Pack","","base.user_admin","2021-05-29 14:47:43","","Multi Price","product.list0",""
"__export__.res_partner_1445_4bf9ce8f","Go Pack","","base.user_admin","2021-10-28 21:58:13","","Multi Price","product.list0",""
"__export__.res_partner_1977_dec4bd6b","GoLden House DFS Ltd","","__export__.res_users_14_42108d61","2023-12-01 12:53:43","","Default Price","product.list0","Haggard Street"
"__export__.res_partner_873_48cef42b","Golden Beach Deli","D1","base.user_admin","2021-05-29 14:47:43","金海湾-Deli","Multi Price","__export__.product_pricelist_131_3913e896","137 parnell ST."
"__export__.res_partner_874_2fe3c6b7","Golden Beach Super Market","D1","base.user_admin","2021-05-29 14:47:43","金海湾 C.O.D","Multi Price","__export__.product_pricelist_131_3913e896","137 Parnell ST."
"__export__.res_partner_875_f4e31f7c","Golden Chop Stick","Dundalk","base.user_admin","2021-05-29 14:47:43","金筷子","Multi Price","__export__.product_pricelist_89_fedc9957","33 Park Street"
"__export__.res_partner_876_3767ea21","Golden City D17","dublin 17","base.user_admin","2021-05-29 14:47:43","金城","Multi Price","__export__.product_pricelist_33_b38fc797","unit 4 belcamp village centre"
"__export__.res_partner_1571_960621dd","Golden City D5","Dublin 5","base.user_admin","2022-02-23 15:56:58","","Multi Price","__export__.product_pricelist_33_b38fc797","Edenmore Shopping Centre"
"__export__.res_partner_877_489800fb","Golden Dragon","Dublin 20","base.user_admin","2021-05-29 14:47:43","palmerstown","Multi Price","__export__.product_pricelist_44_2530682a","Unit 4, Palmerstown Shopping Centre"
"__export__.res_partner_2063_4f237b67","Golden Elephant Dun Laoghaire","dublin","__export__.res_users_22_942f71e3","2024-05-17 13:28:00","","Default Price","__export__.product_pricelist_92_9bf88e32","5 cumberland street"
"__export__.res_partner_878_d6f1bc08","Golden Elephant Sutton","Dublin 13","base.user_admin","2021-05-29 14:47:43","金象","Multi Price","__export__.product_pricelist_74_8ceded1a","Sutton Cross Shopping Centre, Sutton Cross"
"__export__.res_partner_1820_6043d6fd","Golden Forest Ltd D2","dublin","__export__.res_users_7_ace94875","2023-02-21 08:10:47","","Multi Price","__export__.product_pricelist_35_a4a5fea4","24 South Grest George's St"
"__export__.res_partner_1572_87bf5297","Golden Grain","Dublin 5","base.user_admin","2022-02-23 15:56:58","","Multi Price","__export__.product_pricelist_44_2530682a","151 Killester Ave"
"__export__.res_partner_879_f0cbfa10","Golden Palace D9","Dublin 9","base.user_admin","2021-05-29 14:47:43","黄金阁-D9","Default Price","__export__.product_pricelist_35_a4a5fea4","89 swords road "
"__export__.res_partner_880_6e2f3d5b","Golden Palace Maynooth","maynooth","base.user_admin","2021-05-29 14:47:43","黄金阁 Maynooth","Default Price","__export__.product_pricelist_44_2530682a","meadowbrook ave"
"__export__.res_partner_881_8bf2d645","Golden Season Ltd","D1","base.user_admin","2021-05-29 14:47:43","馨香禾","Multi Price","product.list0","SUMMERHILL"
"__export__.res_partner_1997_e2b69718","Golden Sheep celbridge","Celbridge","__export__.res_users_14_42108d61","2024-02-06 10:33:17","","Multi Price","__export__.product_pricelist_44_2530682a","4 Main Street"
"__export__.res_partner_882_74bc02b3","Golden Sky","Leixlip","base.user_admin","2021-05-29 14:47:43","祝福","Multi Price","product.list0","9 captains Hill "
"__export__.res_partner_2276_0cc5de73","Golden Valley Chinese Takeaway","Dublin","__export__.res_users_10_962e2fe2","2025-01-06 08:32:33","","Multi Price","__export__.product_pricelist_44_2530682a","Unit 2a, Rathcoole Shopping Centre, Main St, Rathcoole"
"__export__.res_partner_1855_cb9cd4f0","Golden Village Enfield","","__export__.res_users_7_ace94875","2023-04-04 17:18:33","","Multi Price","__export__.product_pricelist_89_fedc9957","Unit 3 & 4, Johnstown Rd, Johnstown, Enfield, Co. Meath"
"__export__.res_partner_884_82cd1d83","Golden Wok Balbriggan","Ballbriggan","base.user_admin","2021-05-29 14:47:43","闽江","Default Price","__export__.product_pricelist_67_0ef00f83","65 dublin ST"
"__export__.res_partner_2317_ca89330c","Golden Wok Longford","","__export__.res_users_14_42108d61","2025-03-05 09:28:57","","Multi Price","__export__.product_pricelist_89_fedc9957","3 Clonguish Ct, Townparks,"
"__export__.res_partner_2051_6af4c1a8","Golden Wok Lusk","","__export__.res_users_22_942f71e3","2024-04-24 16:30:22","","Multi Price","__export__.product_pricelist_74_8ceded1a","station road"
"__export__.res_partner_2411_6f1f5aa7","Golden Wok Townparks","","__export__.res_users_7_ace94875","2025-07-02 08:28:32","","Multi Price","__export__.product_pricelist_89_fedc9957",""
"__export__.res_partner_1573_d92e6bfe","Golden-China take away","","base.user_admin","2022-02-23 15:56:58","","Multi Price","__export__.product_pricelist_74_8ceded1a","69 Main Street "
"__export__.res_partner_885_7bde0905","Gongfu D7","D7","base.user_admin","2021-05-29 14:47:43","功夫","Multi Price","product.list0","phibsboro centre"
"__export__.res_partner_2565_53a13714","Good Days Mullingar","","__export__.res_users_7_ace94875","2026-06-02 10:05:30","","Default Price","__export__.product_pricelist_35_a4a5fea4","Unit 6, Castle St, Mullingar, Co. Westmeath,"
"__export__.res_partner_886_6157e76f","Good Fortune","Dublin 5","base.user_admin","2021-05-29 14:47:43","万利","Multi Price","product.list0","UNIT 5 GREENDALE SHOPPING CENTRE"
"__export__.res_partner_887_b339801b","Good Luck","D8","base.user_admin","2021-05-29 14:47:43","好世界","Multi Price","product.list0","37 emmet rd, dublin southside"
"__export__.res_partner_2393_be4e95b4","Good View Chinese","","__export__.res_users_22_942f71e3","2025-06-07 11:58:59","","Default Price","product.list0","Main St. Robertstown"
"__export__.res_partner_888_645ec216","Good World","D2","base.user_admin","2021-05-29 14:47:43","好世界","Multi Price","product.list0","18 south great george street"
"__export__.res_partner_889_d75314b8","Gourmet Kitchen D9","D9","base.user_admin","2021-05-29 14:47:43","","Multi Price","__export__.product_pricelist_44_2530682a","404 collins avenue,whitehall"
"__export__.res_partner_2260_aed7cea2","Gourmet inn Newbridge","","__export__.res_users_10_962e2fe2","2024-11-21 17:19:38","","Multi Price","__export__.product_pricelist_44_2530682a",""
"__export__.res_partner_890_dcbfe8e8","Graces Garden","Dublin 18","base.user_admin","2021-05-29 14:47:43","百花村","Multi Price","__export__.product_pricelist_44_2530682a","Brady's Pub"
"__export__.res_partner_2392_6c233380","Great Inn","","__export__.res_users_14_42108d61","2025-06-05 14:31:51","","Multi Price","product.list0","Moorefield Road"
"__export__.res_partner_891_c0cc8e85","Great Wall Blackrock","Blackrock","base.user_admin","2021-05-29 14:47:43","长城","Multi Price","__export__.product_pricelist_44_2530682a","32 Temple Rd, Dublin Southside"
"__export__.res_partner_893_668d3240","Great Wall House","","base.user_admin","2021-05-29 14:47:43","","Multi Price","product.list0","180 Crumlin Rd"
"__export__.res_partner_1766_b5865f7b","Green Cottage Chen Ltd","malahide","__export__.res_users_7_ace94875","2022-10-13 11:01:16","","Default Price","__export__.product_pricelist_44_2530682a","townyard lane"
"__export__.res_partner_895_f521d061","Green Island Super Market","Dublin 1","base.user_admin","2021-05-29 14:47:43","","Multi Price","product.list0","O'conell ST. Upper"
"__export__.res_partner_2319_7b8044dc","Green Mango & Summer Inn D14","Dublin 14","__export__.res_users_14_42108d61","2025-03-10 10:19:28","","Default Price","__export__.product_pricelist_33_b38fc797","51 Main St,"
"__export__.res_partner_2335_deaccdc9","Green Mango & Summer Inn D5","Dublin 5","__export__.res_users_10_962e2fe2","2025-03-31 09:35:34","","Default Price","","25A Malahide Road,"
"__export__.res_partner_2238_509cf283","Green Mango & Summer Inn Lucan","Lucan","__export__.res_users_14_42108d61","2024-10-14 09:12:41","","Default Price","__export__.product_pricelist_33_b38fc797","Sarsfield House Chapel Hill"
"__export__.res_partner_2239_187fc3fe","Green Mango & Summer Inn Sandyford","Dublin 18","__export__.res_users_14_42108d61","2024-10-15 14:29:10","","Default Price","__export__.product_pricelist_33_b38fc797","Beacon South Quarter"
"__export__.res_partner_2241_a1a87689","Gringo's Cantina","","__export__.res_users_14_42108d61","2024-10-25 10:44:31","","Multi Price","__export__.product_pricelist_35_a4a5fea4","119 Broombridge Close, Glasnevin"
"__export__.res_partner_896_1f0536e6","Guang","D18","base.user_admin","2021-05-29 14:47:43","","Multi Price","__export__.product_pricelist_44_2530682a","D18"
"__export__.res_partner_2278_09b6d1cb","Guangdong Yuesheng Houseware Technology","","__export__.res_users_22_942f71e3","2025-01-11 09:41:31","","Default Price","product.list0",""
"__export__.res_partner_897_2aafd3b3","Gw Blackrock","BLACKROCK","base.user_admin","2021-05-29 14:47:43","","Multi Price","__export__.product_pricelist_44_2530682a","BLACKROCK"
"__export__.res_partner_1969_c98688f7","H&A Foil","Meath","__export__.res_users_22_942f71e3","2023-11-02 13:00:45","","Multi Price","product.list0","Elmgrove Farm"
"__export__.res_partner_1581_3c31f74e","H&F EDEN","","base.user_admin","2022-02-23 15:56:58","","Multi Price","__export__.product_pricelist_44_2530682a",""
"__export__.res_partner_1693_6f1cd34d","H&K Great Wall LTD","Co. Kildare","__export__.res_users_9_d71ce4f4","2022-06-25 10:26:05","","Multi Price","__export__.product_pricelist_44_2530682a","2 Maddenstown Rd"
"__export__.res_partner_2332_44e6f1b7","H.A.O Limited","","__export__.res_users_9_d71ce4f4","2025-03-25 20:03:12","","Default Price","product.list0","80-84 Donegall pass"
"__export__.res_partner_900_4ccd3335","H.lawlor & Co. LTD.","","base.user_admin","2021-05-29 14:47:43","","Multi Price","product.list0",""
"__export__.res_partner_1448_38a4adab","H.lawlor & Co. LTD.","","base.user_admin","2021-10-28 21:58:13","","Multi Price","product.list0",""
"__export__.res_partner_901_69e6f3b2","HAI AN XIAN","","base.user_admin","2021-05-29 14:47:43","","Multi Price","product.list0",""
"__export__.res_partner_908_0792333d","HAO HAO-ash","","base.user_admin","2021-05-29 14:47:43","","Multi Price","product.list0",""
"__export__.res_partner_909_a5a1c92b","HAO NIAN HUA","","base.user_admin","2021-05-29 14:47:43","","Multi Price","product.list0",""
"__export__.res_partner_2385_e546677e","HDL D1","","__export__.res_users_14_42108d61","2025-05-22 07:43:19","","Multi Price","__export__.product_pricelist_35_a4a5fea4",""
"__export__.res_partner_1639_f1b43136","HE BIAN m8","Clonmel","__export__.res_users_8_fb87432d","2022-04-27 08:11:50","","Default Price","__export__.product_pricelist_98_2659323d",""
"__export__.res_partner_2492_fc797953","HERMANN Commerce GmbH","","__export__.res_users_14_42108d61","2025-11-21 10:01:16","","Default Price","","Mercatorstrabe 1B"
"__export__.res_partner_2070_3c32ffa1","HI Greystones","","__export__.res_users_10_962e2fe2","2024-06-10 12:39:58","","Multi Price","__export__.product_pricelist_44_2530682a",""
"__export__.res_partner_2128_2c3f36a0","HJ&T D3","","__export__.res_users_10_962e2fe2","2024-06-11 11:56:31","","Multi Price","__export__.product_pricelist_44_2530682a",""
"__export__.res_partner_2195_dd9ae47b","HK D9","","__export__.res_users_10_962e2fe2","2024-06-21 09:20:01","","Multi Price","__export__.product_pricelist_35_a4a5fea4",""
"__export__.res_partner_2076_36f067c3","HKK","","__export__.res_users_10_962e2fe2","2024-06-10 13:10:09","","Multi Price","__export__.product_pricelist_44_2530682a",""
"__export__.res_partner_2343_b0acaf11","HLJ","","__export__.res_users_14_42108d61","2025-04-08 07:55:55","","Default Price","product.list0",""
"__export__.res_partner_2129_bb086254","HU D12","","__export__.res_users_10_962e2fe2","2024-06-11 12:07:30","","Multi Price","__export__.product_pricelist_44_2530682a",""
"__export__.res_partner_922_655b6ee1","HU NAN Restaurant dundrum","dublin 14","base.user_admin","2021-05-29 14:47:43","上海","Multi Price","product.list0",""
"__export__.res_partner_930_0390e98f","HX46 Cafe D16","Dublin 16","base.user_admin","2021-05-29 14:47:43","","Multi Price","product.list0","unit 4 Eden Centre"
"__export__.res_partner_2197_fb4cf5a0","HXBEH Portloaise","","__export__.res_users_10_962e2fe2","2024-06-21 09:22:15","","Multi Price","__export__.product_pricelist_44_2530682a",""
"__export__.res_partner_2457_a7779e5e","Hai Asian Cuisine","Cavan","__export__.res_users_22_942f71e3","2025-09-23 09:36:57","","Default Price","__export__.product_pricelist_44_2530682a","Main Street Virginia"
"__export__.res_partner_902_081ecc25","Hai Di Lao","D1","base.user_admin","2021-05-29 14:47:43","海底捞","Multi Price","__export__.product_pricelist_35_a4a5fea4","102 PARNELL"
"__export__.res_partner_904_20068428","Hakka","MONAGHAN","base.user_admin","2021-05-29 14:47:43","","Multi Price","__export__.product_pricelist_44_2530682a","78 GLASLOUGH ST"
"__export__.res_partner_907_99000eb5","Han yang Court","D1","base.user_admin","2021-05-29 14:47:43","潮福城","Multi Price","__export__.product_pricelist_44_2530682a","103 Parnell ST."
"__export__.res_partner_1357_8cc73b25","Hanhua Lin","","base.user_admin","2021-10-26 15:08:49","","Default Price","product.list0",""
"__export__.res_partner_2367_b14556df","Hanhua Lin (copy)","","base.user_admin","2025-05-05 17:46:58","","Default Price","product.list0",""
"__export__.res_partner_1577_224dd31f","Hansung","dublin 1","base.user_admin","2022-02-23 15:56:58","Asian Super Market","Multi Price","__export__.product_pricelist_111_4d14d23c","22 Great Strand ST"
"__export__.res_partner_2404_9b7da869","Happy Bird Food and Beverage LTD","","__export__.res_users_10_962e2fe2","2025-06-16 11:00:01","","Multi Price","__export__.product_pricelist_35_a4a5fea4",""
"__export__.res_partner_1578_2e91c764","Harbour Lights","Dublin 24","base.user_admin","2022-02-23 15:56:58","","Multi Price","__export__.product_pricelist_44_2530682a","Unit8,Castleymon Shopping Centre,"
"__export__.res_partner_1621_5c289239","Haruki Japanese & Thai Restaurant","Dublin 2","__export__.res_users_7_ace94875","2022-04-23 14:27:30","","Multi Price","__export__.product_pricelist_89_fedc9957","30 Richmond St S, Saint Kevin's, Dublin 2,"
"__export__.res_partner_1579_d86b0c07","Hasu Izakaya-Greystones","Greystones","base.user_admin","2022-02-23 15:56:58","","Multi Price","__export__.product_pricelist_44_2530682a","First Floor of Burnaby Bar"
"__export__.res_partner_911_2142e30f","Hasu Japanese & Thai-D3","Dublin 3","base.user_admin","2021-05-29 14:47:43","","Multi Price","__export__.product_pricelist_44_2530682a","13 malahide Rd"
"__export__.res_partner_2209_973e009a","Haveli Indian Cuisine","","__export__.res_users_18_297f6f55","2024-07-11 09:02:21","","Multi Price","__export__.product_pricelist_89_fedc9957","18 drumcondra Rd"
"__export__.res_partner_1580_114248c1","Hayashi Cuisine","","base.user_admin","2022-02-23 15:56:58","","Multi Price","__export__.product_pricelist_44_2530682a","3 Jkl Street "
"__export__.res_partner_2318_ba09eff3","Healy Group","","__export__.res_users_22_942f71e3","2025-03-06 17:05:30","","Default Price","product.list0",""
"__export__.res_partner_1863_28636474","Heebs","","__export__.res_users_18_297f6f55","2023-04-22 22:31:46","","Multi Price","product.list0",""
"__export__.res_partner_1784_0f0d26fc","Hei.GaGa","","__export__.res_users_10_962e2fe2","2022-12-31 07:49:54","","Multi Price","__export__.product_pricelist_51_1b1fa6e3","46 47O'Connell Street Upper,"
"__export__.res_partner_2539_f9f00cf9","Heisenberg's Kitchen","D15 XW7K","__export__.res_users_14_42108d61","2026-04-21 16:20:56","","Multi Price","__export__.product_pricelist_44_2530682a","In, Opposite RCCG, Kings Court,"
"__export__.res_partner_912_4d2d3eaa","Henghui Super Market","D1","base.user_admin","2021-05-29 14:47:43","恒辉","Multi Price","__export__.product_pricelist_44_2530682a","capel st. dublin 1"
"__export__.res_partner_1447_a3d76c64","Herman Kuijper BV","","base.user_admin","2021-10-28 21:58:13","","Multi Price","product.list0",""
"__export__.res_partner_913_f49eb28a","Herman Kuijper BV","","base.user_admin","2021-05-29 14:47:43","","Multi Price","__export__.product_pricelist_44_2530682a",""
"__export__.res_partner_2469_dfc38472","Heuschen & Schrouff Oriental Food Trading","","__export__.res_users_14_42108d61","2025-10-22 11:49:02","","Default Price","","P.O. Box 30202"
"__export__.res_partner_1917_c1a7ac35","Hi Grill Cafe","","__export__.res_users_14_42108d61","2023-08-21 15:34:06","","Default Price","product.list0","unit 5, Oakfield Industrial Estate,"
"__export__.res_partner_914_23da4f41","Hidden Dojo","Dublin","base.user_admin","2021-05-29 14:47:43","","Multi Price","__export__.product_pricelist_44_2530682a","47A,Phibsborough Rd"
"__export__.res_partner_1576_8c8f7051","Hilan Chinese&Korean Restaurant D1","Dublin 1","base.user_admin","2022-02-23 15:56:58","海兰江","Multi Price","__export__.product_pricelist_35_a4a5fea4","45 Capel ST."
"__export__.res_partner_2322_8701dd9b","Hispa Group","","__export__.res_users_22_942f71e3","2025-03-12 12:09:48","","Default Price","product.list0",""
"__export__.res_partner_2321_210ffdcb","Hispa Group","","__export__.res_users_22_942f71e3","2025-03-11 12:39:06","","Default Price","product.list0",""
"__export__.res_partner_915_f1f68094","Hit The Spot (COD)","Rathmines","base.user_admin","2021-05-29 14:47:43","C.O.D","Multi Price","__export__.product_pricelist_44_2530682a","139 Rathmines Rd Lower, Dublin Southside"
"__export__.res_partner_2412_f3fee53b","Hoi Wun-Finglas","","__export__.res_users_7_ace94875","2025-07-04 11:36:30","","Default Price","product.list0","48 Main St, Finglas East, Dublin 11, D11 TCC9"
"__export__.res_partner_2506_fed154c9","Home Deal","Dublin","__export__.res_users_10_962e2fe2","2026-01-14 11:57:48","","Multi Price","__export__.product_pricelist_109_9197c5c2","24 Ranelagh, Dublin, D06 N8A0"
"__export__.res_partner_2242_b5279b1f","Home Sweet Home","","__export__.res_users_14_42108d61","2024-10-29 21:54:23","","Multi Price","__export__.product_pricelist_89_fedc9957","Rear, 17 Chapel Lane"
"__export__.res_partner_1644_152d2e63","Hometown Cuisine","","__export__.res_users_14_42108d61","2022-04-27 08:59:05","","Default Price","product.list0","14A market street"
"__export__.res_partner_916_c091d993","Hong Hop D22","D22","base.user_admin","2021-05-29 14:47:43","","Multi Price","__export__.product_pricelist_44_2530682a","5a Newsland cross shopping centre"
"__export__.res_partner_917_5e44cd7e","Hong Kee","Dublin 9","base.user_admin","2021-05-29 14:47:43","0873391999","Multi Price","__export__.product_pricelist_35_a4a5fea4","13 PROSPECT ROAD"
"__export__.res_partner_918_2f7fb42e","Hong Kong Kitchen","Dublin 14","base.user_admin","2021-05-29 14:47:43","金港","Default Price","__export__.product_pricelist_74_8ceded1a","2 Beaumont Ave."
"__export__.res_partner_1360_c6a99ca9","Hong Xia","","base.user_admin","2021-10-26 15:11:14","","Default Price","product.list0",""
"__export__.res_partner_2137_c7bc6f99","HongTu M8","","__export__.res_users_18_297f6f55","2024-06-11 17:34:43","","Multi Price","__export__.product_pricelist_89_fedc9957",""
"__export__.res_partner_2368_4f147ca9","Hongyang Dong","","base.user_admin","2025-05-05 17:50:23","","Default Price","product.list0",""
"__export__.res_partner_920_5db42f04","Honkaku-D12","Dublin 12","base.user_admin","2021-05-29 14:47:43","","Multi Price","__export__.product_pricelist_44_2530682a","189 kimmage Rd"
"__export__.res_partner_921_386f17af","Hop House","D1","base.user_admin","2021-05-29 14:47:43","kimchi","Multi Price","__export__.product_pricelist_44_2530682a","160 parnell street"
"__export__.res_partner_1924_2ef9659e","Hosea Hoo","","base.user_admin","2023-09-07 10:58:03","","Default Price","product.list0",""
"__export__.res_partner_2218_6c64adc3","Host Chinese Takeaway","","__export__.res_users_10_962e2fe2","2024-08-15 09:41:16","","Multi Price","__export__.product_pricelist_44_2530682a","Weaver's Row, Clonsilla Rd, Clonsilla, Dublin 15"
"__export__.res_partner_2041_ee3f7fe6","Hu Bo Ge Mullingar","","__export__.res_users_10_962e2fe2","2024-04-05 12:41:48","","Multi Price","__export__.product_pricelist_89_fedc9957",""
"__export__.res_partner_1486_c96e559e","Hua Di","","base.user_admin","2022-01-26 15:01:11","","Default Price","product.list0",""
"__export__.res_partner_923_ea9ce963","Huaying Limited","London","base.user_admin","2021-05-29 14:47:43","","Multi Price","__export__.product_pricelist_44_2530682a","G6 Orbital Business Park"
"__export__.res_partner_1449_3291b678","Huaying Limited","London","base.user_admin","2021-10-28 21:58:13","","Multi Price","product.list0","G6 Orbital Business Park"
"__export__.res_partner_925_9533fa54","Hui Huang","Mountrath","base.user_admin","2021-05-29 14:47:43","辉煌朝","Default Price","__export__.product_pricelist_39_f0d834bf","6 Shannon Street"
"__export__.res_partner_1960_8b4f2e40","Hui Xuan Bussines Emperors House","Portloaise","__export__.res_users_9_d71ce4f4","2023-10-18 17:00:49","","Multi Price","__export__.product_pricelist_44_2530682a","1ST Floor JFL House"
"__export__.res_partner_1487_38ccd593","Hui Zhang","","base.user_admin","2022-02-10 22:44:12","","Default Price","product.list0",""
"__export__.res_partner_926_69c369aa","Huikee","Inchoicore","base.user_admin","2021-05-29 14:47:43","","Multi Price","__export__.product_pricelist_44_2530682a","52 Bulfin road "
"__export__.res_partner_2419_e2111cb0","Hunan Spicy D2","","__export__.res_users_14_42108d61","2025-07-15 07:55:07","","Multi Price","__export__.product_pricelist_35_a4a5fea4","26 Westmoreland Street,"
"__export__.res_partner_927_2a5972fe","Hungwun Catering Ltd D15","Dublin 15","base.user_admin","2021-05-29 14:47:43","鸿运","Default Price","__export__.product_pricelist_33_b38fc797","unit M3"
"__export__.res_partner_2282_a29cdbf2","Hunt Office","","__export__.res_users_22_942f71e3","2025-02-08 10:48:04","","Default Price","product.list0",""
"__export__.res_partner_929_a9e18209","Hx 46 Cafe","D8","base.user_admin","2021-05-29 14:47:43","HX 46","Multi Price","__export__.product_pricelist_44_2530682a","46 HAROLD'S CROSS"
"__export__.res_partner_931_b84ef82b","Hx46 Goatstown","D14","base.user_admin","2021-05-29 14:47:43","D14 C.O.D","Multi Price","__export__.product_pricelist_44_2530682a","4 willowfield park, goatstown"
"__export__.res_partner_2224_5baee344","I'vie Cafe","","__export__.res_users_14_42108d61","2024-08-25 23:16:51","","Multi Price","__export__.product_pricelist_44_2530682a","105A Cabra Rd,"
"__export__.res_partner_2440_52827bf7","IB Greystone","","__export__.res_users_14_42108d61","2025-08-28 11:14:23","","Default Price","product.list0",""
"__export__.res_partner_2109_dab9fa5c","ICL Greystones","","__export__.res_users_10_962e2fe2","2024-06-11 11:30:26","","Multi Price","__export__.product_pricelist_44_2530682a",""
"__export__.res_partner_1738_e7cd467b","ID-Chang Li","","__export__.res_users_10_962e2fe2","2022-08-16 13:42:05","","Multi Price","__export__.product_pricelist_53_2f1f704f",""
"__export__.res_partner_1732_282490e7","ID-Christine Li","","__export__.res_users_9_d71ce4f4","2022-08-13 10:21:31","","Multi Price","__export__.product_pricelist_53_2f1f704f",""
"__export__.res_partner_1728_f5da8877","ID-HuaPing Luo","","__export__.res_users_10_962e2fe2","2022-08-06 14:02:28","","Multi Price","__export__.product_pricelist_52_1734c1a9",""
"__export__.res_partner_1743_a07c92ce","ID-JieWen Liu","","__export__.res_users_10_962e2fe2","2022-08-16 14:44:31","","Multi Price","__export__.product_pricelist_53_2f1f704f",""
"__export__.res_partner_1786_73c7ecf9","ID-Lifang","","__export__.res_users_14_42108d61","2023-01-07 12:32:10","","Multi Price","product.list0",""
"__export__.res_partner_1751_03383bca","ID-Likang Yin","","__export__.res_users_10_962e2fe2","2022-08-24 10:44:51","","Multi Price","__export__.product_pricelist_53_2f1f704f",""
"__export__.res_partner_1727_0d428c00","ID-Lu Sun","","__export__.res_users_10_962e2fe2","2022-08-06 11:49:47","","Multi Price","__export__.product_pricelist_53_2f1f704f",""
"__export__.res_partner_1742_062820aa","ID-ManJuan Zhao","","__export__.res_users_10_962e2fe2","2022-08-16 14:42:50","","Multi Price","__export__.product_pricelist_53_2f1f704f",""
"__export__.res_partner_1756_4e2a5463","ID-MeiXia Ye","","__export__.res_users_10_962e2fe2","2022-08-29 13:39:44","","Multi Price","__export__.product_pricelist_53_2f1f704f",""
"__export__.res_partner_1745_b02bdc86","ID-XinLin Chen","","__export__.res_users_10_962e2fe2","2022-08-16 14:47:13","","Multi Price","__export__.product_pricelist_53_2f1f704f",""
"__export__.res_partner_1740_8f253037","ID-Xu Zhong","","__export__.res_users_10_962e2fe2","2022-08-16 13:44:38","","Multi Price","__export__.product_pricelist_53_2f1f704f",""
"__export__.res_partner_1734_f000d447","ID-Xuehong Wang","","__export__.res_users_9_d71ce4f4","2022-08-13 11:02:04","","Multi Price","__export__.product_pricelist_53_2f1f704f",""
"__export__.res_partner_1741_bef5cc48","ID-Yang Li","","__export__.res_users_10_962e2fe2","2022-08-16 13:51:13","","Multi Price","__export__.product_pricelist_53_2f1f704f",""
"__export__.res_partner_1724_047dd9a1","ID-Yi Sui","","__export__.res_users_10_962e2fe2","2022-08-06 11:47:23","","Multi Price","__export__.product_pricelist_53_2f1f704f",""
"__export__.res_partner_1733_d2ddeb7b","ID-YuFeng Chen","","__export__.res_users_9_d71ce4f4","2022-08-13 10:23:29","","Multi Price","__export__.product_pricelist_53_2f1f704f",""
"__export__.res_partner_1725_c88a9118","ID-YunYun Liu","","__export__.res_users_10_962e2fe2","2022-08-06 11:48:23","","Multi Price","__export__.product_pricelist_53_2f1f704f",""
"__export__.res_partner_2206_ba5c2c07","IP Skerries","","__export__.res_users_18_297f6f55","2024-07-08 09:26:04","","Multi Price","__export__.product_pricelist_89_fedc9957",""
"__export__.res_partner_2405_dbb0aec0","Ibero Cebollas","","__export__.res_users_22_942f71e3","2025-06-16 16:09:06","","Default Price","product.list0",""
"__export__.res_partner_1582_2a53fed0","Ichiban Catering LTD Greystones","Greystones","base.user_admin","2022-02-23 15:56:58","","Multi Price","__export__.product_pricelist_44_2530682a","UNIT 1 Supervalu shopping centre"
"__export__.res_partner_1964_6b865b13","Ichiwa Sushi D1","","__export__.res_users_14_42108d61","2023-10-25 08:05:33","","Multi Price","product.list0","20 Lower Liffey Street"
"__export__.res_partner_933_dd31240d","India Gate Belgard","Tallaght","base.user_admin","2021-05-29 14:47:43","Tallaght C.O.D","Multi Price","__export__.product_pricelist_44_2530682a","Belgard road,(beside Windsor Nissan Motor)"
"__export__.res_partner_934_50ea074c","India House Lucan","LUCAN","base.user_admin","2021-05-29 14:47:43","","Multi Price","__export__.product_pricelist_44_2530682a","LUCAN"
"__export__.res_partner_2205_ca5c0563","Indian Palace Skerries","Dublin","__export__.res_users_10_962e2fe2","2024-07-08 08:31:59","","Multi Price","__export__.product_pricelist_89_fedc9957","24 Strand St, Townparks, Skerries"
"__export__.res_partner_935_c2a49de3","Indo Kitchen Naas","naas","base.user_admin","2021-05-29 14:47:43","NAAS","Multi Price","__export__.product_pricelist_44_2530682a","1a town cnetre, Dublin road"
"__export__.res_partner_2538_22389517","Indochina Rice Mill Limited","","__export__.res_users_22_942f71e3","2026-04-20 15:52:36","","Default Price","",""
"__export__.res_partner_1867_286ee01d","Ingredients","dublin 15","__export__.res_users_8_fb87432d","2023-05-01 13:52:02","","Multi Price","product.list0","unit 2 orion business campus"
"__export__.res_partner_936_31cd1c8b","Irene Zhongs","Carrickmacross , Co. Monaghan","base.user_admin","2021-05-29 14:47:43","钟氏美食","Multi Price","__export__.product_pricelist_44_2530682a","5 Farney ST"
"__export__.res_partner_2563_bf1a8785","Izumi Dining Limited Drumcondra","D09 YF84","__export__.res_users_8_fb87432d","2026-06-01 01:00:25","","Multi Price","__export__.product_pricelist_35_a4a5fea4","110 Drumcondra Rd Upper"
"__export__.res_partner_2509_d01aa094","Izushi Japanese Restaurant and Takeaway D2","D02 HD77","__export__.res_users_14_42108d61","2026-02-05 12:22:21","","Multi Price","__export__.product_pricelist_35_a4a5fea4","3-4 BEDFORD ROW"
"__export__.res_partner_937_dbeb38bd","J1","","base.user_admin","2021-05-29 14:47:43","","Multi Price","__export__.product_pricelist_44_2530682a",""
"__export__.res_partner_938_feda03f5","J2","North Dock, D2","base.user_admin","2021-05-29 14:47:43","J2","Multi Price","__export__.product_pricelist_44_2530682a","Unit A,The Campshires,, N Wall Quay"
"__export__.res_partner_939_74b08d0b","J2 Jervis","JERVIS SHOPPING CENTRE","base.user_admin","2021-05-29 14:47:43","jevis","Multi Price","__export__.product_pricelist_44_2530682a","JERVIS SHOPPING CENTRE"
"__export__.res_partner_1953_c997dcd9","J2 Sushi D4","","__export__.res_users_10_962e2fe2","2023-10-10 08:13:06","","Multi Price","__export__.product_pricelist_44_2530682a","9 Baggot Street Upper Dublin 4 D04 KW22"
"__export__.res_partner_941_349707c0","J2 Swords","swords","base.user_admin","2021-05-29 14:47:43","J2 swords","Multi Price","__export__.product_pricelist_44_2530682a","75 Main St"
"__export__.res_partner_942_cfa583c0","J2-CHQ","Dublin 1","base.user_admin","2021-05-29 14:47:43","","Multi Price","__export__.product_pricelist_44_2530682a","CHQ building"
"__export__.res_partner_2157_4e24a976","J2S","","__export__.res_users_10_962e2fe2","2024-06-12 14:59:47","","Multi Price","__export__.product_pricelist_44_2530682a",""
"__export__.res_partner_2165_b8e621d5","JB Thurles","","__export__.res_users_18_297f6f55","2024-06-14 10:45:24","","Default Price","__export__.product_pricelist_98_2659323d",""
"__export__.res_partner_1934_91538dc5","JFC Holland B.V","","__export__.res_users_14_42108d61","2023-09-26 11:36:48","","Multi Price","product.list0","Singaporestraat 5-7"
"__export__.res_partner_1903_a6741308","JFC(UK) LTD","","__export__.res_users_14_42108d61","2023-07-27 09:44:53","","Multi Price","product.list0","U4,Segro Industrial Park, North Hyde Gardens,Hayes"
"__export__.res_partner_952_6c7d6535","JG-M1","Rush","base.user_admin","2021-05-29 14:47:43","","Multi Price","__export__.product_pricelist_44_2530682a",""
"__export__.res_partner_1646_736a1e69","JIA XIANG m8","clonmel","__export__.res_users_8_fb87432d","2022-04-27 12:39:19","","Default Price","__export__.product_pricelist_89_fedc9957",""
"__export__.res_partner_955_454c03b4","JIA YUAN d15","dublin 15","base.user_admin","2021-05-29 14:47:43","","Multi Price","__export__.product_pricelist_44_2530682a",""
"__export__.res_partner_957_4ee62bae","JIN LONG-m7","","base.user_admin","2021-05-29 14:47:43","金龙","Default Price","__export__.product_pricelist_39_f0d834bf",""
"__export__.res_partner_959_1e34588d","JIN-M8","","base.user_admin","2021-05-29 14:47:43","","Default Price","__export__.product_pricelist_39_f0d834bf",""
"__export__.res_partner_1641_c1da5d96","JINBAO m8","Thurles","__export__.res_users_8_fb87432d","2022-04-27 08:32:11","","Default Price","__export__.product_pricelist_98_2659323d",""
"__export__.res_partner_2439_4f2c50b2","JINGTAI Limited","","__export__.res_users_22_942f71e3","2025-08-27 13:43:04","","Default Price","__export__.product_pricelist_44_2530682a","unit 1, 1/F，Kennedy Road, Kennedy Centre"
"__export__.res_partner_960_c0d416f0","JIU LONG-santry","D9","base.user_admin","2021-05-29 14:47:43","","Multi Price","__export__.product_pricelist_44_2530682a",""
"__export__.res_partner_2289_dca3de59","JJ Ramen Dun Laoghaire","","__export__.res_users_14_42108d61","2025-02-17 14:53:45","","Multi Price","__export__.product_pricelist_164_3e995869","13 George's Street Upper"
"__export__.res_partner_2309_ef552f8d","JJCR Athlone","","__export__.res_users_14_42108d61","2025-03-03 18:16:08","","Multi Price","__export__.product_pricelist_89_fedc9957",""
"__export__.res_partner_2351_6d3d508f","JJR","","__export__.res_users_14_42108d61","2025-04-16 13:09:25","","Default Price","product.list0",""
"__export__.res_partner_2133_f3d90b28","JK D12","","__export__.res_users_10_962e2fe2","2024-06-11 12:52:53","","Multi Price","__export__.product_pricelist_41_b1cf001b",""
"__export__.res_partner_2504_bfd87fdf","JKL Restaurant Limited","D07 F684","__export__.res_users_14_42108d61","2026-01-10 12:56:28","","Multi Price","","16 Stoneybatter"
"__export__.res_partner_963_bb20cca8","JR Greystone","","base.user_admin","2021-05-29 14:47:43","","Multi Price","__export__.product_pricelist_44_2530682a",""
"__export__.res_partner_1798_04c83404","JRN M7","","__export__.res_users_7_ace94875","2023-01-11 22:00:04","","Multi Price","product.list0",""
"__export__.res_partner_1719_c03187d0","JS-Alan","","__export__.res_users_10_962e2fe2","2022-08-02 12:09:40","","Multi Price","__export__.product_pricelist_52_1734c1a9",""
"__export__.res_partner_1723_7f12df0c","JS-Andrius","","__export__.res_users_10_962e2fe2","2022-08-02 12:12:24","","Multi Price","__export__.product_pricelist_52_1734c1a9",""
"__export__.res_partner_1722_bf94f3ef","JS-Auris","","__export__.res_users_10_962e2fe2","2022-08-02 12:11:46","","Multi Price","__export__.product_pricelist_52_1734c1a9",""
"__export__.res_partner_1767_c7cbe89c","JS-Charles","","__export__.res_users_10_962e2fe2","2022-10-17 10:22:14","","Multi Price","__export__.product_pricelist_52_1734c1a9",""
"__export__.res_partner_1712_a8103bec","JS-DunRui Liu","","__export__.res_users_10_962e2fe2","2022-08-02 12:06:39","","Multi Price","__export__.product_pricelist_52_1734c1a9",""
"__export__.res_partner_2451_83994f2f","JS-Elwin","","__export__.res_users_22_942f71e3","2025-09-11 11:52:18","","Default Price","__export__.product_pricelist_52_1734c1a9",""
"__export__.res_partner_1714_3f4634d9","JS-En Wang","","__export__.res_users_10_962e2fe2","2022-08-02 12:07:27","","Multi Price","__export__.product_pricelist_52_1734c1a9",""
"__export__.res_partner_1735_6c314f5c","JS-Feng Wang","","__export__.res_users_10_962e2fe2","2022-08-16 13:27:05","","Multi Price","__export__.product_pricelist_52_1734c1a9",""
"__export__.res_partner_1755_8b2a8585","JS-Hanhua Lin","","__export__.res_users_10_962e2fe2","2022-08-25 15:26:41","","Multi Price","__export__.product_pricelist_52_1734c1a9",""
"__export__.res_partner_1823_d79c25ab","JS-HongXing Dong","","__export__.res_users_10_962e2fe2","2023-03-01 09:23:37","","Multi Price","__export__.product_pricelist_52_1734c1a9",""
"__export__.res_partner_1705_6ff4896d","JS-HuaDi Ou","","__export__.res_users_10_962e2fe2","2022-08-02 11:53:34","","Multi Price","__export__.product_pricelist_52_1734c1a9",""
"__export__.res_partner_1746_df2cf688","JS-Jialei Yin","","__export__.res_users_10_962e2fe2","2022-08-16 15:32:50","","Multi Price","__export__.product_pricelist_52_1734c1a9",""
"__export__.res_partner_1736_2c6c52a4","JS-KokMei How","","__export__.res_users_10_962e2fe2","2022-08-16 13:27:38","","Multi Price","__export__.product_pricelist_52_1734c1a9",""
"__export__.res_partner_1726_92c0822d","JS-KokYee How","","__export__.res_users_10_962e2fe2","2022-08-06 11:49:22","","Multi Price","__export__.product_pricelist_52_1734c1a9",""
"__export__.res_partner_1716_f24e4ee6","JS-Libao Duan","","__export__.res_users_10_962e2fe2","2022-08-02 12:08:22","","Multi Price","__export__.product_pricelist_52_1734c1a9",""
"__export__.res_partner_1739_51f05407","JS-LiuQing Chen","","__export__.res_users_10_962e2fe2","2022-08-16 13:43:58","","Multi Price","__export__.product_pricelist_52_1734c1a9",""
"__export__.res_partner_1718_79af95cf","JS-Mei Chen","","__export__.res_users_10_962e2fe2","2022-08-02 12:09:18","","Multi Price","__export__.product_pricelist_52_1734c1a9",""
"__export__.res_partner_1708_836c4050","JS-Min Zhang","","__export__.res_users_10_962e2fe2","2022-08-02 12:03:52","","Multi Price","__export__.product_pricelist_52_1734c1a9",""
"__export__.res_partner_1713_a49a7776","JS-Ming Shi","","__export__.res_users_10_962e2fe2","2022-08-02 12:07:08","","Multi Price","__export__.product_pricelist_52_1734c1a9",""
"__export__.res_partner_1744_2dd03a71","JS-Monica","","__export__.res_users_10_962e2fe2","2022-08-16 14:45:51","","Multi Price","__export__.product_pricelist_52_1734c1a9",""
"__export__.res_partner_1717_f2a9585c","JS-Susan","","__export__.res_users_10_962e2fe2","2022-08-02 12:09:01","","Multi Price","__export__.product_pricelist_52_1734c1a9",""
"__export__.res_partner_1720_05ffb6db","JS-Weidi Chen","","__export__.res_users_10_962e2fe2","2022-08-02 12:10:26","","Multi Price","__export__.product_pricelist_52_1734c1a9",""
"__export__.res_partner_1721_647774ff","JS-Wit","","__export__.res_users_10_962e2fe2","2022-08-02 12:11:28","","Multi Price","__export__.product_pricelist_52_1734c1a9",""
"__export__.res_partner_1709_45e6d119","JS-Xia Hong","","__export__.res_users_10_962e2fe2","2022-08-02 12:04:16","","Multi Price","__export__.product_pricelist_52_1734c1a9",""
"__export__.res_partner_1715_cd979d6f","JS-XiaoLin Liu","","__export__.res_users_10_962e2fe2","2022-08-02 12:07:52","","Multi Price","__export__.product_pricelist_52_1734c1a9",""
"__export__.res_partner_1754_71090015","JS-Xiaohui Weng","","__export__.res_users_10_962e2fe2","2022-08-25 15:22:46","","Multi Price","__export__.product_pricelist_52_1734c1a9",""
"__export__.res_partner_1800_ec43ac85","JS-XiuMei Chen","","__export__.res_users_10_962e2fe2","2023-01-14 12:07:18","","Multi Price","__export__.product_pricelist_52_1734c1a9",""
"__export__.res_partner_1737_0ab6a16f","JS-XueMei Weng","","__export__.res_users_10_962e2fe2","2022-08-16 13:41:17","","Multi Price","__export__.product_pricelist_52_1734c1a9",""
"__export__.res_partner_1711_c48cac44","JS-YaNan Zhou","","__export__.res_users_10_962e2fe2","2022-08-02 12:05:58","","Multi Price","__export__.product_pricelist_52_1734c1a9",""
"__export__.res_partner_1753_e5e5e347","JS-Yunzhi Yang","","__export__.res_users_10_962e2fe2","2022-08-25 15:21:50","","Multi Price","__export__.product_pricelist_52_1734c1a9",""
"__export__.res_partner_2459_4788fb8d","JS-joshua","","__export__.res_users_22_942f71e3","2025-09-25 14:59:10","","Default Price","__export__.product_pricelist_52_1734c1a9",""
"__export__.res_partner_964_1c9d55fb","JU LONG XUAN","navan","base.user_admin","2021-05-29 14:47:43","","Multi Price","__export__.product_pricelist_44_2530682a",""
"__export__.res_partner_965_4505bf5f","JU LONG XUAN-N3","N3","base.user_admin","2021-05-29 14:47:43","","Multi Price","__export__.product_pricelist_44_2530682a",""
"__export__.res_partner_2458_a35b8347","JUJUBE ASIAN LTD","","__export__.res_users_22_942f71e3","2025-09-25 07:54:47","","Default Price","__export__.product_pricelist_44_2530682a","church RD Wicklow"
"__export__.res_partner_1637_f09bc375","JUMBO thurles","Thurles","__export__.res_users_8_fb87432d","2022-04-27 07:30:22","","Default Price","__export__.product_pricelist_98_2659323d","Parnell ST."
"__export__.res_partner_1993_73c0324f","JUST PACKAGING","dublin 17","__export__.res_users_8_fb87432d","2024-01-29 11:33:21","","Default Price","product.list0","kinsealy garden centre"
"__export__.res_partner_2002_8df6efd6","JUSTIN's Florist","Dublin 15","__export__.res_users_8_fb87432d","2024-02-28 09:49:52","","Multi Price","product.list0","Marian House, Main St"
"__export__.res_partner_1730_0c435968","Jaces afro shop","","__export__.res_users_10_962e2fe2","2022-08-09 16:55:31","","Default Price","product.list0","Unit 4a adamstown industrial estate adamstown lucan"
"__export__.res_partner_943_f5f78ad6","Jade Garden-Bray","","base.user_admin","2021-05-29 14:47:43","","Multi Price","__export__.product_pricelist_44_2530682a",""
"__export__.res_partner_944_15617010","Jade Palace Rathnew","Rathnew","base.user_admin","2021-05-29 14:47:43","Rathnew","Multi Price","__export__.product_pricelist_44_2530682a","Rockville house"
"__export__.res_partner_945_acf591c0","Jade Palace-Applewood","swords","base.user_admin","2021-05-29 14:47:43","applewood","Default Price","__export__.product_pricelist_94_fbc6ea0d","applewood village"
"__export__.res_partner_946_bccadc5d","Jade Royal Greystone","greystone","base.user_admin","2021-05-29 14:47:43","","Multi Price","__export__.product_pricelist_44_2530682a","1 super value shopping center "
"__export__.res_partner_947_f899e93a","Jamaal 5 In 1","D8","base.user_admin","2021-05-29 14:47:43","C.O.D","Multi Price","__export__.product_pricelist_44_2530682a","124 inchicore"
"__export__.res_partner_2502_7b92f574","Janny Summer Inn LTD","Dublin 22","__export__.res_users_22_942f71e3","2025-12-31 12:36:30","","Default Price","__export__.product_pricelist_33_b38fc797","Green Isle Business Park,"
"__export__.res_partner_1583_c3248aba","Jardin Royal Newbridge","newbridge","base.user_admin","2022-02-23 15:56:58","newbridge","Multi Price","__export__.product_pricelist_44_2530682a","Main street"
"__export__.res_partner_949_57ef7936","Jaru Food Ltd","D1","base.user_admin","2021-05-29 14:47:43","korean","Multi Price","__export__.product_pricelist_44_2530682a","161 Ivy Exchange Granby Place"
"__export__.res_partner_950_1821b9c1","Jasmine House-Bray","","base.user_admin","2021-05-29 14:47:43","","Multi Price","__export__.product_pricelist_44_2530682a","85 main st Bray"
"__export__.res_partner_951_7495bf44","Jasmine shop","galway","base.user_admin","2021-05-29 14:47:43","","Multi Price","__export__.product_pricelist_124_6a0bf120",""
"__export__.res_partner_1584_5398bec8","Jazz Chinese Restaurant","","base.user_admin","2022-02-23 15:56:58","","Multi Price","__export__.product_pricelist_44_2530682a","Coolock Village Shopping Center"
"__export__.res_partner_953_4d3ba95d","Jia Hua","","base.user_admin","2021-05-29 14:47:43","","Multi Price","__export__.product_pricelist_44_2530682a",""
"__export__.res_partner_2313_a79188fd","Jia Jia Chinese Restaurant Athlone","","__export__.res_users_14_42108d61","2025-03-04 17:30:28","","Multi Price","__export__.product_pricelist_89_fedc9957","McCormack Centre, 43 Brideswell Street, Ankers Bower,"
"__export__.res_partner_954_c4c0df31","Jia Jia Market-cork","cork","base.user_admin","2021-05-29 14:47:43","hua","Multi Price","__export__.product_pricelist_123_cc130f55","T12 DR67"
"__export__.res_partner_1815_d74d3967","Jialei Yin","","base.user_admin","2023-02-07 14:52:28","","Default Price","product.list0",""
"__export__.res_partner_1992_01ee85cf","Jim Franey Ltd","","__export__.res_users_14_42108d61","2024-01-25 09:32:28","","Default Price","product.list0","Unit A montone Bussiness Park"
"__export__.res_partner_2031_c602cb1e","Jin Cheng D17","","__export__.res_users_10_962e2fe2","2024-04-05 12:01:38","","Multi Price","__export__.product_pricelist_33_b38fc797",""
"__export__.res_partner_2034_67972f02","Jin Yang Celbridge","","__export__.res_users_10_962e2fe2","2024-04-05 12:08:01","","Multi Price","__export__.product_pricelist_44_2530682a",""
"__export__.res_partner_2130_b6b8b31f","Jin cheng D5","","__export__.res_users_10_962e2fe2","2024-06-11 12:08:23","","Multi Price","__export__.product_pricelist_33_b38fc797",""
"__export__.res_partner_958_7234da98","Jingjie rush","rush","base.user_admin","2021-05-29 14:47:43","rush","Multi Price","__export__.product_pricelist_44_2530682a","rush"
"__export__.res_partner_2397_e9ebafd6","Jodal Limited","United Kingdom","__export__.res_users_14_42108d61","2025-06-10 19:49:13","","Default Price","product.list0","U2 Falconer Rd, Haverhill ,"
"__export__.res_partner_961_337931b0","John'S Kitchen","kimmage , D12","base.user_admin","2021-05-29 14:47:43","阿伟","Multi Price","__export__.product_pricelist_41_b1cf001b","35 ravensdale park "
"base.main_partner","Johnstone Fruit & Veg Ltd","Dublin11, D11 C3NX","","2021-01-26 21:02:24","","Default Price","product.list0","141 slaney close"
"__export__.res_partner_1585_f10ddf37","Jojo's Chinese Restaurant","","base.user_admin","2022-02-23 15:56:58","","Multi Price","__export__.product_pricelist_44_2530682a","105 Parnell St"
"__export__.res_partner_1975_046fe63f","Jose Guzman","MADRID","base.user_root","2023-11-27 19:39:05","","Default Price","product.list0","Calle de Manuel Tovar, 28."
"__export__.res_partner_962_3604a165","Joyous Garden Rush","RUSH","base.user_admin","2021-05-29 14:47:43","ALL BEST","Multi Price","__export__.product_pricelist_44_2530682a","OLD ROAD"
"__export__.res_partner_1847_6699f3a2","Jumbo HQSC Ltd","","__export__.res_users_14_42108d61","2023-03-30 09:40:06","","Default Price","product.list0","Kilbelin, Moorefield"
"__export__.res_partner_966_906c2cfc","Jumbo Wok Glasnevin","d11","base.user_admin","2021-05-29 14:47:43","","Multi Price","__export__.product_pricelist_44_2530682a","8 Fitzmaurice Rd"
"__export__.res_partner_967_f91f4928","Jumbo Wok-kimmage","dublin 12","base.user_admin","2021-05-29 14:47:43","","Multi Price","__export__.product_pricelist_44_2530682a","7 sundriver road"
"__export__.res_partner_968_d41e207e","Jumbo-newbridge","NEWBRIDGE","base.user_admin","2021-05-29 14:47:43","金宝","Multi Price","__export__.product_pricelist_44_2530682a","BEECHMOUNT HOUSE, LANGTON CROSS"
"__export__.res_partner_969_84687ef4","K & M Fruit & Veg","","base.user_admin","2021-05-29 14:47:43","","Multi Price","__export__.product_pricelist_44_2530682a",""
"__export__.res_partner_1450_9e8c29c5","K & M Fruit & Veg","","base.user_admin","2021-10-28 21:58:13","","Multi Price","product.list0",""
"__export__.res_partner_1967_b2129713","K&K Produce","Dublin","__export__.res_users_22_942f71e3","2023-10-30 14:30:11","","Multi Price","product.list0","broughan lane"
"__export__.res_partner_970_c675377f","K&M Fruit&Veg","","base.user_admin","2021-05-29 14:47:43","K&M FRUIT&VEG","Multi Price","__export__.product_pricelist_44_2530682a",""
"__export__.res_partner_971_b9945320","K&W Chinese Restaurant ","Dublin 15","base.user_admin","2021-05-29 14:47:43","","Multi Price","__export__.product_pricelist_44_2530682a","Unit 5 Block D"
"__export__.res_partner_2052_563650ad","K.Y Veg & Fruits Company LTD","Dublin 7","__export__.res_users_22_942f71e3","2024-04-26 13:12:35","","Multi Price","__export__.product_pricelist_112_87ec22fc","7 Arran St E, North City,"
"__export__.res_partner_2084_8b9a0ee6","KA Leixlip","","__export__.res_users_10_962e2fe2","2024-06-10 14:07:52","","Multi Price","__export__.product_pricelist_44_2530682a",""
"__export__.res_partner_2160_ca3ce37c","KA MALAHIDE","","__export__.res_users_10_962e2fe2","2024-06-12 15:01:43","","Multi Price","__export__.product_pricelist_44_2530682a",""
"__export__.res_partner_1640_e34ad7cc","KAMBO","Thurles","__export__.res_users_8_fb87432d","2022-04-27 08:16:32","","Default Price","__export__.product_pricelist_98_2659323d","MITCHEL HOUSE"
"__export__.res_partner_2095_2088387c","KF&B Balbriggan","","__export__.res_users_10_962e2fe2","2024-06-10 15:47:56","","Multi Price","__export__.product_pricelist_44_2530682a",""
"__export__.res_partner_2427_404671d3","KI D1","","__export__.res_users_7_ace94875","2025-08-01 15:11:50","","Default Price","__export__.product_pricelist_35_a4a5fea4",""
"__export__.res_partner_2453_4566d537","KMDU D2","","__export__.res_users_14_42108d61","2025-09-16 08:25:32","","Default Price","product.list0",""
"__export__.res_partner_988_d8939c6f","KOA","MALAHIDE","base.user_admin","2021-05-29 14:47:43","KOA","Multi Price","__export__.product_pricelist_44_2530682a","MALAHIDE"
"__export__.res_partner_1918_e200a54d","KOHYO UK LTD","","__export__.res_users_14_42108d61","2023-08-22 10:36:10","","Multi Price","product.list0","nit 404, 2 Portal Way,"
"__export__.res_partner_2310_20aa6f12","KSO Athlone","","__export__.res_users_14_42108d61","2025-03-04 10:30:54","","Multi Price","__export__.product_pricelist_89_fedc9957",""
"__export__.res_partner_2520_fd125747","KULTON Logistics","","__export__.res_users_22_942f71e3","2026-03-03 12:57:48","","Default Price","",""
"__export__.res_partner_2293_edd18d30","KYH & CKC Athlone","","__export__.res_users_14_42108d61","2025-02-21 14:07:48","","Multi Price","__export__.product_pricelist_89_fedc9957",""
"__export__.res_partner_1654_f5a22e99","Ka Shing","Dublin 2","__export__.res_users_8_fb87432d","2022-05-09 18:25:33","","Multi Price","product.list0","12A wicklow ST."
"__export__.res_partner_2498_090961f0","Kagerer & Co.GmbH","","__export__.res_users_14_42108d61","2025-12-03 01:20:59","","Default Price","","Weibenfelder Strabe 6"
"__export__.res_partner_1587_3c619347","Kakilang D1","","base.user_admin","2022-02-23 15:56:58","","Multi Price","__export__.product_pricelist_44_2530682a","5 Bachelors Walk, "
"__export__.res_partner_972_b5826848","Kam Palace-m7","Urlingford","base.user_admin","2021-05-29 14:47:43","金龙","Default Price","__export__.product_pricelist_39_f0d834bf","main st"
"__export__.res_partner_2477_c64339ca","Kamakura 2","","__export__.res_users_14_42108d61","2025-10-31 22:28:40","","Default Price","","No.69 Donegall Pass"
"__export__.res_partner_1914_3cc01b35","Kamakura East Sushi & Ramen","","__export__.res_users_14_42108d61","2023-08-21 14:41:13","","Multi Price","product.list0","18 Holywood Rd, Belfast , United Kingdom"
"__export__.res_partner_1836_8a8869c3","Kamakura Sushi & Ramen Ltd 2","","__export__.res_users_14_42108d61","2023-03-20 14:55:49","","Default Price","product.list0","18 Holy Wood Road"
"__export__.res_partner_2295_5e4c6ace","Karen Yuange Hu & Cho Kwong Cheung","N37N1F2","__export__.res_users_14_42108d61","2025-02-25 09:28:50","","Multi Price","__export__.product_pricelist_89_fedc9957","Custume Pier Custume Place"
"__export__.res_partner_974_bde34019","Karma Food and Beverage  Ltd","Balbriggan","base.user_admin","2021-05-29 14:47:43","","Multi Price","__export__.product_pricelist_44_2530682a","12 mill street"
"__export__.res_partner_976_61ad322d","Kathmandu D2","d2","base.user_admin","2021-05-29 14:47:43","","Multi Price","__export__.product_pricelist_159_387b3ed6","18 Dame ST"
"__export__.res_partner_2418_30634964","Keegan Cafe","","__export__.res_users_22_942f71e3","2025-07-14 08:03:36","","Default Price","__export__.product_pricelist_44_2530682a",""
"__export__.res_partner_2521_c4d594ec","Keelings Market","","__export__.res_users_22_942f71e3","2026-03-06 12:41:29","","Default Price","",""
"__export__.res_partner_2308_0e48bd49","Ken's Oriental Restaurant Athlone","","__export__.res_users_14_42108d61","2025-03-03 17:56:47","","Multi Price","__export__.product_pricelist_99_439fc869","The Crescent,"
"__export__.res_partner_1925_dcefc8cd","Kibun Europe B.V","","__export__.res_users_14_42108d61","2023-09-08 14:10:00","","Multi Price","product.list0","Herengracht 00449 A"
"__export__.res_partner_1686_0cbef6c2","Kim's Asian Chinese takeaway","Durrow","__export__.res_users_8_fb87432d","2022-06-15 00:03:46","","Default Price","__export__.product_pricelist_39_f0d834bf","main st"
"__export__.res_partner_1880_eee7a2f7","King Skewer","","__export__.res_users_7_ace94875","2023-05-27 08:08:53","","Multi Price","product.list0","Cathedral St North City Dublin"
"__export__.res_partner_983_702ffadd","Kings Boat","Dublin 24","base.user_admin","2021-05-29 14:47:43","KINGS BOAT","Multi Price","__export__.product_pricelist_44_2530682a","01, main ST."
"__export__.res_partner_1651_63adf92f","Kingsland Chinese Restaurant","","__export__.res_users_7_ace94875","2022-05-05 09:02:39","","Multi Price","product.list0","R445, Kildare"
"__export__.res_partner_1912_c1e91db3","Klare Asia Shop","","__export__.res_users_10_962e2fe2","2023-08-21 11:25:22","","Multi Price","__export__.product_pricelist_51_1b1fa6e3","Henry Street,Newbridge,Co. Kildare"
"__export__.res_partner_2487_ad7f7ee6","Koba Thai Cuisine","","__export__.res_users_14_42108d61","2025-11-12 08:56:04","","Default Price","__export__.product_pricelist_35_a4a5fea4","44 Strand Road"
"__export__.res_partner_989_30762d61","Kobe Asian Street Food"," Portlaoise","base.user_admin","2021-05-29 14:47:43","","Multi Price","__export__.product_pricelist_89_fedc9957","17 Main St, Moneyballytyrrell,"
"__export__.res_partner_2359_cec452b3","Koi & Lings Restaurant","","__export__.res_users_10_962e2fe2","2025-04-23 07:55:46","t/a Cafe De Flore Limited","Default Price","__export__.product_pricelist_163_bf3716b7","St. Cronans, Main Street,Bray, Co. Wickiow"
"__export__.res_partner_2019_28edbd45","Koi Izakaya Balbriggan","Balbriggan","__export__.res_users_8_fb87432d","2024-03-25 08:37:45","","Multi Price","__export__.product_pricelist_44_2530682a","Unit 2, Supervalu Shopping Centre, Drogheda St,"
"__export__.res_partner_2536_e53ff52d","Koi Palace Chinese Restaurant D2","D02 RP86","__export__.res_users_14_42108d61","2026-04-15 13:45:27","","Multi Price","__export__.product_pricelist_35_a4a5fea4","27 William St,"
"__export__.res_partner_2493_25c7951d","Kopitiam","Dublin 1 D01 EOH2","__export__.res_users_22_942f71e3","2025-11-25 07:44:32","","Default Price","__export__.product_pricelist_35_a4a5fea4","53 Capel Street Dublin 1"
"__export__.res_partner_2554_2a140201","Korea Stone","D07 ECK8","__export__.res_users_14_42108d61","2026-05-21 16:18:35","","Multi Price","__export__.product_pricelist_35_a4a5fea4","Unit 1, Norseman Court, Manor St,"
"__export__.res_partner_991_2b9a995e","Koshiba Leixlip","LEIXLIP","base.user_admin","2021-05-29 14:47:43","C.O.D","Multi Price","__export__.product_pricelist_44_2530682a","NIT 2 RIVERFOREST COURT"
"__export__.res_partner_2547_8f7ed1f4","Kyodai D2","D02EA24","__export__.res_users_14_42108d61","2026-05-11 17:01:49","","Multi Price","__export__.product_pricelist_44_2530682a","32 Dame sT"
"__export__.res_partner_1875_96ac52bb","Kyodai Izakaya D1","","__export__.res_users_14_42108d61","2023-05-16 08:38:54","","Multi Price","__export__.product_pricelist_44_2530682a","10 Eden Quay Dublin 1"
"__export__.res_partner_2569_af48199c","Kyoto Asian Street Food DL","A96RR80","__export__.res_users_14_42108d61","2026-06-08 09:23:27","","Default Price","__export__.product_pricelist_164_3e995869","12 Patrick St"
"__export__.res_partner_1968_3ed66dc2","L'vie Cafe","","__export__.res_users_7_ace94875","2023-10-31 12:42:13","","Default Price","product.list0","105 Cabra Rd, Cabra East, Dublin, D07 EK70"
"__export__.res_partner_2185_91d072d4","LAF Stillorgan","","__export__.res_users_18_297f6f55","2024-06-14 17:21:57","","Multi Price","__export__.product_pricelist_44_2530682a",""
"__export__.res_partner_2389_15da0f1a","LAM'S ASIAN CUISINE D12","","__export__.res_users_10_962e2fe2","2025-05-30 08:54:48","","Default Price","__export__.product_pricelist_44_2530682a","137, SAINT PETER'S ROAD"
"__export__.res_partner_2036_c9b1129b","LC Thai Wicklow","","__export__.res_users_10_962e2fe2","2024-04-05 12:16:39","","Multi Price","__export__.product_pricelist_44_2530682a",""
"__export__.res_partner_2369_48eaeb6b","LCR Mullingar","","__export__.res_users_22_942f71e3","2025-05-07 08:41:01","","Default Price","product.list0",""
"__export__.res_partner_2529_fd5f7b7e","LD Kildare","","__export__.res_users_22_942f71e3","2026-03-18 15:32:43","","Default Price","__export__.product_pricelist_89_fedc9957",""
"__export__.res_partner_2123_99b941e3","LE Wicklow","","__export__.res_users_10_962e2fe2","2024-06-11 11:51:32","","Multi Price","__export__.product_pricelist_44_2530682a",""
"__export__.res_partner_1865_a02f3dd2","LEMON Asian Street Food","","__export__.res_users_8_fb87432d","2023-04-25 12:15:16","","Multi Price","product.list0","80 main street"
"__export__.res_partner_2135_8d5bcb15","LF D3","","__export__.res_users_10_962e2fe2","2024-06-11 12:54:23","","Multi Price","__export__.product_pricelist_44_2530682a",""
"__export__.res_partner_1957_a443459e","LINS DINING WORLD COMPANY LIMIT CASTLEBLANEY","","__export__.res_users_10_962e2fe2","2023-10-11 07:59:42","","Multi Price","__export__.product_pricelist_44_2530682a","MAIN STREET CASTLEBLANEY"
"__export__.res_partner_1028_081db37b","LIU FU","bettystown","base.user_admin","2021-05-29 14:47:43","","Multi Price","__export__.product_pricelist_89_fedc9957",""
"__export__.res_partner_2107_08c36224","LS Bray","","__export__.res_users_10_962e2fe2","2024-06-11 11:28:15","","Multi Price","__export__.product_pricelist_44_2530682a",""
"__export__.res_partner_2085_0d8dd9a3","LT D11","","__export__.res_users_10_962e2fe2","2024-06-10 14:08:29","","Default Price","__export__.product_pricelist_37_8547d8cd",""
"__export__.res_partner_2251_b27129bf","LT D15","","__export__.res_users_10_962e2fe2","2024-11-11 09:47:23","","Default Price","__export__.product_pricelist_37_8547d8cd",""
"__export__.res_partner_1035_78e24ce0","LT D5","","base.user_admin","2021-05-29 14:47:43","","Default Price","__export__.product_pricelist_37_8547d8cd",""
"__export__.res_partner_1036_c336a2ab","LT D7c","","base.user_admin","2021-05-29 14:47:43","","Default Price","__export__.product_pricelist_37_8547d8cd",""
"__export__.res_partner_1038_4eae3e17","LUCKYME LTD(C.O.D)","","base.user_admin","2021-05-29 14:47:43","D11KC60 warehouse","Multi Price","__export__.product_pricelist_44_2530682a",""
"__export__.res_partner_1627_241ac8b6","Lam's Chinese Takeaway","","__export__.res_users_7_ace94875","2022-04-23 14:33:26","","Default Price","__export__.product_pricelist_44_2530682a","81 Main St, Bray, Co. Wicklow, A98 C5D8"
"__export__.res_partner_2288_e2464fcc","Lam's Eskimo D3","Dublin 3","__export__.res_users_14_42108d61","2025-02-17 14:09:03","","Default Price","__export__.product_pricelist_44_2530682a","99 Malahide Road"
"__export__.res_partner_2004_fba9485a","Lam's Eskimo Wicklow","Wicklow,","__export__.res_users_14_42108d61","2024-03-04 14:01:08","","Default Price","__export__.product_pricelist_89_fedc9957","Market Square House,"
"__export__.res_partner_2484_f49eb275","Lams Chinese Takeaway LTD Ballyfermot","Dublin","__export__.res_users_22_942f71e3","2025-11-10 14:03:36","","Default Price","__export__.product_pricelist_44_2530682a","296 Ballyfermot Rd, Ballyfermot,"
"__export__.res_partner_1635_f5b27113","Lams-Bray","","__export__.res_users_7_ace94875","2022-04-25 09:22:06","","Default Price","__export__.product_pricelist_44_2530682a","81 Main St, Bray, Co. Wicklow, A98 C5D8"
"__export__.res_partner_2357_35f3f7f7","Lavin's Fruit & Veg","mayo","__export__.res_users_22_942f71e3","2025-04-22 16:39:56","","Default Price","__export__.product_pricelist_44_2530682a","keelcoil"
"__export__.res_partner_2515_0037f4bb","Lee Delights Monasterevin","","__export__.res_users_22_942f71e3","2026-02-25 13:37:04","","Default Price","__export__.product_pricelist_89_fedc9957","Unit 1, Water MillPlace Main Street."
"__export__.res_partner_1849_14a04f61","Lee Foods Oriental Supermarket","Belfast","__export__.res_users_8_fb87432d","2023-04-03 09:11:50","","Multi Price","product.list0","98-108 Donegall Pass,"
"__export__.res_partner_1003_ca286395","Lee Kee","d1","base.user_admin","2021-05-29 14:47:43","李记","Default Price","__export__.product_pricelist_118_de6ef955","100A Parnell ST"
"__export__.res_partner_1004_694b9506","Lee-ash","","base.user_admin","2021-05-29 14:47:43","","Multi Price","__export__.product_pricelist_44_2530682a",""
"__export__.res_partner_2553_e1e16865","Legendary Chinese & Thai Takeaway","","__export__.res_users_7_ace94875","2026-05-18 11:11:29","","Default Price","","Caldbeck Way, Clondalkin, Dublin"
"__export__.res_partner_1007_ea60f1d5","Lemon Tree D11","Dublin 11","base.user_admin","2021-05-29 14:47:43","Finglas","Default Price","__export__.product_pricelist_37_8547d8cd","8-12 North RD"
"__export__.res_partner_2250_b574857b","Lemon Tree D15","","__export__.res_users_10_962e2fe2","2024-11-11 09:46:41","","Default Price","__export__.product_pricelist_37_8547d8cd","Unit 4, Coolmine Business Centre, Porter Ave, Coolmine"
"__export__.res_partner_1008_4287ea11","Lemon Tree D7","Dublin 7","base.user_admin","2021-05-29 14:47:43","cabra","Default Price","__export__.product_pricelist_37_8547d8cd","58 fassaugh ave."
"__export__.res_partner_1854_ef023569","Lettuce Eat Cafe","","__export__.res_users_14_42108d61","2023-04-04 13:16:14","","Default Price","product.list0","Market St, Swineford, Swinford,"
"__export__.res_partner_2381_8c06be21","Liaurado Seleccio S.L.","","__export__.res_users_22_942f71e3","2025-05-19 13:15:40","","Default Price","product.list0",""
"__export__.res_partner_1012_d65a9bee","Lidl","","base.user_admin","2021-05-29 14:47:43","","Multi Price","__export__.product_pricelist_44_2530682a",""
"__export__.res_partner_1453_a6233d8e","Lidl","","base.user_admin","2021-10-28 21:58:13","","Multi Price","product.list0",""
"__export__.res_partner_1013_94656a0c","Lily","Dublin 1","base.user_admin","2021-05-29 14:47:43","","Multi Price","product.list0",""
"__export__.res_partner_2534_e3526e96","Lin House Asian SF Athlone","N37 A273","__export__.res_users_14_42108d61","2026-04-07 23:14:27","","Multi Price","__export__.product_pricelist_89_fedc9957","Kilmacuagh (Cooke),"
"__export__.res_partner_800_a1949b1d","Lin Summer Inn Ltd Dublin 6w-Green Mango & Summer Inn","Dublin 6","base.user_admin","2021-05-29 14:47:43"," ","Default Price","__export__.product_pricelist_33_b38fc797","183 Kimmage Rd Lower"
"__export__.res_partner_2252_bc4ecbc1","Lin kee","Dublin 9","__export__.res_users_22_942f71e3","2024-11-13 15:55:07","","Default Price","product.list0","84 Ballymun Road Glasnevin"
"__export__.res_partner_1014_b4811845","Lin swords","swords","base.user_admin","2021-05-29 14:47:43","","Multi Price","__export__.product_pricelist_44_2530682a",""
"__export__.res_partner_1023_fe9ead68","Lin'S D12","Dublin 12","base.user_admin","2021-05-29 14:47:43","林氏","Multi Price","__export__.product_pricelist_44_2530682a","22 Crumlin Road Crumlin"
"__export__.res_partner_1775_66b13be4","Lin's Asian food ltd D12","Dublin 12","__export__.res_users_10_962e2fe2","2022-11-28 20:51:06","林氏","Multi Price","__export__.product_pricelist_44_2530682a","22 Crumlin Road Crumlin"
"__export__.res_partner_1785_0946b7f5","Lin's Takeaway","Co.Louth","__export__.res_users_14_42108d61","2023-01-07 09:22:37","","Default Price","product.list0","23 Cstle street"
"__export__.res_partner_1015_81b526fb","Ling","D12","base.user_admin","2021-05-29 14:47:43","LING","Multi Price","__export__.product_pricelist_34_0189f91b","D12"
"__export__.res_partner_1883_886a4733","Ling's Chinese & Thai Takeaway Food Ltd","Co.wicklow","__export__.res_users_9_d71ce4f4","2023-05-31 23:17:32","","Multi Price","__export__.product_pricelist_44_2530682a","4 Parkview"
"__export__.res_partner_2523_69da4468","Linkee 13","D13K8Y1","__export__.res_users_14_42108d61","2026-03-09 14:00:21","","Default Price","__export__.product_pricelist_38_899fff97","1 Elmfield Rise, Clare Hall"
"__export__.res_partner_1018_7a4e2980","Linkee 5","d5","base.user_admin","2021-05-29 14:47:43","林记","Default Price","__export__.product_pricelist_38_899fff97","89 Rosemount Avenue"
"__export__.res_partner_1019_04d73dd9","Linkee 7","d7","base.user_admin","2021-05-29 14:47:43","林","Default Price","__export__.product_pricelist_38_899fff97","2 old cabra road"
"__export__.res_partner_1020_60fc6f31","Linkee 9","dublin 9","base.user_admin","2021-05-29 14:47:43","林记 D9","Default Price","__export__.product_pricelist_38_899fff97","84a ballymun rd"
"__export__.res_partner_1022_548ec0a4","Linkee Swords","Swords","base.user_admin","2021-05-29 14:47:43","林记SWORDS","Default Price","__export__.product_pricelist_38_899fff97","56 North St"
"__export__.res_partner_1024_598a1b58","Lins N3","Castleblaney,N3","base.user_admin","2021-05-29 14:47:43","N3","Multi Price","__export__.product_pricelist_44_2530682a","Castleblaney,N3"
"__export__.res_partner_1026_4ed52fc8","Liroy B.V.","","base.user_admin","2021-05-29 14:47:43","","Multi Price","__export__.product_pricelist_44_2530682a","Verbr eepark 1"
"__export__.res_partner_1454_d25207f0","Liroy B.V.","","base.user_admin","2021-10-28 21:58:13","","Multi Price","product.list0","Verbr eepark 1"
"__export__.res_partner_1589_3d1fcbb8","Little Dumpling-D2","","base.user_admin","2022-02-23 15:56:58","","Multi Price","__export__.product_pricelist_44_2530682a","4 drury hall , Stephen street lower "
"__export__.res_partner_2464_6b8b8041","Lizhi Lin T/A Linkee Asian Kitchen","dublin 3","__export__.res_users_22_942f71e3","2025-10-06 14:10:42","","Default Price","__export__.product_pricelist_38_899fff97","75 north strand road"
"__export__.res_partner_1948_669553cc","Loam Advertising","dublin 7","__export__.res_users_8_fb87432d","2023-10-03 20:02:00","惠林广告","Multi Price","product.list0","4 little britain ST."
"__export__.res_partner_2545_1403fe60","Local Star Drogheda","A92 V970","__export__.res_users_14_42108d61","2026-05-04 08:46:41","","Multi Price","__export__.product_pricelist_89_fedc9957","73 West St, Moneymore,"
"__export__.res_partner_1939_c0d4f27e","Lok Moon","Dublin","__export__.res_users_10_962e2fe2","2023-09-27 15:14:20","","Default Price","__export__.product_pricelist_93_7cee60b3","188 Whitehall Rd, Terenure,"
"__export__.res_partner_1827_e78ad177","Lotus Asian Food Stillorgan","","__export__.res_users_7_ace94875","2023-03-05 21:28:36","","Multi Price","__export__.product_pricelist_44_2530682a","2 The Hill, Stillorgan, A94 V1D2"
"__export__.res_partner_1938_203b31c8","Lotus Chinese Restaurant","","__export__.res_users_7_ace94875","2023-09-26 12:57:39","","Multi Price","__export__.product_pricelist_44_2530682a","Austin Friars St, Mullingar, Co. Westmeath"
"__export__.res_partner_1590_0715449e","Lotus Chinese Take away","","base.user_admin","2022-02-23 15:56:58","","Multi Price","__export__.product_pricelist_44_2530682a","6 Pearse St. "
"__export__.res_partner_1034_74111203","Lotus Flower D3","Dublin 3","base.user_admin","2021-05-29 14:47:43","","Default Price","__export__.product_pricelist_44_2530682a","67 North Strand  Road"
"__export__.res_partner_1636_7e120695","Lu's Chinese Takeaway(C.O.D)","Co. Kildare","__export__.res_users_10_962e2fe2","2022-04-25 21:15:02","","Multi Price","__export__.product_pricelist_89_fedc9957","Main Street Ballymore Eustace"
"__export__.res_partner_2428_e8d2f475","Lucky 8 Foods","","__export__.res_users_22_942f71e3","2025-08-05 15:20:47","","Default Price","product.list0","unit 1 omega Boulevard"
"__export__.res_partner_1039_969554ab","Lusk","Lusk","base.user_admin","2021-05-29 14:47:43","m1","Multi Price","__export__.product_pricelist_89_fedc9957","staion road"
"__export__.res_partner_1040_b06d9121","Lv Dao","D1","base.user_admin","2021-05-29 14:47:43","LV DAO","Multi Price","__export__.product_pricelist_44_2530682a","MOORE LANE "
"__export__.res_partner_2559_61491fca","M&J Chinese Bray","","__export__.res_users_22_942f71e3","2026-05-31 22:51:25","","Default Price","__export__.product_pricelist_163_bf3716b7","28 Dublin Rd, Little Bray, Bray, Co. Wicklow, A98 X3H9"
"__export__.res_partner_1041_815795a8","M&J Chinese Takeaway","Dublin 6","base.user_admin","2021-05-29 14:47:43","","Multi Price","__export__.product_pricelist_44_2530682a","283 Harold's cross rd"
"__export__.res_partner_1042_4b562afb","M&L","Dublin 1","base.user_admin","2021-05-29 14:47:43","M&L","Multi Price","__export__.product_pricelist_35_a4a5fea4","13/14 Cathedral St"
"__export__.res_partner_1671_3a61e583","M-D6","","__export__.res_users_9_d71ce4f4","2022-05-16 12:08:41","","Default Price","product.list0","D6"
"__export__.res_partner_1043_e37605c8","M1","M1","base.user_admin","2021-05-29 14:47:43","","Multi Price","__export__.product_pricelist_89_fedc9957",""
"__export__.res_partner_2115_95916db0","M2 D15","","__export__.res_users_10_962e2fe2","2024-06-11 11:37:00","","Multi Price","__export__.product_pricelist_44_2530682a",""
"__export__.res_partner_1044_2585287c","M7","M7","base.user_admin","2021-05-29 14:47:43","","Multi Price","__export__.product_pricelist_89_fedc9957",""
"__export__.res_partner_1645_5126896c","M8","m8","__export__.res_users_8_fb87432d","2022-04-27 09:16:42","","Multi Price","product.list0",""
"__export__.res_partner_2262_5b955e8f","MAFL Finglas","","__export__.res_users_22_942f71e3","2024-11-25 09:20:02","","Multi Price","__export__.product_pricelist_44_2530682a",""
"__export__.res_partner_1831_58f228dc","MANEKI Japanese Restaurant","","__export__.res_users_10_962e2fe2","2023-03-11 09:35:12","","Multi Price","__export__.product_pricelist_44_2530682a","43 Dawson Street , Dublin 2"
"__export__.res_partner_2100_2b9bc3c7","MASF Louth","","__export__.res_users_10_962e2fe2","2024-06-11 11:08:06","","Multi Price","__export__.product_pricelist_44_2530682a",""
"__export__.res_partner_2134_284fd88c","MC D6W","","__export__.res_users_10_962e2fe2","2024-06-11 12:53:45","","Multi Price","__export__.product_pricelist_41_b1cf001b",""
"__export__.res_partner_2118_22b9c4a8","ME Balbriggan","","__export__.res_users_10_962e2fe2","2024-06-11 11:45:54","","Multi Price","__export__.product_pricelist_44_2530682a",""
"__export__.res_partner_1458_63a76bea","MENG FU SHL S.L.","Madrid","base.user_admin","2021-10-28 21:58:13","","Multi Price","product.list0","C/Carlos Jmenez Diaz 14"
"__export__.res_partner_1064_379c28e3","MENG FU SHL S.L.","Madrid","base.user_admin","2021-05-29 14:47:43","","Multi Price","__export__.product_pricelist_44_2530682a","C/Carlos Jmenez Diaz 14"
"__export__.res_partner_2334_f01a5da2","MFusion Chinese Takeaway","Dublin 18","__export__.res_users_8_fb87432d","2025-03-30 22:41:56","","Multi Price","__export__.product_pricelist_89_fedc9957","Blackglen Village Centre, Ticknock Hl,"
"__export__.res_partner_2110_a9ec9a1b","MGCT Wexford","","__export__.res_users_10_962e2fe2","2024-06-11 11:31:35","","Multi Price","__export__.product_pricelist_44_2530682a",""
"__export__.res_partner_1459_155863a9","MGGR","","base.user_admin","2021-10-28 21:58:13","","Multi Price","product.list0",""
"__export__.res_partner_2108_de116fbe","MH Rathcoole","","__export__.res_users_10_962e2fe2","2024-06-11 11:29:26","","Multi Price","__export__.product_pricelist_44_2530682a",""
"__export__.res_partner_2179_1455de62","MH Skerries","","__export__.res_users_18_297f6f55","2024-06-14 13:32:41","","Multi Price","__export__.product_pricelist_89_fedc9957",""
"__export__.res_partner_2119_899c7117","MI Blackrock","","__export__.res_users_10_962e2fe2","2024-06-11 11:46:26","","Multi Price","__export__.product_pricelist_42_7be6d488",""
"__export__.res_partner_2126_e665aee6","MI Swords","","__export__.res_users_10_962e2fe2","2024-06-11 11:54:01","","Multi Price","__export__.product_pricelist_42_7be6d488",""
"__export__.res_partner_1067_de860869","MIN JIANG","m1","base.user_admin","2021-05-29 14:47:43","","Multi Price","__export__.product_pricelist_44_2530682a",""
"__export__.res_partner_1760_400f4e69","MINYEN Noodle Bar","dublin 16","__export__.res_users_8_fb87432d","2022-09-14 17:54:43","","Multi Price","product.list0","Unit 6, Woodstown Shopping Centre,"
"__export__.res_partner_2153_c45fc7ac","MK N3","","__export__.res_users_10_962e2fe2","2024-06-12 12:19:35","","Multi Price","__export__.product_pricelist_89_fedc9957",""
"__export__.res_partner_2207_c988d32a","MKG Mullingar","","__export__.res_users_18_297f6f55","2024-07-09 11:00:40","","Multi Price","__export__.product_pricelist_44_2530682a",""
"__export__.res_partner_2275_0a42ca0e","ML AT D12","","__export__.res_users_10_962e2fe2","2025-01-02 18:56:06","","Multi Price","__export__.product_pricelist_44_2530682a",""
"__export__.res_partner_2363_61f5ce4a","MMYA D9","","__export__.res_users_14_42108d61","2025-05-03 15:00:01","","Multi Price","__export__.product_pricelist_44_2530682a",""
"__export__.res_partner_2358_f8447fdd","MS Swords","","__export__.res_users_14_42108d61","2025-04-22 20:22:13","","Multi Price","__export__.product_pricelist_42_7be6d488",""
"__export__.res_partner_2098_4687a835","MS sandyford","","__export__.res_users_10_962e2fe2","2024-06-10 15:53:27","","Multi Price","__export__.product_pricelist_42_7be6d488",""
"__export__.res_partner_1081_1b628387","MW D20","","base.user_admin","2021-05-29 14:47:43","","Multi Price","__export__.product_pricelist_44_2530682a",""
"__export__.res_partner_2073_313d8cad","MWS Drogheda","","__export__.res_users_10_962e2fe2","2024-06-10 12:43:45","","Multi Price","__export__.product_pricelist_89_fedc9957",""
"__export__.res_partner_1047_0fe22c29","Mace West St","Drogheda","base.user_admin","2021-05-29 14:47:43","peking","Multi Price","__export__.product_pricelist_89_fedc9957","12 west Street"
"__export__.res_partner_1049_646a3cf8","Madden's Store","","base.user_admin","2021-05-29 14:47:43","","Multi Price","__export__.product_pricelist_44_2530682a",""
"__export__.res_partner_1455_95b32c39","Madden's Store","","base.user_admin","2021-10-28 21:58:13","","Multi Price","product.list0",""
"__export__.res_partner_1848_60786074","Mag","","__export__.res_users_14_42108d61","2023-03-30 12:26:50","","Default Price","product.list0","61 Dublin St, Roosky,"
"__export__.res_partner_1051_d22d50dd","Magnum Packaging LTD","","base.user_admin","2021-05-29 14:47:43","","Multi Price","__export__.product_pricelist_44_2530682a","Magnum house  macklin ave."
"__export__.res_partner_1456_f877f169","Magnum Packaging LTD","","base.user_admin","2021-10-28 21:58:13","","Multi Price","product.list0","Magnum house  macklin ave."
"__export__.res_partner_1053_04da4d84","Mala Asian Street Food","Louth","base.user_admin","2021-05-29 14:47:43","","Multi Price","__export__.product_pricelist_44_2530682a","1 Dominick Street"
"__export__.res_partner_2347_247ef331","Maleubre Cano","","__export__.res_users_22_942f71e3","2025-04-12 10:11:53","","Default Price","product.list0",""
"__export__.res_partner_1802_7606530d","Mandarin House","","__export__.res_users_7_ace94875","2023-01-15 20:09:10","","Default Price","__export__.product_pricelist_44_2530682a","Main St, Rathcoole, Co. Dublin"
"__export__.res_partner_1054_bb928d0c","Mango House","Skerries","base.user_admin","2021-05-29 14:47:43","","Multi Price","__export__.product_pricelist_44_2530682a","18 New ST"
"__export__.res_partner_2505_7bafa4be","Mao Stillorgan","A94 YX90","__export__.res_users_14_42108d61","2026-01-12 09:09:53","2点送到 通知司机","Multi Price","__export__.product_pricelist_42_7be6d488","51-54 Village Centre,"
"__export__.res_partner_1056_6ffac8c3","Mark N3","MONAGHAN","base.user_admin","2021-05-29 14:47:43","","Multi Price","__export__.product_pricelist_89_fedc9957",""
"__export__.res_partner_2576_3285de41","Market House Ballyjamesduff","","__export__.res_users_7_ace94875","2026-06-17 13:57:02","","Default Price","","THE SQAURE, Chapel St, Moodoge, Ballyjamesduff, Co. Cavan, A82 N8K1"
"__export__.res_partner_2473_311b7164","Marrakesh By Mindo Restaurant and Karaoke Bar","D01 V3PO","__export__.res_users_22_942f71e3","2025-10-31 12:57:00","","Default Price","__export__.product_pricelist_35_a4a5fea4","121-122 Capel St,"
"__export__.res_partner_1057_0670928f","Martins Eggs Ltd ","","base.user_admin","2021-05-29 14:47:43","","Multi Price","__export__.product_pricelist_44_2530682a",""
"__export__.res_partner_1457_83086ac8","Martins Eggs Ltd ","","base.user_admin","2021-10-28 21:58:13","","Multi Price","product.list0",""
"__export__.res_partner_1814_e6fe75f0","Mary 19 Asian Food","","__export__.res_users_7_ace94875","2023-01-31 14:42:29","","Default Price","product.list0","19 mary street clonmel Co. Tipperary"
"__export__.res_partner_2396_6ede5d3e","May Asian Cuisine","","__export__.res_users_14_42108d61","2025-06-09 16:29:04","","Default Price","__export__.product_pricelist_74_8ceded1a","3 Green Isle Business Park"
"__export__.res_partner_1962_53602401","Meeder Fresh","","__export__.res_users_10_962e2fe2","2023-10-23 09:08:09","","Multi Price","product.list0",""
"__export__.res_partner_1943_4723f40d","Mekong Asian St Food Longford","","__export__.res_users_7_ace94875","2023-09-29 12:24:59","","Multi Price","product.list0","46 Lower Main St,"
"__export__.res_partner_1936_b7be73f8","Mekong Asian St Food Mullingar","","__export__.res_users_7_ace94875","2023-09-26 12:53:43","","Multi Price","product.list0","29 Oliver Plunkett St, Mullingar, Co. Westmeath,"
"__export__.res_partner_2255_4623fdf7","Mesf Longford","","__export__.res_users_14_42108d61","2024-11-19 08:09:42","","Multi Price","__export__.product_pricelist_89_fedc9957",""
"__export__.res_partner_1593_c5a12fcb","Mi Thai","","base.user_admin","2022-02-23 15:56:58","","Multi Price","__export__.product_pricelist_44_2530682a","87B manor st."
"__export__.res_partner_1701_9c027f2d","Michael Dowling & Sons","Dublin 11","__export__.res_users_10_962e2fe2","2022-07-27 10:37:04","","Multi Price","product.list0","Units 32, 35 & 36 Blackwater Road"
"__export__.res_partner_2249_fd4d9f63","Millennium Asian Food Limited","","__export__.res_users_10_962e2fe2","2024-11-07 10:53:24","","Default Price","__export__.product_pricelist_44_2530682a","Unit 6, Finglas Town Centre, Finglas Dublin 11"
"__export__.res_partner_1066_b8f1eac2","Millennium Chinese Takeaway","Dublin 7","base.user_admin","2021-05-29 14:47:43","世纪","Default Price","__export__.product_pricelist_44_2530682a","Unit 7 Maple Centre ,  Navan Road "
"__export__.res_partner_1620_ba7293b5","Millennium2  D15","Dublin 15","__export__.res_users_7_ace94875","2022-04-23 14:24:05","世纪","Default Price","__export__.product_pricelist_44_2530682a","Ashleigh Centre"
"__export__.res_partner_2503_b4ef154d","Minato","","__export__.res_users_8_fb87432d","2026-01-08 14:28:45","","Default Price","","preston place"
"__export__.res_partner_1068_027d580e","Ming Chinese Takeaway D11","D11","base.user_admin","2021-05-29 14:47:43","名阁","Multi Price","__export__.product_pricelist_44_2530682a",""
"__export__.res_partner_1803_004d76be","Ming Garden Chinese Takeaway_Wexford","Co.Wexford","__export__.res_users_10_962e2fe2","2023-01-17 15:16:31","","Multi Price","product.list0","38 Main St, Gorey corporation lands, Gorey"
"__export__.res_partner_2245_df51d6ca","Minjia Gao","","base.user_admin","2024-10-30 20:53:54","","Default Price","product.list0",""
"__export__.res_partner_2402_89223a85","Minori Clondalkin D22","D22 XN59","__export__.res_users_14_42108d61","2025-06-12 19:11:09","","Multi Price","__export__.product_pricelist_44_2530682a","Unit 3/4, Weatherwell Industrial Estate,"
"__export__.res_partner_2352_a590ab32","Minori Restaurant DRUMCONDRA D9","","__export__.res_users_14_42108d61","2025-04-17 16:45:06","","Multi Price","__export__.product_pricelist_103_45e3dedb","14 Drumcondra Rd Upper,"
"__export__.res_partner_1356_2a57cdbe","Minshou Jiang","","base.user_admin","2021-10-26 15:07:06","","Default Price","product.list0",""
"__export__.res_partner_1460_4dec12a9","Mitro fresh","","base.user_admin","2021-10-28 21:58:13","","Multi Price","product.list0",""
"__export__.res_partner_689_20dbcb0c","Mitro fresh","","base.user_admin","2021-05-29 14:47:43","","Multi Price","__export__.product_pricelist_44_2530682a",""
"__export__.res_partner_2290_5cd4b535","Momoya Asian Restaurant D9","","__export__.res_users_14_42108d61","2025-02-19 23:38:47","","Multi Price","__export__.product_pricelist_110_db078c12","112 Collins Ave, West"
"__export__.res_partner_1988_2c708c84","Monaghan","","__export__.res_users_11_e8d1fb01","2024-01-09 14:14:41","","Default Price","product.list0",""
"__export__.res_partner_2455_3e56008c","Mooijer Seafood and Oriental Food","","__export__.res_users_22_942f71e3","2025-09-18 11:18:06","","Default Price","product.list0","PO Box 146, 1130 AC volendam, the netherland"
"__export__.res_partner_2514_6e9b01e1","Moragues Bou S.l.","","__export__.res_users_7_ace94875","2026-02-25 12:23:37","","Default Price","",""
"__export__.res_partner_1069_c1c0ad3b","Mosa","PARNELL","base.user_admin","2021-05-29 14:47:43","MOSA","Multi Price","__export__.product_pricelist_44_2530682a","PARNELL"
"__export__.res_partner_1070_0b669102","Moti Mahal","Balbriggan","base.user_admin","2021-05-29 14:47:43","CURRY LEAVES LIMITED","Multi Price","__export__.product_pricelist_44_2530682a","1A Railway ST"
"__export__.res_partner_1071_44f86fd5","Mr Chen D6W","DUBLIN","base.user_admin","2021-05-29 14:47:43","陈 D6W","Default Price","__export__.product_pricelist_41_b1cf001b","10 Terenure Rd W"
"__export__.res_partner_1072_402187b0","Mr Dinh","d1","base.user_admin","2021-05-29 14:47:43","丁香酒家","Multi Price","__export__.product_pricelist_44_2530682a","101-102 CAPLE STREET"
"__export__.res_partner_1073_2afb2f6f","Mr Noodle","dublin 13","base.user_admin","2021-05-29 14:47:43","","Multi Price","__export__.product_pricelist_134_e1238b2c",""
"__export__.res_partner_2558_9df50a1e","Mr Wong Mullingar","","__export__.res_users_7_ace94875","2026-05-28 12:02:55","","Default Price","","Mullingar Park Hotel, Dublin Rd, Marlinstown, Mullingar, Co. Westmeath"
"__export__.res_partner_1074_53257163","Mr Wu Balbriggan","Balbriggan","base.user_admin","2021-05-29 14:47:43","M1","Default Price","__export__.product_pricelist_148_42949996","22 drogheda street"
"__export__.res_partner_1075_51f5f6f0","Mr Wu Ballyfermot","kilmainham, Dublin 10","base.user_admin","2021-05-29 14:47:43","D10","Multi Price","__export__.product_pricelist_44_2530682a","2 meadow,sarsfield Road"
"__export__.res_partner_2266_132955fa","MuLan Asian Takeaway D12","","__export__.res_users_10_962e2fe2","2024-12-10 12:58:38","","Multi Price","__export__.product_pricelist_44_2530682a","7 Sundrive Road, Kimmage"
"__export__.res_partner_1076_4fb3f0ff","Mughal Indian Cuisine","ashbourne","base.user_admin","2021-05-29 14:47:43","Mughal Indian Cuisine","Multi Price","__export__.product_pricelist_44_2530682a","mughal"
"__export__.res_partner_2422_1f2be714","Muktinath Limited TA The Little Yeti D11","","__export__.res_users_7_ace94875","2025-07-16 14:04:31","","Default Price","__export__.product_pricelist_161_ba1939c1","D11 AK80"
"__export__.res_partner_1913_0b4fe26f","Munemase Balbriggan","","__export__.res_users_14_42108d61","2023-08-21 12:03:01","","Multi Price","product.list0","Castlemill Shopping Centre, 12 Hamlet Ln, Bremore,"
"__export__.res_partner_1930_95ef299e","Musashi Blackrock","","__export__.res_users_14_42108d61","2023-09-14 08:52:34","","Default Price","__export__.product_pricelist_86_49e35a46","Unit G23, Frascati Shopping Centre,"
"__export__.res_partner_1837_354db69f","Musashi Hogan PL Noodle & Sushi Bar D2","","__export__.res_users_14_42108d61","2023-03-21 09:13:44","","Multi Price","__export__.product_pricelist_42_7be6d488","48 Hogan PL"
"__export__.res_partner_1844_cb1a3c17","Musashi IFSC Noodle & Sushi bar D1","","__export__.res_users_14_42108d61","2023-03-27 13:41:02","","Multi Price","__export__.product_pricelist_42_7be6d488","Custom House Square, Burton Hall, Unit 2 Mayor Street Lower,"
"__export__.res_partner_2572_c6f857f5","Musashi Liffey Valley","D22V2C4","__export__.res_users_14_42108d61","2026-06-15 04:13:54","","Default Price","__export__.product_pricelist_42_7be6d488","U20 Liffey Valley shopping centre"
"__export__.res_partner_1850_f0cc69bf","Musashi Noodle & Sushi Bar CAPLE","","__export__.res_users_14_42108d61","2023-04-03 09:31:57","","Multi Price","__export__.product_pricelist_42_7be6d488","15 Capel St, North City, Dublin 1,"
"__export__.res_partner_1078_df762d67","Musashi Parnell","parnell","base.user_admin","2021-05-29 14:47:43","japanese","Multi Price","__export__.product_pricelist_42_7be6d488","parnell"
"__export__.res_partner_1079_f42ddf2f","Musashi Sandyford","sandyford","base.user_admin","2021-05-29 14:47:43","","Default Price","__export__.product_pricelist_86_49e35a46","apex business centre"
"__export__.res_partner_2050_3666fbb2","Musashi Swords","","__export__.res_users_14_42108d61","2024-04-22 13:22:11","","Multi Price","__export__.product_pricelist_42_7be6d488","Unit 4, 14 Main St, Townparks,"
"__export__.res_partner_2232_5eb6c569","Musashi Tallaght","","__export__.res_users_14_42108d61","2024-10-01 15:20:46","","Multi Price","__export__.product_pricelist_42_7be6d488","UNIT A3, CROSS EAST,"
"__export__.res_partner_1778_f2421dc2","Musashi(LIULIA LTD)","","__export__.res_users_14_42108d61","2022-12-08 16:49:18","","Multi Price","product.list0","Apex Business Centre, Blackthorn Rd,"
"__export__.res_partner_1080_d2b9d1fe","Musgrave","","base.user_admin","2021-05-29 14:47:43","","Multi Price","__export__.product_pricelist_44_2530682a",""
"__export__.res_partner_1461_0a449633","Musgrave","","base.user_admin","2021-10-28 21:58:13","","Multi Price","product.list0",""
"__export__.res_partner_1082_b58411d0","Mw M1","Balbriggan","base.user_admin","2021-05-29 14:47:43","MW m1","Multi Price","__export__.product_pricelist_44_2530682a","Balbriggan"
"__export__.res_partner_1084_fe50ea1d","N TYRRELL WHOLESALE","","base.user_admin","2021-05-29 14:47:43","","Multi Price","__export__.product_pricelist_44_2530682a",""
"__export__.res_partner_1463_788398ac","N TYRRELL WHOLESALE","","base.user_admin","2021-10-28 21:58:13","","Multi Price","product.list0",""
"__export__.res_partner_1462_332d03a9","N TYRRELL Wholesale","Dublin 7","base.user_admin","2021-10-28 21:58:13","","Multi Price","product.list0","16/17A Halston ST."
"__export__.res_partner_1083_1463e4a1","N TYRRELL Wholesale","Dublin 7","base.user_admin","2021-05-29 14:47:43","","Multi Price","__export__.product_pricelist_44_2530682a","16/17A Halston ST."
"__export__.res_partner_1085_87c717f6","N11","N11","base.user_admin","2021-05-29 14:47:43","","Multi Price","__export__.product_pricelist_44_2530682a",""
"__export__.res_partner_1086_0aff4351","N3","N3","base.user_admin","2021-05-29 14:47:43","아 리 수","Multi Price","__export__.product_pricelist_89_fedc9957",""
"__export__.res_partner_1089_239c56c7","NAM Thah Supermarket","Dublin 1","base.user_admin","2021-05-29 14:47:43","C.O.D","Multi Price","__export__.product_pricelist_44_2530682a","108 Parnell ST."
"__export__.res_partner_2071_ee9cc419","ND LTD","","__export__.res_users_10_962e2fe2","2024-06-10 12:41:21","","Multi Price","__export__.product_pricelist_44_2530682a",""
"__export__.res_partner_1857_4dc51ff0","NEKO Asian street Food","carlow","__export__.res_users_7_ace94875","2023-04-08 14:59:52","","Multi Price","product.list0","20 dublin ST."
"__export__.res_partner_1682_41fa0c78","NEW LAND d8","dublin 8","__export__.res_users_8_fb87432d","2022-06-08 21:06:26","","Multi Price","__export__.product_pricelist_44_2530682a","740 south circular road"
"__export__.res_partner_1994_4bb952c0","NINJA SUSHI","","__export__.res_users_10_962e2fe2","2024-01-30 08:33:41","","Multi Price","__export__.product_pricelist_35_a4a5fea4",""
"__export__.res_partner_2090_44a3c153","NKP newbridge","","__export__.res_users_10_962e2fe2","2024-06-10 14:13:21","","Multi Price","__export__.product_pricelist_89_fedc9957",""
"__export__.res_partner_1107_e0653cdc","NO 50","","base.user_admin","2021-05-29 14:47:43","","Multi Price","__export__.product_pricelist_44_2530682a","nore"
"__export__.res_partner_1108_dbb0377a","NO.1(M7)","M7","base.user_admin","2021-05-29 14:47:43","","Multi Price","__export__.product_pricelist_44_2530682a",""
"__export__.res_partner_2485_b478d636","NO.43","dublin 7","__export__.res_users_8_fb87432d","2025-11-10 15:18:16","","Last Price","","43 kinvara park,"
"__export__.res_partner_2089_063d227f","NP clane","","__export__.res_users_10_962e2fe2","2024-06-10 14:12:47","","Multi Price","__export__.product_pricelist_44_2530682a",""
"__export__.res_partner_1111_987bd994","NP-D24","Tallaght","base.user_admin","2021-05-29 14:47:43","","Multi Price","__export__.product_pricelist_44_2530682a",""
"__export__.res_partner_1574_240fc290","NS Longford","","base.user_admin","2022-02-23 15:56:58","","Multi Price","__export__.product_pricelist_89_fedc9957",""
"__export__.res_partner_2248_133e600a","NSK D14","","__export__.res_users_10_962e2fe2","2024-11-04 12:10:14","","Multi Price","__export__.product_pricelist_41_b1cf001b",""
"__export__.res_partner_1112_517360ff","NW Athy","","base.user_admin","2021-05-29 14:47:43","","Multi Price","__export__.product_pricelist_89_fedc9957",""
"__export__.res_partner_1087_47462dd6","Nagoya D12","Dublin12","base.user_admin","2021-05-29 14:47:43","Nagoya D7","Multi Price","__export__.product_pricelist_44_2530682a","6 green hills road"
"__export__.res_partner_1088_7218217a","Nagoya D7","Dublin7","base.user_admin","2021-05-29 14:47:43","Nagoya D7","Multi Price","__export__.product_pricelist_44_2530682a","342 North Circuler Road"
"__export__.res_partner_1090_64c3e528","Navan Palace","navan","base.user_admin","2021-05-29 14:47:43","","Multi Price","__export__.product_pricelist_44_2530682a","54 brews Hill"
"__export__.res_partner_2387_def9f7c5","New Century Chinese Takeaway","","__export__.res_users_10_962e2fe2","2025-05-23 12:09:02","","Multi Price","__export__.product_pricelist_74_8ceded1a","Ballon, Co. Carlow"
"__export__.res_partner_2279_95c95e6b","New Century D9","dublin 9","__export__.res_users_8_fb87432d","2025-02-01 19:34:24","","Multi Price","product.list0","6 prospect road"
"__export__.res_partner_2380_06b09d04","New Century Kildare","","__export__.res_users_10_962e2fe2","2025-05-19 11:11:28","","Multi Price","__export__.product_pricelist_89_fedc9957","R403, Derrinturn, Co. Kildare"
"__export__.res_partner_2338_dd49ab38","New Chef Chinese Takeaway","Dublin","__export__.res_users_22_942f71e3","2025-04-02 08:32:00","","Default Price","__export__.product_pricelist_44_2530682a","unit 11, manor mall"
"__export__.res_partner_1093_f52ec4ce","New Chen NewBridge","","base.user_admin","2021-05-29 14:47:43","new bridge","Multi Price","__export__.product_pricelist_44_2530682a",""
"__export__.res_partner_1866_1dfdd59d","New Emperor Restaurant","Dublin 5","__export__.res_users_9_d71ce4f4","2023-04-26 15:39:59","","Multi Price","product.list0","18 may park donnycarney"
"__export__.res_partner_2257_ea5675dd","New Empire","Dublin 6","__export__.res_users_10_962e2fe2","2024-11-19 11:49:17","","Multi Price","__export__.product_pricelist_44_2530682a","72 lower Rathmines road Lower Rathmines"
"__export__.res_partner_1094_97835483","New Fortune Cookie","Dublin 6W","base.user_admin","2021-05-29 14:47:43","N81","Multi Price","__export__.product_pricelist_44_2530682a","283 Harolds cross Road,"
"__export__.res_partner_1095_af52146a","New Good Year","LUCAN","base.user_admin","2021-05-29 14:47:43","好年华","Multi Price","__export__.product_pricelist_44_2530682a","1ST FLOOR"
"__export__.res_partner_1096_7e33899c","New Kings Park","newbridge","base.user_admin","2021-05-29 14:47:43","","Multi Price","__export__.product_pricelist_89_fedc9957","main street"
"__export__.res_partner_2281_fa118497","New Leaf Skerries","dublin","__export__.res_users_22_942f71e3","2025-02-06 16:54:18","","Multi Price","__export__.product_pricelist_44_2530682a","18 new Street skerries"
"__export__.res_partner_1097_9da973c2","New Moon Tandoori Athy","Athy","base.user_admin","2021-05-29 14:47:43","","Multi Price","__export__.product_pricelist_44_2530682a","79 Leniser ST"
"__export__.res_partner_1657_67f25f2d","New Oriental Star/minfa LTD","Portalington","__export__.res_users_8_fb87432d","2022-05-13 13:30:39","","Multi Price","product.list0",""
"__export__.res_partner_1099_28fa9bc1","New Peking Kildare","clane","base.user_admin","2021-05-29 14:47:43","","Default Price","__export__.product_pricelist_44_2530682a","Abbeyland"
"__export__.res_partner_2243_02cf6114","New Sam Longford","","__export__.res_users_14_42108d61","2024-10-30 11:21:42","","Default Price","__export__.product_pricelist_155_3f58e76f","21 Dublin St, Townparks,"
"__export__.res_partner_1852_2c4e8c79","New Sunkist D14","Dublin 14","__export__.res_users_9_d71ce4f4","2023-04-04 10:02:42","","Default Price","__export__.product_pricelist_41_b1cf001b","1 Landscape Rd"
"__export__.res_partner_1102_68cf62c2","New Territory","dublin 22","base.user_admin","2021-05-29 14:47:43","","Default Price","__export__.product_pricelist_44_2530682a","unit 2, castle crescent,"
"__export__.res_partner_1103_926e4c12","New Victoria","Dublin 22","base.user_admin","2021-05-29 14:47:43","","Default Price","__export__.product_pricelist_44_2530682a","4 main ST"
"__export__.res_partner_2574_2c68edd3","New Village chinese restaurant","","__export__.res_users_30_f31202ea","2026-06-16 13:27:11","","Default Price","","44 Church St, Tullamore, Co. Offaly,"
"__export__.res_partner_1896_26c6e4ed","New WOK Fryin Dundalk","","__export__.res_users_7_ace94875","2023-06-28 18:03:48","","Default Price","product.list0","Castletown Rd, Moorland, Dundalk, Co. Louth"
"__export__.res_partner_1104_ea5715ce","New World Athy","Athy","base.user_admin","2021-05-29 14:47:43","新世界","Multi Price","__export__.product_pricelist_89_fedc9957","77 leinster street"
"__export__.res_partner_1889_95b81787","New Yummy Chinese Kitchen L.T.D","Swords","__export__.res_users_9_d71ce4f4","2023-06-21 09:10:53","","Multi Price","__export__.product_pricelist_44_2530682a","Unit 7, North Street Business Park"
"__export__.res_partner_2265_c40628c4","Newcelpaper","co.down","__export__.res_users_22_942f71e3","2024-12-03 15:08:08","","Default Price","product.list0","Milltown industrial estate"
"__export__.res_partner_1105_88c4ce5e","Ngai'S Oriental Restaurant","Athy","base.user_admin","2021-05-29 14:47:43","魏","Multi Price","__export__.product_pricelist_44_2530682a","29A LEINSTER STREET,EMILY SQUARE"
"__export__.res_partner_1779_3bcf046f","Nice to go Bray","","__export__.res_users_7_ace94875","2022-12-08 22:53:58","","Multi Price","__export__.product_pricelist_51_1b1fa6e3",""
"__export__.res_partner_1106_ece6556a","Nikko","Louth","base.user_admin","2021-05-29 14:47:43","JP.","Multi Price","__export__.product_pricelist_44_2530682a","10 Trinity st"
"__export__.res_partner_2054_971c1abd","Nmk Diner LTD","Co.Dublin","__export__.res_users_22_942f71e3","2024-04-29 08:49:21","","Multi Price","__export__.product_pricelist_44_2530682a","Manor Mall Shopping Centre,"
"__export__.res_partner_1595_c52d0d31","Nong Fu","","base.user_admin","2022-02-23 15:56:58","","Multi Price","__export__.product_pricelist_44_2530682a","Tallaght"
"__export__.res_partner_2449_cc73b970","Noodle Box Drogheda","A92 XRX9","__export__.res_users_14_42108d61","2025-09-10 09:53:13","","Multi Price","__export__.product_pricelist_126_6821e3ba","39 West St,"
"__export__.res_partner_1109_907527cb","Noodle Box-M1","balbriggan","base.user_admin","2021-05-29 14:47:43","","Default Price","__export__.product_pricelist_96_88d6c752","1 Brecan House  drogheda ST."
"__export__.res_partner_1110_988547d2","North Park","Dublin 24","base.user_admin","2021-05-29 14:47:43","北园","Multi Price","__export__.product_pricelist_44_2530682a","unit 5 , fortunestown shopping centre "
"__export__.res_partner_2078_b8212adf","O D14","","__export__.res_users_10_962e2fe2","2024-06-10 13:20:12","","Multi Price","__export__.product_pricelist_41_b1cf001b",""
"__export__.res_partner_1826_57b0ef83","O&J Ice Ltd","","__export__.res_users_14_42108d61","2023-03-04 11:51:29","","Default Price","product.list0","U8 Drogheda Town Centre"
"__export__.res_partner_1947_6defd6bd","O'Brien's Centra Mullingar","","__export__.res_users_7_ace94875","2023-10-03 16:00:19","","Multi Price","product.list0","Lynn Rd, Ballinderry, Mullingar, Co. Westmeath, N91 X0PR"
"__export__.res_partner_1127_43e7064c","O'Malley's","","base.user_admin","2021-05-29 14:47:43","","Multi Price","__export__.product_pricelist_44_2530682a",""
"__export__.res_partner_1464_71b2f9e0","O'Malley's","","base.user_admin","2021-10-28 21:58:13","","Multi Price","product.list0",""
"__export__.res_partner_2176_34d99a8f","OCC Skerries","","__export__.res_users_18_297f6f55","2024-06-14 13:25:06","","Multi Price","__export__.product_pricelist_44_2530682a",""
"__export__.res_partner_1120_d492a66b","OE N3","","base.user_admin","2021-05-29 14:47:43","","Multi Price","__export__.product_pricelist_44_2530682a",""
"__export__.res_partner_2099_d602b8c0","OE Tallaght","","__export__.res_users_10_962e2fe2","2024-06-11 09:01:34","","Multi Price","__export__.product_pricelist_44_2530682a",""
"__export__.res_partner_2096_3003a70b","OE-Dun","","__export__.res_users_10_962e2fe2","2024-06-10 15:51:56","","Multi Price","__export__.product_pricelist_44_2530682a",""
"__export__.res_partner_1121_0c36fd89","OEC","coothill","base.user_admin","2021-05-29 14:47:43","","Multi Price","__export__.product_pricelist_44_2530682a",""
"__export__.res_partner_1122_31d3bdf9","OG-Cashel","cashel","base.user_admin","2021-05-29 14:47:43","","Default Price","__export__.product_pricelist_98_2659323d",""
"__export__.res_partner_2246_c39e7a34","OI Rush","","__export__.res_users_10_962e2fe2","2024-10-31 08:45:17","","Multi Price","__export__.product_pricelist_44_2530682a",""
"__export__.res_partner_1125_8ced4c04","OKEE Dundrum","dublin 14","base.user_admin","2021-05-29 14:47:43","","Default Price","__export__.product_pricelist_41_b1cf001b","cornor shop,"
"__export__.res_partner_2182_ffc13e4a","OKG Castleknock","","__export__.res_users_18_297f6f55","2024-06-14 17:18:42","","Multi Price","__export__.product_pricelist_89_fedc9957",""
"__export__.res_partner_2575_bc504dcd","OM Longford","","__export__.res_users_14_42108d61","2026-06-16 13:53:01","","Multi Price","",""
"__export__.res_partner_1132_6f75a2ef","ORIENT","balbriggan","base.user_admin","2021-05-29 14:47:43","","Multi Price","__export__.product_pricelist_44_2530682a",""
"__export__.res_partner_2145_2e8572b1","OS&R D12","","__export__.res_users_10_962e2fe2","2024-06-12 11:46:50","","Multi Price","__export__.product_pricelist_44_2530682a",""
"__export__.res_partner_1845_ce74c057","Ocean Blue River Ltd D1","","__export__.res_users_14_42108d61","2023-03-28 09:43:49","","Multi Price","__export__.product_pricelist_35_a4a5fea4","Parnell St"
"__export__.res_partner_1655_6ffca156","Ocean City Catering Ltd","Skerries","__export__.res_users_7_ace94875","2022-05-11 20:01:56","海城","Multi Price","__export__.product_pricelist_44_2530682a","26 strand street"
"__export__.res_partner_1114_c9b6dff3","Ocean Garden D12","Dublin 12","base.user_admin","2021-05-29 14:47:43","海洋","Multi Price","__export__.product_pricelist_44_2530682a","253 crumlin ROAD"
"__export__.res_partner_1115_275deafc","Ocean Gate-rush","","base.user_admin","2021-05-29 14:47:43","","Multi Price","__export__.product_pricelist_44_2530682a",""
"__export__.res_partner_1116_74a05f94","Ocean Inn D3","d3","base.user_admin","2021-05-29 14:47:43","ocean inn d3","Multi Price","__export__.product_pricelist_44_2530682a","Philipsburgh Ave"
"__export__.res_partner_1117_6884394d","Ocean Inn(Rush)","Rush","base.user_admin","2021-05-29 14:47:43","海悦rush","Multi Price","__export__.product_pricelist_44_2530682a","28 upper main street"
"__export__.res_partner_1118_a0f7f3e1","Ocean Oriental","cashel","base.user_admin","2021-05-29 14:47:43","","Multi Price","__export__.product_pricelist_44_2530682a","43 main st."
"__export__.res_partner_2190_84d97c3f","Oche Chinese & Thai Takeaway","","__export__.res_users_22_942f71e3","2024-06-18 08:54:37","","Multi Price","__export__.product_pricelist_44_2530682a",""
"__export__.res_partner_1123_68f38c82","Oh My Street Food","Dublin 2","base.user_admin","2021-05-29 14:47:43","","Default Price","__export__.product_pricelist_55_e2af9163","4 Westmoreland St"
"__export__.res_partner_1124_3b74dd05","Okayu","d3","base.user_admin","2021-05-29 14:47:43","japanese","Multi Price","__export__.product_pricelist_44_2530682a","71 North strand rd"
"__export__.res_partner_1126_568e8661","Okra Green Castleknock","Dublin 15","base.user_admin","2021-05-29 14:47:43","D15","Multi Price","__export__.product_pricelist_89_fedc9957","unit 1 village shopping centre(main st.)"
"__export__.res_partner_2436_30921677","Oldcourt Fresh Seafood LTD","Dublin 24","__export__.res_users_8_fb87432d","2025-08-14 11:19:07","","Last Price","product.list0","Packhouse"
"__export__.res_partner_2327_4f26aeea","One Day One","","__export__.res_users_10_962e2fe2","2025-03-18 15:51:12","","Multi Price","product.list0",""
"__export__.res_partner_1129_63f76789","Op Navan","N3","base.user_admin","2021-05-29 14:47:43","","Multi Price","__export__.product_pricelist_44_2530682a","N3"
"__export__.res_partner_1130_6112d97e","Orchid Garden-M7","Cashel","base.user_admin","2021-05-29 14:47:43","雅丽阁","Default Price","__export__.product_pricelist_98_2659323d","3 Friar st"
"__export__.res_partner_1897_80bb6e4d","Orchid Palace-cork","co.cork","__export__.res_users_8_fb87432d","2023-07-06 23:09:07","","Multi Price","product.list0","ballyvolane"
"__export__.res_partner_2571_deeaa740","Orchid Restaurant D4","","__export__.res_users_7_ace94875","2026-06-11 10:38:16","","Default Price","","120 Pembroke Rd, Dublin, D04 E7T1"
"__export__.res_partner_1131_fea79a4a","Orchid Restaurant-d4","","base.user_admin","2021-05-29 14:47:43","","Multi Price","__export__.product_pricelist_44_2530682a","120 Pembroke Rd, Dublin, D04 E7T1"
"__export__.res_partner_2494_779894b2","Orient Go","Kildare W23 X6R6","__export__.res_users_22_942f71e3","2025-11-25 13:19:16","","Default Price","__export__.product_pricelist_44_2530682a","Mill Street Maynooth"
"__export__.res_partner_2578_565ff9e9","Oriental Cook-In Takeaway Dundalk","","__export__.res_users_7_ace94875","2026-06-18 08:48:50","","Default Price","__export__.product_pricelist_89_fedc9957","12 Hazel Ct, Marshes Lower, Dundalk, Co. Louth"
"__export__.res_partner_2577_979b85c3","Oriental Cookin takeaway Drogheda","","__export__.res_users_7_ace94875","2026-06-18 08:47:53","","Default Price","__export__.product_pricelist_89_fedc9957","5b Crushrod Ave, Yellowbatter, Drogheda, Co. Louth, A92 PV05"
"__export__.res_partner_1596_3194d941","Oriental Emporium-D6","Dublin 6","base.user_admin","2022-02-23 15:56:58","东方行","Multi Price","__export__.product_pricelist_125_c7c2d5d0","101 lower Rathmines RD"
"__export__.res_partner_1135_38f169f1","Oriental Express Coothill","coothill","base.user_admin","2021-05-29 14:47:43","东方快车","Multi Price","__export__.product_pricelist_44_2530682a",""
"__export__.res_partner_1134_4bddecaf","Oriental Express-dun","A96 YF34","base.user_admin","2021-05-29 14:47:43","DUN","Multi Price","__export__.product_pricelist_44_2530682a","131 Oliver Plunkett Rd"
"__export__.res_partner_1136_1bc987b5","Oriental Kitchen-rush","rush","base.user_admin","2021-05-29 14:47:43","","Default Price","__export__.product_pricelist_79_b148429f","main st"
"__export__.res_partner_1597_d10f2147","Oriental Silk Road Supplier Ltd","","base.user_admin","2022-02-23 15:56:58","昌兴行","Default Price","__export__.product_pricelist_104_1c40792c","cheong heng hong"
"__export__.res_partner_1833_884ccabd","Osaka Sushi & Ramen","","__export__.res_users_14_42108d61","2023-03-14 09:09:24","","Multi Price","__export__.product_pricelist_44_2530682a","30 Crumlin Rd, Crumlin,"
"__export__.res_partner_2213_fec8fb03","Oyama sushi Longford","Longford","__export__.res_users_14_42108d61","2024-07-23 21:59:47","","Default Price","product.list0","1 Grafton Court Longford"
"__export__.res_partner_2068_aa31a757","P & B Foods Limited","","__export__.res_users_14_42108d61","2024-06-06 12:31:03","","Default Price","product.list0","Prologis Park,Newhall Way,Bradford"
"__export__.res_partner_2148_ecf162b9","P&A P Blessington","","__export__.res_users_10_962e2fe2","2024-06-12 11:49:35","","Multi Price","__export__.product_pricelist_44_2530682a",""
"__export__.res_partner_1684_ac47e7c5","P&K Asian Food and Equipment LTD","Cork","__export__.res_users_8_fb87432d","2022-06-13 13:16:50","","Multi Price","__export__.product_pricelist_51_1b1fa6e3","unit 2 centre point "
"__export__.res_partner_2147_7f848804","P&P M Rathmines D6","","__export__.res_users_10_962e2fe2","2024-06-12 11:49:03","","Multi Price","__export__.product_pricelist_44_2530682a",""
"__export__.res_partner_1140_300e5f25","P&R Takeaway","dublin 15","base.user_admin","2021-05-29 14:47:43","","Multi Price","__export__.product_pricelist_44_2530682a",""
"__export__.res_partner_2101_ed71ffdd","PAF Swords","","__export__.res_users_10_962e2fe2","2024-06-11 11:08:46","","Multi Price","__export__.product_pricelist_44_2530682a",""
"__export__.res_partner_1141_61bb0f22","PANDA ASIAN FUSION","swords","base.user_admin","2021-05-29 14:47:43","","Multi Price","__export__.product_pricelist_44_2530682a","17 main st k67 h3k4"
"__export__.res_partner_2044_ef062926","PCT Edenderry","","__export__.res_users_10_962e2fe2","2024-04-05 12:46:01","","Multi Price","__export__.product_pricelist_44_2530682a",""
"__export__.res_partner_2066_8b4468a0","PG Kildare","","__export__.res_users_10_962e2fe2","2024-05-27 11:53:52","","Multi Price","__export__.product_pricelist_44_2530682a",""
"__export__.res_partner_2086_31f42e85","PH Drogheda","","__export__.res_users_10_962e2fe2","2024-06-10 14:09:21","","Multi Price","__export__.product_pricelist_89_fedc9957",""
"__export__.res_partner_2040_03fde213","PInn Rush","","__export__.res_users_10_962e2fe2","2024-04-05 12:38:50","","Multi Price","__export__.product_pricelist_89_fedc9957",""
"__export__.res_partner_2467_b24ea589","PInn Skerries","","__export__.res_users_22_942f71e3","2025-10-16 08:39:14","","Default Price","__export__.product_pricelist_89_fedc9957",""
"__export__.res_partner_2039_dfeba2bb","PInn Super","","__export__.res_users_10_962e2fe2","2024-04-05 12:37:00","","Multi Price","__export__.product_pricelist_89_fedc9957",""
"__export__.res_partner_2151_5bf48a59","PR Coolock","","__export__.res_users_10_962e2fe2","2024-06-12 12:02:21","","Multi Price","__export__.product_pricelist_44_2530682a",""
"__export__.res_partner_1467_738cfeaa","PRONK Groenten & Fruit","","base.user_admin","2021-10-28 21:58:13","","Multi Price","product.list0",""
"__export__.res_partner_1153_9eaf52b0","PRONK Groenten & Fruit","","base.user_admin","2021-05-29 14:47:43","","Multi Price","__export__.product_pricelist_44_2530682a",""
"__export__.res_partner_2150_ca4b1980","PRS&B","","__export__.res_users_10_962e2fe2","2024-06-12 12:01:34","","Multi Price","__export__.product_pricelist_44_2530682a",""
"__export__.res_partner_2511_85a025e8","PSF D8","","__export__.res_users_14_42108d61","2026-02-13 08:55:26","","Default Price","",""
"__export__.res_partner_2201_7254f681","Pad Thai Togo","","__export__.res_users_14_42108d61","2024-06-27 08:51:18","","Multi Price","product.list0","Unit 1, Malpas Court,"
"__export__.res_partner_2053_5b7495af","Panasia Handels GmbH","","__export__.res_users_14_42108d61","2024-04-26 13:16:41","","Default Price","product.list0","Landstrabe 38"
"__export__.res_partner_1142_5efe902f","Panda Asian Market","blanchardstown","base.user_admin","2021-05-29 14:47:43","盼盼 C.O.D","Multi Price","__export__.product_pricelist_44_2530682a","unit2 st bridgets shopping centre blanchardstown"
"__export__.res_partner_2465_44cc3e52","Panda Inn Chinese Takeaway Limited Skerries","Skerries","__export__.res_users_22_942f71e3","2025-10-09 08:23:42","","Default Price","__export__.product_pricelist_89_fedc9957","26 strand street"
"__export__.res_partner_1143_18bb08c9","Panda Inn Rush","Rush","base.user_admin","2021-05-29 14:47:43","rush","Multi Price","__export__.product_pricelist_89_fedc9957","3 main street(hands lane)"
"__export__.res_partner_1927_754098d4","Panda Inn Super","","__export__.res_users_8_fb87432d","2023-09-09 14:38:00","","Multi Price","__export__.product_pricelist_89_fedc9957","4 main ST."
"__export__.res_partner_1773_05afc1fd","Panda Inn newbridge","","__export__.res_users_8_fb87432d","2022-11-17 09:06:48","","Multi Price","__export__.product_pricelist_44_2530682a","12 Main St, Piercetown,"
"__export__.res_partner_2006_c1caee22","Panda Restaurant Coolock","","__export__.res_users_14_42108d61","2024-03-08 10:20:49","","Multi Price","product.list0","6, Kilmore,"
"__export__.res_partner_2007_3eaeff71","Panda Restaurant Sushi and Burger D8","","__export__.res_users_14_42108d61","2024-03-08 10:26:11","","Multi Price","product.list0","Coopers Court, Bond St,"
"__export__.res_partner_1752_46feab43","Paprika Pizza & Sandwich Shop","newbridge","__export__.res_users_10_962e2fe2","2022-08-24 14:59:55","","Multi Price","__export__.product_pricelist_44_2530682a","Main st"
"__export__.res_partner_2403_75ca4747","Pardell limited D18","Dublin 18","__export__.res_users_7_ace94875","2025-06-15 23:36:17","","Default Price","__export__.product_pricelist_44_2530682a","Unit 2B, The Forum, Ballymoss Rd"
"__export__.res_partner_1946_80380feb","Pareto Facilities Management Ltd","","__export__.res_users_7_ace94875","2023-10-03 15:54:02","","Default Price","product.list0","Block 1-4, Belfield Office Park, Beech Hill Road, Clonskeagh, Dublin 4, D04 V972"
"__export__.res_partner_2022_79cc9f95","Park Kitchen Asian Food Takeaway","","__export__.res_users_10_962e2fe2","2024-04-01 09:33:52","","Multi Price","__export__.product_pricelist_44_2530682a",""
"__export__.res_partner_2407_6e44d5f9","Pattaya Chinese Restaurant","","__export__.res_users_7_ace94875","2025-06-25 08:19:35","","Default Price","__export__.product_pricelist_44_2530682a","Ninth Lock Rd, Clondalkin, Dublin, D22 P890"
"__export__.res_partner_682_aaecec4d","Paul Leegwater","","base.user_admin","2021-05-29 14:47:43","","Multi Price","__export__.product_pricelist_44_2530682a",""
"__export__.res_partner_1466_a8e08cd3","Paul Leegwater","","base.user_admin","2021-10-28 21:58:13","","Multi Price","product.list0",""
"__export__.res_partner_1598_0cbe8637","Pearl Garden M7","Cashel","base.user_admin","2022-02-23 15:56:58","","Default Price","__export__.product_pricelist_98_2659323d","Bank Pl, Cashel"
"__export__.res_partner_1144_2c5b9b2c","Pearl River D7","Dublin 7","base.user_admin","2021-05-29 14:47:43","","Multi Price","__export__.product_pricelist_101_baf080f4","62 Phibsborough Rd"
"__export__.res_partner_1599_e6df6ec0","Peking Street Food D8","Dublin 8,","base.user_admin","2022-02-23 15:56:58","","Multi Price","__export__.product_pricelist_44_2530682a","U1,Malpas Court,"
"__export__.res_partner_1985_347e98dc","Peking&Apache Pizza Blessington","","__export__.res_users_8_fb87432d","2024-01-05 14:41:57","","Multi Price","__export__.product_pricelist_74_8ceded1a","old school House"
"__export__.res_partner_1858_03931cf0","Peking&Pizza mia Rathmines","dublin 6","__export__.res_users_8_fb87432d","2023-04-10 23:12:17","","Multi Price","product.list0","13 rathmine road Upper"
"__export__.res_partner_2496_ff0669e2","Peng Lai Supermarket","","__export__.res_users_22_942f71e3","2025-11-28 12:48:58","","Default Price","","101 Parnell Street Dublin 1"
"__export__.res_partner_1600_a4ed4f4a","Peony Droghada","Drogheda","base.user_admin","2022-02-23 15:56:58","祚楼","Multi Price","__export__.product_pricelist_89_fedc9957","Bryanstown centre,"
"__export__.res_partner_1145_be578c53","Peony Garden","Kildare","base.user_admin","2021-05-29 14:47:43","","Multi Price","__export__.product_pricelist_44_2530682a","Apt 4 , Weaver's Court"
"__export__.res_partner_1146_1b12f0dc","Peony Inn Athy","Athy","base.user_admin","2021-05-29 14:47:43","牡丹阁","Multi Price","__export__.product_pricelist_44_2530682a","Athy"
"__export__.res_partner_2472_304a757a","PepSur Marketing S.L.","","__export__.res_users_27_ccf3d93e","2025-10-27 14:42:48","","Default Price","",""
"__export__.res_partner_1149_db0674ba","Pho Kim Retaurant","Dublin 1","base.user_admin","2021-05-29 14:47:43","VN","Multi Price","__export__.product_pricelist_35_a4a5fea4","162 Parnell"
"__export__.res_partner_2557_76110c94","Phoenix House Chinese Takeaway Tyrrellspass","","__export__.res_users_7_ace94875","2026-05-27 08:47:45","","Default Price","","Ballykilmore, Tyrrellspass, Co. Westmeath"
"__export__.res_partner_1828_7af1e2fb","Ping's Chinese Takeaway Edenderry","","__export__.res_users_7_ace94875","2023-03-07 08:20:41","","Multi Price","__export__.product_pricelist_44_2530682a","45 JKL St, Edenderry, Co. Offaly, R45 YN51"
"__export__.res_partner_1150_5ca05edd","Pizza Mall D24 (COD)","Tallaght","base.user_admin","2021-05-29 14:47:43","Mor","Multi Price","__export__.product_pricelist_44_2530682a","Unit 4, high street"
"__export__.res_partner_1683_881f0380","Pizza Max Ashbourne","Co. Meath,","__export__.res_users_9_d71ce4f4","2022-06-09 22:33:40","","Multi Price","product.list0","5 Bachelors walk, Milltown,"
"__export__.res_partner_1151_bd819e09","Pizza Max D3","EAST WALL","base.user_admin","2021-05-29 14:47:43","","Multi Price","__export__.product_pricelist_44_2530682a","EAST WALL"
"__export__.res_partner_1673_62ac35e6","Pizza Max Swords","K67 R868","__export__.res_users_9_d71ce4f4","2022-05-19 11:55:14","","Multi Price","__export__.product_pricelist_44_2530682a","unit 4 Applewood Village Green"
"__export__.res_partner_2353_4e1af66d","Plafaus sanchiz S.L","","__export__.res_users_22_942f71e3","2025-04-18 15:46:33","","Default Price","product.list0",""
"__export__.res_partner_1626_60b65b7e","Pocha Korean Street Food","Dublin 1","__export__.res_users_7_ace94875","2022-04-23 14:32:15","","Multi Price","__export__.product_pricelist_35_a4a5fea4","Millennium Walkway, Abbey Street Upper,"
"__export__.res_partner_2057_b196e088","Pocha North Earl ST","Dublin","__export__.res_users_22_942f71e3","2024-05-02 08:11:07","","Multi Price","__export__.product_pricelist_35_a4a5fea4","15 North Earl Street"
"__export__.res_partner_1699_a1e95753","Primeale United B.V.","Ridderkerk","__export__.res_users_18_297f6f55","2022-07-18 16:43:15","","Multi Price","product.list0","Handelsweg 170"
"__export__.res_partner_1152_56b1e215","Priors Wood Fusion LTD","Dublin 17","base.user_admin","2021-05-29 14:47:43","","Multi Price","__export__.product_pricelist_89_fedc9957","89 Ascaill Chluain Seach"
"__export__.res_partner_1154_18a9631e","Punjabi House","Drogheda","base.user_admin","2021-05-29 14:47:43","Drogheda","Multi Price","__export__.product_pricelist_89_fedc9957","7 Dublin Road"
"__export__.res_partner_2388_282f2da3","Qingdao Sun-Growing Trade Co. LTD","","__export__.res_users_22_942f71e3","2025-05-23 16:58:18","","Default Price","product.list0",""
"__export__.res_partner_2519_9b3545b1","Qiu Summer Inn Ltd D3","Dublin 3","__export__.res_users_7_ace94875","2026-02-27 20:37:50","","Default Price","__export__.product_pricelist_33_b38fc797","61a Ballybough Rd, Ballybough"
"__export__.res_partner_1156_3874522d","Qs Creative Asian Dining","Dublin 6W","base.user_admin","2021-05-29 14:47:43","","Multi Price","__export__.product_pricelist_44_2530682a","90 Terenure Road East"
"__export__.res_partner_1157_ef42db58","Quan","D1","base.user_admin","2021-05-29 14:47:43","QUAN","Multi Price","__export__.product_pricelist_44_2530682a","D1"
"__export__.res_partner_2348_759e8a9a","QueenStop(Rathmine)","","__export__.res_users_14_42108d61","2025-04-13 22:17:48","","Multi Price","__export__.product_pricelist_35_a4a5fea4","Rathmine Road Lower,"
"__export__.res_partner_1625_93c49a57","Quick Food","","__export__.res_users_9_d71ce4f4","2022-04-23 14:32:06","","Default Price","__export__.product_pricelist_108_3c254f3e",""
"__export__.res_partner_2005_2cf3cb4d","R Martin Eggs","Monaghan","__export__.res_users_22_942f71e3","2024-03-06 10:36:57","","Default Price","product.list0","Drumagelvin"
"__export__.res_partner_2261_32d23599","RC D7","","__export__.res_users_14_42108d61","2024-11-24 23:15:38","","Default Price","product.list0",""
"__export__.res_partner_2280_603d275f","RC Longford","","__export__.res_users_14_42108d61","2025-02-05 07:53:58","","Multi Price","__export__.product_pricelist_89_fedc9957",""
"__export__.res_partner_1164_ffa6341d","RFH","cork","base.user_admin","2021-05-29 14:47:43","","Multi Price","__export__.product_pricelist_44_2530682a",""
"__export__.res_partner_1165_dac64342","RG tallaght","","base.user_admin","2021-05-29 14:47:43","","Multi Price","__export__.product_pricelist_44_2530682a",""
"__export__.res_partner_1168_d5d49ffd","RI SHENG","SKERRIES","base.user_admin","2021-05-29 14:47:43","","Multi Price","__export__.product_pricelist_44_2530682a",""
"__export__.res_partner_2169_38144498","RJ Carrickmacross","","__export__.res_users_18_297f6f55","2024-06-14 11:16:22","","Multi Price","__export__.product_pricelist_89_fedc9957",""
"__export__.res_partner_2168_d41fc230","RJ Castleblayney","","__export__.res_users_18_297f6f55","2024-06-14 11:15:41","","Multi Price","__export__.product_pricelist_89_fedc9957",""
"__export__.res_partner_1177_9fd4c60d","RL Raheny","D5","base.user_admin","2021-05-29 14:47:43","米","Multi Price","__export__.product_pricelist_44_2530682a","D5"
"__export__.res_partner_1602_9c916cb1","RM m7","","base.user_admin","2022-02-23 15:56:58","","Multi Price","__export__.product_pricelist_89_fedc9957",""
"__export__.res_partner_1188_2a338b6e","RP","","base.user_admin","2021-05-29 14:47:43","","Multi Price","__export__.product_pricelist_44_2530682a",""
"__export__.res_partner_2077_866be215","RP Celbridge","","__export__.res_users_10_962e2fe2","2024-06-10 13:11:07","","Multi Price","__export__.product_pricelist_44_2530682a",""
"__export__.res_partner_2075_d4d884bc","RS Coolmine","","__export__.res_users_10_962e2fe2","2024-06-10 13:09:34","","Multi Price","__export__.product_pricelist_44_2530682a",""
"__export__.res_partner_2155_8e51aa01","RTG D2","","__export__.res_users_10_962e2fe2","2024-06-12 14:54:12","","Multi Price","__export__.product_pricelist_44_2530682a",""
"__export__.res_partner_2217_6a625381","Raccoon Longford","","__export__.res_users_10_962e2fe2","2024-08-05 14:45:20","","Multi Price","__export__.product_pricelist_44_2530682a","3, Townparks, Longford, N39 F3F6"
"__export__.res_partner_1933_4724b928","Raising Star Coolmine","dublin 15","__export__.res_users_10_962e2fe2","2023-09-25 10:00:14","","Multi Price","__export__.product_pricelist_44_2530682a","Coolmine Business Park"
"__export__.res_partner_1885_ccce704f","Ramen And Bento House Ltd","","__export__.res_users_14_42108d61","2023-06-10 11:56:26","","Default Price","product.list0","1 Haggaard Court,Haggard ST,Trim"
"__export__.res_partner_1159_a59e4c3e","Ramen CO. D7","","base.user_admin","2021-05-29 14:47:43","","Multi Price","__export__.product_pricelist_44_2530682a","56 Manor St"
"__export__.res_partner_1160_172a49dc","Ramen Kitchen","dublin 7","base.user_admin","2021-05-29 14:47:43","","Multi Price","__export__.product_pricelist_44_2530682a","56 manor ST. Stoneybatter"
"__export__.res_partner_1161_b5c2f53e","Rasoi India To Go","dublin 6","base.user_admin","2021-05-29 14:47:43","Rasoi","Multi Price","__export__.product_pricelist_44_2530682a","the triangle, ranelagh village"
"__export__.res_partner_2516_ae984704","Ready Chef","","__export__.res_users_22_942f71e3","2026-02-26 11:04:57","","Default Price","",""
"__export__.res_partner_1881_931f180a","Red Chilli Ltd","","__export__.res_users_9_d71ce4f4","2023-05-27 09:34:28","","Multi Price","__export__.product_pricelist_116_9890b79c",""
"__export__.res_partner_2000_2328daa5","Red Chilli Tallaght","","__export__.res_users_10_962e2fe2","2024-02-13 13:45:25","","Default Price","__export__.product_pricelist_44_2530682a","2A Belgard Square West"
"__export__.res_partner_1941_c4cd6f88","Red Rice Chinese Take Away","Dublin","__export__.res_users_10_962e2fe2","2023-09-28 15:11:20","","Multi Price","__export__.product_pricelist_44_2530682a","155 Kimmage Rd LowerHarold's Cross"
"__export__.res_partner_1162_84b0db9d","Red Torch Ginger D2","dublin 2","base.user_admin","2021-05-29 14:47:43","D2","Default Price","__export__.product_pricelist_151_d18614f7","15 St Andrew's St"
"__export__.res_partner_2513_a46f719e","Red Torch Ginger Maynooth","","__export__.res_users_7_ace94875","2026-02-21 09:04:48","","Default Price","__export__.product_pricelist_151_d18614f7","Main St, Maynooth, Co. Kildare"
"__export__.res_partner_2512_8ed6bf07","Red Torch Ginger Sandyford","","__export__.res_users_7_ace94875","2026-02-21 08:17:29","","Default Price","__export__.product_pricelist_151_d18614f7","Red Torch Ginger Sandyford, The Chase, Carmanhall Rd, Sandyford, Dublin, D18 Y3X2"
"__export__.res_partner_1698_17f89bfa","Renjie Food","D1","__export__.res_users_14_42108d61","2022-07-11 13:20:10","","Multi Price","product.list0","87 summerhill mountjoy"
"__export__.res_partner_1166_1bb51cf2","Ri Ash","ASHBOURNE","base.user_admin","2021-05-29 14:47:43","ashbourne","Multi Price","__export__.product_pricelist_44_2530682a","ASHBOURNE"
"__export__.res_partner_1167_b05c7685","Ri Drogheda","Drogheda","base.user_admin","2021-05-29 14:47:43","dr","Multi Price","__export__.product_pricelist_44_2530682a","Drogheda"
"__export__.res_partner_1169_1c794ad0","Rialto Malaysian Chinese takeaway","DUBLIN 8","base.user_admin","2021-05-29 14:47:43","RIALTO","Multi Price","__export__.product_pricelist_44_2530682a","447 south circular road, "
"__export__.res_partner_1170_d47a6860","Rice Land","Raheny , Dublin 5","base.user_admin","2021-05-29 14:47:43","置富","Multi Price","__export__.product_pricelist_44_2530682a","17B Main Street"
"__export__.res_partner_2311_2af7f00d","Rising Sun Longford","","__export__.res_users_22_942f71e3","2025-03-04 15:40:55","","Default Price","__export__.product_pricelist_89_fedc9957","17/18 Dublin St,"
"__export__.res_partner_1173_d8002d22","River King Celebridge","Celebridge","base.user_admin","2021-05-29 14:47:43","长江","Default Price","__export__.product_pricelist_44_2530682a","Main ST"
"__export__.res_partner_1981_feeb8aac","River Wok","Sligo","__export__.res_users_10_962e2fe2","2023-12-13 10:01:47","","Multi Price","__export__.product_pricelist_51_1b1fa6e3","Calry Court"
"__export__.res_partner_1175_bbce0cc4","Riverside Cake LTD","D2","base.user_admin","2021-05-29 14:47:43","","Multi Price","__export__.product_pricelist_44_2530682a","d2"
"__export__.res_partner_2233_bc9a97b7","Riverside China House","","__export__.res_users_18_297f6f55","2024-10-01 17:43:06","","Default Price","__export__.product_pricelist_98_2659323d","Cashel Road Roundabout, Burgagery-Lands West"
"__export__.res_partner_1176_360f74c4","Rk Celebridge","CELEBRIDGE","base.user_admin","2021-05-29 14:47:43","","Multi Price","__export__.product_pricelist_44_2530682a","CELEBRIDGE"
"__export__.res_partner_2354_8540ea96","Ronda Fruits","","__export__.res_users_22_942f71e3","2025-04-18 15:50:34","","Default Price","product.list0",""
"__export__.res_partner_2401_1157210c","Rongs 157 Parnell Street","","__export__.res_users_7_ace94875","2025-06-12 12:30:06","","Default Price","product.list0","157 Parnell St, Rotunda, Dublin 1, D01 N8C7"
"__export__.res_partner_1178_4660d857","Rongs Wholesale Ltd","","base.user_admin","2021-05-29 14:47:43","融兴行","Multi Price","product.list0","Cherry Orchard Industrial Estate, 37 Ballyfermot Rd, Ballyfermot Upper, Dublin 10, D10 PT63"
"__export__.res_partner_1603_68c3be70","Rose Garden Tallaght","","base.user_admin","2022-02-23 15:56:58","","Default Price","__export__.product_pricelist_150_91f216d7","Fortunestown Shopping Centre, Maplewood Rd"
"__export__.res_partner_1181_196f02c9","Rose Land","Malahide","base.user_admin","2021-05-29 14:47:43","","Multi Price","__export__.product_pricelist_44_2530682a","3 New Street"
"__export__.res_partner_2442_97069bbf","Rounabout CT CASH","","__export__.res_users_22_942f71e3","2025-08-29 10:59:56","","Default Price","product.list0",""
"__export__.res_partner_1874_7824ff4c","Royal Caterers","","__export__.res_users_14_42108d61","2023-05-10 12:29:35","","Multi Price","product.list0","Ashbourne Businese Centre,27C,"
"__export__.res_partner_1182_245cfb4b","Royal City","maynooth","base.user_admin","2021-05-29 14:47:43","maynooth","Multi Price","__export__.product_pricelist_44_2530682a","maynooth"
"__export__.res_partner_1183_122bce4e","Royal Garden Athy","athy","base.user_admin","2021-05-29 14:47:43","","Multi Price","__export__.product_pricelist_44_2530682a","athy"
"__export__.res_partner_1886_7c0a4184","Royal Indian Cuisine SandyFord","Dublin 18","__export__.res_users_9_d71ce4f4","2023-06-11 23:09:35","","Multi Price","__export__.product_pricelist_44_2530682a","Block A, Ravenscourt Business Park"
"__export__.res_partner_1871_1ff46fe4","Royal Indian Cusine","Droghada","__export__.res_users_14_42108d61","2023-05-08 12:41:04","","Multi Price","__export__.product_pricelist_44_2530682a","bryanstown centre, Bryanstown Village"
"__export__.res_partner_1887_7d884745","Royal Indian Cusine Ashbourne","Co. Meath","__export__.res_users_9_d71ce4f4","2023-06-12 08:18:15","","Multi Price","__export__.product_pricelist_44_2530682a","4a Bridge St. Milltown,"
"__export__.res_partner_1184_6e0a68be","Royal Inn","ASHBOURNE","base.user_admin","2021-05-29 14:47:43","ashbourne","Multi Price","__export__.product_pricelist_44_2530682a","1, Killegland shopping centre"
"__export__.res_partner_1185_72a27e84","Royal Jade Carrickmacross","Carrickmacross","base.user_admin","2021-05-29 14:47:43","n3","Multi Price","__export__.product_pricelist_89_fedc9957","Carrickmacross"
"__export__.res_partner_1186_0ccffa35","Royal Jade Castleblayney","Castleblayney","base.user_admin","2021-05-29 14:47:43","n3","Multi Price","__export__.product_pricelist_89_fedc9957","Castleblayney"
"__export__.res_partner_1187_1fc9bbda","Royal Palace","Co. Kildare","base.user_admin","2021-05-29 14:47:43","celbridge","Multi Price","__export__.product_pricelist_44_2530682a","Celbridge"
"__export__.res_partner_2395_f7cdba53","Royal Plaza","","__export__.res_users_14_42108d61","2025-06-09 10:14:06","","Multi Price","__export__.product_pricelist_44_2530682a","Unit 6, Cityside Centre,"
"__export__.res_partner_2501_244a9f32","Royal Takeaway","Dublin","__export__.res_users_22_942f71e3","2025-12-18 11:25:31","","Default Price","__export__.product_pricelist_74_8ceded1a","unit 5c Kylemore Park N,"
"__export__.res_partner_2227_ff822b32","Ruby Palace Chinese Tullyallen","Louth","__export__.res_users_22_942f71e3","2024-09-04 16:10:02","","Default Price","product.list0","Lynch's Cross Tullyallen"
"__export__.res_partner_1189_466aee06","Ruen Mying Thai","cashel","base.user_admin","2021-05-29 14:47:43","M7","Multi Price","__export__.product_pricelist_89_fedc9957","lower gate st. cashel"
"__export__.res_partner_1470_fb864b1c","S&F Global","Ashboure","base.user_admin","2021-10-28 21:58:13","","Multi Price","product.list0",""
"__export__.res_partner_2183_616a73a6","S&S Castleknock","","__export__.res_users_18_297f6f55","2024-06-14 17:19:45","","Multi Price","__export__.product_pricelist_47_fcafab57",""
"__export__.res_partner_2331_0ad804cc","S.F.M. INTERNATIONAL TRADING CO., LTD.","","__export__.res_users_10_962e2fe2","2025-03-22 13:52:53","","Multi Price","product.list0",""
"__export__.res_partner_1974_8671dea6","S9","","__export__.res_users_10_962e2fe2","2023-11-10 15:20:26","","Multi Price","__export__.product_pricelist_33_b38fc797",""
"__export__.res_partner_2355_d37d9b2d","SAMJIN Globalnet CO. LTD","","__export__.res_users_22_942f71e3","2025-04-18 17:54:11","","Default Price","product.list0",""
"__export__.res_partner_2049_d37eb83d","SAN SAB-blackrock","Blackrock","__export__.res_users_8_fb87432d","2024-04-19 08:48:48","","Multi Price","product.list0","5/7 main street"
"__export__.res_partner_1604_6e80194c","SAN WEI Asian Food LTD","","base.user_admin","2022-02-23 15:56:58","","Multi Price","__export__.product_pricelist_44_2530682a","1 Brecan House  drogheda ST."
"__export__.res_partner_2082_ffbd9d72","SC Take away","","__export__.res_users_10_962e2fe2","2024-06-10 14:06:12","","Multi Price","__export__.product_pricelist_44_2530682a",""
"__export__.res_partner_1205_981570ed","SG CARRICKMACROSS","","base.user_admin","2021-05-29 14:47:43","","Multi Price","__export__.product_pricelist_89_fedc9957",""
"__export__.res_partner_1605_23fe07b3","SG Carlinford","","base.user_admin","2022-02-23 15:56:58","","Multi Price","__export__.product_pricelist_89_fedc9957",""
"__export__.res_partner_2314_a378645c","SH Athlone","","__export__.res_users_14_42108d61","2025-03-05 07:50:35","","Multi Price","__export__.product_pricelist_89_fedc9957",""
"__export__.res_partner_2037_de3cc9e4","SH Laytown","","__export__.res_users_10_962e2fe2","2024-04-05 12:26:54","","Multi Price","__export__.product_pricelist_44_2530682a",""
"__export__.res_partner_1606_e2dee4dc","SHAN-ash","","base.user_admin","2022-02-23 15:56:58","","Multi Price","__export__.product_pricelist_44_2530682a",""
"__export__.res_partner_1215_2b9624cb","SHENPING","COLLETION","base.user_admin","2021-05-29 14:47:43","","Multi Price","__export__.product_pricelist_44_2530682a",""
"__export__.res_partner_1219_d7c375eb","SHUI CHE CHENG","","base.user_admin","2021-05-29 14:47:43","naas","Default Price","__export__.product_pricelist_68_5a90c786","longmile"
"__export__.res_partner_1220_7b1e037c","SHUI CHE WU-D12","","base.user_admin","2021-05-29 14:47:43","naas","Multi Price","__export__.product_pricelist_44_2530682a","kimmage"
"__export__.res_partner_2444_7d1d453a","SI D5","","__export__.res_users_14_42108d61","2025-09-05 08:03:40","","Default Price","__export__.product_pricelist_33_b38fc797",""
"__export__.res_partner_997_1abc595b","SI D7","","base.user_admin","2021-05-29 14:47:43","","Default Price","__export__.product_pricelist_33_b38fc797",""
"__export__.res_partner_1032_6906330b","SI D8","","base.user_admin","2021-05-29 14:47:43","","Default Price","__export__.product_pricelist_33_b38fc797","D8"
"__export__.res_partner_2460_f032bec3","SI Sandyford","","__export__.res_users_7_ace94875","2025-09-25 23:25:49","","Default Price","__export__.product_pricelist_33_b38fc797",""
"__export__.res_partner_1223_e62ef13a","SIFU Takeaway","","base.user_admin","2021-05-29 14:47:43","","Multi Price","__export__.product_pricelist_44_2530682a","kilronan house,"
"__export__.res_partner_862_981dbb7a","SK D13","","base.user_admin","2021-05-29 14:47:43","","Multi Price","__export__.product_pricelist_44_2530682a",""
"__export__.res_partner_2416_cec76e7d","SKTB D2","","__export__.res_users_14_42108d61","2025-07-12 07:31:56","","Multi Price","__export__.product_pricelist_35_a4a5fea4",""
"__export__.res_partner_1609_109cf974","SLIGO-Collection","","base.user_admin","2022-02-23 15:56:58","","Multi Price","__export__.product_pricelist_44_2530682a",""
"__export__.res_partner_2187_063ad36e","SMK D2","","__export__.res_users_18_297f6f55","2024-06-14 17:24:22","","Multi Price","__export__.product_pricelist_35_a4a5fea4",""
"__export__.res_partner_2141_580ad897","SO Tallaght","","__export__.res_users_10_962e2fe2","2024-06-12 11:43:19","","Multi Price","__export__.product_pricelist_44_2530682a",""
"__export__.res_partner_2326_6f7142dc","SORA Fruits, S.A","","__export__.res_users_10_962e2fe2","2025-03-14 12:38:22","","Multi Price","product.list0","Longitudinal, 7 Parcela 22 A-B ZAC BARCELONA"
"__export__.res_partner_2092_b0c2aaba","SR Dublin 14","","__export__.res_users_10_962e2fe2","2024-06-10 15:40:49","","Multi Price","__export__.product_pricelist_44_2530682a",""
"__export__.res_partner_2120_3864f608","SR Dún Laoghaire","","__export__.res_users_10_962e2fe2","2024-06-11 11:47:44","","Multi Price","__export__.product_pricelist_44_2530682a",""
"__export__.res_partner_2158_40ee0379","SS Clontarf","","__export__.res_users_10_962e2fe2","2024-06-12 15:00:17","","Multi Price","__export__.product_pricelist_43_76dc8904",""
"__export__.res_partner_2202_f5145eed","SS House Rathvilly","","__export__.res_users_10_962e2fe2","2024-06-27 09:11:54","","Multi Price","__export__.product_pricelist_89_fedc9957",""
"__export__.res_partner_2360_26e4d6d1","SS Lab","","__export__.res_users_14_42108d61","2025-04-24 07:58:57","","Default Price","product.list0",""
"__export__.res_partner_1233_2c030497","SS STRADBALLY","","base.user_admin","2021-05-29 14:47:43","","Multi Price","__export__.product_pricelist_89_fedc9957",""
"__export__.res_partner_2212_5f2367cf","SSB Mullingar","","__export__.res_users_18_297f6f55","2024-07-23 18:22:39","","Multi Price","__export__.product_pricelist_44_2530682a",""
"__export__.res_partner_1940_78e984fa","SSP Trade & Consult GmbH","","__export__.res_users_14_42108d61","2023-09-27 21:19:21","","Multi Price","product.list0","Phillipp-Reis-Strabe 15 B3/B4"
"__export__.res_partner_2143_de484ddf","SU D3","","__export__.res_users_10_962e2fe2","2024-06-12 11:44:35","","Multi Price","__export__.product_pricelist_44_2530682a",""
"__export__.res_partner_2122_beeacb6f","SYR Wicklow","","__export__.res_users_10_962e2fe2","2024-06-11 11:50:12","","Multi Price","__export__.product_pricelist_44_2530682a",""
"__export__.res_partner_1193_d1e15067","Saigon City","Dublin 1","base.user_admin","2021-05-29 14:47:43","chinese takeaway","Multi Price","__export__.product_pricelist_44_2530682a","38A Amein ST"
"__export__.res_partner_1194_a928ec02","Saigon City"," Dublin 1","base.user_admin","2021-05-29 14:47:43","","Multi Price","__export__.product_pricelist_44_2530682a","38A Amiens St"
"__export__.res_partner_1906_de0581da","Sako","","__export__.res_users_14_42108d61","2023-08-02 13:30:38","","Default Price","product.list0","239 Upper Newtownards Road"
"__export__.res_partner_2489_89b4d108","Sakura Clondalkin","","__export__.res_users_27_ccf3d93e","2025-11-12 13:45:35","","Multi Price","__export__.product_pricelist_136_c6eaff5a","watery Ln,clondalkin"
"__export__.res_partner_1876_a35f5573","Sakura D24","","__export__.res_users_14_42108d61","2023-05-23 10:34:59","","Default Price","product.list0","unit 9 Tuansgate, Belgard Square E, Tallaght"
"__export__.res_partner_1195_3ae3f935","Sam Dennigan","","base.user_admin","2021-05-29 14:47:43","","Multi Price","__export__.product_pricelist_44_2530682a",""
"__export__.res_partner_1196_f72be721","Sam Dennigan & Co uc","","base.user_admin","2021-05-29 14:47:43","","Multi Price","__export__.product_pricelist_44_2530682a",""
"__export__.res_partner_1469_54ce4b1d","Sam Dennigan & Co uc","","base.user_admin","2021-10-28 21:58:13","","Multi Price","product.list0",""
"__export__.res_partner_1197_a4c790b6","San Sab Clontarf","Dublin 3","base.user_admin","2021-05-29 14:47:43","","Multi Price","__export__.product_pricelist_72_c55ac5be","4 Vernon Ave."
"__export__.res_partner_1198_a3cbadb5","San Sab Drumcondra","Dublin 9","base.user_admin","2021-05-29 14:47:43","thai COD","Multi Price","__export__.product_pricelist_43_76dc8904","84 upper Drumcondra RD"
"__export__.res_partner_1986_6f2cc5a4","Sangeethan , Sangeethan","Hayes ","base.user_root","2024-01-06 20:14:30","","Default Price","product.list0","3 Lister House"
"__export__.res_partner_2001_f7fddbf4","Sasaki Sushi D7","Dublin 7","__export__.res_users_22_942f71e3","2024-02-14 08:20:11","","Default Price","__export__.product_pricelist_44_2530682a","Stoneybatter"
"__export__.res_partner_1201_854efd41","Sawadee","D6","base.user_admin","2021-05-29 14:47:43","C.O.D","Multi Price","__export__.product_pricelist_44_2530682a","D6"
"__export__.res_partner_2531_e0e03692","Scent D18","","__export__.res_users_22_942f71e3","2026-03-30 10:35:11","","Default Price","__export__.product_pricelist_44_2530682a","Unit 2 Cornelscourt"
"__export__.res_partner_1202_b6f07a60","Scent Restaurant D14","Dublin 14","base.user_admin","2021-05-29 14:47:43","","Multi Price","__export__.product_pricelist_44_2530682a","20 Landscape Rd"
"__export__.res_partner_1203_a799bcc8","Sea View","Bettystown","base.user_admin","2021-05-29 14:47:43","Bettystown","Multi Price","__export__.product_pricelist_44_2530682a","Bettystown"
"__export__.res_partner_2048_a7e29da0","Seafood Connection B.V.","","__export__.res_users_14_42108d61","2024-04-17 11:35:35","","Default Price","product.list0","Head office Het Spijk 12"
"__export__.res_partner_2518_9d61d6bf","Sean Bar","","__export__.res_users_10_962e2fe2","2026-02-27 14:31:33","","Multi Price","__export__.product_pricelist_44_2530682a","1 St Laurence's Rd, Chapelizod, Dublin20"
"__export__.res_partner_1204_0e526973","Senbazuru-D3","Dublin 3","base.user_admin","2021-05-29 14:47:43","","Multi Price","__export__.product_pricelist_44_2530682a","12 Marino Mart  Fariview"
"__export__.res_partner_2479_d4113d9d","Seven Seas Veg D22","","__export__.res_users_7_ace94875","2025-11-01 10:18:26","","Last Price","","Rock House, Baldonnell Upper, Dublin 22, D22 A7X2"
"__export__.res_partner_1206_8f25ebae","Shagun Art Of Spice","Swords","base.user_admin","2021-05-29 14:47:43","indian C.O.D","Multi Price","__export__.product_pricelist_44_2530682a","Unit 4, Applewood Village"
"__export__.res_partner_1207_98702714","Shan Indian","Dublin 2","base.user_admin","2021-05-29 14:47:43","indian","Multi Price","__export__.product_pricelist_44_2530682a","Temple bar"
"__export__.res_partner_1208_9f8f28df","Shang Garden","county louth","base.user_admin","2021-05-29 14:47:43","","Multi Price","__export__.product_pricelist_44_2530682a","Commons"
"__export__.res_partner_2408_5be7b4e4","Shang Garden Carlingford","","__export__.res_users_14_42108d61","2025-06-25 16:45:44","","Multi Price","__export__.product_pricelist_44_2530682a","Dundalk Street"
"__export__.res_partner_1209_06d3fe5d","Shanghai D1","D1 D01 TE82","base.user_admin","2021-05-29 14:47:43","上海","Multi Price","__export__.product_pricelist_44_2530682a","47 sheriff ST. Lower , Northdock,"
"__export__.res_partner_1210_a86b05c2","Shanghai Laytown","Laytown R150","base.user_admin","2021-05-29 14:47:43","上海","Multi Price","__export__.product_pricelist_44_2530682a","strand road"
"__export__.res_partner_1966_b4ffc1c2","Shanghai-La Ongar","","__export__.res_users_7_ace94875","2023-10-27 08:11:55","","Multi Price","product.list0","2 Ongar Square, Ongar Village, Dublin, D15 RY97"
"__export__.res_partner_1211_f0c5b3c2","Shangrila Asian cuisine-D7","Dublin 7","base.user_admin","2021-05-29 14:47:43","香格里拉","Multi Price","__export__.product_pricelist_44_2530682a","463 Blackhorse AVE "
"__export__.res_partner_1212_57f70a8f","Shangrila Asian takeaway-D15","Dublin 15","base.user_admin","2021-05-29 14:47:43","香格里拉","Multi Price","__export__.product_pricelist_44_2530682a","ongar"
"__export__.res_partner_1214_dc2fa526","Shannon Catering&Food Supply LTD","Cork","base.user_admin","2021-05-29 14:47:43","","Multi Price","__export__.product_pricelist_44_2530682a","unit 2 centre point "
"__export__.res_partner_2556_73ef917d","Share Korea","D02DC43","__export__.res_users_14_42108d61","2026-05-25 14:11:19","","Multi Price","__export__.product_pricelist_35_a4a5fea4","40 Camden Street Lower,"
"__export__.res_partner_1216_828e12b8","Shi Wang Yun","Dublin 1","base.user_admin","2021-05-29 14:47:43","食旺运","Multi Price","__export__.product_pricelist_35_a4a5fea4","105 parnell ST."
"__export__.res_partner_1217_4ccc8e49","Shibuyashi-japanese","Dublin 15","base.user_admin","2021-05-29 14:47:43","","Multi Price","__export__.product_pricelist_44_2530682a","9 saint brigid's cottages "
"__export__.res_partner_1218_e07a11df","Shirley House ","Kimmage","base.user_admin","2021-05-29 14:47:43","水车屋","Multi Price","__export__.product_pricelist_44_2530682a","50"
"__export__.res_partner_2124_0f4e0749","Si D10","","__export__.res_users_10_962e2fe2","2024-06-11 11:52:07","","Default Price","__export__.product_pricelist_33_b38fc797",""
"__export__.res_partner_2254_7e6b6952","Si D18","","__export__.res_users_10_962e2fe2","2024-11-18 08:25:02","","Default Price","__export__.product_pricelist_33_b38fc797",""
"__export__.res_partner_2208_c7bf1f86","Si Fingals","","__export__.res_users_10_962e2fe2","2024-07-09 15:51:01","","Default Price","__export__.product_pricelist_33_b38fc797",""
"__export__.res_partner_1221_eff557ff","Si Swords","SWORDS","base.user_admin","2021-05-29 14:47:43","","Default Price","__export__.product_pricelist_33_b38fc797","SWORDS 0225"
"__export__.res_partner_2046_db61db46","Si Tallaght","","__export__.res_users_10_962e2fe2","2024-04-08 16:10:01","","Multi Price","__export__.product_pricelist_33_b38fc797",""
"__export__.res_partner_1222_205defba","Sichuan Chilli King","Dublin 1","base.user_admin","2021-05-29 14:47:43","老湘好","Multi Price","__export__.product_pricelist_35_a4a5fea4","100 parnell ST."
"__export__.res_partner_1607_b0d00e41","Silver Leaf","","base.user_admin","2022-02-23 15:56:58","ILAC","Multi Price","__export__.product_pricelist_44_2530682a","moore st."
"__export__.res_partner_1224_0b1687b3","Sisu izakaya restaurant","Dublin 2","base.user_admin","2021-05-29 14:47:43","","Multi Price","__export__.product_pricelist_44_2530682a","unit 4, drury hall,23-27 stephen street lower "
"__export__.res_partner_1608_3c12a18b","Six Happiness","","base.user_admin","2022-02-23 15:56:58","","Multi Price","__export__.product_pricelist_44_2530682a","4-8 Coast Rd"
"__export__.res_partner_2302_bd9c3732","Six One Fruits","","__export__.res_users_10_962e2fe2","2025-03-03 09:37:01","","Multi Price","product.list0",""
"__export__.res_partner_1950_9dcf0e2a","Slice & Spice","","__export__.res_users_10_962e2fe2","2023-10-05 19:41:24","","Multi Price","__export__.product_pricelist_44_2530682a","D15KW18"
"__export__.res_partner_2491_1bf0393d","Sligo Oriental Market","Sligo","__export__.res_users_10_962e2fe2","2025-11-19 12:01:57","Billy","Multi Price","__export__.product_pricelist_51_1b1fa6e3","1 calry court stephen street"
"__export__.res_partner_1949_d795dcd5","Smile Sushi Bar","Co.Westmeath","__export__.res_users_9_d71ce4f4","2023-10-04 08:53:49","","Multi Price","product.list0","40 Pearse Street"
"__export__.res_partner_1225_8a30e032","Smyths","","base.user_admin","2021-05-29 14:47:43","","Multi Price","__export__.product_pricelist_44_2530682a",""
"__export__.res_partner_1472_34b52bad","So Kee Co","","base.user_admin","2021-10-28 21:58:13","","Multi Price","product.list0",""
"__export__.res_partner_1226_69675bc6","So Kee Co","","base.user_admin","2021-05-29 14:47:43","","Multi Price","__export__.product_pricelist_44_2530682a",""
"__export__.res_partner_1862_2cd90015","Soho Asian Street Food Athlone","","__export__.res_users_9_d71ce4f4","2023-04-21 12:30:23","","Multi Price","__export__.product_pricelist_89_fedc9957","Count John, The Bawn, Athlone"
"__export__.res_partner_686_100703bc","Sojasprossen & Gastro Servicekin","Emmendingen","base.user_admin","2021-05-29 14:47:43","法人代表 Inh. Yuhuan Ust-ID-nr.DE 2590 31222","Multi Price","__export__.product_pricelist_44_2530682a","Bottinger strasse 4"
"__export__.res_partner_1227_3ea8b604","Song Ji","","base.user_admin","2021-05-29 14:47:43","","Multi Price","__export__.product_pricelist_44_2530682a",""
"__export__.res_partner_1923_1eaf0471","Soup Ramen Dun Laoghaire","","__export__.res_users_14_42108d61","2023-09-07 06:43:08","","Multi Price","product.list0","28 Lower Georges Street,"
"__export__.res_partner_1229_f8322da1","Spar","Dublin 1","base.user_admin","2021-05-29 14:47:43","summerhill","Multi Price","__export__.product_pricelist_44_2530682a","13-15 summerhill parede"
"__export__.res_partner_2021_e85d82b7","Spar Hampton D11","Dublin 11","__export__.res_users_10_962e2fe2","2024-03-30 09:59:54","","Multi Price","__export__.product_pricelist_51_1b1fa6e3","177-178 Hampton Wood Rd"
"__export__.res_partner_2495_b5624c14","Spaus","","__export__.res_users_27_ccf3d93e","2025-11-26 15:12:51","","Default Price","",""
"__export__.res_partner_1230_25272b5b","Spice Cove D12","Dublin 12","base.user_admin","2021-05-29 14:47:43","indian Takeaway","Multi Price","__export__.product_pricelist_44_2530682a","unit 1,scope House,whitehall Road west"
"__export__.res_partner_1231_d4cc6eb4","Spice Garden-Ratoath","ratoath","base.user_admin","2021-05-29 14:47:43","","Multi Price","__export__.product_pricelist_44_2530682a","main street"
"__export__.res_partner_1884_f1662b7d","Spice House Kitchen","","__export__.res_users_7_ace94875","2023-06-02 08:18:06","","Default Price","product.list0","Lorcan Ave, Whitehall, Dublin d9"
"__export__.res_partner_1232_a6da4285","Spice N Rice","Dublin 1","base.user_admin","2021-05-29 14:47:43","indian","Multi Price","__export__.product_pricelist_44_2530682a","34 Lower Dorset ST"
"__export__.res_partner_1679_8f93eb8d","Spicy House Kitchen Santry","","__export__.res_users_7_ace94875","2022-06-01 10:57:51","","Multi Price","product.list0","Lorcan Ave, Santry, Dublin, D09 A8F7"
"__export__.res_partner_2528_3c630577","Spire Spice - Indian & Nepalese Cuisine","","__export__.res_users_8_fb87432d","2026-03-18 11:13:58","","Default Price","__export__.product_pricelist_159_387b3ed6","31 Richmond St S, Portobello, Dublin 2, D02 XN57"
"__export__.res_partner_1234_73b04a44","Starry Garden D5","Dublin 5","base.user_admin","2021-05-29 14:47:43","","Multi Price","__export__.product_pricelist_44_2530682a","2 KISH HOUSE GREENDALE ROAD "
"__export__.res_partner_1951_a268823b","Starry Night","","__export__.res_users_10_962e2fe2","2023-10-05 20:33:24","","Multi Price","__export__.product_pricelist_44_2530682a",""
"__export__.res_partner_2199_4e372fb2","Steward Foil","","__export__.res_users_18_297f6f55","2024-06-24 16:05:03","","Default Price","product.list0",""
"__export__.res_partner_2537_aa07be2b","Subasur Subasta Del Sureste S.L","","__export__.res_users_22_942f71e3","2026-04-17 15:41:33","","Default Price","",""
"__export__.res_partner_1235_cf6f105f","Summer Chinese takeaway","Dublin18","base.user_admin","2021-05-29 14:47:43","","Default Price","__export__.product_pricelist_89_fedc9957","unit 4 jardine house"
"__export__.res_partner_2012_f514a226","Summer Inn D10","Dublin 10","__export__.res_users_14_42108d61","2024-03-20 08:50:42","","Default Price","__export__.product_pricelist_33_b38fc797","U7 Le Fanu Shopping Centre"
"__export__.res_partner_1929_26162493","Summer Inn D20","Dublin 20","__export__.res_users_14_42108d61","2023-09-11 09:30:58","","Default Price","__export__.product_pricelist_33_b38fc797","26 Manor Rd, Redcowfarm,"
"__export__.res_partner_1237_e8a3ce1f","Summer Inn D8","DUBLIN 8","base.user_admin","2021-05-29 14:47:43","","Default Price","__export__.product_pricelist_33_b38fc797","82 Thomas Street"
"__export__.res_partner_2476_b71daae1","Summer Inn Inchicore D8","Dublin 8","__export__.res_users_7_ace94875","2025-10-31 18:02:29","","Default Price","__export__.product_pricelist_33_b38fc797","201A Tyrconnell Rd, Inchicore,"
"__export__.res_partner_1959_7be6f073","Summer Inn d9","Dublin 9","__export__.res_users_10_962e2fe2","2023-10-12 11:15:40","","Default Price","__export__.product_pricelist_33_b38fc797","88 Shantalla Rd, Beaumont,"
"__export__.res_partner_1611_726cf95c","Summer Inn finglas D11","Dublin 11","base.user_admin","2022-02-23 15:56:58","","Default Price","__export__.product_pricelist_33_b38fc797","42 main street"
"__export__.res_partner_1610_31b1ef64","Summer inn D7","DUBLIN 7","base.user_admin","2022-02-23 15:56:58","3030","Default Price","__export__.product_pricelist_33_b38fc797","70"
"__export__.res_partner_1612_dc52c27d","Summer inn Tallaght","Tallaght","base.user_admin","2022-02-23 15:56:58","","Default Price","__export__.product_pricelist_33_b38fc797","Level 1 Unit 123 Tallaght Rd"
"__export__.res_partner_1238_c7d0fe3b","Sun Garden N3","Carrickmacross (R178)","base.user_admin","2021-05-29 14:47:43","N3","Multi Price","__export__.product_pricelist_44_2530682a","20 Farney ST. , Drummond Etra"
"__export__.res_partner_1239_916122d0","Sun M7","","base.user_admin","2021-05-29 14:47:43","","Multi Price","__export__.product_pricelist_44_2530682a",""
"__export__.res_partner_1242_ea55c42a","Sunkist","dublin 13","base.user_admin","2021-05-29 14:47:43","孙记","Default Price","__export__.product_pricelist_44_2530682a","Baldoyle RD , (R809)"
"__export__.res_partner_1474_cc82cea1","Sunlee","","base.user_admin","2021-10-28 21:58:13","","Multi Price","product.list0"," Zalmweg 34H"
"__export__.res_partner_1243_048493f3","Sunrise Garden","Skerries","base.user_admin","2021-05-29 14:47:43","M1","Multi Price","__export__.product_pricelist_44_2530682a","42 church ST"
"__export__.res_partner_1963_b8d8980e","Sunshine House","","__export__.res_users_7_ace94875","2023-10-24 12:01:27","","Multi Price","__export__.product_pricelist_89_fedc9957","1 Phelan St, Rathvilly, Co. Carlow, R93 X932"
"__export__.res_partner_1613_aa1ade4b","Sunshine takeaway Ltd Stradbally","Stradbally","base.user_admin","2022-02-23 15:56:58","东升楼","Multi Price","__export__.product_pricelist_89_fedc9957","Main St."
"__export__.res_partner_1245_3858ca7f","Super Post LTD","dublin 11","base.user_admin","2021-05-29 14:47:43","","Multi Price","__export__.product_pricelist_44_2530682a","unit 4 "
"__export__.res_partner_2270_5465392b","Sushi King","","__export__.res_users_14_42108d61","2024-12-19 14:16:04","","Multi Price","__export__.product_pricelist_35_a4a5fea4","Unit C,Liffey Trust, 117-126"
"__export__.res_partner_2268_b4296ff0","Sushi Lab D4","","__export__.res_users_14_42108d61","2024-12-12 08:17:05","","Multi Price","product.list0","University College Dublin,"
"__export__.res_partner_2225_68af5147","Sushi Noodle","","__export__.res_users_18_297f6f55","2024-08-29 10:52:20","","Multi Price","product.list0","4 Kenyon Street"
"__export__.res_partner_2210_71e3f278","Sushi Noodle nenagh","","__export__.res_users_8_fb87432d","2024-07-12 19:33:09","","Multi Price","__export__.product_pricelist_88_7547eea1","4 kenyon ST."
"__export__.res_partner_1956_e2faafea","Sushi Planet D12","","__export__.res_users_14_42108d61","2023-10-10 16:18:58","","Multi Price","product.list0","The Green Door Market,Old Naas Road"
"__export__.res_partner_2018_fd633089","Sushi Yama Restaurant Wicklow","","__export__.res_users_14_42108d61","2024-03-21 09:50:59","","Multi Price","__export__.product_pricelist_115_a63e9f66","Castle Park"
"__export__.res_partner_1816_25501dc0","Sushiko Tallaght","Dublin","__export__.res_users_10_962e2fe2","2023-02-09 09:57:33","","Multi Price","__export__.product_pricelist_44_2530682a","Unit 4A, Saint Johns House, High St,"
"__export__.res_partner_688_3ca9b4ca","Sutton Central Production Ltd","Dublin 11","base.user_admin","2021-05-29 14:47:43","camile centrer kitchen","Multi Price","__export__.product_pricelist_44_2530682a","Unit 9, Northroad, Northern cross"
"__export__.res_partner_1247_88fd9c20","Sweeney Mews Ltd-ongar","Dublin 15","base.user_admin","2021-05-29 14:47:43","SWEENEY MEWS LTD","Multi Price","__export__.product_pricelist_44_2530682a","Ongar"
"__export__.res_partner_1248_51b13344","Swords Garden Ongar","Dublin 15","base.user_admin","2021-05-29 14:47:43","C.O.D","Multi Price","__export__.product_pricelist_44_2530682a","1 Ongar Square, Ongar Village"
"__export__.res_partner_1249_12bc27b0","Swords Garden Swords","Swords","base.user_admin","2021-05-29 14:47:43","C.O.D","Multi Price","__export__.product_pricelist_44_2530682a","Unit 7, Castle Shopping Centre, Bridge St, Townparks"
"__export__.res_partner_1770_4a4dd35c","Sykes Seafood","Navan","__export__.res_users_14_42108d61","2022-11-09 14:03:41","","Multi Price","product.list0","Unit 2B Mullaghboy Industrial Estate"
"__export__.res_partner_2544_37a186e7","Sysco","","__export__.res_users_22_942f71e3","2026-05-01 12:52:53","","Default Price","",""
"__export__.res_partner_1250_ed987488","T D3","","base.user_admin","2021-05-29 14:47:43","","Multi Price","__export__.product_pricelist_44_2530682a","D3"
"__export__.res_partner_1251_e6fedc1c","T Dalkey","","base.user_admin","2021-05-29 14:47:43","","Multi Price","__export__.product_pricelist_44_2530682a",""
"__export__.res_partner_1252_860e676e","T Duleek","","base.user_admin","2021-05-29 14:47:43","","Multi Price","__export__.product_pricelist_89_fedc9957",""
"__export__.res_partner_2074_d0a013fc","T drogheda","","__export__.res_users_10_962e2fe2","2024-06-10 13:08:21","","Multi Price","__export__.product_pricelist_89_fedc9957",""
"__export__.res_partner_1758_0b3368d8","T&H Cafe Ltd","","__export__.res_users_10_962e2fe2","2022-09-05 12:14:35","","Multi Price","__export__.product_pricelist_44_2530682a","K2 Data Centre Dub4"
"__export__.res_partner_1656_b3c3d25a","T&H Kitchen Equipment LTD","Dublin11","__export__.res_users_8_fb87432d","2022-05-12 14:03:22","东方厨具","Multi Price","product.list0","138b slaney close"
"__export__.res_partner_1260_d21d397f","T-D3","D3","base.user_admin","2021-05-29 14:47:43","Akazukin LTD","Multi Price","__export__.product_pricelist_44_2530682a",""
"__export__.res_partner_2156_ba2f749b","TACL","","__export__.res_users_10_962e2fe2","2024-06-12 14:55:03","","Multi Price","__export__.product_pricelist_95_cc881f88",""
"__export__.res_partner_1257_2b04c7de","TAO YUAN","","base.user_admin","2021-05-29 14:47:43","","Multi Price","__export__.product_pricelist_89_fedc9957",""
"__export__.res_partner_2112_729e6b9d","TB Balbriggan","","__export__.res_users_10_962e2fe2","2024-06-11 11:34:31","","Multi Price","__export__.product_pricelist_44_2530682a",""
"__export__.res_partner_2463_e52936d5","TB D1","","__export__.res_users_22_942f71e3","2025-10-01 07:50:53","","Default Price","__export__.product_pricelist_35_a4a5fea4",""
"__export__.res_partner_7_0dba4ff7","TEST TEST","Dublin","base.user_admin","2021-02-06 17:02:34","ttttt
gggg
sss","Multi Price","__export__.product_pricelist_140_22167876","TESTING road"
"__export__.res_partner_2573_51b00826","TFJ Butchers LTD","","__export__.res_users_22_942f71e3","2026-06-16 11:44:54","","Default Price","",""
"__export__.res_partner_2106_15b0ea91","TGR skerries","","__export__.res_users_10_962e2fe2","2024-06-11 11:27:29","","Multi Price","__export__.product_pricelist_44_2530682a",""
"__export__.res_partner_2384_4c5fe606","TGW Tallaght","","__export__.res_users_22_942f71e3","2025-05-20 10:25:26","","Last Price","__export__.product_pricelist_74_8ceded1a",""
"__export__.res_partner_2114_d0f27728","TLY D18","","__export__.res_users_10_962e2fe2","2024-06-11 11:36:33","","Multi Price","__export__.product_pricelist_44_2530682a",""
"__export__.res_partner_2152_2a63edfa","TO Maynooth","","__export__.res_users_10_962e2fe2","2024-06-12 12:04:22","","Multi Price","__export__.product_pricelist_44_2530682a",""
"__export__.res_partner_2263_0d274dc1","TOHK","","__export__.res_users_10_962e2fe2","2024-11-26 08:35:34","","Multi Price","__export__.product_pricelist_35_a4a5fea4",""
"__export__.res_partner_2142_027f7100","TOP D12","","__export__.res_users_10_962e2fe2","2024-06-12 11:43:46","","Multi Price","__export__.product_pricelist_44_2530682a",""
"__export__.res_partner_2171_d7d34b36","TOR Malahide","","__export__.res_users_18_297f6f55","2024-06-14 11:50:16","","Multi Price","__export__.product_pricelist_44_2530682a",""
"__export__.res_partner_2269_ed027eb1","TP Longford","","__export__.res_users_14_42108d61","2024-12-17 23:36:07","","Multi Price","__export__.product_pricelist_89_fedc9957",""
"__export__.res_partner_2161_7183c08b","TP Swords","","__export__.res_users_10_962e2fe2","2024-06-12 15:02:18","","Multi Price","__export__.product_pricelist_44_2530682a",""
"__export__.res_partner_2274_8383b9dd","TSNB Waterford","","__export__.res_users_14_42108d61","2025-01-02 15:14:29","","Default Price","product.list0",""
"__export__.res_partner_2300_94784a44","TSO Athlone","","__export__.res_users_14_42108d61","2025-03-02 22:26:17","","Default Price","product.list0",""
"__export__.res_partner_2058_482aeb95","TT Tallaght Cash","","__export__.res_users_22_942f71e3","2024-05-02 16:04:29","","Multi Price","__export__.product_pricelist_70_1e94acd5",""
"__export__.res_partner_2162_0957c194","TTA Swords","","__export__.res_users_10_962e2fe2","2024-06-12 15:03:22","","Multi Price","__export__.product_pricelist_44_2530682a",""
"__export__.res_partner_2091_a2cde48b","TTC Takeaway lucan","","__export__.res_users_10_962e2fe2","2024-06-10 14:14:22","","Multi Price","__export__.product_pricelist_44_2530682a",""
"__export__.res_partner_1650_8d9df2d8","TUK - Greystone","Greystone","__export__.res_users_9_d71ce4f4","2022-05-02 11:20:14","","Multi Price","product.list0","3 meridian point shopping centre"
"__export__.res_partner_2069_14d89fa6","TY Ratoath","","__export__.res_users_10_962e2fe2","2024-06-10 12:37:04","","Multi Price","__export__.product_pricelist_44_2530682a",""
"__export__.res_partner_2543_178d0bb8","Tai Pan Asian Cuisine","N39 P6W6","__export__.res_users_14_42108d61","2026-04-29 19:41:09","","Multi Price","__export__.product_pricelist_89_fedc9957","57 Dublin St,"
"__export__.res_partner_1829_d04766f5","Takara Ramen & Deli Sushi Bartakarara","","__export__.res_users_14_42108d61","2023-03-11 08:18:02","","Default Price","product.list0","37 Abbey Street Upper,"
"__export__.res_partner_2510_f6a1dc97","Takumi Japanese Restaurant D1","","__export__.res_users_14_42108d61","2026-02-05 15:39:57","","Multi Price","__export__.product_pricelist_35_a4a5fea4","20 Lower Liffey Street"
"__export__.res_partner_1942_016c4017","Takuya Sushi & Noodle Bar D24","","__export__.res_users_14_42108d61","2023-09-29 09:04:42","","Default Price","product.list0","2A Belgard Square West"
"__export__.res_partner_1254_32dd1d5a","Tamakin-D15","Dublin 15","base.user_admin","2021-05-29 14:47:43","","Multi Price","__export__.product_pricelist_44_2530682a","Dillon House,Unit 104B ,Porters Road"
"__export__.res_partner_1255_1894ea0f","Tamarind","Droghada","base.user_admin","2021-05-29 14:47:43","indian","Multi Price","__export__.product_pricelist_89_fedc9957","bryanstown centre, Bryanstown Village "
"__export__.res_partner_1256_a2b33840","Tani D7","Dublin 7","base.user_admin","2021-05-29 14:47:43","japanese","Multi Price","__export__.product_pricelist_44_2530682a","47A,phibsborough"
"__export__.res_partner_1258_90945fa0","Taro D5","Dublin 5","base.user_admin","2021-05-29 14:47:43","","Multi Price","__export__.product_pricelist_44_2530682a","kilbrack"
"__export__.res_partner_1259_a5e6df94","Taro ongar","Dublin 15","base.user_admin","2021-05-29 14:47:43","ongar","Multi Price","__export__.product_pricelist_44_2530682a","35 Main Street ongar village "
"__export__.res_partner_2226_073d5a5a","Taste of Hong Kong","","__export__.res_users_10_962e2fe2","2024-09-02 08:17:28","","Multi Price","__export__.product_pricelist_35_a4a5fea4","Unit 77, iLac Shopping Centre, Moore St, North City, Dublin 1"
"__export__.res_partner_2390_758ec0da","Tasty Dynasty Chinese Takeaway LTD Leixlip","Leixlip","__export__.res_users_22_942f71e3","2025-05-30 09:24:52","","Default Price","product.list0","9 Captain's Hill, Newtown"
"__export__.res_partner_1922_2e7c800a","Tazaki Foods Ltd","","__export__.res_users_14_42108d61","2023-08-31 13:19:24","","Multi Price","product.list0","The Black Church St.Mary's Place"
"__export__.res_partner_2061_07bf3ed1","Tealab","dublin","__export__.res_users_22_942f71e3","2024-05-14 08:34:05","","Multi Price","__export__.product_pricelist_44_2530682a","78E Talbot Street"
"__export__.res_partner_2230_3196efc4","Techmatic Recycling","dublin 11","__export__.res_users_22_942f71e3","2024-09-16 13:19:50","","Default Price","product.list0","techmatic recycling"
"__export__.res_partner_1262_0a3fddb8","Tenda Duleek","Duleek","base.user_admin","2021-05-29 14:47:43","","Multi Price","__export__.product_pricelist_89_fedc9957","16 main street"
"__export__.res_partner_2219_5346f762","Tenda Tallaght","","__export__.res_users_10_962e2fe2","2024-08-16 08:55:30","","Multi Price","__export__.product_pricelist_44_2530682a","3 Main St, Tallaght, Dublin 24, D24"
"__export__.res_partner_1261_8d4f158c","Tenda drogheda","drogheda","base.user_admin","2021-05-29 14:47:43","","Multi Price","__export__.product_pricelist_89_fedc9957","18a Duleek St, Lagavooren"
"__export__.res_partner_1835_b8d4ecb8","Tesco Ireland","","__export__.res_users_14_42108d61","2023-03-18 13:51:47","","Multi Price","product.list0",""
"__export__.res_partner_1476_01ece891","Test-Vendor","","base.user_admin","2021-10-28 21:58:13","","Multi Price","product.list0",""
"__export__.res_partner_2470_9c0f81f1","Tester Evelyn","","base.user_root","2025-10-22 14:27:19","","Default Price","__export__.product_pricelist_42_7be6d488",""
"__export__.res_partner_1882_119c5049","Texas Frozen Food Ltd","","__export__.res_users_14_42108d61","2023-05-31 11:48:57","","Multi Price","product.list0","Boherash Ballybeg Buttevant"
"__export__.res_partner_2462_884eb14e","Thai Basil D1","D01 k752","__export__.res_users_22_942f71e3","2025-10-01 07:41:09","","Default Price","__export__.product_pricelist_35_a4a5fea4","3 Millennium Walkway,"
"__export__.res_partner_1266_873cd749","Thai Palace Inn","MANKSTOWN","base.user_admin","2021-05-29 14:47:43","THAI PALACE INN","Multi Price","__export__.product_pricelist_44_2530682a","MANKSTOWN"
"__export__.res_partner_1921_ec460d91","Thai Station Kildare","","__export__.res_users_14_42108d61","2023-08-28 13:45:08","","Default Price","__export__.product_pricelist_122_07e1cc4a","9/10 Station Point,The Waterways,"
"__export__.res_partner_1990_c219b4d6","Thai Yummy(Ratoath)","","__export__.res_users_10_962e2fe2","2024-01-16 11:46:35","","Multi Price","__export__.product_pricelist_44_2530682a","5 Main St, Ratoath, Co. Meath"
"__export__.res_partner_1268_23010732","ThaiMa Asian Cuisine Limited Swords","","base.user_admin","2021-05-29 14:47:43","japanese","Default Price","__export__.product_pricelist_95_cc881f88","unit 5 Boroimhe shooping centre"
"__export__.res_partner_2062_392da815","Thanh Cong Chinese Takeaway","Dublin 17","__export__.res_users_22_942f71e3","2024-05-14 11:48:07","","Default Price","__export__.product_pricelist_67_0ef00f83","89 Ascaill Chluain Search"
"__export__.res_partner_1270_fbeb2a50","Thanh Loi Portlaoise","portlaoise","base.user_admin","2021-05-29 14:47:43","成利","Multi Price","__export__.product_pricelist_89_fedc9957","51 upper main st"
"__export__.res_partner_2550_6746fa5c","The Best Chinese Takeaway","Cavan","__export__.res_users_10_962e2fe2","2026-05-12 11:10:14","","Multi Price","__export__.product_pricelist_35_a4a5fea4","62A Main St, Townparks"
"__export__.res_partner_2008_92cdb306","The Black Wok","","__export__.res_users_7_ace94875","2024-03-13 14:12:31","","Default Price","product.list0","Main St, Haggardstown, Blackrock, Co. Louth"
"__export__.res_partner_2339_1a756083","The East City","Dublin","__export__.res_users_10_962e2fe2","2025-04-03 09:44:54","","Multi Price","__export__.product_pricelist_35_a4a5fea4","2 Curved St, Temple Bar, Dublin 2"
"__export__.res_partner_2340_82fd44cd","The East City, wai fung Cheung","Dublin","__export__.res_users_10_962e2fe2","2025-04-03 09:44:54","","Default Price","__export__.product_pricelist_35_a4a5fea4","2 Curved St, Temple Bar, Dublin 2"
"__export__.res_partner_2375_c44b3aa0","The Good Work Chinese Takeaway","Dublin 24","__export__.res_users_10_962e2fe2","2025-05-14 08:07:12","","Last Price","__export__.product_pricelist_74_8ceded1a","Unit 1 Kiltalawn Shopping CentreJobstown,"
"__export__.res_partner_1748_4df4ef19","The Green Restaurant-skerries","skerries","__export__.res_users_8_fb87432d","2022-08-18 08:16:46","","Default Price","__export__.product_pricelist_44_2530682a","51B church st."
"__export__.res_partner_1272_dceff5e0","The Leaf","TALLAGHT","base.user_admin","2021-05-29 14:47:43","THE LEAF","Multi Price","__export__.product_pricelist_44_2530682a","MAIN STREET"
"__export__.res_partner_1763_7c6cd96b","The Little Yeti","","__export__.res_users_9_d71ce4f4","2022-09-20 15:25:20","","Default Price","__export__.product_pricelist_161_ba1939c1","6 BrayRoad"
"__export__.res_partner_1273_4423ca1c","The Mekong","Dublin 9","base.user_admin","2021-05-29 14:47:43","","Multi Price","__export__.product_pricelist_44_2530682a","307 swords road"
"__export__.res_partner_1868_ef1ac952","The Mint Cottage","Dublin","__export__.res_users_8_fb87432d","2023-05-06 17:34:12","","Multi Price","product.list0",""
"__export__.res_partner_1274_e3f53aca","The One","tallaght","base.user_admin","2021-05-29 14:47:43","maynooth","Multi Price","__export__.product_pricelist_44_2530682a","tallaght"
"__export__.res_partner_1901_ee63331c","The One Bubble Tea Ltd","","__export__.res_users_14_42108d61","2023-07-24 14:27:11","","Multi Price","__export__.product_pricelist_51_1b1fa6e3","Omni Park Shopping Centre, Swords Rd,"
"__export__.res_partner_1275_1bace639","The Orchid Restaurant-malahide","","base.user_admin","2021-05-29 14:47:43","","Multi Price","__export__.product_pricelist_44_2530682a","12 New St,"
"__export__.res_partner_1276_3d2b8258","The Orient","maynooth","base.user_admin","2021-05-29 14:47:43","maynooth","Multi Price","__export__.product_pricelist_44_2530682a","maynooth"
"__export__.res_partner_1674_c2a262d0","The Original Macari Take-Away","","__export__.res_users_9_d71ce4f4","2022-05-20 14:03:09","peking","Multi Price","product.list0","84 Tyrconnell Rd, Inchicore, Dublin, D08 RP29"
"__export__.res_partner_1277_608d179a","The Palace Chinese Rest","Newbridge","base.user_admin","2021-05-29 14:47:43","","Multi Price","__export__.product_pricelist_44_2530682a","Edward St, Kilbelin"
"__export__.res_partner_1278_ef70b8ae","The Plaza","SWORDS","base.user_admin","2021-05-29 14:47:43","","Multi Price","__export__.product_pricelist_44_2530682a","SWORDS"
"__export__.res_partner_1279_4c246bee","The Quay","Dundalk","base.user_admin","2021-05-29 14:47:43","","Multi Price","__export__.product_pricelist_89_fedc9957","43 barrack street"
"__export__.res_partner_1478_6541a17b","The Seed potato CO.","","base.user_admin","2021-10-28 21:58:13","","Multi Price","product.list0",""
"__export__.res_partner_1280_963050eb","The Seed potato CO.","","base.user_admin","2021-05-29 14:47:43","","Multi Price","__export__.product_pricelist_44_2530682a",""
"__export__.res_partner_2312_f9685b7e","The Silver Oak Athlone","Co. Westmeath","__export__.res_users_22_942f71e3","2025-03-04 15:41:16","","Default Price","__export__.product_pricelist_89_fedc9957","14/16 Church Street, Athlone,"
"__export__.res_partner_1281_f77cf15c","The Tasty Chinese Takeaway Lucan","lucan","base.user_admin","2021-05-29 14:47:43","","Multi Price","__export__.product_pricelist_44_2530682a","Unit 1, Dodsborough Shopping Centre, "
"__export__.res_partner_1282_5796703f","The Tigger","clane","base.user_admin","2021-05-29 14:47:43","","Multi Price","__export__.product_pricelist_44_2530682a","1st Floor, Main Street ,"
"__export__.res_partner_2138_5b54ddf0","The Wok Shop","","__export__.res_users_22_942f71e3","2024-06-12 08:23:42","","Multi Price","__export__.product_pricelist_89_fedc9957",""
"__export__.res_partner_1283_4500d214","The Wokshop chinese food","dublin 22","base.user_admin","2021-05-29 14:47:43","","Multi Price","__export__.product_pricelist_44_2530682a","unit 11 village centre,"
"__export__.res_partner_1822_47f33935","The odd plate D12","","__export__.res_users_10_962e2fe2","2023-02-27 10:28:14","周一到周五3点 周六周日11点","Multi Price","__export__.product_pricelist_44_2530682a","2 St Agnes Rd"
"__export__.res_partner_2452_1b8da052","TianDa Foods LTD","","__export__.res_users_22_942f71e3","2025-09-12 09:23:07","","Default Price","__export__.product_pricelist_51_1b1fa6e3","10 The Square Tralee"
"__export__.res_partner_1284_d8c29618","Tikka","wicklow","base.user_admin","2021-05-29 14:47:43","asian street food","Multi Price","__export__.product_pricelist_44_2530682a","schooner House, south Quay"
"__export__.res_partner_1285_cf2b8103","Tikka-N81","Blessington","base.user_admin","2021-05-29 14:47:43","","Multi Price","__export__.product_pricelist_44_2530682a","Main St"
"__export__.res_partner_1634_e8b1f7be","Tip Top","Dublin 24","__export__.res_users_9_d71ce4f4","2022-04-25 09:04:07","","Multi Price","__export__.product_pricelist_70_1e94acd5","High St"
"__export__.res_partner_1652_04aa21e4","Title Beyond Food Service Ltd","","__export__.res_users_9_d71ce4f4","2022-05-05 13:39:23","","Multi Price","product.list0","73 West Street"
"__export__.res_partner_2146_e91d7eb0","To D5","","__export__.res_users_10_962e2fe2","2024-06-12 11:48:18","","Multi Price","__export__.product_pricelist_44_2530682a",""
"__export__.res_partner_1944_ad026026","Toasttab Ireland Ltd","","__export__.res_users_7_ace94875","2023-09-29 13:12:23","","Default Price","product.list0","124 St Stephen's Green, Dublin, D02 C628"
"__export__.res_partner_2430_30adde35","Tokyo Chef Dundalk","","__export__.res_users_14_42108d61","2025-08-08 16:32:23","","Multi Price","__export__.product_pricelist_89_fedc9957","Townparks"
"__export__.res_partner_2273_31529e46","Tokyo Sushi & Noodles Bar","","__export__.res_users_14_42108d61","2025-01-02 14:46:05","","Multi Price","product.list0","U32 Richard A"
"__export__.res_partner_2478_0a6bc6a3","Tomi House","","__export__.res_users_14_42108d61","2025-11-01 01:18:23","","Multi Price","","13A Merrion Row, Dublin 2, D02 V962"
"__export__.res_partner_1676_ceed3fe6","Tony Tian","","base.user_admin","2022-05-31 20:43:18","","Default Price","product.list0",""
"__export__.res_partner_1614_5e3c6e0a","Tony's Asian Market","Bray","base.user_admin","2022-02-23 15:56:58","Asian Super Market","Multi Price","__export__.product_pricelist_51_1b1fa6e3","4 Quinsborough RD"
"__export__.res_partner_2414_e36e6f88","Top 3 Chinese Restaurant Stillorgan","","__export__.res_users_14_42108d61","2025-07-08 07:34:45","","Multi Price","__export__.product_pricelist_44_2530682a","2 Lower Kilmacud Rd"
"__export__.res_partner_685_cfc0a5e7","Total Produce","","base.user_admin","2021-05-29 14:47:43","","Multi Price","__export__.product_pricelist_44_2530682a",""
"__export__.res_partner_1480_55ba6a76","Total Produce","","base.user_admin","2021-10-28 21:58:13","","Multi Price","product.list0",""
"__export__.res_partner_1287_a9ee56ed","Total Produce","dublin","base.user_admin","2021-05-29 14:47:43","","Multi Price","__export__.product_pricelist_44_2530682a","Total Produce Ireland"
"__export__.res_partner_1481_87bc212c","Transporter (Delivery provider)","","base.user_admin","2021-10-28 21:58:13","","Multi Price","product.list0",""
"__export__.res_partner_1288_8da2a935","Transporter (Delivery provider)","","base.user_admin","2021-05-29 14:47:43","","Multi Price","__export__.product_pricelist_44_2530682a",""
"__export__.res_partner_1809_c8a0a275","Treasure Bowl","Co. Dublin","__export__.res_users_10_962e2fe2","2023-01-21 13:24:17","","Multi Price","__export__.product_pricelist_44_2530682a","Unit 4, Castlemill shopping Centre, Clogheder,"
"__export__.res_partner_1289_57f3d797","Tropica","Dalkey Dublin","base.user_admin","2021-05-29 14:47:43","dalkey","Multi Price","__export__.product_pricelist_44_2530682a","3C Castle St"
"__export__.res_partner_1290_c566f81f","Tsangs","Clonee,Dublin 15","base.user_admin","2021-05-29 14:47:43","华园","Multi Price","__export__.product_pricelist_44_2530682a","Unit 1 first floor,Littlepace shopping centre"
"__export__.res_partner_1291_9c1edf64","Tu Shan","","base.user_admin","2021-05-29 14:47:43","","Multi Price","__export__.product_pricelist_44_2530682a","dorset"
"__export__.res_partner_1292_257fc7cd","Tuk Tuk Asian-swords","swords","base.user_admin","2021-05-29 14:47:43","","Multi Price","__export__.product_pricelist_44_2530682a","6 main st swords"
"__export__.res_partner_1293_6340bf77","Tuk-D3","Dublin 3","base.user_admin","2021-05-29 14:47:43","tuk","Multi Price","__export__.product_pricelist_44_2530682a","9 fairview"
"__export__.res_partner_2088_63c82be0","USB D15","","__export__.res_users_10_962e2fe2","2024-06-10 14:11:57","","Multi Price","__export__.product_pricelist_44_2530682a",""
"__export__.res_partner_2301_779fc90b","Umami Sushi Athlone","","__export__.res_users_14_42108d61","2025-03-02 23:32:15","","Multi Price","__export__.product_pricelist_89_fedc9957","The Village At The Burgess,"
"__export__.res_partner_1294_703558f9","Umi Sushi& Bento D15","Dublin 15","base.user_admin","2021-05-29 14:47:43","UMI SUSHI& BENTO","Multi Price","__export__.product_pricelist_44_2530682a","Unit 9, Porters Ave."
"__export__.res_partner_1764_7a5ca96a","V Food Shop","Dublin 1","__export__.res_users_7_ace94875","2022-09-27 14:46:31","微商超市","Multi Price","__export__.product_pricelist_51_1b1fa6e3","Hill ST"
"__export__.res_partner_1765_68d5fb5a","V Food Warehouse","Dublin 11","__export__.res_users_7_ace94875","2022-09-27 14:47:16","微商超市","Multi Price","__export__.product_pricelist_51_1b1fa6e3","Unit 4, 90 Lagan Road"
"__export__.res_partner_2291_2ddeed3b","VALSTAR","","__export__.res_users_22_942f71e3","2025-02-20 12:09:45","","Default Price","product.list0","ABC westland 110"
"__export__.res_partner_1295_dcb66ce9","Valeo Foods","Dublin","base.user_admin","2021-05-29 14:47:43","","Multi Price","__export__.product_pricelist_44_2530682a","Merrywell Ind Est Ballymount"
"__export__.res_partner_1482_4ef1a39f","Valeo Foods","Dublin","base.user_admin","2021-10-28 21:58:13","","Multi Price","product.list0","Merrywell Ind Est Ballymount"
"__export__.res_partner_1860_23fa50dd","Valley Park Foods","","__export__.res_users_14_42108d61","2023-04-20 10:51:34","","Multi Price","product.list0","32 black water road"
"__export__.res_partner_1296_09cbaa53","Van Oers","","base.user_admin","2021-05-29 14:47:43","","Multi Price","__export__.product_pricelist_44_2530682a",""
"__export__.res_partner_1483_38aff97c","Van Oers","","base.user_admin","2021-10-28 21:58:13","","Multi Price","product.list0",""
"__export__.res_partner_1484_635e0975","Veg-Ex","dublin 7","base.user_admin","2021-10-28 21:58:13","","Multi Price","product.list0","32-33 Arran ST. East"
"__export__.res_partner_690_68357ab0","Veg-Ex","dublin 7","base.user_admin","2021-05-29 14:47:43","","Multi Price","__export__.product_pricelist_44_2530682a","32-33 Arran ST. East"
"__export__.res_partner_2474_eb85f857","Verdi","","__export__.res_users_27_ccf3d93e","2025-10-31 14:30:39","","Default Price","",""
"__export__.res_partner_2481_e4718094","Vgi van geest international","","__export__.res_users_27_ccf3d93e","2025-11-04 11:11:07","","Default Price","",""
"__export__.res_partner_1298_a5b66cbd","Vietnamese Cofee House","Dublin 8","base.user_admin","2021-05-29 14:47:43","JOLIN'S","Multi Price","__export__.product_pricelist_44_2530682a","43 Clanbrassil Street Upper"
"__export__.res_partner_1299_3b1ad21f","Village Park","tyrrelstown, Co. Dublin","base.user_admin","2021-05-29 14:47:43","VILLAGE PARK","Multi Price","__export__.product_pricelist_44_2530682a","unit block d, Herbert Rd, Cruiserath"
"__export__.res_partner_2345_cdf5e7f8","Vilsa Fruits","","__export__.res_users_22_942f71e3","2025-04-12 10:02:55","","Default Price","product.list0",""
"__export__.res_partner_1817_d595fc5f","Volcano Sushi & Asian Street Food","Limerick","__export__.res_users_10_962e2fe2","2023-02-09 16:02:57","","Multi Price","__export__.product_pricelist_44_2530682a","UNIT 8, Newtown Centre,"
"__export__.res_partner_2189_12a0ac8a","W&B D9","","__export__.res_users_18_297f6f55","2024-06-14 17:26:20","","Multi Price","__export__.product_pricelist_44_2530682a",""
"__export__.res_partner_1300_521c0311","WAKI Noodle & Sushi BAR","dublin 9","base.user_admin","2021-05-29 14:47:43","","Multi Price","__export__.product_pricelist_44_2530682a","112 Collins Avenue"
"__export__.res_partner_1301_304b1140","WAN HAO","","base.user_admin","2021-05-29 14:47:43","","Multi Price","__export__.product_pricelist_44_2530682a",""
"__export__.res_partner_2111_ebaa6715","WCT ballymun","","__export__.res_users_10_962e2fe2","2024-06-11 11:33:00","","Multi Price","__export__.product_pricelist_44_2530682a",""
"__export__.res_partner_1615_7d73a0fe","WENG ","","base.user_admin","2022-02-23 15:56:58","","Multi Price","__export__.product_pricelist_89_fedc9957",""
"__export__.res_partner_2186_51958826","WF Ratoath","","__export__.res_users_18_297f6f55","2024-06-14 17:23:04","","Multi Price","__export__.product_pricelist_44_2530682a",""
"__export__.res_partner_2121_12c75969","WI Lusk","","__export__.res_users_10_962e2fe2","2024-06-11 11:48:43","","Multi Price","__export__.product_pricelist_44_2530682a",""
"__export__.res_partner_1314_3d560c4c","WLG Dundalk","dundalk","base.user_admin","2021-05-29 14:47:43","","Multi Price","__export__.product_pricelist_89_fedc9957",""
"__export__.res_partner_2173_ef2b6f36","WLW Navan","","__export__.res_users_18_297f6f55","2024-06-14 13:12:31","","Multi Price","__export__.product_pricelist_44_2530682a",""
"__export__.res_partner_2144_1ccfaf0c","WS&A D7","","__export__.res_users_10_962e2fe2","2024-06-12 11:45:59","","Multi Price","__export__.product_pricelist_44_2530682a",""
"__export__.res_partner_2429_c1d41fbc","Wafu Ramen Limited Drogheda","","__export__.res_users_14_42108d61","2025-08-05 15:22:41","","Multi Price","__export__.product_pricelist_89_fedc9957","72 West Street"
"__export__.res_partner_1832_bd27ef4d","Wakami Sushi & Asian D7","","__export__.res_users_14_42108d61","2023-03-13 11:36:28","","Multi Price","__export__.product_pricelist_44_2530682a","47 Phibsborough Rd,"
"__export__.res_partner_2038_b28fd788","Wang Chao Naas","","__export__.res_users_10_962e2fe2","2024-04-05 12:29:33","","Multi Price","__export__.product_pricelist_89_fedc9957",""
"__export__.res_partner_1864_a87d3f99","Wasabi Bar & Grill D1","","__export__.res_users_14_42108d61","2023-04-25 09:58:05","","Multi Price","product.list0","4 Dorset Street Lower, Rotunda,"
"__export__.res_partner_1895_017c88e4","Wasabi Pormarnock D13","","__export__.res_users_14_42108d61","2023-06-26 14:53:31","","Multi Price","product.list0","Strand Shopping centre, Unit 5 Burrow Court,"
"__export__.res_partner_1303_2921dc46","Wau Fusion","Ratoath","base.user_admin","2021-05-29 14:47:43","","Multi Price","__export__.product_pricelist_44_2530682a"," 7, The Corballis Shopping Centre"
"__export__.res_partner_1306_509b32e3","Weikee Ltd Tallaght","Dublin 24","base.user_admin","2021-05-29 14:47:43","魏记","Default Price","__export__.product_pricelist_87_08db63fc","Unit 4, St John's House"
"__export__.res_partner_2488_b119da23","White Rabbit Carlow Ltd (Kildare)","","__export__.res_users_14_42108d61","2025-11-12 11:23:49","","Default Price","__export__.product_pricelist_35_a4a5fea4","Aghards House,Thornhill Gardes"
"__export__.res_partner_1616_533a6f33","White Rabbit Catering Ltd. (Capel)","Dublin 1","base.user_admin","2022-02-23 15:56:58","","Default Price","__export__.product_pricelist_35_a4a5fea4","Kitchen 4"
"__export__.res_partner_1309_72d1cb29","Wib D1","Dublin 1","base.user_admin","2021-05-29 14:47:43","C.O.D","Multi Price","__export__.product_pricelist_44_2530682a","Parnell"
"__export__.res_partner_2540_d04404da","William Clements (Chemicals) Ltd","","__export__.res_users_14_42108d61","2026-04-22 20:31:43","","Default Price","","1 Chater St, Belfast BT4 1BL, United Kingdom"
"__export__.res_partner_1310_273e440d","Willows Navan","Navan","base.user_admin","2021-05-29 14:47:43","","Multi Price","__export__.product_pricelist_44_2530682a","dublin road,kilcarn"
"__export__.res_partner_1313_4ce22376","Wings world Cuisine","Dublin 1","base.user_admin","2021-05-29 14:47:43","Wing's","Default Price","__export__.product_pricelist_121_e895bfc3","wolfe tone ST."
"__export__.res_partner_1804_e2d0bef7","Wok & Bar","","__export__.res_users_7_ace94875","2023-01-18 13:13:45","","Multi Price","__export__.product_pricelist_44_2530682a","unit 96B omni shopping centre"
"__export__.res_partner_1315_731d784f","Wok Cuisine","kilmore , Dublin 5","base.user_admin","2021-05-29 14:47:43","","Multi Price","__export__.product_pricelist_44_2530682a","6 Coolock Village"
"__export__.res_partner_1316_a3820e25","Wok In A Box","Dublin 1","base.user_admin","2021-05-29 14:47:43","盒饭","Multi Price","__export__.product_pricelist_44_2530682a","parnell"
"__export__.res_partner_1965_b91b9526","Wok Inn Lusk","","__export__.res_users_14_42108d61","2023-10-25 12:46:55","","Multi Price","__export__.product_pricelist_44_2530682a","U1.69 Main Street"
"__export__.res_partner_1318_c98a4b7c","Wok On Inn D1","Dublin 1","base.user_admin","2021-05-29 14:47:43","D1","Multi Price","__export__.product_pricelist_44_2530682a","16 amiens st"
"__export__.res_partner_2530_1325b58f","Wok Station","","__export__.res_users_22_942f71e3","2026-03-24 09:24:26","","Default Price","__export__.product_pricelist_35_a4a5fea4",""
"__export__.res_partner_1851_5bbb221e","Wok's Chinese Takeaway","","__export__.res_users_7_ace94875","2023-04-04 09:00:08","","Multi Price","__export__.product_pricelist_89_fedc9957","Edgeworth Green, Unit 1 block A, Longwood, Co. Meath, A83 WD36"
"__export__.res_partner_1761_274d32c8","Woking Chinese","Dublin 22","__export__.res_users_7_ace94875","2022-09-15 15:05:16","D22","Multi Price","__export__.product_pricelist_44_2530682a","unit 2 green isle business park"
"__export__.res_partner_1980_51532fe9","Wuhu Group Investment Co.limited","Hong Kong","__export__.res_users_22_942f71e3","2023-12-06 10:08:17","","Default Price","product.list0","king cmmerical building"
"__export__.res_partner_1320_2e40e707","Wunloy Chinese Takeaway","ballymun","base.user_admin","2021-05-29 14:47:43","云来","Default Price","__export__.product_pricelist_141_f8b39a4e","Unit 2 shangan RD"
"__export__.res_partner_1321_b07600e0","XIAO YU-小余团购","balbriggan","base.user_admin","2021-05-29 14:47:43","","Multi Price","__export__.product_pricelist_44_2530682a","12 breamore castle "
"__export__.res_partner_1322_a0b61b1b","XICHENG-D11","finglas","base.user_admin","2021-05-29 14:47:43","","Multi Price","__export__.product_pricelist_44_2530682a",""
"__export__.res_partner_1323_b204c0eb","XIN JIE","d22","base.user_admin","2021-05-29 14:47:43","","Default Price","__export__.product_pricelist_44_2530682a",""
"__export__.res_partner_1326_e85f9f0f","XL Shop & Thai Do Asian Ashbourne","ashbourne","base.user_admin","2021-05-29 14:47:43","ashbourne","Multi Price","__export__.product_pricelist_160_41977d06","Unit 1 Segrave Square, "
"__export__.res_partner_1327_79be9d82","XLG","leixlip","base.user_admin","2021-05-29 14:47:43","","Multi Price","__export__.product_pricelist_44_2530682a","leixip"
"__export__.res_partner_1830_408e614c","Xemporia Ltd T/A Sumaki D2","","__export__.res_users_14_42108d61","2023-03-11 08:59:42","","Multi Price","__export__.product_pricelist_35_a4a5fea4","36 Parliament St,"
"__export__.res_partner_1931_03cd451e","Xiamen Green Ben Industry&Trading Co.,Ltd","","__export__.res_users_10_962e2fe2","2023-09-22 12:20:59","","Multi Price","product.list0",""
"__export__.res_partner_1920_af46e472","Xiang Garden","Co. Kildare","__export__.res_users_10_962e2fe2","2023-08-24 11:04:15","","Multi Price","__export__.product_pricelist_89_fedc9957","Main Street Castledermot"
"__export__.res_partner_1919_53f21340","Xiang Yuan","Co. Kildare","__export__.res_users_10_962e2fe2","2023-08-24 11:01:05","","Multi Price","__export__.product_pricelist_44_2530682a",""
"__export__.res_partner_1358_55b653ae","Xiaohui Weng(Evelyn)","","base.user_admin","2021-10-26 15:09:38","","Multi Price","__export__.product_pricelist_52_1734c1a9",""
"__export__.res_partner_2045_4d019d4c","Xin Da Lu D8","","__export__.res_users_10_962e2fe2","2024-04-05 12:47:03","","Multi Price","__export__.product_pricelist_44_2530682a",""
"__export__.res_partner_1653_2e2ada76","XinShiJi d15","","__export__.res_users_7_ace94875","2022-05-09 09:01:43","世纪","Multi Price","product.list0",""
"__export__.res_partner_1324_6d2ce121","Xingrong1","swords","base.user_admin","2021-05-29 14:47:43","apple","Default Price","__export__.product_pricelist_94_fbc6ea0d","swords"
"__export__.res_partner_1325_09e84271","Xingrong2","rathnew","base.user_admin","2021-05-29 14:47:43","rath","Multi Price","__export__.product_pricelist_44_2530682a",""
"__export__.res_partner_2344_3134464b","Xinji Ltd","GALWAY","__export__.res_users_14_42108d61","2025-04-09 14:37:28","","Multi Price","__export__.product_pricelist_89_fedc9957","60 CLUAIN DARA KNOCKNACARRA GALWAY"
"__export__.res_partner_1774_75410d84","XiongMao new","","__export__.res_users_8_fb87432d","2022-11-20 20:35:37","","Multi Price","__export__.product_pricelist_44_2530682a",""
"__export__.res_partner_1842_eedaa8aa","Xiumei Chen","","base.user_admin","2023-03-24 09:37:43","","Default Price","product.list0",""
"__export__.res_partner_2560_0a8841ce","Xuan Li","","base.user_admin","2026-05-31 23:27:40","","Default Price","__export__.product_pricelist_35_a4a5fea4",""
"__export__.res_partner_1328_7a1f2ad3","Y Dun Laoghaire","dun laoghaire","base.user_admin","2021-05-29 14:47:43","","Multi Price","__export__.product_pricelist_44_2530682a",""
"__export__.res_partner_1807_1c4a1e4a","YA ZHOU CHU FANG","","__export__.res_users_8_fb87432d","2023-01-18 18:30:14","","Multi Price","__export__.product_pricelist_35_a4a5fea4",""
"__export__.res_partner_1642_5a49170a","YANG's thurles","Thurles","__export__.res_users_8_fb87432d","2022-04-27 08:56:29","","Multi Price","__export__.product_pricelist_89_fedc9957","Old Baker ST."
"__export__.res_partner_1331_dee3812a","YEX","","base.user_admin","2021-05-29 14:47:43","","Multi Price","__export__.product_pricelist_44_2530682a",""
"__export__.res_partner_1485_652db3e6","YEX","","base.user_admin","2021-10-28 21:58:13","","Multi Price","product.list0",""
"__export__.res_partner_2163_626d3e87","YG Thurles","","__export__.res_users_18_297f6f55","2024-06-14 10:39:50","","Multi Price","__export__.product_pricelist_89_fedc9957",""
"__export__.res_partner_2283_47710956","YONG SHENG FOODS LIMITED","Cork","__export__.res_users_10_962e2fe2","2025-02-10 08:46:33","","Multi Price","__export__.product_pricelist_51_1b1fa6e3","unit 2 Marina commercial park center park road"
"__export__.res_partner_2103_90d5bf40","YSI Ashtown","","__export__.res_users_10_962e2fe2","2024-06-11 11:22:41","","Multi Price","__export__.product_pricelist_44_2530682a",""
"__export__.res_partner_1335_d5c31bef","YUANDONG","D9","base.user_admin","2021-05-29 14:47:43","","Multi Price","__export__.product_pricelist_44_2530682a",""
"__export__.res_partner_1344_2c683346","YUN TONG","","base.user_admin","2021-05-29 14:47:43","","Multi Price","__export__.product_pricelist_44_2530682a",""
"__export__.res_partner_1346_7a987a7e","YY Clondalkin","","base.user_admin","2021-05-29 14:47:43","","Multi Price","__export__.product_pricelist_44_2530682a",""
"__export__.res_partner_2316_f148451d","Yakisoba Athlone","","__export__.res_users_14_42108d61","2025-03-05 09:22:39","","Multi Price","__export__.product_pricelist_99_439fc869","Unit 10, Belhavel, Golden Island (Kilmaine),"
"__export__.res_partner_1908_ea3dae73","Yan Chen T/A Lotus Chinese Takeaway Athlone","Co.Westmeath","__export__.res_users_10_962e2fe2","2023-08-10 11:59:15","","Multi Price","__export__.product_pricelist_89_fedc9957","6 Pearse Street"
"__export__.res_partner_2234_88705b3a","Yanan Zhou","","base.user_admin","2024-10-04 22:11:01","","Default Price","product.list0",""
"__export__.res_partner_1781_a043f483","Yang Guofu Hot Spicy Dip","","__export__.res_users_14_42108d61","2022-12-15 09:33:09","","Default Price","__export__.product_pricelist_97_259b6e00","27 Marlborough st"
"__export__.res_partner_1329_54da0efe","Yang&Xu Catering Ltd","Balbriggan","base.user_admin","2021-05-29 14:47:43","汉林阁","Multi Price","__export__.product_pricelist_44_2530682a","13 bridge street"
"__export__.res_partner_2548_a41041d5","YeeLong Cottage","Cavan","__export__.res_users_10_962e2fe2","2026-05-12 11:00:12","","Multi Price","","Church Rd, Kilnaleck, Co. Cavan"
"__export__.res_partner_2549_3e924644","Yeelong Chinese Killeshandra n Pizzas","Cavan","__export__.res_users_10_962e2fe2","2026-05-12 11:07:12","","Multi Price","","Yeelong Cottage, Main St, Portaliff Or Townparks, Killashandra"
"__export__.res_partner_2482_7c6eff0e","Yingxi International Trading Co. Limited","","__export__.res_users_22_942f71e3","2025-11-05 15:33:31","","Default Price","",""
"__export__.res_partner_2525_9137babf","Yoi Izakaya D4","","__export__.res_users_14_42108d61","2026-03-09 14:12:07","","Default Price","__export__.product_pricelist_156_b8038e39","71, Mespil Road, Dublin 4"
"__export__.res_partner_1332_ccfc6a83","YongXing Supermarket"," Limerick","base.user_admin","2021-05-29 14:47:43","永兴超市","Multi Price","__export__.product_pricelist_51_1b1fa6e3","39 Roches St, "
"__export__.res_partner_1888_2ef992ac","Young's Chinese and Thai Takeaway LTD","Dublin 11","__export__.res_users_8_fb87432d","2023-06-17 18:16:36","VAT.:   3485452BH","Default Price","__export__.product_pricelist_101_baf080f4","Cardiffsbridge Rd,"
"__export__.res_partner_1334_7e929b66","Yu","monkstown","base.user_admin","2021-05-29 14:47:43","YU","Multi Price","__export__.product_pricelist_44_2530682a","monkstown"
"__export__.res_partner_1664_ec566841","Yu Hua","","__export__.res_users_9_d71ce4f4","2022-05-16 11:56:51","","Multi Price","product.list0","Tallaght"
"__export__.res_partner_1813_f2878440","Yum Thai Noodle Bar","","__export__.res_users_10_962e2fe2","2023-01-31 12:26:47","","Multi Price","__export__.product_pricelist_44_2530682a","13 duke st"
"__export__.res_partner_1799_69038fad","Yummy Market","Sligo","__export__.res_users_10_962e2fe2","2023-01-12 10:55:35","","Multi Price","__export__.product_pricelist_51_1b1fa6e3","17 Temple St,"
"__export__.res_partner_2450_76344ade","Yummy Noodle Box Carlow","","__export__.res_users_14_42108d61","2025-09-11 09:14:20","","Multi Price","__export__.product_pricelist_89_fedc9957",""
"__export__.res_partner_1337_1de7ddf2","Yummy Noodle Box-D12","Dublin 20","base.user_admin","2021-05-29 14:47:43","sundrive","Multi Price","__export__.product_pricelist_44_2530682a","112 sundrive Road"
"__export__.res_partner_1338_83509d90","Yummy Oriental","Dublin 9","base.user_admin","2021-05-29 14:47:43","","Multi Price","__export__.product_pricelist_44_2530682a","14 Drumcondra Road Upper"
"__export__.res_partner_1339_99d8f1d7","Yummy Shankill","shankill","base.user_admin","2021-05-29 14:47:43","","Multi Price","__export__.product_pricelist_44_2530682a","shanganagh rd"
"__export__.res_partner_1618_418ca7bd","Yummy Street Asian Food ","","base.user_admin","2022-02-23 15:56:58","","Multi Price","__export__.product_pricelist_44_2530682a","17 temple ST."
"__export__.res_partner_1340_5427f7b4","Yummy Wok Asian Street Food","wexford","base.user_admin","2021-05-29 14:47:43","","Multi Price","__export__.product_pricelist_44_2530682a","95 main ST."
"__export__.res_partner_1341_ae827496","Yummy Yaki","newbridge","base.user_admin","2021-05-29 14:47:43","lin","Multi Price","__export__.product_pricelist_44_2530682a","unit 3 shalom house charlotte ST"
"__export__.res_partner_2406_156bbf35","Yummy Yummy Asian St Food Drogheda","","__export__.res_users_14_42108d61","2025-06-21 14:28:18","","Multi Price","__export__.product_pricelist_117_da7d3f47","7 N Quay, Lagavooren,"
"__export__.res_partner_1342_05815693","Yummy yummy D22","  Dublin 22","base.user_admin","2021-05-29 14:47:43","麒宇","Multi Price","__export__.product_pricelist_44_2530682a","Unit 20 Bawnogue enterprise centre "
"__export__.res_partner_1343_4cd7555f","YumyYumy Swords","Swords","base.user_admin","2021-05-29 14:47:43","","Multi Price","__export__.product_pricelist_44_2530682a","Unit 7, North Street Business Park"
"__export__.res_partner_1345_90d4d1b4","Yungs Dun Laoghaire","Dun Laoghaire","base.user_admin","2021-05-29 14:47:43","","Multi Price","__export__.product_pricelist_44_2530682a","66B Upper Georges Street"
"__export__.res_partner_1355_524b6731","Yunzhi Yang","","base.user_admin","2021-10-26 14:52:46","","Default Price","product.list0",""
"__export__.res_partner_2191_3dd9a340","Z and H Mobility LTD","dublin 1","__export__.res_users_8_fb87432d","2024-06-19 19:07:12","","Multi Price","product.list0","102 parnell st"
"__export__.res_partner_1347_f5e4e197","Z-D2","","base.user_admin","2021-05-29 14:47:43","","Multi Price","__export__.product_pricelist_44_2530682a",""
"__export__.res_partner_1348_e7c0e0e9","Z-D4","","base.user_admin","2021-05-29 14:47:43","","Multi Price","__export__.product_pricelist_44_2530682a",""
"__export__.res_partner_1619_5e75f1be","ZHEN ZHU LOU","","base.user_admin","2022-02-23 15:56:58","","Default Price","__export__.product_pricelist_98_2659323d",""
"__export__.res_partner_1240_eae97a84","ZHENZHEN tofu // sun souces natural food","dublin 12","base.user_admin","2021-05-29 14:47:43","","Multi Price","__export__.product_pricelist_44_2530682a","22 Beech Road"
"__export__.res_partner_2170_2bf32883","ZP Kells","","__export__.res_users_18_297f6f55","2024-06-14 11:17:10","","Multi Price","__export__.product_pricelist_44_2530682a",""
"__export__.res_partner_1747_b4653868","Zafron Foods","Dublin","__export__.res_users_18_297f6f55","2022-08-16 15:34:42","","Multi Price","product.list0","Unit 4 Saint James Industrial park"
"__export__.res_partner_1861_808158c4","Zakura Sushi Izakaya D2","","__export__.res_users_14_42108d61","2023-04-20 12:12:46","","Default Price","product.list0","13 Wexford St, Dublin 2,"
"__export__.res_partner_2461_67186b5c","Zen H Catering Ltd","","__export__.res_users_22_942f71e3","2025-09-30 09:45:53","","Multi Price","__export__.product_pricelist_44_2530682a","carrick house"
"__export__.res_partner_1749_b1e79a05","Zera Catering LTD"," Portlaoise","__export__.res_users_8_fb87432d","2022-08-18 08:23:24","","Multi Price","product.list0","17 Main St, Moneyballytyrrell,"
"__export__.res_partner_1359_eeff7fbc","Zhang Min","","base.user_admin","2021-10-26 15:10:31","","Default Price","product.list0",""
"__export__.res_partner_1351_34c4755b","Zhongguo Chufang","leixlip","base.user_admin","2021-05-29 14:47:43","","Multi Price","__export__.product_pricelist_44_2530682a",""
"__export__.res_partner_2287_3d519589","Zhongshan K.Y. Packaging Co.LTD","","__export__.res_users_22_942f71e3","2025-02-14 14:50:29","","Default Price","product.list0",""
"__export__.res_partner_2568_c732ed29","Zhuyi Fang Hand-pulled Noodles","","__export__.res_users_10_962e2fe2","2026-06-08 08:12:47","11点半之后有人","Default Price","__export__.product_pricelist_97_259b6e00","15 Montague Street, Dublin 2"
"__export__.res_partner_2500_54e25243","Zhuyifang Malatang","Dublin","__export__.res_users_14_42108d61","2025-12-15 06:16:54","","Default Price","","139 Parnell St"
"__export__.res_partner_2256_0deee3a1","Zi Qi Chinese Restaurant","Dublin","__export__.res_users_10_962e2fe2","2024-11-19 08:45:46","","Multi Price","__export__.product_pricelist_77_e590d8cf","138, 139 George's Street Lower, Dún Laoghaire"
"__export__.res_partner_1352_b2b8b540","Zisheng 1","Dublin 2","base.user_admin","2021-05-29 14:47:43","ZISHENG 1","Multi Price","__export__.product_pricelist_44_2530682a","DAME STREET"
"__export__.res_partner_1353_c23a1813","Zisheng 3","Dublin 1","base.user_admin","2021-05-29 14:47:43","","Multi Price","__export__.product_pricelist_44_2530682a","Abbey ST."
"__export__.res_partner_2221_fda86c2c","asfsa fsaf","sfafsaf","base.user_root","2024-08-20 20:20:07","","Default Price","product.list0","asfasf"
"__export__.res_partner_1429_2f4b6681","camseng","","base.user_admin","2021-10-28 21:58:13","","Multi Price","product.list0",""
"__export__.res_partner_741_63d24983","capital wholesale","Dublin 2","base.user_admin","2021-05-29 14:47:43","","Multi Price","__export__.product_pricelist_44_2530682a","Fitzwilliam Hall ,Fitzwilliam Place "
"__export__.res_partner_1430_bb1c6d9f","capital wholesale","Dublin 2","base.user_admin","2021-10-28 21:58:13","","Multi Price","product.list0","Fitzwilliam Hall ,Fitzwilliam Place "
"__export__.res_partner_2342_91f277a4","cash qiao","","__export__.res_users_8_fb87432d","2025-04-07 09:40:37","","Last Price","__export__.product_pricelist_44_2530682a",""
"__export__.res_partner_2042_5efbb7c1","cash-Gary","","__export__.res_users_10_962e2fe2","2024-04-05 12:44:17","","Multi Price","__export__.product_pricelist_44_2530682a",""
"__export__.res_partner_762_b6851c69","chang yong","dublin 7","base.user_admin","2021-05-29 14:47:43","","Multi Price","__export__.product_pricelist_44_2530682a",""
"__export__.res_partner_2258_6b0e9158","dragon boat howth","","__export__.res_users_7_ace94875","2024-11-20 15:57:42","","Default Price","product.list0",""
"__export__.res_partner_2203_a475d102","hanyang","dublin 1","__export__.res_users_8_fb87432d","2024-06-27 18:23:51","","Default Price","__export__.product_pricelist_54_4e1d1369","22 Great Strand ST"
"__export__.res_partner_956_89e96401","jin gui ge","","base.user_admin","2021-05-29 14:47:43","","Multi Price","__export__.product_pricelist_44_2530682a",""
"__export__.res_partner_2413_0cf17557","js-Shine","","__export__.res_users_22_942f71e3","2025-07-04 13:55:12","","Default Price","__export__.product_pricelist_52_1734c1a9",""
"__export__.res_partner_1451_b5f7b8f5","kwan Yick Ltd","newport","base.user_admin","2021-10-28 21:58:13","","Multi Price","product.list0","unit B new venture buildings"
"__export__.res_partner_995_99415641","kwan Yick Ltd","newport","base.user_admin","2021-05-29 14:47:43","","Multi Price","__export__.product_pricelist_44_2530682a","unit B new venture buildings"
"__export__.res_partner_1452_11811e34","kwan Yick Ltd (Ireland)","Cork","base.user_admin","2021-10-28 21:58:13","","Multi Price","product.list0","Unit 3D,North Point House"
"__export__.res_partner_2303_9ad5812a","llorens capdevila","","__export__.res_users_22_942f71e3","2025-03-03 13:03:11","","Default Price","product.list0",""
"__export__.res_partner_1052_436f7df4","main ltd","dublin","base.user_admin","2021-05-29 14:47:43","","Multi Price","__export__.product_pricelist_44_2530682a","main street"
"__export__.res_partner_1061_543fa1de","mei","d13","base.user_admin","2021-05-29 14:47:43","","Multi Price","__export__.product_pricelist_44_2530682a",""
"__export__.res_partner_2229_5880034b","new one","","__export__.res_users_14_42108d61","2024-09-10 14:08:51","","Default Price","__export__.product_pricelist_44_2530682a",""
"__export__.res_partner_1128_64cbbe68","one plus one food","","base.user_admin","2021-05-29 14:47:43","","Multi Price","__export__.product_pricelist_106_ba9252e4","30-32 upper abbey street"
"__export__.res_partner_1137_e91d2569","oriental merchant","","base.user_admin","2021-05-29 14:47:43","","Multi Price","__export__.product_pricelist_44_2530682a","heksekamp 7 5301 LX"
"__export__.res_partner_1465_48afabdc","oriental merchant","","base.user_admin","2021-10-28 21:58:13","","Multi Price","product.list0","heksekamp 7 5301 LX"
"__export__.res_partner_1873_58554eda","renganren@gmail.com","","__export__.res_users_14_42108d61","2023-05-09 22:18:37","","Default Price","product.list0",""
"__export__.res_partner_2023_d499846c","shuncheng LTD","","__export__.res_users_10_962e2fe2","2024-04-01 12:39:05","","Multi Price","__export__.product_pricelist_51_1b1fa6e3",""
"__export__.res_partner_1473_1501f980","sop international LTD","","base.user_admin","2021-10-28 21:58:13","","Multi Price","product.list0",""
"__export__.res_partner_1228_100237e5","sop international LTD","","base.user_admin","2021-05-29 14:47:43","","Last Price","__export__.product_pricelist_44_2530682a",""
"__export__.res_partner_1475_c60cd7c6","sun sources natural food","","base.user_admin","2021-10-28 21:58:13","","Multi Price","product.list0",""
"__export__.res_partner_2564_17f27011","t2","","base.user_admin","2026-06-01 09:24:39","","Default Price","__export__.product_pricelist_35_a4a5fea4",""
"__export__.res_partner_1859_66ab2fc7","test","dublin","base.user_root","2023-04-12 23:54:17","","Default Price","product.list0","22 cas"
"__export__.res_partner_1354_d7f76443","test","","base.user_admin","2021-06-14 19:39:34","","Default Price","product.list0",""
"__export__.res_partner_2010_f1508abc","test user","","base.user_admin","2024-03-17 23:23:24","","Default Price","product.list0",""
"__export__.res_partner_1477_f8f07238","the dimsum company","","base.user_admin","2021-10-28 21:58:13","","Multi Price","product.list0",""
"__export__.res_partner_1271_bc65da10","the dimsum company","","base.user_admin","2021-05-29 14:47:43","","Multi Price","__export__.product_pricelist_44_2530682a",""
"__export__.res_partner_1479_f35eda25","top packaging","dublin 10","base.user_admin","2021-10-28 21:58:13","","Multi Price","product.list0","35 cherry orchard industrial estate"
"__export__.res_partner_1286_ac2c022b","top packaging","dublin 10","base.user_admin","2021-05-29 14:47:43","","Multi Price","__export__.product_pricelist_44_2530682a","35 cherry orchard industrial estate"
"__export__.res_partner_1319_f1d4abaf","wong's kitchen","blackrock","base.user_admin","2021-05-29 14:47:43","美味楼","Multi Price","__export__.product_pricelist_44_2530682a","29 rock road"
"__export__.res_partner_1330_677250d5","yangcheng","Dublin 7","base.user_admin","2021-05-29 14:47:43","","Multi Price","__export__.product_pricelist_44_2530682a",""
