"External ID","Order Reference","Created by","Creation Date","Customer","Internal Notes","Invoice Status","Order Date","Order Return","Sales Team","Salesperson","Status","Total"
"__export__.sale_order_152272_39df2088","D152258","__export__.res_users_30_f31202ea","2026-06-19 22:58:27","__export__.res_partner_878_d6f1bc08","","Nothing to Invoice","2026-06-20 22:51:41","False","__export__.crm_team_96_8d48bd6a","__export__.res_users_10_962e2fe2","Sales Order","313.06"
"__export__.sale_order_152271_93235eca","D152257","__export__.res_users_30_f31202ea","2026-06-19 22:51:36","__export__.res_partner_866_7023b017","","Nothing to Invoice","2026-06-20 22:50:19","False","__export__.crm_team_275_339b1b1f","__export__.res_users_8_fb87432d","Sales Order","336.05"
"__export__.sale_order_152270_330d00f1","D152256","__export__.res_users_30_f31202ea","2026-06-19 22:50:13","__export__.res_partner_2226_073d5a5a","","Nothing to Invoice","2026-06-20 22:47:45","False","__export__.crm_team_276_22e06523","__export__.res_users_10_962e2fe2","Sales Order","292.0"
"__export__.sale_order_152269_6f92cbdf","D152255","__export__.res_users_30_f31202ea","2026-06-19 22:47:38","__export__.res_partner_1042_4b562afb","","Nothing to Invoice","2026-06-20 22:46:06","False","__export__.crm_team_96_8d48bd6a","__export__.res_users_30_f31202ea","Sales Order","335.5"
"__export__.sale_order_152268_20ab9584","D152254","__export__.res_users_30_f31202ea","2026-06-19 22:46:01","__export__.res_partner_768_72edcbdb","","Nothing to Invoice","2026-06-20 22:44:58","False","__export__.crm_team_49_ed5dc1d0","__export__.res_users_30_f31202ea","Sales Order","110.35"
"__export__.sale_order_152267_1035f396","D152253","__export__.res_users_30_f31202ea","2026-06-19 22:44:17","__export__.res_partner_696_930a1ccb","","Nothing to Invoice","2026-06-20 22:40:17","False","__export__.crm_team_277_1848bdf1","__export__.res_users_30_f31202ea","Sales Order","386.45"
"__export__.sale_order_152266_8778e3d0","D152252","__export__.res_users_30_f31202ea","2026-06-19 22:40:05","__export__.res_partner_858_0e5ada1d","","Nothing to Invoice","2026-06-20 22:33:03","False","__export__.crm_team_96_8d48bd6a","__export__.res_users_14_42108d61","Sales Order","677.13"
"__export__.sale_order_152278_c7536ffc","D152264","__export__.res_users_30_f31202ea","2026-06-19 23:33:28","__export__.res_partner_1003_ca286395","","Nothing to Invoice","2026-06-20 22:30:50","False","__export__.crm_team_49_ed5dc1d0","__export__.res_users_10_962e2fe2","Sales Order","113.0"
"__export__.sale_order_152265_fe0b19d2","D152251","__export__.res_users_30_f31202ea","2026-06-19 22:32:56","__export__.res_partner_1577_224dd31f","取消","Nothing to Invoice","2026-06-20 22:28:20","False","__export__.crm_team_69_17e53434","__export__.res_users_30_f31202ea","Sales Order","208.55"
"__export__.sale_order_152277_3814669a","D152263","__export__.res_users_30_f31202ea","2026-06-19 23:30:40","__export__.res_partner_1781_a043f483","","Nothing to Invoice","2026-06-20 22:27:06","False","__export__.crm_team_59_95d20efd","__export__.res_users_10_962e2fe2","Sales Order","333.5"
"__export__.sale_order_152276_ce315cf1","D152262","__export__.res_users_30_f31202ea","2026-06-19 23:26:52","__export__.res_partner_1008_4287ea11","早点送","Nothing to Invoice","2026-06-20 22:23:47","False","__export__.crm_team_59_95d20efd","__export__.res_users_7_ace94875","Sales Order","267.06"
"__export__.sale_order_152275_5ae21ed0","D152261","__export__.res_users_30_f31202ea","2026-06-19 23:22:09","__export__.res_partner_1626_60b65b7e","","Nothing to Invoice","2026-06-20 22:20:19","False","__export__.crm_team_277_1848bdf1","__export__.res_users_30_f31202ea","Sales Order","71.1"
"__export__.sale_order_152274_706c1615","D152260","__export__.res_users_30_f31202ea","2026-06-19 23:20:14","__export__.res_partner_2057_b196e088","","Nothing to Invoice","2026-06-20 22:18:20","False","__export__.crm_team_96_8d48bd6a","__export__.res_users_30_f31202ea","Sales Order","113.35"
"__export__.sale_order_152273_1ae9200a","D152259","__export__.res_users_30_f31202ea","2026-06-19 23:10:30","__export__.res_partner_1162_84b0db9d","11 点送","Nothing to Invoice","2026-06-20 22:00:59","False","__export__.crm_team_275_339b1b1f","__export__.res_users_7_ace94875","Sales Order","446.8"
"__export__.sale_order_152262_e72db03f","D152248","__export__.res_users_10_962e2fe2","2026-06-19 15:29:59","__export__.res_partner_2239_187fc3fe","","Nothing to Invoice","2026-06-20 15:28:28","False","__export__.crm_team_59_95d20efd","__export__.res_users_7_ace94875","Sales Order","53.0"
"__export__.sale_order_152261_5b004520","D152247","__export__.res_users_10_962e2fe2","2026-06-19 14:04:13","__export__.res_partner_2500_54e25243","以系统为准","Nothing to Invoice","2026-06-20 13:46:31","False","__export__.crm_team_96_8d48bd6a","__export__.res_users_10_962e2fe2","Sales Order","694.0"
"__export__.sale_order_152315_dffb9d7b","D152301","__export__.res_users_10_962e2fe2","2026-06-20 12:09:10","__export__.res_partner_1117_6884394d","","Nothing to Invoice","2026-06-20 12:08:54","False","__export__.crm_team_69_17e53434","__export__.res_users_22_942f71e3","Sales Order","30.0"
"__export__.sale_order_152316_ee7bbd1f","D152302","__export__.res_users_10_962e2fe2","2026-06-20 12:16:06","__export__.res_partner_702_52a425d1","","Nothing to Invoice","2026-06-20 12:08:35","False","__export__.crm_team_277_1848bdf1","__export__.res_users_8_fb87432d","Sales Order","448.33"
"__export__.sale_order_152314_b8d06318","D152300","__export__.res_users_10_962e2fe2","2026-06-20 12:02:53","__export__.res_partner_2232_5eb6c569","","Nothing to Invoice","2026-06-20 12:01:28","False","__export__.crm_team_69_17e53434","__export__.res_users_14_42108d61","Sales Order","346.35"
"__export__.sale_order_152313_7d8a491a","D152299","__export__.res_users_10_962e2fe2","2026-06-20 11:51:16","__export__.res_partner_866_7023b017","","Nothing to Invoice","2026-06-20 11:50:33","False","__export__.crm_team_277_1848bdf1","__export__.res_users_8_fb87432d","Sales Order","24.5"
"__export__.sale_order_152310_9d01e645","D152296","__export__.res_users_10_962e2fe2","2026-06-20 10:11:46","__export__.res_partner_1318_c98a4b7c","","Nothing to Invoice","2026-06-20 10:10:51","False","__export__.crm_team_96_8d48bd6a","__export__.res_users_10_962e2fe2","Sales Order","138.15"
"__export__.sale_order_152309_3fecd5f5","D152295","__export__.res_users_30_f31202ea","2026-06-20 10:06:22","__export__.res_partner_696_930a1ccb","","Nothing to Invoice","2026-06-20 10:04:37","False","__export__.crm_team_277_1848bdf1","__export__.res_users_30_f31202ea","Sales Order","49.95"
"__export__.sale_order_152308_3dead7ad","D152294","__export__.res_users_30_f31202ea","2026-06-20 09:44:41","__export__.res_partner_752_b29ee5f8","","Nothing to Invoice","2026-06-20 09:43:39","False","__export__.crm_team_69_17e53434","__export__.res_users_30_f31202ea","Sales Order","21.0"
"__export__.sale_order_152307_033d38df","D152293","__export__.res_users_30_f31202ea","2026-06-20 09:40:14","__export__.res_partner_2052_563650ad","","Nothing to Invoice","2026-06-20 09:39:33","False","__export__.crm_team_69_17e53434","__export__.res_users_30_f31202ea","Sales Order","41.0"
"__export__.sale_order_152238_c10aacaa","D152224","__export__.res_users_7_ace94875","2026-06-19 09:30:56","__export__.res_partner_1178_4660d857","","Nothing to Invoice","2026-06-20 09:30:36","False","__export__.crm_team_161_8055857d","__export__.res_users_7_ace94875","Sales Order","1875.0"
"__export__.sale_order_152305_8df187b3","D152291","__export__.res_users_30_f31202ea","2026-06-20 09:06:19","__export__.res_partner_1577_224dd31f","仓库出货","Nothing to Invoice","2026-06-20 08:56:44","False","__export__.crm_team_69_17e53434","__export__.res_users_30_f31202ea","Sales Order","218.25"
"__export__.sale_order_152306_e6fce5be","D152292","__export__.res_users_10_962e2fe2","2026-06-20 09:32:56","__export__.res_partner_818_8185df11","RO不要确认10.2+9.3+9.9","Nothing to Invoice","2026-06-20 08:51:24","False","__export__.crm_team_96_8d48bd6a","__export__.res_users_10_962e2fe2","Quotation","775.62"
"__export__.sale_order_152303_49353867","D152289","__export__.res_users_10_962e2fe2","2026-06-20 08:51:46","__export__.res_partner_874_2fe3c6b7","","Nothing to Invoice","2026-06-20 08:51:05","False","__export__.crm_team_96_8d48bd6a","__export__.res_users_10_962e2fe2","Sales Order","55.45"
"__export__.sale_order_152302_3a3a0b04","D152288","__export__.res_users_10_962e2fe2","2026-06-20 08:48:48","__export__.res_partner_2052_563650ad","","Nothing to Invoice","2026-06-20 08:48:03","False","__export__.crm_team_69_17e53434","__export__.res_users_10_962e2fe2","Sales Order","82.5"
"__export__.sale_order_152301_ebd0c976","D152287","__export__.res_users_10_962e2fe2","2026-06-20 08:46:19","__export__.res_partner_1830_408e614c","","Nothing to Invoice","2026-06-20 08:43:44","False","__export__.crm_team_277_1848bdf1","__export__.res_users_14_42108d61","Sales Order","428.6"
"__export__.sale_order_152300_fe4628ae","D152286","__export__.res_users_10_962e2fe2","2026-06-20 08:40:58","__export__.res_partner_2509_d01aa094","","Nothing to Invoice","2026-06-20 08:38:52","False","__export__.crm_team_277_1848bdf1","__export__.res_users_10_962e2fe2","Sales Order","109.7"
"__export__.sale_order_152281_337cdec0","D152267","__export__.res_users_22_942f71e3","2026-06-20 00:26:24","__export__.res_partner_1576_8c8f7051","","Nothing to Invoice","2026-06-20 08:24:50","False","__export__.crm_team_276_22e06523","__export__.res_users_22_942f71e3","Sales Order","178.05"
"__export__.sale_order_152280_7c38f474","D152266","__export__.res_users_22_942f71e3","2026-06-20 00:22:51","__export__.res_partner_1222_205defba","","Nothing to Invoice","2026-06-20 08:22:23","False","__export__.crm_team_49_ed5dc1d0","__export__.res_users_22_942f71e3","Sales Order","47.0"
"__export__.sale_order_152279_7a5a8d78","D152265","__export__.res_users_22_942f71e3","2026-06-20 00:22:15","__export__.res_partner_1869_c2b3c1c3","","Nothing to Invoice","2026-06-20 08:21:13","False","__export__.crm_team_49_ed5dc1d0","__export__.res_users_22_942f71e3","Sales Order","134.5"
"__export__.sale_order_152299_5ed77be6","D152285","__export__.res_users_10_962e2fe2","2026-06-20 08:05:26","__export__.res_partner_874_2fe3c6b7","","Nothing to Invoice","2026-06-20 08:05:02","False","__export__.crm_team_49_ed5dc1d0","__export__.res_users_10_962e2fe2","Sales Order","17.5"
"__export__.sale_order_152298_7b1032f8","D152284","__export__.res_users_10_962e2fe2","2026-06-20 08:04:58","__export__.res_partner_907_99000eb5","","Nothing to Invoice","2026-06-20 08:04:05","False","__export__.crm_team_49_ed5dc1d0","__export__.res_users_10_962e2fe2","Sales Order","316.5"
"__export__.sale_order_152297_9030c6e0","D152283","__export__.res_users_10_962e2fe2","2026-06-20 08:03:52","__export__.res_partner_1567_920f121d","","Nothing to Invoice","2026-06-20 08:03:33","False","__export__.crm_team_276_22e06523","__export__.res_users_10_962e2fe2","Sales Order","56.5"
"__export__.sale_order_152296_12b9be5d","D152282","__export__.res_users_10_962e2fe2","2026-06-20 08:03:27","__export__.res_partner_1596_3194d941","","Nothing to Invoice","2026-06-20 08:02:49","False","__export__.crm_team_276_22e06523","__export__.res_users_10_962e2fe2","Sales Order","260.45"
"__export__.sale_order_152295_47110a5e","D152281","__export__.res_users_10_962e2fe2","2026-06-20 08:02:37","__export__.res_partner_1845_ce74c057","","Nothing to Invoice","2026-06-20 08:01:03","False","__export__.crm_team_49_ed5dc1d0","__export__.res_users_10_962e2fe2","Sales Order","119.5"
"__export__.sale_order_152294_b4b3ad95","D152280","__export__.res_users_10_962e2fe2","2026-06-20 08:01:01","__export__.res_partner_2567_6c804877","","Nothing to Invoice","2026-06-20 08:00:18","False","__export__.crm_team_96_8d48bd6a","__export__.res_users_10_962e2fe2","Sales Order","122.5"
"__export__.sale_order_152293_5ae13310","D152279","__export__.res_users_10_962e2fe2","2026-06-20 07:59:04","__export__.res_partner_702_52a425d1","","Nothing to Invoice","2026-06-20 07:58:22","False","__export__.crm_team_277_1848bdf1","__export__.res_users_8_fb87432d","Sales Order","361.08"
"__export__.sale_order_152292_c0a62d1f","D152278","__export__.res_users_14_42108d61","2026-06-20 07:42:50","__export__.res_partner_902_081ecc25","","Nothing to Invoice","2026-06-20 07:38:10","False","__export__.crm_team_96_8d48bd6a","__export__.res_users_14_42108d61","Sales Order","579.41"
"__export__.sale_order_152291_c85d47cc","D152277","__export__.res_users_10_962e2fe2","2026-06-20 07:17:34","__export__.res_partner_1616_533a6f33","","Nothing to Invoice","2026-06-20 07:16:39","False","__export__.crm_team_275_339b1b1f","__export__.res_users_10_962e2fe2","Sales Order","276.8"
"__export__.sale_order_152290_95a4369b","D152276","__export__.res_users_10_962e2fe2","2026-06-20 07:15:49","__export__.res_partner_2522_4ddc00ff","","Nothing to Invoice","2026-06-20 07:13:33","False","__export__.crm_team_275_339b1b1f","__export__.res_users_10_962e2fe2","Sales Order","195.8"
"__export__.sale_order_152289_ab27ce10","D152275","__export__.res_users_10_962e2fe2","2026-06-20 07:13:52","__export__.res_partner_2526_65f4da72","","Nothing to Invoice","2026-06-20 07:12:29","False","__export__.crm_team_275_339b1b1f","__export__.res_users_10_962e2fe2","Sales Order","30.0"
"__export__.sale_order_152285_834b4ac6","D152271","__export__.res_users_14_42108d61","2026-06-20 02:37:58","__export__.res_partner_1313_4ce22376","","Nothing to Invoice","2026-06-20 02:36:59","False","__export__.crm_team_276_22e06523","__export__.res_users_14_42108d61","Sales Order","210.0"
"__export__.sale_order_152284_69062a24","D152270","__export__.res_users_14_42108d61","2026-06-20 02:36:38","__export__.res_partner_1837_354db69f","","Nothing to Invoice","2026-06-20 02:33:53","False","__export__.crm_team_96_8d48bd6a","__export__.res_users_14_42108d61","Sales Order","233.8"
"__export__.sale_order_152283_bb606c3c","D152269","__export__.res_users_14_42108d61","2026-06-20 02:29:27","__export__.res_partner_2572_c6f857f5","","Nothing to Invoice","2026-06-20 02:26:04","False","__export__.crm_team_277_1848bdf1","__export__.res_users_14_42108d61","Sales Order","328.05"
"__export__.sale_order_152282_4b6e0f2f","D152268","__export__.res_users_14_42108d61","2026-06-20 02:25:38","__export__.res_partner_1994_4bb952c0","","Nothing to Invoice","2026-06-20 02:21:42","False","__export__.crm_team_96_8d48bd6a","__export__.res_users_14_42108d61","Sales Order","516.3"
"__export__.sale_order_152152_7a11798b","D152138","__export__.res_users_30_f31202ea","2026-06-18 23:01:27","__export__.res_partner_1042_4b562afb","","Fully Invoiced","2026-06-19 22:57:41","True","__export__.crm_team_59_95d20efd","__export__.res_users_30_f31202ea","Locked","179.9"
"__export__.sale_order_151986_0f7c63db","D151972","__export__.res_users_30_f31202ea","2026-06-17 22:49:58","__export__.res_partner_2266_132955fa","","To Invoice","2026-06-19 22:48:05","False","__export__.crm_team_51_075d42c1","__export__.res_users_10_962e2fe2","Locked","114.85"
"__export__.sale_order_152150_eafefbd2","D152136","__export__.res_users_30_f31202ea","2026-06-18 22:54:44","__export__.res_partner_1558_b4bd7d3c","","To Invoice","2026-06-19 22:44:22","False","__export__.crm_team_173_1afa093c","__export__.res_users_8_fb87432d","Locked","220.68"
"__export__.sale_order_152149_9eb5911c","D152135","__export__.res_users_30_f31202ea","2026-06-18 22:49:40","__export__.res_partner_2062_392da815","","Nothing to Invoice","2026-06-19 22:44:06","False","__export__.crm_team_173_1afa093c","__export__.res_users_8_fb87432d","Sales Order","1012.5"
"__export__.sale_order_152148_65dd8dbf","D152134","__export__.res_users_30_f31202ea","2026-06-18 22:43:04","__export__.res_partner_2029_983ad619","","To Invoice","2026-06-19 22:42:21","False","__export__.crm_team_177_f958c6ae","__export__.res_users_22_942f71e3","Locked","58.4"
"__export__.sale_order_152147_5f18ddaa","D152133","__export__.res_users_30_f31202ea","2026-06-18 22:41:56","__export__.res_partner_1900_f609d842","","To Invoice","2026-06-19 22:40:24","False","__export__.crm_team_177_f958c6ae","__export__.res_users_22_942f71e3","Locked","193.9"
"__export__.sale_order_152145_4cf36fc7","D152131","__export__.res_users_10_962e2fe2","2026-06-18 22:39:28","__export__.res_partner_2568_c732ed29","","Fully Invoiced","2026-06-19 22:38:32","True","__export__.crm_team_289_72f3a502","__export__.res_users_10_962e2fe2","Locked","84.7"
"__export__.sale_order_152146_febe8138","D152132","__export__.res_users_30_f31202ea","2026-06-18 22:39:57","__export__.res_partner_2012_f514a226","","Nothing to Invoice","2026-06-19 22:34:27","False","__export__.crm_team_306_f21cf977","__export__.res_users_7_ace94875","Sales Order","406.89"
"__export__.sale_order_152144_822828c3","D152130","__export__.res_users_30_f31202ea","2026-06-18 22:33:23","__export__.res_partner_1003_ca286395","","Fully Invoiced","2026-06-19 22:31:17","True","__export__.crm_team_59_95d20efd","__export__.res_users_10_962e2fe2","Locked","147.5"
"__export__.sale_order_152143_0418ec50","D152129","__export__.res_users_30_f31202ea","2026-06-18 22:31:01","__export__.res_partner_1103_926e4c12","","To Invoice","2026-06-19 22:28:37","False","__export__.crm_team_303_6d918a38","__export__.res_users_18_297f6f55","Locked","80.45"
"__export__.sale_order_152141_bdc5b1d7","D152127","__export__.res_users_30_f31202ea","2026-06-18 22:26:45","__export__.res_partner_1990_c219b4d6","","To Invoice","2026-06-19 22:24:32","False","__export__.crm_team_96_8d48bd6a","__export__.res_users_10_962e2fe2","Locked","203.05"
"__export__.sale_order_152140_ac53ef51","D152126","__export__.res_users_30_f31202ea","2026-06-18 22:24:00","__export__.res_partner_2156_ba2f749b","","To Invoice","2026-06-19 22:23:15","False","__export__.crm_team_96_8d48bd6a","__export__.res_users_10_962e2fe2","Locked","66.1"
"__export__.sale_order_152139_d28f3fc4","D152125","__export__.res_users_30_f31202ea","2026-06-18 22:23:02","__export__.res_partner_1268_23010732","","To Invoice","2026-06-19 22:21:54","False","__export__.crm_team_96_8d48bd6a","__export__.res_users_10_962e2fe2","Locked","46.85"
"__export__.sale_order_152175_36e3cb9d","D152161","__export__.res_users_30_f31202ea","2026-06-18 23:31:06","__export__.res_partner_2203_a475d102","已给","Nothing to Invoice","2026-06-19 22:19:37","False","__export__.crm_team_69_17e53434","__export__.res_users_30_f31202ea","Sales Order","1365.9"
"__export__.sale_order_152138_4e50fc1d","D152124","__export__.res_users_30_f31202ea","2026-06-18 22:19:47","__export__.res_partner_2226_073d5a5a","","Fully Invoiced","2026-06-19 22:18:32","True","__export__.crm_team_228_ec7099f7","__export__.res_users_10_962e2fe2","Locked","234.85"
"__export__.sale_order_152137_571199e7","D152123","__export__.res_users_30_f31202ea","2026-06-18 22:18:06","__export__.res_partner_1820_6043d6fd","","Fully Invoiced","2026-06-19 22:13:53","True","__export__.crm_team_302_0f8f613a","__export__.res_users_30_f31202ea","Locked","472.51"
"__export__.sale_order_152142_550291bc","D152128","__export__.res_users_10_962e2fe2","2026-06-18 22:27:09","__export__.res_partner_954_c4c0df31","已给","Fully Invoiced","2026-06-19 22:12:20","True","__export__.crm_team_69_17e53434","__export__.res_users_10_962e2fe2","Locked","297.0"
"__export__.sale_order_152136_a7c187a9","D152122","__export__.res_users_30_f31202ea","2026-06-18 22:13:01","__export__.res_partner_768_72edcbdb","","Fully Invoiced","2026-06-19 22:10:51","True","__export__.crm_team_39_ffc4074f","__export__.res_users_30_f31202ea","Locked","227.22"
"__export__.sale_order_152162_4444f1ca","D152148","__export__.res_users_30_f31202ea","2026-06-18 23:12:25","__export__.res_partner_815_b205f784","","To Invoice","2026-06-19 22:10:02","False","__export__.crm_team_291_de9693d0","__export__.res_users_22_942f71e3","Locked","192.2"
"__export__.sale_order_152135_40da5230","D152121","__export__.res_users_10_962e2fe2","2026-06-18 22:12:16","__export__.res_partner_1611_726cf95c","","Nothing to Invoice","2026-06-19 22:08:19","False","__export__.crm_team_177_f958c6ae","__export__.res_users_7_ace94875","Sales Order","698.3"
"__export__.sale_order_152134_c8d4768c","D152120","__export__.res_users_30_f31202ea","2026-06-18 22:10:41","__export__.res_partner_1994_4bb952c0","","Fully Invoiced","2026-06-19 22:07:28","True","__export__.crm_team_78_db60447e","__export__.res_users_14_42108d61","Locked","138.2"
"__export__.sale_order_152132_9ca93733","D152118","__export__.res_users_10_962e2fe2","2026-06-18 22:06:34","__export__.res_partner_1572_87bf5297","","To Invoice","2026-06-19 22:05:27","False","__export__.crm_team_231_ec27440e","__export__.res_users_10_962e2fe2","Locked","182.4"
"__export__.sale_order_152133_ff8b07d3","D152119","__export__.res_users_10_962e2fe2","2026-06-18 22:08:16","__export__.res_partner_2519_9b3545b1","","To Invoice","2026-06-19 22:04:45","False","__export__.crm_team_231_ec27440e","__export__.res_users_10_962e2fe2","Locked","165.44"
"__export__.sale_order_152159_203bc8c8","D152145","__export__.res_users_30_f31202ea","2026-06-18 23:08:54","__export__.res_partner_1019_04d73dd9","","To Invoice","2026-06-19 22:03:46","False","__export__.crm_team_290_b4e2eca7","__export__.res_users_7_ace94875","Locked","90.5"
"__export__.sale_order_152131_6643534d","D152117","__export__.res_users_30_f31202ea","2026-06-18 22:06:19","__export__.res_partner_2536_e53ff52d","","Fully Invoiced","2026-06-19 22:03:36","True","__export__.crm_team_289_72f3a502","__export__.res_users_14_42108d61","Locked","200.25"
"__export__.sale_order_152160_26bb6cde","D152146","__export__.res_users_30_f31202ea","2026-06-18 23:09:03","__export__.res_partner_748_a0244e8f","","To Invoice","2026-06-19 22:03:20","False","__export__.crm_team_290_b4e2eca7","__export__.res_users_7_ace94875","Locked","110.8"
"__export__.sale_order_152129_a0e990c2","D152115","__export__.res_users_30_f31202ea","2026-06-18 22:03:14","__export__.res_partner_1170_d47a6860","","To Invoice","2026-06-19 22:02:32","False","__export__.crm_team_232_fa62cff8","__export__.res_users_22_942f71e3","Locked","104.15"
"__export__.sale_order_152155_e70837af","D152141","__export__.res_users_30_f31202ea","2026-06-18 23:03:06","__export__.res_partner_2026_b3659e1c","","To Invoice","2026-06-19 22:01:40","False","__export__.crm_team_232_fa62cff8","__export__.res_users_7_ace94875","Locked","323.27"
"__export__.sale_order_152125_a3d6a58c","D152111","__export__.res_users_10_962e2fe2","2026-06-18 22:00:25","__export__.res_partner_1165_dac64342","","To Invoice","2026-06-19 21:58:09","False","__export__.crm_team_305_c2537a3b","__export__.res_users_10_962e2fe2","Locked","47.85"
"__export__.sale_order_152127_71f7ee25","D152113","__export__.res_users_30_f31202ea","2026-06-18 22:02:11","__export__.res_partner_1326_e85f9f0f","","To Invoice","2026-06-19 21:57:40","False","__export__.crm_team_96_8d48bd6a","__export__.res_users_27_ccf3d93e","Locked","250.1"
"__export__.sale_order_152126_b222b723","D152112","__export__.res_users_10_962e2fe2","2026-06-18 22:00:28","__export__.res_partner_1603_68c3be70","","To Invoice","2026-06-19 21:57:25","False","__export__.crm_team_305_c2537a3b","__export__.res_users_10_962e2fe2","Locked","96.5"
"__export__.sale_order_152128_d9bee63f","D152114","__export__.res_users_10_962e2fe2","2026-06-18 22:02:34","__export__.res_partner_707_b92d9a31","","To Invoice","2026-06-19 21:56:43","False","__export__.crm_team_229_a2ef141e","__export__.res_users_10_962e2fe2","Locked","443.96"
"__export__.sale_order_152124_50b593a2","D152110","__export__.res_users_10_962e2fe2","2026-06-18 21:56:23","__export__.res_partner_874_2fe3c6b7","","Fully Invoiced","2026-06-19 21:55:17","True","__export__.crm_team_39_ffc4074f","__export__.res_users_10_962e2fe2","Locked","22.0"
"__export__.sale_order_152122_2640955a","D152108","__export__.res_users_10_962e2fe2","2026-06-18 21:55:10","__export__.res_partner_2023_d499846c","已给","Fully Invoiced","2026-06-19 21:54:33","True","__export__.crm_team_69_17e53434","__export__.res_users_10_962e2fe2","Locked","291.0"
"__export__.sale_order_152123_77162e32","D152109","__export__.res_users_10_962e2fe2","2026-06-18 21:56:21","__export__.res_partner_874_2fe3c6b7","","Fully Invoiced","2026-06-19 21:50:45","True","__export__.crm_team_39_ffc4074f","__export__.res_users_10_962e2fe2","Locked","52.5"
"__export__.sale_order_152121_6b001ed4","D152107","__export__.res_users_10_962e2fe2","2026-06-18 21:53:41","__export__.res_partner_956_89e96401","","To Invoice","2026-06-19 21:50:10","False","__export__.crm_team_51_075d42c1","__export__.res_users_10_962e2fe2","Locked","104.65"
"__export__.sale_order_152154_4909a77f","D152140","__export__.res_users_18_297f6f55","2026-06-18 23:03:01","__export__.res_partner_988_d8939c6f","","To Invoice","2026-06-19 21:01:36","False","__export__.crm_team_229_a2ef141e","__export__.res_users_18_297f6f55","Locked","141.7"
"__export__.sale_order_152120_406cc048","D152106","__export__.res_users_30_f31202ea","2026-06-18 20:11:54","__export__.res_partner_2553_e1e16865","","To Invoice","2026-06-19 20:04:40","False","__export__.crm_team_303_6d918a38","__export__.res_users_30_f31202ea","Locked","265.0"
"__export__.sale_order_152119_fca11498","D152105","__export__.res_users_30_f31202ea","2026-06-18 20:04:06","__export__.res_partner_2218_6c64adc3","","To Invoice","2026-06-19 20:02:57","False","__export__.crm_team_162_05a89d8e","__export__.res_users_10_962e2fe2","Locked","67.84"
"__export__.sale_order_152118_23987df4","D152104","__export__.res_users_8_fb87432d","2026-06-18 18:15:01","__export__.res_partner_866_7023b017","","Fully Invoiced","2026-06-19 18:11:04","True","__export__.crm_team_227_ffd73472","__export__.res_users_8_fb87432d","Locked","46.2"
"__export__.sale_order_152264_f11903da","D152250","base.user_admin","2026-06-19 17:25:33","__export__.res_partner_7_0dba4ff7","","To Invoice","2026-06-19 17:25:05","False","sales_team.team_sales_department","base.user_admin","Locked",""
"__export__.sale_order_152117_71edde71","D152103","__export__.res_users_10_962e2fe2","2026-06-18 15:39:47","__export__.res_partner_997_1abc595b","","Nothing to Invoice","2026-06-19 15:38:17","False","__export__.crm_team_290_b4e2eca7","__export__.res_users_7_ace94875","Sales Order","475.7"
"__export__.sale_order_152263_ea18078a","D152249","__export__.res_users_10_962e2fe2","2026-06-19 15:39:11","__export__.res_partner_2279_95c95e6b","","To Invoice","2026-06-19 15:37:15","False","__export__.crm_team_69_17e53434","__export__.res_users_10_962e2fe2","Locked","54.85"
"__export__.sale_order_152115_6328deb8","D152101","__export__.res_users_7_ace94875","2026-06-18 15:29:05","__export__.res_partner_2007_3eaeff71","","To Invoice","2026-06-19 15:28:32","False","__export__.crm_team_291_de9693d0","__export__.res_users_14_42108d61","Locked","335.1"
"__export__.sale_order_152114_3d3479fc","D152100","__export__.res_users_7_ace94875","2026-06-18 15:28:23","__export__.res_partner_2410_2ed9a75d","","Fully Invoiced","2026-06-19 15:27:47","True","__export__.crm_team_228_ec7099f7","__export__.res_users_28_e1e8c9ed","Locked","185.14"
"__export__.sale_order_152113_09be688f","D152099","__export__.res_users_22_942f71e3","2026-06-18 15:10:45","__export__.res_partner_2259_982a2137","已给","Nothing to Invoice","2026-06-19 14:59:08","True","__export__.crm_team_69_17e53434","__export__.res_users_22_942f71e3","Sales Order","704.33"
"__export__.sale_order_152112_ac0ed4fa","D152098","__export__.res_users_22_942f71e3","2026-06-18 14:58:40","__export__.res_partner_692_5b156858","","To Invoice","2026-06-19 14:57:36","False","__export__.crm_team_96_8d48bd6a","__export__.res_users_22_942f71e3","Locked","28.0"
"__export__.sale_order_152111_f3d0956b","D152097","__export__.res_users_10_962e2fe2","2026-06-18 14:30:45","__export__.res_partner_951_7495bf44","已给","Fully Invoiced","2026-06-19 14:30:30","True","__export__.crm_team_69_17e53434","__export__.res_users_10_962e2fe2","Locked","344.0"
"__export__.sale_order_152165_6fc9b87b","D152151","__export__.res_users_18_297f6f55","2026-06-18 23:18:52","__export__.res_partner_2524_7fa54a68","","To Invoice","2026-06-19 13:18:36","False","__export__.crm_team_80_d86e22d9","base.user_admin","Locked","38.0"
"__export__.sale_order_152164_3a8536cd","D152150","__export__.res_users_18_297f6f55","2026-06-18 23:18:22","__export__.res_partner_2523_69da4468","","To Invoice","2026-06-19 13:06:27","False","__export__.crm_team_80_d86e22d9","__export__.res_users_7_ace94875","Locked","76.1"
"__export__.sale_order_152157_be7b6994","D152143","__export__.res_users_18_297f6f55","2026-06-18 23:05:39","__export__.res_partner_2464_6b8b8041","","To Invoice","2026-06-19 13:04:55","False","__export__.crm_team_231_ec27440e","__export__.res_users_7_ace94875","Locked","126.2"
"__export__.sale_order_152156_06a19ea0","D152142","__export__.res_users_18_297f6f55","2026-06-18 23:04:40","__export__.res_partner_1014_b4811845","","To Invoice","2026-06-19 13:03:47","False","__export__.crm_team_96_8d48bd6a","__export__.res_users_22_942f71e3","Locked","161.2"
"__export__.sale_order_152151_42996fcf","D152137","__export__.res_users_18_297f6f55","2026-06-18 23:01:24","__export__.res_partner_720_95666fe8","","To Invoice","2026-06-19 13:00:46","False","__export__.crm_team_232_fa62cff8","__export__.res_users_27_ccf3d93e","Locked","110.1"
"__export__.sale_order_152259_76fb41a9","D152245","__export__.res_users_30_f31202ea","2026-06-19 12:48:44","__export__.res_partner_800_a1949b1d","","To Invoice","2026-06-19 12:48:23","False","__export__.crm_team_98_821e316c","__export__.res_users_30_f31202ea","Locked","25.0"
"__export__.sale_order_152258_47745e5d","D152244","__export__.res_users_22_942f71e3","2026-06-19 12:38:56","__export__.res_partner_1326_e85f9f0f","","To Invoice","2026-06-19 12:38:36","False","__export__.crm_team_96_8d48bd6a","__export__.res_users_27_ccf3d93e","Locked","48.41"
"__export__.sale_order_152257_cf0c3da8","D152243","__export__.res_users_22_942f71e3","2026-06-19 12:37:53","__export__.res_partner_2348_759e8a9a","","To Invoice","2026-06-19 12:36:48","False","__export__.crm_team_98_821e316c","__export__.res_users_14_42108d61","Locked","117.35"
"__export__.sale_order_152256_c8883c41","D152242","__export__.res_users_10_962e2fe2","2026-06-19 12:15:32","__export__.res_partner_752_b29ee5f8","张敏","Fully Invoiced","2026-06-19 12:14:53","True","__export__.crm_team_69_17e53434","__export__.res_users_10_962e2fe2","Locked","102.4"
"__export__.sale_order_152255_98d71a3e","D152241","__export__.res_users_10_962e2fe2","2026-06-19 11:48:20","__export__.res_partner_1073_2afb2f6f","","To Invoice","2026-06-19 11:47:59","False","__export__.crm_team_69_17e53434","__export__.res_users_10_962e2fe2","Locked","29.95"
"__export__.sale_order_152254_0b4dc71e","D152240","__export__.res_users_22_942f71e3","2026-06-19 11:46:48","__export__.res_partner_2050_3666fbb2","","To Invoice","2026-06-19 11:44:37","False","__export__.crm_team_96_8d48bd6a","__export__.res_users_14_42108d61","Locked","35.1"
"__export__.sale_order_152253_23d6f576","D152239","__export__.res_users_7_ace94875","2026-06-19 11:42:52","__export__.res_partner_2052_563650ad","","Fully Invoiced","2026-06-19 11:42:26","True","__export__.crm_team_69_17e53434","__export__.res_users_7_ace94875","Locked","43.0"
"__export__.sale_order_152252_520eb046","D152238","__export__.res_users_30_f31202ea","2026-06-19 11:41:17","__export__.res_partner_1577_224dd31f","仓库出货","To Invoice","2026-06-19 11:40:34","False","__export__.crm_team_69_17e53434","__export__.res_users_30_f31202ea","Locked","31.0"
"__export__.sale_order_152251_44221d18","D152237","__export__.res_users_7_ace94875","2026-06-19 11:29:36","__export__.res_partner_1881_931f180a","","Fully Invoiced","2026-06-19 11:29:02","True","__export__.crm_team_69_17e53434","__export__.res_users_8_fb87432d","Locked","38.5"
"__export__.sale_order_152104_12b7b846","D152090","__export__.res_users_10_962e2fe2","2026-06-18 11:43:51","__export__.res_partner_951_7495bf44","已给","Fully Invoiced","2026-06-19 11:26:08","True","__export__.crm_team_69_17e53434","__export__.res_users_10_962e2fe2","Locked","597.65"
"__export__.sale_order_152101_1e85690a","D152087","__export__.res_users_10_962e2fe2","2026-06-18 11:24:27","__export__.res_partner_2023_d499846c","已给","Fully Invoiced","2026-06-19 11:19:22","True","__export__.crm_team_69_17e53434","__export__.res_users_10_962e2fe2","Locked","522.06"
"__export__.sale_order_152250_c1fd231b","D152236","__export__.res_users_7_ace94875","2026-06-19 11:16:00","__export__.res_partner_2052_563650ad","","Fully Invoiced","2026-06-19 11:14:43","True","__export__.crm_team_69_17e53434","__export__.res_users_7_ace94875","Locked","1255.0"
"__export__.sale_order_152249_9b798372","D152235","__export__.res_users_22_942f71e3","2026-06-19 11:13:28","__export__.res_partner_1577_224dd31f","","To Invoice","2026-06-19 11:13:15","False","__export__.crm_team_69_17e53434","__export__.res_users_22_942f71e3","Locked","392.2"
"__export__.sale_order_152247_1e4b466c","D152233","__export__.res_users_22_942f71e3","2026-06-19 11:02:29","__export__.res_partner_941_349707c0","","To Invoice","2026-06-19 11:02:15","False","__export__.crm_team_96_8d48bd6a","__export__.res_users_14_42108d61","Locked","91.5"
"__export__.sale_order_152246_54ffbcd0","D152232","__export__.res_users_22_942f71e3","2026-06-19 10:58:52","__export__.res_partner_920_5db42f04","","To Invoice","2026-06-19 10:58:05","False","__export__.crm_team_98_821e316c","__export__.res_users_14_42108d61","Locked","36.29"
"__export__.sale_order_152245_0b5ff3e7","D152231","__export__.res_users_10_962e2fe2","2026-06-19 10:45:00","__export__.res_partner_2468_e2144f10","","Fully Invoiced","2026-06-19 10:44:45","True","__export__.crm_team_69_17e53434","__export__.res_users_10_962e2fe2","Locked","25.0"
"__export__.sale_order_152244_d4fdc466","D152230","__export__.res_users_30_f31202ea","2026-06-19 10:39:20","__export__.res_partner_1071_44f86fd5","","To Invoice","2026-06-19 10:30:53","False","__export__.crm_team_98_821e316c","__export__.res_users_27_ccf3d93e","Locked","284.41"
"__export__.sale_order_152242_b4bf3307","D152228","__export__.res_users_10_962e2fe2","2026-06-19 10:29:31","__export__.res_partner_2519_9b3545b1","","To Invoice","2026-06-19 10:29:04","False","__export__.crm_team_230_30056844","__export__.res_users_10_962e2fe2","Locked",""
"__export__.sale_order_152243_c3fb6a9c","D152229","__export__.res_users_30_f31202ea","2026-06-19 10:38:19","__export__.res_partner_1766_b5865f7b","","To Invoice","2026-06-19 10:27:29","False","__export__.crm_team_230_30056844","__export__.res_users_27_ccf3d93e","Locked","75.7"
"__export__.sale_order_152241_b0d43823","D152227","__export__.res_users_22_942f71e3","2026-06-19 10:12:29","__export__.res_partner_1141_61bb0f22","","To Invoice","2026-06-19 10:11:49","False","__export__.crm_team_96_8d48bd6a","__export__.res_users_7_ace94875","Locked","26.9"
"__export__.sale_order_152240_40c40b2e","D152226","__export__.res_users_22_942f71e3","2026-06-19 10:11:14","__export__.res_partner_1816_25501dc0","","To Invoice","2026-06-19 10:10:50","False","__export__.crm_team_304_3a77ed67","__export__.res_users_14_42108d61","Locked","10.0"
"__export__.sale_order_152239_817272f0","D152225","__export__.res_users_10_962e2fe2","2026-06-19 10:04:18","__export__.res_partner_951_7495bf44","","Fully Invoiced","2026-06-19 10:04:06","True","__export__.crm_team_69_17e53434","__export__.res_users_10_962e2fe2","Locked","11.0"
"__export__.sale_order_152184_01e5a393","D152170","__export__.res_users_7_ace94875","2026-06-19 00:00:56","__export__.res_partner_723_b6aff6bf","","To Invoice","2026-06-19 10:00:04","False","__export__.crm_team_96_8d48bd6a","__export__.res_users_14_42108d61","Locked","164.95"
"__export__.sale_order_152237_6504d7b0","D152223","__export__.res_users_22_942f71e3","2026-06-19 09:28:14","__export__.res_partner_1141_61bb0f22","","To Invoice","2026-06-19 09:27:53","False","__export__.crm_team_96_8d48bd6a","__export__.res_users_7_ace94875","Locked","28.0"
"__export__.sale_order_152235_f4f00fb3","D152221","__export__.res_users_22_942f71e3","2026-06-19 09:19:52","__export__.res_partner_1042_4b562afb","","Fully Invoiced","2026-06-19 09:19:11","True","__export__.crm_team_59_95d20efd","__export__.res_users_22_942f71e3","Locked","23.0"
"__export__.sale_order_152234_e75c311f","D152220","__export__.res_users_22_942f71e3","2026-06-19 09:16:44","__export__.res_partner_902_081ecc25","","Fully Invoiced","2026-06-19 09:16:25","True","__export__.crm_team_59_95d20efd","__export__.res_users_22_942f71e3","Locked","26.95"
"__export__.sale_order_152233_a9290a93","D152219","__export__.res_users_30_f31202ea","2026-06-19 09:07:28","__export__.res_partner_2559_61491fca","","To Invoice","2026-06-19 09:06:57","False","__export__.crm_team_275_339b1b1f","__export__.res_users_30_f31202ea","Locked","13.5"
"__export__.sale_order_152087_8cfa192a","D152073","__export__.res_users_10_962e2fe2","2026-06-18 08:44:35","__export__.res_partner_818_8185df11","","Nothing to Invoice","2026-06-19 08:44:22","False","__export__.crm_team_59_95d20efd","__export__.res_users_10_962e2fe2","Sales Order","614.59"
"__export__.sale_order_152231_d4aadce0","D152217","__export__.res_users_7_ace94875","2026-06-19 08:43:35","__export__.res_partner_1846_53c72dc8","","Fully Invoiced","2026-06-19 08:43:19","True","__export__.crm_team_61_8dc82ae3","__export__.res_users_7_ace94875","Locked","1596.0"
"__export__.sale_order_152232_918ca37f","D152218","__export__.res_users_30_f31202ea","2026-06-19 08:43:57","__export__.res_partner_1577_224dd31f","仓库出货","Fully Invoiced","2026-06-19 08:42:46","True","__export__.crm_team_69_17e53434","__export__.res_users_30_f31202ea","Locked","45.15"
"__export__.sale_order_152230_b40f0771","D152216","__export__.res_users_22_942f71e3","2026-06-19 08:41:19","__export__.res_partner_1816_25501dc0","","To Invoice","2026-06-19 08:41:04","False","__export__.crm_team_305_c2537a3b","__export__.res_users_14_42108d61","Locked","88.0"
"__export__.sale_order_152229_533bf76d","D152215","__export__.res_users_22_942f71e3","2026-06-19 08:33:33","__export__.res_partner_2288_e2464fcc","","To Invoice","2026-06-19 08:32:02","False","__export__.crm_team_231_ec27440e","__export__.res_users_14_42108d61","Locked","150.58"
"__export__.sale_order_152228_d45c1f15","D152214","__export__.res_users_22_942f71e3","2026-06-19 08:31:27","__export__.res_partner_1034_74111203","","To Invoice","2026-06-19 08:30:01","False","__export__.crm_team_231_ec27440e","__export__.res_users_27_ccf3d93e","Locked","273.1"
"__export__.sale_order_152227_b933883c","D152213","__export__.res_users_7_ace94875","2026-06-19 08:30:30","__export__.res_partner_1928_fbc97e44","","To Invoice","2026-06-19 08:29:32","False","__export__.crm_team_229_a2ef141e","__export__.res_users_27_ccf3d93e","Locked","109.5"
"__export__.sale_order_152226_62797ab0","D152212","__export__.res_users_22_942f71e3","2026-06-19 08:29:25","__export__.res_partner_2001_f7fddbf4","","To Invoice","2026-06-19 08:25:38","False","__export__.crm_team_290_b4e2eca7","__export__.res_users_22_942f71e3","Locked","269.37"
"__export__.sale_order_152225_4b271eee","D152211","__export__.res_users_7_ace94875","2026-06-19 08:27:24","__export__.res_partner_2563_bf1a8785","","To Invoice","2026-06-19 08:22:06","False","__export__.crm_team_102_350bf834","__export__.res_users_14_42108d61","Locked","719.6"
"__export__.sale_order_152078_72566376","D152064","__export__.res_users_10_962e2fe2","2026-06-18 08:22:52","__export__.res_partner_1939_c0d4f27e","","To Invoice","2026-06-19 08:20:46","False","__export__.crm_team_98_821e316c","__export__.res_users_10_962e2fe2","Locked","504.3"
"__export__.sale_order_152173_7b9c4717","D152159","__export__.res_users_22_942f71e3","2026-06-18 23:30:04","__export__.res_partner_1032_6906330b","","Nothing to Invoice","2026-06-19 08:18:24","False","__export__.crm_team_291_de9693d0","__export__.res_users_7_ace94875","Sales Order","787.86"
"__export__.sale_order_152224_ba9279af","D152210","__export__.res_users_7_ace94875","2026-06-19 08:20:07","__export__.res_partner_800_a1949b1d","","To Invoice","2026-06-19 08:17:52","False","__export__.crm_team_98_821e316c","__export__.res_users_7_ace94875","Locked","733.25"
"__export__.sale_order_152163_97d96b23","D152149","__export__.res_users_22_942f71e3","2026-06-18 23:12:30","__export__.res_partner_2500_54e25243","","Fully Invoiced","2026-06-19 08:11:36","True","__export__.crm_team_39_ffc4074f","__export__.res_users_10_962e2fe2","Locked","81.48"
"__export__.sale_order_152161_5e709c6e","D152147","__export__.res_users_22_942f71e3","2026-06-18 23:11:13","__export__.res_partner_866_7023b017","","Fully Invoiced","2026-06-19 08:10:58","True","__export__.crm_team_227_ffd73472","__export__.res_users_8_fb87432d","Locked","148.5"
"__export__.sale_order_152223_3cd12846","D152209","__export__.res_users_22_942f71e3","2026-06-19 08:11:12","__export__.res_partner_1930_95ef299e","取消","Nothing to Invoice","2026-06-19 08:10:38","False","__export__.crm_team_275_339b1b1f","__export__.res_users_14_42108d61","Quotation","7.5"
"__export__.sale_order_152158_20072648","D152144","__export__.res_users_22_942f71e3","2026-06-18 23:08:46","__export__.res_partner_1216_828e12b8","","Fully Invoiced","2026-06-19 08:08:28","True","__export__.crm_team_39_ffc4074f","__export__.res_users_22_942f71e3","Locked","134.0"
"__export__.sale_order_152222_fd2b16e2","D152208","__export__.res_users_7_ace94875","2026-06-19 08:06:31","__export__.res_partner_1178_4660d857","","Fully Invoiced","2026-06-19 08:06:09","True","__export__.crm_team_61_8dc82ae3","__export__.res_users_7_ace94875","Locked","760.05"
"__export__.sale_order_152221_e304011c","D152207","__export__.res_users_10_962e2fe2","2026-06-19 08:04:14","__export__.res_partner_1038_4eae3e17","warehouse随时有人","To Invoice","2026-06-19 08:03:08","False","__export__.crm_team_275_339b1b1f","__export__.res_users_10_962e2fe2","Locked","129.5"
"__export__.sale_order_152153_9ca09e8d","D152139","__export__.res_users_22_942f71e3","2026-06-18 23:01:57","__export__.res_partner_1577_224dd31f","","Fully Invoiced","2026-06-19 08:01:32","True","__export__.crm_team_227_ffd73472","__export__.res_users_22_942f71e3","Locked","17.5"
"__export__.sale_order_152220_db389a38","D152206","__export__.res_users_10_962e2fe2","2026-06-19 07:57:34","__export__.res_partner_2219_5346f762","","To Invoice","2026-06-19 07:56:52","False","__export__.crm_team_305_c2537a3b","__export__.res_users_10_962e2fe2","Locked","107.85"
"__export__.sale_order_152219_785fce54","D152205","__export__.res_users_10_962e2fe2","2026-06-19 07:54:30","__export__.res_partner_941_349707c0","","To Invoice","2026-06-19 07:53:46","False","__export__.crm_team_96_8d48bd6a","__export__.res_users_14_42108d61","Locked","160.85"
"__export__.sale_order_152218_9d7d31df","D152204","__export__.res_users_10_962e2fe2","2026-06-19 07:53:35","__export__.res_partner_2012_f514a226","","To Invoice","2026-06-19 07:52:52","False","__export__.crm_team_306_f21cf977","__export__.res_users_7_ace94875","Locked","57.48"
"__export__.sale_order_152217_42e223ca","D152203","__export__.res_users_10_962e2fe2","2026-06-19 07:52:37","__export__.res_partner_747_4ecd91bc","","To Invoice","2026-06-19 07:51:44","False","__export__.crm_team_232_fa62cff8","__export__.res_users_7_ace94875","Locked","70.0"
"__export__.sale_order_152216_3c08ebd7","D152202","__export__.res_users_10_962e2fe2","2026-06-19 07:52:36","__export__.res_partner_1018_7a4e2980","","To Invoice","2026-06-19 07:51:37","False","__export__.crm_team_232_fa62cff8","__export__.res_users_7_ace94875","Locked","115.49"
"__export__.sale_order_152215_4d642b3f","D152201","__export__.res_users_10_962e2fe2","2026-06-19 07:50:12","__export__.res_partner_1220_7b1e037c","","To Invoice","2026-06-19 07:48:35","False","__export__.crm_team_51_075d42c1","__export__.res_users_22_942f71e3","Locked","42.1"
"__export__.sale_order_152214_05d0e654","D152200","__export__.res_users_10_962e2fe2","2026-06-19 07:48:12","__export__.res_partner_1073_2afb2f6f","已给","To Invoice","2026-06-19 07:46:43","False","__export__.crm_team_69_17e53434","__export__.res_users_10_962e2fe2","Locked","532.16"
"__export__.sale_order_152212_1a18e0b7","D152198","__export__.res_users_10_962e2fe2","2026-06-19 07:42:44","__export__.res_partner_1324_6d2ce121","","To Invoice","2026-06-19 07:40:45","False","__export__.crm_team_96_8d48bd6a","__export__.res_users_10_962e2fe2","Locked","57.65"
"__export__.sale_order_152213_958901ae","D152199","__export__.res_users_10_962e2fe2","2026-06-19 07:42:46","__export__.res_partner_945_acf591c0","","To Invoice","2026-06-19 07:40:38","False","__export__.crm_team_96_8d48bd6a","__export__.res_users_10_962e2fe2","Locked","75.14"
"__export__.sale_order_152211_890c6666","D152197","__export__.res_users_14_42108d61","2026-06-19 06:25:46","__export__.res_partner_1294_703558f9","","To Invoice","2026-06-19 06:24:45","False","__export__.crm_team_162_05a89d8e","__export__.res_users_14_42108d61","Locked","21.5"
"__export__.sale_order_152210_f5555050","D152196","__export__.res_users_14_42108d61","2026-06-19 06:22:11","__export__.res_partner_2554_2a140201","","Fully Invoiced","2026-06-19 06:20:09","True","__export__.crm_team_61_8dc82ae3","__export__.res_users_14_42108d61","Locked","98.9"
"__export__.sale_order_152209_6f0f780a","D152195","__export__.res_users_14_42108d61","2026-06-19 06:18:03","__export__.res_partner_2290_5cd4b535","","To Invoice","2026-06-19 06:07:20","False","__export__.crm_team_80_d86e22d9","__export__.res_users_14_42108d61","Locked","418.2"
"__export__.sale_order_152208_eef0a8a7","D152194","__export__.res_users_14_42108d61","2026-06-19 05:57:25","__export__.res_partner_1599_e6df6ec0","","To Invoice","2026-06-19 05:55:25","False","__export__.crm_team_98_821e316c","__export__.res_users_14_42108d61","Locked","208.8"
"__export__.sale_order_152207_fae31c39","D152193","__export__.res_users_14_42108d61","2026-06-19 05:55:09","__export__.res_partner_1258_90945fa0","","To Invoice","2026-06-19 05:54:03","False","__export__.crm_team_229_a2ef141e","__export__.res_users_14_42108d61","Locked","223.72"
"__export__.sale_order_152206_53cd0022","D152192","__export__.res_users_14_42108d61","2026-06-19 05:53:47","__export__.res_partner_2352_a590ab32","after 5pm","To Invoice","2026-06-19 05:46:55","False","__export__.crm_team_80_d86e22d9","__export__.res_users_14_42108d61","Locked","721.2"
"__export__.sale_order_152205_11605b4f","D152191","__export__.res_users_14_42108d61","2026-06-19 05:45:42","__export__.res_partner_1822_47f33935","","To Invoice","2026-06-19 05:41:39","False","__export__.crm_team_51_075d42c1","__export__.res_users_14_42108d61","Locked","127.85"
"__export__.sale_order_152204_edf22298","D152190","__export__.res_users_14_42108d61","2026-06-19 05:41:09","__export__.res_partner_920_5db42f04","","To Invoice","2026-06-19 05:38:10","False","__export__.crm_team_51_075d42c1","__export__.res_users_14_42108d61","Locked","462.4"
"__export__.sale_order_152203_8f71e5c8","D152189","__export__.res_users_14_42108d61","2026-06-19 05:37:50","__export__.res_partner_1204_0e526973","","To Invoice","2026-06-19 05:35:11","False","__export__.crm_team_230_30056844","__export__.res_users_14_42108d61","Locked","577.72"
"__export__.sale_order_152202_11024cec","D152188","__export__.res_users_14_42108d61","2026-06-19 05:28:34","__export__.res_partner_2526_65f4da72","","Fully Invoiced","2026-06-19 05:27:52","True","__export__.crm_team_289_72f3a502","__export__.res_users_10_962e2fe2","Locked","82.0"
"__export__.sale_order_152201_5cb18350","D152187","__export__.res_users_14_42108d61","2026-06-19 05:27:43","__export__.res_partner_2522_4ddc00ff","","Fully Invoiced","2026-06-19 05:27:16","True","__export__.crm_team_227_ffd73472","__export__.res_users_10_962e2fe2","Locked","57.5"
"__export__.sale_order_152200_a9819a39","D152186","__export__.res_users_14_42108d61","2026-06-19 05:27:12","__export__.res_partner_2478_0a6bc6a3","","Fully Invoiced","2026-06-19 05:22:51","True","__export__.crm_team_78_db60447e","__export__.res_users_14_42108d61","Locked","302.5"
"__export__.sale_order_152199_33a7f7d2","D152185","__export__.res_users_14_42108d61","2026-06-19 05:22:49","__export__.res_partner_2510_f6a1dc97","","Fully Invoiced","2026-06-19 05:17:33","True","__export__.crm_team_79_8cb35e83","__export__.res_users_14_42108d61","Locked","286.15"
"__export__.sale_order_152198_099991a4","D152184","__export__.res_users_14_42108d61","2026-06-19 05:17:06","__export__.res_partner_1930_95ef299e","","To Invoice","2026-06-19 05:10:29","False","__export__.crm_team_275_339b1b1f","__export__.res_users_14_42108d61","Locked","686.86"
"__export__.sale_order_152197_e805c442","D152183","__export__.res_users_14_42108d61","2026-06-19 05:10:28","__export__.res_partner_1079_f42ddf2f","","To Invoice","2026-06-19 05:07:16","False","__export__.crm_team_275_339b1b1f","__export__.res_users_14_42108d61","Locked","740.48"
"__export__.sale_order_152195_1f97e51c","D152181","__export__.res_users_14_42108d61","2026-06-19 05:06:56","__export__.res_partner_1576_8c8f7051","","Fully Invoiced","2026-06-19 05:06:26","True","__export__.crm_team_227_ffd73472","__export__.res_users_14_42108d61","Locked","98.0"
"__export__.sale_order_152194_2a8cf591","D152180","__export__.res_users_14_42108d61","2026-06-19 05:04:53","__export__.res_partner_1081_1b628387","","To Invoice","2026-06-19 05:00:38","False","__export__.crm_team_306_f21cf977","__export__.res_users_14_42108d61","Locked","237.75"
"__export__.sale_order_152193_df7fe854","D152179","__export__.res_users_14_42108d61","2026-06-19 05:04:51","__export__.res_partner_1075_51f5f6f0","","To Invoice","2026-06-19 05:00:09","False","__export__.crm_team_306_f21cf977","__export__.res_users_14_42108d61","Locked","243.1"
"__export__.sale_order_152192_091da3d9","D152178","__export__.res_users_14_42108d61","2026-06-19 04:31:17","__export__.res_partner_1570_48b936ad","","To Invoice","2026-06-19 04:30:39","False","__export__.crm_team_275_339b1b1f","__export__.res_users_14_42108d61","Locked","445.4"
"__export__.sale_order_152191_a92f8d07","D152177","__export__.res_users_14_42108d61","2026-06-19 04:30:21","__export__.res_partner_2547_8f7ed1f4","","Fully Invoiced","2026-06-19 04:28:09","True","__export__.crm_team_289_72f3a502","__export__.res_users_14_42108d61","Locked","465.35"
"__export__.sale_order_152190_de4c074b","D152176","__export__.res_users_14_42108d61","2026-06-19 04:26:53","__export__.res_partner_2050_3666fbb2","","To Invoice","2026-06-19 04:21:40","False","__export__.crm_team_96_8d48bd6a","__export__.res_users_14_42108d61","Locked","659.87"
"__export__.sale_order_152189_fabd6fe0","D152175","__export__.res_users_14_42108d61","2026-06-19 04:21:35","__export__.res_partner_2419_e2111cb0","","Fully Invoiced","2026-06-19 04:20:04","True","__export__.crm_team_78_db60447e","__export__.res_users_14_42108d61","Locked","124.48"
"__export__.sale_order_152188_cb425505","D152174","__export__.res_users_14_42108d61","2026-06-19 04:20:02","__export__.res_partner_1781_a043f483","","Fully Invoiced","2026-06-19 04:18:55","True","__export__.crm_team_79_8cb35e83","__export__.res_users_10_962e2fe2","Locked","338.5"
"__export__.sale_order_152187_71d9e2c6","D152173","__export__.res_users_14_42108d61","2026-06-19 04:17:25","__export__.res_partner_1845_ce74c057","","Fully Invoiced","2026-06-19 04:15:11","True","__export__.crm_team_39_ffc4074f","__export__.res_users_14_42108d61","Locked","84.5"
"__export__.sale_order_152186_166d3be9","D152172","__export__.res_users_14_42108d61","2026-06-19 04:15:01","__export__.res_partner_902_081ecc25","","To Invoice","2026-06-19 04:13:26","False","__export__.crm_team_59_95d20efd","__export__.res_users_14_42108d61","Locked","370.0"
"__export__.sale_order_152182_4f2b339b","D152168","__export__.res_users_7_ace94875","2026-06-18 23:55:17","__export__.res_partner_2502_7b92f574","","Nothing to Invoice","2026-06-19 03:52:52","False","__export__.crm_team_303_6d918a38","__export__.res_users_7_ace94875","Sales Order","912.17"
"__export__.sale_order_152181_dd1bc992","D152167","__export__.res_users_7_ace94875","2026-06-18 23:51:48","__export__.res_partner_2239_187fc3fe","","To Invoice","2026-06-19 03:48:31","False","__export__.crm_team_275_339b1b1f","__export__.res_users_7_ace94875","Locked","753.91"
"__export__.sale_order_152179_1fe2d6a2","D152165","__export__.res_users_7_ace94875","2026-06-18 23:44:05","__export__.res_partner_1221_eff557ff","","Nothing to Invoice","2026-06-19 03:42:02","False","__export__.crm_team_96_8d48bd6a","__export__.res_users_7_ace94875","Sales Order","542.65"
"__export__.sale_order_152178_c9e05022","D152164","__export__.res_users_7_ace94875","2026-06-18 23:41:00","__export__.res_partner_1313_4ce22376","","Nothing to Invoice","2026-06-19 03:38:09","True","__export__.crm_team_302_0f8f613a","__export__.res_users_7_ace94875","Sales Order","1002.3"
"__export__.sale_order_152174_1c7ebe48","D152160","__export__.res_users_7_ace94875","2026-06-18 23:30:12","__export__.res_partner_1979_d55d74cf","","Fully Invoiced","2026-06-19 03:29:31","True","__export__.crm_team_289_72f3a502","__export__.res_users_7_ace94875","Locked","97.5"
"__export__.sale_order_152172_9c328ceb","D152158","__export__.res_users_7_ace94875","2026-06-18 23:28:52","__export__.res_partner_2057_b196e088","","Fully Invoiced","2026-06-19 03:28:24","True","__export__.crm_team_79_8cb35e83","__export__.res_users_7_ace94875","Locked","45.35"
"__export__.sale_order_152171_4a6eb266","D152157","__export__.res_users_7_ace94875","2026-06-18 23:28:19","__export__.res_partner_1626_60b65b7e","","Fully Invoiced","2026-06-19 03:27:46","True","__export__.crm_team_227_ffd73472","__export__.res_users_7_ace94875","Locked","61.5"
"__export__.sale_order_152170_83b0229f","D152156","__export__.res_users_7_ace94875","2026-06-18 23:27:32","__export__.res_partner_2462_884eb14e","","Fully Invoiced","2026-06-19 03:27:00","True","__export__.crm_team_227_ffd73472","__export__.res_users_28_e1e8c9ed","Locked","17.5"
"__export__.sale_order_152169_e8699e3a","D152155","__export__.res_users_7_ace94875","2026-06-18 23:26:54","__export__.res_partner_1956_e2faafea","","To Invoice","2026-06-19 03:25:14","False","__export__.crm_team_304_3a77ed67","__export__.res_users_7_ace94875","Locked","519.5"
"__export__.sale_order_152168_05d78a97","D152154","__export__.res_users_7_ace94875","2026-06-18 23:24:51","__export__.res_partner_1162_84b0db9d","","Fully Invoiced","2026-06-19 03:23:18","True","__export__.crm_team_289_72f3a502","__export__.res_users_7_ace94875","Locked","307.1"
"__export__.sale_order_152167_e96ef2bf","D152153","__export__.res_users_7_ace94875","2026-06-18 23:22:52","__export__.res_partner_2298_abf86138","","Fully Invoiced","2026-06-19 03:21:45","True","__export__.crm_team_302_0f8f613a","__export__.res_users_7_ace94875","Locked","286.08"
"__export__.sale_order_152183_bea87b27","D152169","__export__.res_users_7_ace94875","2026-06-18 23:59:52","__export__.res_partner_1184_6e0a68be","","Nothing to Invoice","2026-06-19 02:59:09","False","__export__.crm_team_96_8d48bd6a","__export__.res_users_14_42108d61","Sales Order","175.25"
"__export__.sale_order_152180_363fa3b3","D152166","__export__.res_users_7_ace94875","2026-06-18 23:47:35","__export__.res_partner_1141_61bb0f22","","To Invoice","2026-06-19 02:45:05","False","__export__.crm_team_96_8d48bd6a","__export__.res_users_7_ace94875","Locked","423.38"
"__export__.sale_order_152177_59d1019b","D152163","__export__.res_users_7_ace94875","2026-06-18 23:36:44","__export__.res_partner_2238_509cf283","","Nothing to Invoice","2026-06-19 02:31:52","False","__export__.crm_team_291_de9693d0","__export__.res_users_7_ace94875","Sales Order","1365.33"
"__export__.sale_order_152176_9a28ecbd","D152162","__export__.res_users_7_ace94875","2026-06-18 23:31:17","__export__.res_partner_1565_948a3c89","","To Invoice","2026-06-19 02:30:23","False","__export__.crm_team_96_8d48bd6a","__export__.res_users_14_42108d61","Locked","254.55"
"__export__.sale_order_152166_eae08302","D152152","__export__.res_users_7_ace94875","2026-06-18 23:21:40","__export__.res_partner_2299_11a1b7c5","","Fully Invoiced","2026-06-19 02:20:12","True","__export__.crm_team_78_db60447e","__export__.res_users_7_ace94875","Locked","429.08"
"__export__.sale_order_152185_74471761","D152171","__export__.res_users_7_ace94875","2026-06-19 00:02:25","__export__.res_partner_2028_9fa04bc8","","To Invoice","2026-06-19 02:01:09","False","__export__.crm_team_96_8d48bd6a","__export__.res_users_14_42108d61","Locked","179.2"
"__export__.sale_order_151992_65b0b51c","D151978","__export__.res_users_22_942f71e3","2026-06-17 22:58:04","__export__.res_partner_701_130ac044","","Fully Invoiced","2026-06-18 22:56:33","True","__export__.crm_team_306_f21cf977","__export__.res_users_14_42108d61","Locked","272.95"
"__export__.sale_order_152027_6daec39a","D152013","__export__.res_users_30_f31202ea","2026-06-18 00:01:25","__export__.res_partner_1920_af46e472","","Fully Invoiced","2026-06-18 22:56:14","True","__export__.crm_team_173_1afa093c","__export__.res_users_22_942f71e3","Locked","169.35"
"__export__.sale_order_151991_f0def21e","D151977","__export__.res_users_22_942f71e3","2026-06-17 22:56:21","__export__.res_partner_2527_2937bc92","","Fully Invoiced","2026-06-18 22:54:56","True","__export__.crm_team_171_58fa18ab","__export__.res_users_10_962e2fe2","Locked","184.35"
"__export__.sale_order_151995_81f0601e","D151981","__export__.res_users_30_f31202ea","2026-06-17 23:01:33","__export__.res_partner_1994_4bb952c0","","To Invoice","2026-06-18 22:53:59","False","__export__.crm_team_78_db60447e","__export__.res_users_14_42108d61","Locked","379.93"
"__export__.sale_order_152023_483c9707","D152009","__export__.res_users_30_f31202ea","2026-06-17 23:56:06","__export__.res_partner_2218_6c64adc3","","Fully Invoiced","2026-06-18 22:52:49","True","__export__.crm_team_250_4cae7256","__export__.res_users_10_962e2fe2","Locked","204.58"
"__export__.sale_order_152019_c4f714cf","D152005","__export__.res_users_30_f31202ea","2026-06-17 23:52:37","__export__.res_partner_1003_ca286395","","Fully Invoiced","2026-06-18 22:51:50","True","__export__.crm_team_39_ffc4074f","__export__.res_users_10_962e2fe2","Locked","71.0"
"__export__.sale_order_151989_160c0f12","D151975","__export__.res_users_30_f31202ea","2026-06-17 22:53:44","__export__.res_partner_918_2f7fb42e","","Fully Invoiced","2026-06-18 22:50:11","True","__export__.crm_team_112_5a7d7484","__export__.res_users_27_ccf3d93e","Locked","680.0"
"__export__.sale_order_152017_a609c617","D152003","__export__.res_users_30_f31202ea","2026-06-17 23:50:32","__export__.res_partner_1125_8ced4c04","","Fully Invoiced","2026-06-18 22:47:12","True","__export__.crm_team_306_f21cf977","__export__.res_users_27_ccf3d93e","Locked","302.15"
"__export__.sale_order_151984_de1f75f5","D151970","__export__.res_users_30_f31202ea","2026-06-17 22:48:01","__export__.res_partner_2505_7bafa4be","","Fully Invoiced","2026-06-18 22:46:43","True","__export__.crm_team_302_0f8f613a","__export__.res_users_30_f31202ea","Locked","200.47"
"__export__.sale_order_152015_6921257f","D152001","__export__.res_users_30_f31202ea","2026-06-17 23:45:43","__export__.res_partner_1883_886a4733","","Fully Invoiced","2026-06-18 22:44:19","True","__export__.crm_team_279_8648531b","__export__.res_users_22_942f71e3","Locked","97.4"
"__export__.sale_order_151979_f5927c3c","D151965","__export__.res_users_30_f31202ea","2026-06-17 22:45:47","__export__.res_partner_1262_0a3fddb8","","Fully Invoiced","2026-06-18 22:44:15","True","__export__.crm_team_232_fa62cff8","__export__.res_users_27_ccf3d93e","Locked","95.65"
"__export__.sale_order_151977_2f72ca28","D151963","__export__.res_users_30_f31202ea","2026-06-17 22:44:10","__export__.res_partner_726_55339f90","","Fully Invoiced","2026-06-18 22:42:25","True","__export__.crm_team_250_4cae7256","__export__.res_users_27_ccf3d93e","Locked","205.05"
"__export__.sale_order_152013_48d208e4","D151999","__export__.res_users_30_f31202ea","2026-06-17 23:43:58","__export__.res_partner_1187_1fc9bbda","","Fully Invoiced","2026-06-18 22:41:39","True","__export__.crm_team_80_d86e22d9","__export__.res_users_22_942f71e3","Locked","89.0"
"__export__.sale_order_151981_80c47e98","D151967","__export__.res_users_8_fb87432d","2026-06-17 22:46:51","__export__.res_partner_1074_53257163","083 3640817 大厨 肥仔","Fully Invoiced","2026-06-18 22:40:33","True","__export__.crm_team_161_8055857d","__export__.res_users_8_fb87432d","Locked","442.24"
"__export__.sale_order_152012_c1a5585b","D151998","__export__.res_users_30_f31202ea","2026-06-17 23:41:34","__export__.res_partner_1576_8c8f7051","","Fully Invoiced","2026-06-18 22:39:32","True","__export__.crm_team_227_ffd73472","__export__.res_users_30_f31202ea","Locked","44.5"
"__export__.sale_order_152011_fd6b240c","D151997","__export__.res_users_30_f31202ea","2026-06-17 23:39:15","__export__.res_partner_1809_c8a0a275","","Fully Invoiced","2026-06-18 22:37:35","True","__export__.crm_team_161_8055857d","__export__.res_users_10_962e2fe2","Locked","194.7"
"__export__.sale_order_151976_a76925e7","D151962","__export__.res_users_30_f31202ea","2026-06-17 22:41:50","__export__.res_partner_2465_44cc3e52","","Fully Invoiced","2026-06-18 22:37:31","True","__export__.crm_team_159_d09f9755","__export__.res_users_28_e1e8c9ed","Locked","259.94"
"__export__.sale_order_151972_4ceacf4e","D151958","__export__.res_users_30_f31202ea","2026-06-17 22:37:16","__export__.res_partner_891_c0cc8e85","","Fully Invoiced","2026-06-18 22:35:49","True","__export__.crm_team_303_6d918a38","__export__.res_users_22_942f71e3","Locked","178.4"
"__export__.sale_order_151971_c221ac39","D151957","__export__.res_users_30_f31202ea","2026-06-17 22:35:24","__export__.res_partner_722_a1e752a4","","Fully Invoiced","2026-06-18 22:30:24","True","__export__.crm_team_278_1a2d18d7","__export__.res_users_28_e1e8c9ed","Locked","223.85"
"__export__.sale_order_152009_f04bfa52","D151995","__export__.res_users_30_f31202ea","2026-06-17 23:36:32","__export__.res_partner_2256_0deee3a1","","Fully Invoiced","2026-06-18 22:29:35","True","__export__.crm_team_303_6d918a38","__export__.res_users_10_962e2fe2","Locked","417.88"
"__export__.sale_order_152006_92ab668f","D151992","__export__.res_users_30_f31202ea","2026-06-17 23:29:29","__export__.res_partner_1852_2c4e8c79","","Fully Invoiced","2026-06-18 22:28:07","True","__export__.crm_team_305_c2537a3b","__export__.res_users_27_ccf3d93e","Locked","164.78"
"__export__.sale_order_151968_3a3566fe","D151954","__export__.res_users_30_f31202ea","2026-06-17 22:30:13","__export__.res_partner_1319_f1d4abaf","打印纸小卷？","To Invoice","2026-06-18 22:25:12","False","__export__.crm_team_303_6d918a38","__export__.res_users_30_f31202ea","Locked","226.29"
"__export__.sale_order_152005_c5c784a4","D151991","__export__.res_users_30_f31202ea","2026-06-17 23:27:44","__export__.res_partner_2034_67972f02","","Fully Invoiced","2026-06-18 22:24:39","True","__export__.crm_team_80_d86e22d9","__export__.res_users_10_962e2fe2","Locked","199.0"
"__export__.sale_order_151966_be0c99df","D151952","__export__.res_users_30_f31202ea","2026-06-17 22:27:01","__export__.res_partner_1134_4bddecaf","","Fully Invoiced","2026-06-18 22:24:34","True","__export__.crm_team_303_6d918a38","__export__.res_users_27_ccf3d93e","Locked","123.15"
"__export__.sale_order_151965_e8e9e545","D151951","__export__.res_users_30_f31202ea","2026-06-17 22:24:29","__export__.res_partner_2559_61491fca","","Fully Invoiced","2026-06-18 22:23:07","True","__export__.crm_team_278_1a2d18d7","__export__.res_users_30_f31202ea","Locked","90.58"
"__export__.sale_order_152003_26a6ff16","D151989","__export__.res_users_30_f31202ea","2026-06-17 23:23:50","__export__.res_partner_1320_2e40e707","","Fully Invoiced","2026-06-18 22:21:17","True","__export__.crm_team_291_de9693d0","__export__.res_users_22_942f71e3","Locked","433.31"
"__export__.sale_order_151970_4d3ff921","D151956","__export__.res_users_22_942f71e3","2026-06-17 22:32:19","__export__.res_partner_1577_224dd31f","","Fully Invoiced","2026-06-18 22:20:05","True","__export__.crm_team_227_ffd73472","__export__.res_users_22_942f71e3","Locked","55.5"
"__export__.sale_order_151969_5fd2caaa","D151955","__export__.res_users_22_942f71e3","2026-06-17 22:31:21","__export__.res_partner_1634_e8b1f7be","","Fully Invoiced","2026-06-18 22:20:05","True","__export__.crm_team_292_464da319","__export__.res_users_28_e1e8c9ed","Locked","212.9"
"__export__.sale_order_151973_f6a74492","D151959","__export__.res_users_22_942f71e3","2026-06-17 22:39:42","__export__.res_partner_880_6e2f3d5b","","Fully Invoiced","2026-06-18 22:20:04","True","__export__.crm_team_80_d86e22d9","__export__.res_users_22_942f71e3","Locked","192.85"
"__export__.sale_order_151974_1c3e307d","D151960","__export__.res_users_22_942f71e3","2026-06-17 22:40:36","__export__.res_partner_879_f0cbfa10","","Fully Invoiced","2026-06-18 22:19:26","True","__export__.crm_team_275_339b1b1f","__export__.res_users_22_942f71e3","Locked","173.46"
"__export__.sale_order_151980_c5698eed","D151966","__export__.res_users_22_942f71e3","2026-06-17 22:46:41","__export__.res_partner_2335_deaccdc9","","Fully Invoiced","2026-06-18 22:19:25","True","__export__.crm_team_275_339b1b1f","__export__.res_users_7_ace94875","Locked","557.57"
"__export__.sale_order_151978_80035977","D151964","__export__.res_users_22_942f71e3","2026-06-17 22:44:33","__export__.res_partner_1143_18bb08c9","","Fully Invoiced","2026-06-18 22:19:25","True","__export__.crm_team_162_05a89d8e","__export__.res_users_22_942f71e3","Locked","533.87"
"__export__.sale_order_151975_91ca0cc1","D151961","__export__.res_users_22_942f71e3","2026-06-17 22:41:10","__export__.res_partner_1222_205defba","","Fully Invoiced","2026-06-18 22:19:25","True","__export__.crm_team_39_ffc4074f","__export__.res_users_22_942f71e3","Locked","37.0"
"__export__.sale_order_151983_047871a6","D151969","__export__.res_users_22_942f71e3","2026-06-17 22:47:58","__export__.res_partner_1625_93c49a57","","Fully Invoiced","2026-06-18 22:19:23","True","__export__.crm_team_109_1a8b3a5d","__export__.res_users_22_942f71e3","Locked","235.68"
"__export__.sale_order_151987_1f4c193d","D151973","__export__.res_users_22_942f71e3","2026-06-17 22:50:50","__export__.res_partner_2281_fa118497","","Fully Invoiced","2026-06-18 22:19:22","True","__export__.crm_team_159_d09f9755","__export__.res_users_22_942f71e3","Locked","123.19"
"__export__.sale_order_151985_910d8eb6","D151971","__export__.res_users_22_942f71e3","2026-06-17 22:49:30","__export__.res_partner_1620_ba7293b5","","Fully Invoiced","2026-06-18 22:19:22","True","__export__.crm_team_172_e403f408","__export__.res_users_22_942f71e3","Locked","404.48"
"__export__.sale_order_151988_ddc9fa9f","D151974","__export__.res_users_22_942f71e3","2026-06-17 22:52:36","__export__.res_partner_2500_54e25243","","Fully Invoiced","2026-06-18 22:19:20","True","__export__.crm_team_39_ffc4074f","__export__.res_users_10_962e2fe2","Locked","99.5"
"__export__.sale_order_151993_9a06b259","D151979","__export__.res_users_22_942f71e3","2026-06-17 22:58:30","__export__.res_partner_1318_c98a4b7c","","Fully Invoiced","2026-06-18 22:19:19","True","__export__.crm_team_39_ffc4074f","__export__.res_users_22_942f71e3","Locked","65.85"
"__export__.sale_order_151990_b5023bda","D151976","__export__.res_users_22_942f71e3","2026-06-17 22:54:12","__export__.res_partner_917_5e44cd7e","","Fully Invoiced","2026-06-18 22:19:19","True","__export__.crm_team_78_db60447e","__export__.res_users_22_942f71e3","Locked","206.7"
"__export__.sale_order_152002_cecca383","D151988","__export__.res_users_30_f31202ea","2026-06-17 23:20:56","__export__.res_partner_946_bccadc5d","","Fully Invoiced","2026-06-18 22:19:18","True","__export__.crm_team_276_22e06523","__export__.res_users_10_962e2fe2","Locked","126.06"
"__export__.sale_order_151994_719a9e64","D151980","__export__.res_users_22_942f71e3","2026-06-17 22:59:18","__export__.res_partner_866_7023b017","","Fully Invoiced","2026-06-18 22:19:18","True","__export__.crm_team_228_ec7099f7","__export__.res_users_8_fb87432d","Locked","195.15"
"__export__.sale_order_152001_c783614a","D151987","__export__.res_users_22_942f71e3","2026-06-17 23:16:12","__export__.res_partner_1099_28fa9bc1","","Fully Invoiced","2026-06-18 22:19:15","True","__export__.crm_team_177_f958c6ae","__export__.res_users_22_942f71e3","Locked","154.75"
"__export__.sale_order_151997_9f65e16c","D151983","__export__.res_users_22_942f71e3","2026-06-17 23:05:27","__export__.res_partner_1893_1e0e95aa","","Fully Invoiced","2026-06-18 22:19:15","True","__export__.crm_team_276_22e06523","__export__.res_users_22_942f71e3","Locked","194.2"
"__export__.sale_order_152004_ecdec760","D151990","__export__.res_users_22_942f71e3","2026-06-17 23:25:54","__export__.res_partner_952_6c7d6535","","Fully Invoiced","2026-06-18 22:19:14","True","__export__.crm_team_162_05a89d8e","__export__.res_users_22_942f71e3","Locked","526.35"
"__export__.sale_order_152008_eab868c5","D151994","__export__.res_users_22_942f71e3","2026-06-17 23:35:18","__export__.res_partner_1635_f5b27113","","Fully Invoiced","2026-06-18 22:19:12","True","__export__.crm_team_278_1a2d18d7","__export__.res_users_10_962e2fe2","Locked","261.3"
"__export__.sale_order_152026_ff20ae2c","D152012","__export__.res_users_22_942f71e3","2026-06-18 00:01:11","__export__.res_partner_2039_dfeba2bb","","Fully Invoiced","2026-06-18 22:19:10","True","__export__.crm_team_159_d09f9755","__export__.res_users_22_942f71e3","Locked","263.19"
"__export__.sale_order_152033_9042d35b","D152019","__export__.res_users_22_942f71e3","2026-06-18 00:03:40","__export__.res_partner_2231_fb06ad4b","","Fully Invoiced","2026-06-18 22:19:09","True","__export__.crm_team_111_3c32966d","__export__.res_users_22_942f71e3","Locked","157.2"
"__export__.sale_order_151967_af54bea5","D151953","__export__.res_users_22_942f71e3","2026-06-17 22:28:15","__export__.res_partner_2452_1b8da052","已给","Nothing to Invoice","2026-06-18 22:19:05","True","__export__.crm_team_69_17e53434","__export__.res_users_22_942f71e3","Sales Order","625.45"
"__export__.sale_order_151964_9cad0c36","D151950","__export__.res_users_30_f31202ea","2026-06-17 22:23:01","__export__.res_partner_2359_cec452b3","","Fully Invoiced","2026-06-18 22:18:49","True","__export__.crm_team_278_1a2d18d7","__export__.res_users_28_e1e8c9ed","Locked","203.1"
"__export__.sale_order_151963_724a7696","D151949","__export__.res_users_30_f31202ea","2026-06-17 22:18:30","__export__.res_partner_1112_517360ff","","Fully Invoiced","2026-06-18 22:16:05","True","__export__.crm_team_177_f958c6ae","__export__.res_users_27_ccf3d93e","Locked","242.25"
"__export__.sale_order_152000_f60a165f","D151986","__export__.res_users_30_f31202ea","2026-06-17 23:16:02","__export__.res_partner_1096_7e33899c","","Fully Invoiced","2026-06-18 22:14:33","True","__export__.crm_team_96_8d48bd6a","__export__.res_users_22_942f71e3","Locked","189.17"
"__export__.sale_order_151962_089ac3e0","D151948","__export__.res_users_30_f31202ea","2026-06-17 22:15:59","__export__.res_partner_1104_ea5715ce","","Fully Invoiced","2026-06-18 22:14:03","True","__export__.crm_team_177_f958c6ae","__export__.res_users_27_ccf3d93e","Locked","161.52"
"__export__.sale_order_151961_e5d20e2a","D151947","__export__.res_users_30_f31202ea","2026-06-17 22:12:51","__export__.res_partner_1108_dbb0377a","","Fully Invoiced","2026-06-18 22:12:06","True","__export__.crm_team_96_8d48bd6a","__export__.res_users_27_ccf3d93e","Locked","61.6"
"__export__.sale_order_151999_cebfc58b","D151985","__export__.res_users_30_f31202ea","2026-06-17 23:13:43","__export__.res_partner_2051_6af4c1a8","","Fully Invoiced","2026-06-18 22:12:05","True","__export__.crm_team_162_05a89d8e","__export__.res_users_22_942f71e3","Locked","77.6"
"__export__.sale_order_151960_5053ce2e","D151946","__export__.res_users_30_f31202ea","2026-06-17 22:11:54","__export__.res_partner_1277_608d179a","","Fully Invoiced","2026-06-18 22:10:11","True","__export__.crm_team_96_8d48bd6a","__export__.res_users_27_ccf3d93e","Locked","238.75"
"__export__.sale_order_151998_d14d128b","D151984","__export__.res_users_30_f31202ea","2026-06-17 23:10:10","__export__.res_partner_1781_a043f483","","Fully Invoiced","2026-06-18 22:03:55","True","__export__.crm_team_79_8cb35e83","__export__.res_users_10_962e2fe2","Locked","109.5"
"__export__.sale_order_152041_03df1072","D152027","__export__.res_users_30_f31202ea","2026-06-18 00:06:25","__export__.res_partner_2030_f52dada3","","Fully Invoiced","2026-06-18 22:02:43","True","__export__.crm_team_171_58fa18ab","__export__.res_users_10_962e2fe2","Locked","118.4"
"__export__.sale_order_152130_483bb871","D152116","__export__.res_users_10_962e2fe2","2026-06-18 22:04:31","__export__.res_partner_2567_6c804877","","To Invoice","2026-06-18 22:02:37","False","sales_team.team_sales_department","__export__.res_users_10_962e2fe2","Locked","131.0"
"__export__.sale_order_152039_0baee4cb","D152025","__export__.res_users_30_f31202ea","2026-06-18 00:06:22","__export__.res_partner_1772_ba6b3399","","Fully Invoiced","2026-06-18 22:02:18","True","__export__.crm_team_171_58fa18ab","__export__.res_users_10_962e2fe2","Locked","138.32"
"__export__.sale_order_151996_d42cb590","D151982","__export__.res_users_30_f31202ea","2026-06-17 23:03:40","__export__.res_partner_703_689677ed","","Fully Invoiced","2026-06-18 22:01:57","True","__export__.crm_team_302_0f8f613a","__export__.res_users_22_942f71e3","Locked","232.0"
"__export__.sale_order_152028_7e6b4331","D152014","__export__.res_users_18_297f6f55","2026-06-18 00:01:47","__export__.res_partner_974_bde34019","","Fully Invoiced","2026-06-18 21:59:24","True","__export__.crm_team_162_05a89d8e","__export__.res_users_18_297f6f55","Locked","460.63"
"__export__.sale_order_151958_71e0845c","D151944","__export__.res_users_30_f31202ea","2026-06-17 22:05:36","__export__.res_partner_944_15617010","","Fully Invoiced","2026-06-18 21:57:00","True","__export__.crm_team_279_8648531b","__export__.res_users_27_ccf3d93e","Locked","410.98"
"__export__.sale_order_151959_7caec2a9","D151945","__export__.res_users_30_f31202ea","2026-06-17 22:10:03","__export__.res_partner_1325_09e84271","","Fully Invoiced","2026-06-18 21:56:58","True","__export__.crm_team_279_8648531b","__export__.res_users_27_ccf3d93e","Locked","94.87"
"__export__.sale_order_152024_202d4a10","D152010","__export__.res_users_18_297f6f55","2026-06-17 23:56:54","__export__.res_partner_2063_4f237b67","","Fully Invoiced","2026-06-18 21:56:18","True","__export__.crm_team_303_6d918a38","__export__.res_users_8_fb87432d","Locked","203.85"
"__export__.sale_order_151957_2a964b99","D151943","__export__.res_users_30_f31202ea","2026-06-17 21:56:48","__export__.res_partner_1960_8b4f2e40","","Fully Invoiced","2026-06-18 21:55:11","True","__export__.crm_team_96_8d48bd6a","__export__.res_users_27_ccf3d93e","Locked","203.5"
"__export__.sale_order_151956_80e8b899","D151942","__export__.res_users_22_942f71e3","2026-06-17 21:56:26","__export__.res_partner_1136_1bc987b5","","Fully Invoiced","2026-06-18 21:54:27","True","__export__.crm_team_159_d09f9755","__export__.res_users_22_942f71e3","Locked","132.89"
"__export__.sale_order_151955_6088074b","D151941","__export__.res_users_30_f31202ea","2026-06-17 21:54:17","__export__.res_partner_1042_4b562afb","","Fully Invoiced","2026-06-18 21:53:35","True","__export__.crm_team_79_8cb35e83","__export__.res_users_30_f31202ea","Locked","131.2"
"__export__.sale_order_152022_233ee3e1","D152008","__export__.res_users_18_297f6f55","2026-06-17 23:55:43","__export__.res_partner_1774_75410d84","","Fully Invoiced","2026-06-18 21:53:32","True","__export__.crm_team_96_8d48bd6a","__export__.res_users_18_297f6f55","Locked","166.8"
"__export__.sale_order_151954_97e965c2","D151940","__export__.res_users_30_f31202ea","2026-06-17 21:53:11","__export__.res_partner_1210_a86b05c2","","Fully Invoiced","2026-06-18 21:46:37","True","__export__.crm_team_231_ec27440e","__export__.res_users_27_ccf3d93e","Locked","230.85"
"__export__.sale_order_151953_ff21c332","D151939","__export__.res_users_30_f31202ea","2026-06-17 21:43:28","__export__.res_partner_927_2a5972fe","","Fully Invoiced","2026-06-18 21:31:29","True","__export__.crm_team_172_e403f408","__export__.res_users_7_ace94875","Locked","591.7"
"__export__.sale_order_151951_8b414518","D151937","__export__.res_users_22_942f71e3","2026-06-17 17:41:34","__export__.res_partner_2507_6f453c60","","Fully Invoiced","2026-06-18 16:43:38","True","__export__.crm_team_229_a2ef141e","__export__.res_users_22_942f71e3","Locked","99.2"
"__export__.sale_order_151948_6765ea96","D151934","__export__.res_users_22_942f71e3","2026-06-17 17:18:09","__export__.res_partner_875_f4e31f7c","","Fully Invoiced","2026-06-18 16:43:37","True","__export__.crm_team_229_a2ef141e","__export__.res_users_22_942f71e3","Locked","243.85"
"__export__.sale_order_151947_dbb56cb6","D151933","__export__.res_users_22_942f71e3","2026-06-17 17:06:24","__export__.res_partner_1314_3d560c4c","","Fully Invoiced","2026-06-18 16:43:34","True","__export__.crm_team_229_a2ef141e","__export__.res_users_22_942f71e3","Locked","412.94"
"__export__.sale_order_151946_a6f1a116","D151932","__export__.res_users_22_942f71e3","2026-06-17 16:59:26","__export__.res_partner_764_32a91eab","","Fully Invoiced","2026-06-18 16:43:31","True","__export__.crm_team_232_fa62cff8","__export__.res_users_22_942f71e3","Locked","280.13"
"__export__.sale_order_151945_d6d39ba5","D151931","__export__.res_users_22_942f71e3","2026-06-17 16:54:11","__export__.res_partner_2515_0037f4bb","","Fully Invoiced","2026-06-18 16:43:26","True","__export__.crm_team_96_8d48bd6a","__export__.res_users_22_942f71e3","Locked","182.52"
"__export__.sale_order_151949_4e22c3ec","D151935","__export__.res_users_22_942f71e3","2026-06-17 17:36:13","__export__.res_partner_831_4c93b992","","To Invoice","2026-06-18 16:43:21","False","__export__.crm_team_96_8d48bd6a","__export__.res_users_22_942f71e3","Locked","312.85"
"__export__.sale_order_152116_5e7fd0ab","D152102","__export__.res_users_10_962e2fe2","2026-06-18 15:32:45","__export__.res_partner_752_b29ee5f8","","Fully Invoiced","2026-06-18 15:32:26","True","__export__.crm_team_69_17e53434","__export__.res_users_10_962e2fe2","Locked","15.5"
"__export__.sale_order_151831_9153a285","D151817","__export__.res_users_7_ace94875","2026-06-16 15:10:49","__export__.res_partner_2403_75ca4747","","Fully Invoiced","2026-06-18 15:08:19","True","__export__.crm_team_112_5a7d7484","__export__.res_users_28_e1e8c9ed","Locked","606.0"
"__export__.sale_order_151466_1224eeb8","D151452","__export__.res_users_7_ace94875","2026-06-12 14:59:20","__export__.res_partner_2403_75ca4747","","To Invoice","2026-06-18 14:58:20","False","__export__.crm_team_5_bc4839e4","__export__.res_users_28_e1e8c9ed","Sales Order","23.5"
"__export__.sale_order_151829_55e39f81","D151815","__export__.res_users_14_42108d61","2026-06-16 14:42:18","__export__.res_partner_1079_f42ddf2f","","Fully Invoiced","2026-06-18 14:41:44","True","__export__.crm_team_112_5a7d7484","__export__.res_users_14_42108d61","Locked","681.03"
"__export__.sale_order_151944_ae03582f","D151930","__export__.res_users_22_942f71e3","2026-06-17 14:34:54","__export__.res_partner_763_ccfd8876","","Fully Invoiced","2026-06-18 14:30:08","True","__export__.crm_team_231_ec27440e","__export__.res_users_22_942f71e3","Locked","408.5"
"__export__.sale_order_151943_ba8f4561","D151929","__export__.res_users_7_ace94875","2026-06-17 14:30:23","__export__.res_partner_789_0ae6dd9e","","Fully Invoiced","2026-06-18 14:29:19","True","__export__.crm_team_292_464da319","__export__.res_users_7_ace94875","Locked","439.13"
"__export__.sale_order_151942_5d3b61b8","D151928","__export__.res_users_22_942f71e3","2026-06-17 14:28:48","__export__.res_partner_2452_1b8da052","已给","Fully Invoiced","2026-06-18 14:15:42","True","__export__.crm_team_69_17e53434","__export__.res_users_22_942f71e3","Locked","747.15"
"__export__.sale_order_152110_918223bc","D152096","__export__.res_users_10_962e2fe2","2026-06-18 14:15:11","__export__.res_partner_752_b29ee5f8","","Fully Invoiced","2026-06-18 14:14:58","True","__export__.crm_team_69_17e53434","__export__.res_users_10_962e2fe2","Locked","16.5"
"__export__.sale_order_152109_021fb390","D152095","__export__.res_users_10_962e2fe2","2026-06-18 14:14:11","__export__.res_partner_2522_4ddc00ff","","Fully Invoiced","2026-06-18 14:14:00","True","__export__.crm_team_69_17e53434","__export__.res_users_10_962e2fe2","Locked","12.5"
"__export__.sale_order_152108_0a081139","D152094","__export__.res_users_22_942f71e3","2026-06-18 13:53:55","__export__.res_partner_752_b29ee5f8","","Fully Invoiced","2026-06-18 13:53:13","True","__export__.crm_team_69_17e53434","__export__.res_users_22_942f71e3","Locked","132.0"
"__export__.sale_order_152020_0bbe7d50","D152006","__export__.res_users_18_297f6f55","2026-06-17 23:52:52","__export__.res_partner_1144_2c5b9b2c","","Fully Invoiced","2026-06-18 13:52:29","True","__export__.crm_team_290_b4e2eca7","__export__.res_users_18_297f6f55","Locked","186.87"
"__export__.sale_order_152016_1acacf7c","D152002","__export__.res_users_18_297f6f55","2026-06-17 23:50:12","__export__.res_partner_1748_4df4ef19","","Fully Invoiced","2026-06-18 13:42:29","True","__export__.crm_team_159_d09f9755","__export__.res_users_18_297f6f55","Locked","163.64"
"__export__.sale_order_152107_2a305f81","D152093","__export__.res_users_30_f31202ea","2026-06-18 13:40:51","__export__.res_partner_927_2a5972fe","","Fully Invoiced","2026-06-18 13:39:51","True","__export__.crm_team_111_3c32966d","__export__.res_users_7_ace94875","Locked","66.0"
"__export__.sale_order_152010_15e5bdc5","D151996","__export__.res_users_18_297f6f55","2026-06-17 23:37:01","__export__.res_partner_976_61ad322d","","Fully Invoiced","2026-06-18 13:35:28","True","__export__.crm_team_289_72f3a502","__export__.res_users_18_297f6f55","Locked","12.0"
"__export__.sale_order_152007_50e739fe","D151993","__export__.res_users_18_297f6f55","2026-06-17 23:35:10","__export__.res_partner_976_61ad322d","","Fully Invoiced","2026-06-18 13:33:24","True","__export__.crm_team_289_72f3a502","__export__.res_users_18_297f6f55","Locked","379.6"
"__export__.sale_order_152106_42aadd53","D152092","__export__.res_users_22_942f71e3","2026-06-18 13:30:59","__export__.res_partner_2237_a8825dd6","","Fully Invoiced","2026-06-18 13:26:59","True","__export__.crm_team_69_17e53434","__export__.res_users_10_962e2fe2","Locked","474.25"
"__export__.sale_order_152105_c37953b8","D152091","__export__.res_users_22_942f71e3","2026-06-18 12:04:50","__export__.res_partner_2414_e36e6f88","","Fully Invoiced","2026-06-18 12:03:48","True","__export__.crm_team_304_3a77ed67","__export__.res_users_22_942f71e3","Locked","23.99"
"__export__.sale_order_151938_a6998f69","D151924","__export__.res_users_8_fb87432d","2026-06-17 11:50:17","__export__.res_partner_2364_24378e58","小王来取货 / 已给","Fully Invoiced","2026-06-18 11:45:25","True","__export__.crm_team_69_17e53434","__export__.res_users_8_fb87432d","Locked","660.18"
"__export__.sale_order_152102_17b916c0","D152088","__export__.res_users_10_962e2fe2","2026-06-18 11:30:30","__export__.res_partner_1608_3c12a18b","","Fully Invoiced","2026-06-18 11:26:39","True","__export__.crm_team_230_30056844","__export__.res_users_10_962e2fe2","Locked","302.2"
"__export__.sale_order_152103_eb6f8f11","D152089","__export__.res_users_22_942f71e3","2026-06-18 11:31:18","__export__.res_partner_2430_30adde35","","Fully Invoiced","2026-06-18 11:23:22","True","__export__.crm_team_230_30056844","__export__.res_users_22_942f71e3","Locked","1090.17"
"__export__.sale_order_151934_30f711c5","D151920","__export__.res_users_7_ace94875","2026-06-17 11:24:09","__export__.res_partner_2202_f5145eed","","Fully Invoiced","2026-06-18 11:22:45","True","__export__.crm_team_173_1afa093c","__export__.res_users_27_ccf3d93e","Locked","432.32"
"__export__.sale_order_151933_3ff7dc2b","D151919","__export__.res_users_7_ace94875","2026-06-17 11:22:40","__export__.res_partner_1963_b8d8980e","","Fully Invoiced","2026-06-18 11:21:48","True","__export__.crm_team_173_1afa093c","__export__.res_users_27_ccf3d93e","Locked","199.95"
"__export__.sale_order_151932_dfe5fd8b","D151918","__export__.res_users_7_ace94875","2026-06-17 11:20:56","__export__.res_partner_1583_c3248aba","","Fully Invoiced","2026-06-18 11:19:15","True","__export__.crm_team_96_8d48bd6a","__export__.res_users_27_ccf3d93e","Locked","382.48"
"__export__.sale_order_151930_28d26266","D151916","__export__.res_users_7_ace94875","2026-06-17 11:18:18","__export__.res_partner_1959_7be6f073","","Fully Invoiced","2026-06-18 11:14:46","True","__export__.crm_team_275_339b1b1f","__export__.res_users_7_ace94875","Locked","672.9"
"__export__.sale_order_151808_126e0697","D151794","__export__.res_users_22_942f71e3","2026-06-16 11:07:36","__export__.res_partner_877_489800fb","","Fully Invoiced","2026-06-18 11:06:44","True","__export__.crm_team_80_d86e22d9","__export__.res_users_22_942f71e3","Locked","171.1"
"__export__.sale_order_152099_613f1add","D152085","__export__.res_users_22_942f71e3","2026-06-18 11:06:30","__export__.res_partner_1579_d86b0c07","","Fully Invoiced","2026-06-18 11:05:57","True","__export__.crm_team_277_1848bdf1","__export__.res_users_14_42108d61","Locked","78.0"
"__export__.sale_order_152098_e54d6963","D152084","__export__.res_users_22_942f71e3","2026-06-18 10:47:04","__export__.res_partner_7_0dba4ff7","","Nothing to Invoice","2026-06-18 10:46:56","False","sales_team.team_sales_department","base.user_admin","Quotation",""
"__export__.sale_order_152097_e764c5f5","D152083","__export__.res_users_22_942f71e3","2026-06-18 10:35:20","__export__.res_partner_1912_c1e91db3","","Fully Invoiced","2026-06-18 10:34:50","True","__export__.crm_team_96_8d48bd6a","__export__.res_users_10_962e2fe2","Locked","46.5"
"__export__.sale_order_152096_142b218e","D152082","__export__.res_users_10_962e2fe2","2026-06-18 10:25:24","__export__.res_partner_2526_65f4da72","","To Invoice","2026-06-18 10:24:33","False","__export__.crm_team_69_17e53434","__export__.res_users_10_962e2fe2","Locked","157.0"
"__export__.sale_order_152095_ff77de4f","D152081","__export__.res_users_7_ace94875","2026-06-18 10:24:50","__export__.res_partner_1178_4660d857","","Fully Invoiced","2026-06-18 10:24:30","True","__export__.crm_team_68_3f175cd9","__export__.res_users_7_ace94875","Locked","196.0"
"__export__.sale_order_152045_a14b5c74","D152031","__export__.res_users_18_297f6f55","2026-06-18 00:10:17","__export__.res_partner_884_82cd1d83","","Fully Invoiced","2026-06-18 10:08:48","True","__export__.crm_team_161_8055857d","__export__.res_users_8_fb87432d","Locked","701.52"
"__export__.sale_order_152044_ecd6e2b5","D152030","__export__.res_users_7_ace94875","2026-06-18 00:09:07","__export__.res_partner_2319_7b8044dc","","Fully Invoiced","2026-06-18 10:08:03","True","__export__.crm_team_305_c2537a3b","__export__.res_users_7_ace94875","Locked","278.6"
"__export__.sale_order_152043_02441b96","D152029","__export__.res_users_18_297f6f55","2026-06-18 00:08:27","__export__.res_partner_971_b9945320","","Fully Invoiced","2026-06-18 10:06:43","True","__export__.crm_team_109_1a8b3a5d","__export__.res_users_18_297f6f55","Locked","407.64"
"__export__.sale_order_152042_bbeed764","D152028","__export__.res_users_7_ace94875","2026-06-18 00:07:43","__export__.res_partner_1881_931f180a","","Fully Invoiced","2026-06-18 10:06:15","True","__export__.crm_team_69_17e53434","__export__.res_users_8_fb87432d","Locked","669.78"
"__export__.sale_order_152040_4550f8c6","D152026","__export__.res_users_18_297f6f55","2026-06-18 00:06:25","__export__.res_partner_1109_907527cb","","Fully Invoiced","2026-06-18 10:05:54","True","__export__.crm_team_161_8055857d","__export__.res_users_18_297f6f55","Locked","126.7"
"__export__.sale_order_152038_5991d105","D152024","__export__.res_users_7_ace94875","2026-06-18 00:05:41","__export__.res_partner_839_998b05c9","","Fully Invoiced","2026-06-18 10:05:12","True","__export__.crm_team_305_c2537a3b","__export__.res_users_28_e1e8c9ed","Locked","213.34"
"__export__.sale_order_152036_412f570a","D152022","__export__.res_users_7_ace94875","2026-06-18 00:05:04","__export__.res_partner_2057_b196e088","","Fully Invoiced","2026-06-18 10:04:45","True","__export__.crm_team_78_db60447e","__export__.res_users_7_ace94875","Locked","37.0"
"__export__.sale_order_152035_10309e46","D152021","__export__.res_users_18_297f6f55","2026-06-18 00:04:51","__export__.res_partner_1020_60fc6f31","","Fully Invoiced","2026-06-18 10:03:47","True","__export__.crm_team_290_b4e2eca7","__export__.res_users_7_ace94875","Locked","78.5"
"__export__.sale_order_152034_5855a82f","D152020","__export__.res_users_7_ace94875","2026-06-18 00:04:38","__export__.res_partner_1626_60b65b7e","","Fully Invoiced","2026-06-18 10:03:42","True","__export__.crm_team_227_ffd73472","__export__.res_users_7_ace94875","Locked","98.15"
"__export__.sale_order_152032_7ee248d5","D152018","__export__.res_users_18_297f6f55","2026-06-18 00:03:33","__export__.res_partner_1243_048493f3","","Fully Invoiced","2026-06-18 10:02:55","True","__export__.crm_team_159_d09f9755","__export__.res_users_22_942f71e3","Locked","87.55"
"__export__.sale_order_152031_6c9d64e5","D152017","__export__.res_users_7_ace94875","2026-06-18 00:03:28","__export__.res_partner_2462_884eb14e","","Fully Invoiced","2026-06-18 10:02:50","True","__export__.crm_team_227_ffd73472","__export__.res_users_28_e1e8c9ed","Locked","117.08"
"__export__.sale_order_152030_a2eb2998","D152016","__export__.res_users_18_297f6f55","2026-06-18 00:02:39","__export__.res_partner_1649_7cdf014b","","Fully Invoiced","2026-06-18 10:02:09","True","__export__.crm_team_292_464da319","__export__.res_users_27_ccf3d93e","Locked","171.1"
"__export__.sale_order_152029_f0e966ca","D152015","__export__.res_users_7_ace94875","2026-06-18 00:02:37","__export__.res_partner_1162_84b0db9d","canclled","Nothing to Invoice","2026-06-18 10:01:13","False","sales_team.team_sales_department","__export__.res_users_7_ace94875","Quotation","71.85"
"__export__.sale_order_152094_56e735c9","D152080","__export__.res_users_7_ace94875","2026-06-18 09:27:24","__export__.res_partner_1881_931f180a","","Fully Invoiced","2026-06-18 09:27:07","True","__export__.crm_team_69_17e53434","__export__.res_users_8_fb87432d","Locked","26.0"
"__export__.sale_order_152093_47100c83","D152079","__export__.res_users_7_ace94875","2026-06-18 08:53:26","__export__.res_partner_2578_565ff9e9","","Fully Invoiced","2026-06-18 08:52:48","True","__export__.crm_team_229_a2ef141e","__export__.res_users_7_ace94875","Locked","121.75"
"__export__.sale_order_152092_f444f75c","D152078","__export__.res_users_7_ace94875","2026-06-18 08:52:33","__export__.res_partner_2577_979b85c3","","Fully Invoiced","2026-06-18 08:51:38","True","__export__.crm_team_232_fa62cff8","__export__.res_users_7_ace94875","Locked","118.15"
"__export__.sale_order_152091_f40d7bcb","D152077","__export__.res_users_22_942f71e3","2026-06-18 08:51:33","__export__.res_partner_1233_2c030497","","Fully Invoiced","2026-06-18 08:51:09","True","__export__.crm_team_177_f958c6ae","__export__.res_users_22_942f71e3","Locked","59.85"
"__export__.sale_order_152090_cd574171","D152076","__export__.res_users_22_942f71e3","2026-06-18 08:51:04","__export__.res_partner_1613_aa1ade4b","","Fully Invoiced","2026-06-18 08:50:29","True","__export__.crm_team_177_f958c6ae","__export__.res_users_22_942f71e3","Locked","59.75"
"__export__.sale_order_152089_4d1c64ae","D152075","__export__.res_users_7_ace94875","2026-06-18 08:50:45","__export__.res_partner_780_52c72777","","Fully Invoiced","2026-06-18 08:49:34","True","__export__.crm_team_232_fa62cff8","__export__.res_users_18_297f6f55","Locked","181.45"
"__export__.sale_order_152088_ef93053f","D152074","__export__.res_users_10_962e2fe2","2026-06-18 08:47:05","__export__.res_partner_818_8185df11","RO不要确认","Nothing to Invoice","2026-06-18 08:44:36","False","__export__.crm_team_59_95d20efd","__export__.res_users_10_962e2fe2","Quotation","1304.49"
"__export__.sale_order_152086_02f74325","D152072","__export__.res_users_22_942f71e3","2026-06-18 08:44:02","__export__.res_partner_1837_354db69f","","Fully Invoiced","2026-06-18 08:43:44","True","__export__.crm_team_79_8cb35e83","__export__.res_users_14_42108d61","Locked","6.0"
"__export__.sale_order_152085_434fb874","D152071","__export__.res_users_22_942f71e3","2026-06-18 08:43:18","__export__.res_partner_1036_c336a2ab","","Fully Invoiced","2026-06-18 08:41:54","True","__export__.crm_team_289_72f3a502","__export__.res_users_7_ace94875","Locked","52.2"
"__export__.sale_order_152014_5e0a2ea4","D152000","__export__.res_users_22_942f71e3","2026-06-17 23:44:04","__export__.res_partner_1927_754098d4","","Fully Invoiced","2026-06-18 08:39:57","True","__export__.crm_team_159_d09f9755","__export__.res_users_22_942f71e3","Locked","136.5"
"__export__.sale_order_151913_0438837d","D151899","__export__.res_users_10_962e2fe2","2026-06-17 08:38:23","__export__.res_partner_874_2fe3c6b7","","Fully Invoiced","2026-06-18 08:38:08","True","__export__.crm_team_59_95d20efd","__export__.res_users_10_962e2fe2","Locked","55.95"
"__export__.sale_order_152082_c7ab881e","D152068","__export__.res_users_22_942f71e3","2026-06-18 08:30:01","__export__.res_partner_2250_b574857b","","Fully Invoiced","2026-06-18 08:28:52","True","__export__.crm_team_171_58fa18ab","__export__.res_users_7_ace94875","Locked","232.43"
"__export__.sale_order_152083_1f175d86","D152069","__export__.res_users_10_962e2fe2","2026-06-18 08:31:14","__export__.res_partner_1779_3bcf046f","","Fully Invoiced","2026-06-18 08:26:41","True","__export__.crm_team_277_1848bdf1","__export__.res_users_10_962e2fe2","Locked","272.3"
"__export__.sale_order_152084_72e2402a","D152070","__export__.res_users_10_962e2fe2","2026-06-18 08:36:21","__export__.res_partner_790_fcc5b5d9","","To Invoice","2026-06-18 08:26:04","False","__export__.crm_team_277_1848bdf1","__export__.res_users_10_962e2fe2","Locked","330.09"
"__export__.sale_order_152080_db4420c3","D152066","__export__.res_users_22_942f71e3","2026-06-18 08:25:33","__export__.res_partner_1202_b6f07a60","","Fully Invoiced","2026-06-18 08:24:16","True","__export__.crm_team_305_c2537a3b","__export__.res_users_22_942f71e3","Locked","198.1"
"__export__.sale_order_152079_3ec47b4c","D152065","__export__.res_users_10_962e2fe2","2026-06-18 08:24:51","__export__.res_partner_2499_4880f096","","Fully Invoiced","2026-06-18 08:23:30","True","__export__.crm_team_279_8648531b","__export__.res_users_7_ace94875","Locked","451.08"
"__export__.sale_order_152077_9131cc30","D152063","__export__.res_users_30_f31202ea","2026-06-18 08:20:50","__export__.res_partner_2414_e36e6f88","","Fully Invoiced","2026-06-18 08:17:16","True","__export__.crm_team_306_f21cf977","__export__.res_users_30_f31202ea","Locked","288.29"
"__export__.sale_order_152075_b7db360d","D152061","__export__.res_users_10_962e2fe2","2026-06-18 08:14:15","__export__.res_partner_1036_c336a2ab","","Fully Invoiced","2026-06-18 08:12:51","True","__export__.crm_team_289_72f3a502","__export__.res_users_7_ace94875","Locked","257.45"
"__export__.sale_order_152081_e4f6f1f2","D152067","__export__.res_users_30_f31202ea","2026-06-18 08:26:12","__export__.res_partner_2531_e0e03692","","Fully Invoiced","2026-06-18 08:11:22","True","__export__.crm_team_277_1848bdf1","__export__.res_users_22_942f71e3","Locked","131.55"
"__export__.sale_order_152074_b168e765","D152060","__export__.res_users_10_962e2fe2","2026-06-18 08:11:57","__export__.res_partner_1173_d8002d22","","Fully Invoiced","2026-06-18 08:11:13","True","__export__.crm_team_80_d86e22d9","__export__.res_users_22_942f71e3","Locked","144.05"
"__export__.sale_order_152076_fc4b5876","D152062","__export__.res_users_10_962e2fe2","2026-06-18 08:16:17","__export__.res_partner_1616_533a6f33","","Fully Invoiced","2026-06-18 08:11:11","True","__export__.crm_team_228_ec7099f7","__export__.res_users_10_962e2fe2","Locked","211.95"
"__export__.sale_order_152073_4fd68914","D152059","__export__.res_users_10_962e2fe2","2026-06-18 08:11:04","__export__.res_partner_766_97fcda57","","Fully Invoiced","2026-06-18 08:09:51","True","__export__.crm_team_290_b4e2eca7","__export__.res_users_10_962e2fe2","Locked","97.0"
"__export__.sale_order_152072_c08808d3","D152058","__export__.res_users_10_962e2fe2","2026-06-18 08:11:03","__export__.res_partner_966_906c2cfc","","Fully Invoiced","2026-06-18 08:09:33","True","__export__.crm_team_290_b4e2eca7","__export__.res_users_10_962e2fe2","Locked","98.95"
"__export__.sale_order_152071_b2a2aec6","D152057","__export__.res_users_10_962e2fe2","2026-06-18 08:09:32","__export__.res_partner_1912_c1e91db3","","Fully Invoiced","2026-06-18 08:07:02","True","__export__.crm_team_96_8d48bd6a","__export__.res_users_10_962e2fe2","Locked","305.83"
"__export__.sale_order_152070_3db743f4","D152056","__export__.res_users_10_962e2fe2","2026-06-18 08:06:55","__export__.res_partner_874_2fe3c6b7","","To Invoice","2026-06-18 08:06:48","False","__export__.crm_team_39_ffc4074f","__export__.res_users_10_962e2fe2","Locked","80.95"
"__export__.sale_order_152069_ca111095","D152055","__export__.res_users_10_962e2fe2","2026-06-18 08:06:19","__export__.res_partner_1614_5e3c6e0a","","To Invoice","2026-06-18 08:02:44","False","__export__.crm_team_277_1848bdf1","__export__.res_users_10_962e2fe2","Locked","517.79"
"__export__.sale_order_152068_4b3ec122","D152054","__export__.res_users_10_962e2fe2","2026-06-18 07:57:04","__export__.res_partner_1765_68d5fb5a","取钱,换货","Fully Invoiced","2026-06-18 07:55:52","True","__export__.crm_team_275_339b1b1f","__export__.res_users_10_962e2fe2","Locked",""
"__export__.sale_order_152067_59c310bd","D152053","__export__.res_users_10_962e2fe2","2026-06-18 07:55:50","__export__.res_partner_1567_920f121d","","Fully Invoiced","2026-06-18 07:54:33","True","__export__.crm_team_227_ffd73472","__export__.res_users_10_962e2fe2","Locked","47.5"
"__export__.sale_order_152066_b7da1dc6","D152052","__export__.res_users_10_962e2fe2","2026-06-18 07:54:29","__export__.res_partner_2334_f01a5da2","","Fully Invoiced","2026-06-18 07:53:33","True","__export__.crm_team_110_3f98a3be","__export__.res_users_10_962e2fe2","Locked","284.11"
"__export__.sale_order_152065_dae3ccdb","D152051","__export__.res_users_14_42108d61","2026-06-18 07:49:54","__export__.res_partner_1579_d86b0c07","","Fully Invoiced","2026-06-18 07:48:42","True","__export__.crm_team_276_22e06523","__export__.res_users_14_42108d61","Locked","409.43"
"__export__.sale_order_152064_cacdfbf0","D152050","__export__.res_users_14_42108d61","2026-06-18 04:38:19","__export__.res_partner_1837_354db69f","","Fully Invoiced","2026-06-18 04:18:59","True","__export__.crm_team_79_8cb35e83","__export__.res_users_14_42108d61","Locked","673.4"
"__export__.sale_order_152063_f6419187","D152049","__export__.res_users_14_42108d61","2026-06-18 04:18:57","__export__.res_partner_1921_ec460d91","","Fully Invoiced","2026-06-18 04:14:59","True","__export__.crm_team_177_f958c6ae","__export__.res_users_14_42108d61","Locked","210.0"
"__export__.sale_order_152062_013339d7","D152048","__export__.res_users_14_42108d61","2026-06-18 04:11:18","__export__.res_partner_1913_0b4fe26f","","Fully Invoiced","2026-06-18 04:08:57","True","__export__.crm_team_161_8055857d","__export__.res_users_14_42108d61","Locked","410.65"
"__export__.sale_order_152037_3236ffc3","D152023","__export__.res_users_18_297f6f55","2026-06-18 00:05:21","__export__.res_partner_749_a964f4ef","","Fully Invoiced","2026-06-18 04:04:57","True","__export__.crm_team_290_b4e2eca7","__export__.res_users_7_ace94875","Locked","50.6"
"__export__.sale_order_152021_23df12f9","D152007","__export__.res_users_7_ace94875","2026-06-17 23:55:17","__export__.res_partner_1178_4660d857","","Fully Invoiced","2026-06-18 03:54:23","True","__export__.crm_team_68_3f175cd9","__export__.res_users_7_ace94875","Locked","1037.5"
"__export__.sale_order_152025_1dc247f4","D152011","__export__.res_users_7_ace94875","2026-06-18 00:00:22","__export__.res_partner_704_e43cdf12","","Fully Invoiced","2026-06-18 03:53:46","True","__export__.crm_team_289_72f3a502","__export__.res_users_27_ccf3d93e","Locked","79.05"
"__export__.sale_order_152061_f18724dc","D152047","__export__.res_users_14_42108d61","2026-06-18 03:55:16","__export__.res_partner_2569_af48199c","","Fully Invoiced","2026-06-18 03:53:16","True","__export__.crm_team_304_3a77ed67","__export__.res_users_14_42108d61","Locked","576.24"
"__export__.sale_order_152060_a5ff88f2","D152046","__export__.res_users_14_42108d61","2026-06-18 03:47:52","__export__.res_partner_683_122aef26","","Fully Invoiced","2026-06-18 03:46:17","True","__export__.crm_team_96_8d48bd6a","__export__.res_users_14_42108d61","Locked","323.28"
"__export__.sale_order_152059_43581f4b","D152045","__export__.res_users_14_42108d61","2026-06-18 03:42:40","__export__.res_partner_1313_4ce22376","","Fully Invoiced","2026-06-18 03:41:47","True","__export__.crm_team_228_ec7099f7","__export__.res_users_14_42108d61","Locked","274.0"
"__export__.sale_order_152058_e575d03e","D152044","__export__.res_users_14_42108d61","2026-06-18 03:40:52","__export__.res_partner_859_c1e0c4b2","","To Invoice","2026-06-18 03:32:33","False","__export__.crm_team_96_8d48bd6a","__export__.res_users_14_42108d61","Locked","927.05"
"__export__.sale_order_152057_c51fcd15","D152043","__export__.res_users_14_42108d61","2026-06-18 03:26:59","__export__.res_partner_1582_2a53fed0","","Fully Invoiced","2026-06-18 03:26:19","True","__export__.crm_team_276_22e06523","__export__.res_users_14_42108d61","Locked","175.45"
"__export__.sale_order_152056_a35eb974","D152042","__export__.res_users_14_42108d61","2026-06-18 03:20:13","__export__.res_partner_2555_ba76af6c","","Fully Invoiced","2026-06-18 03:17:54","True","__export__.crm_team_231_ec27440e","__export__.res_users_14_42108d61","Locked","699.41"
"__export__.sale_order_152055_a4f31fb6","D152041","__export__.res_users_14_42108d61","2026-06-18 03:17:39","__export__.res_partner_858_0e5ada1d","","Fully Invoiced","2026-06-18 03:12:10","True","__export__.crm_team_79_8cb35e83","__export__.res_users_14_42108d61","Locked","363.03"
"__export__.sale_order_152054_dd9ca554","D152040","__export__.res_users_14_42108d61","2026-06-18 03:11:56","__export__.res_partner_2232_5eb6c569","","To Invoice","2026-06-18 03:09:37","False","__export__.crm_team_110_3f98a3be","__export__.res_users_14_42108d61","Locked","376.68"
"__export__.sale_order_152053_cd182e30","D152039","__export__.res_users_14_42108d61","2026-06-18 03:04:35","__export__.res_partner_1294_703558f9","","Fully Invoiced","2026-06-18 03:02:56","True","__export__.crm_team_171_58fa18ab","__export__.res_users_14_42108d61","Locked","216.15"
"__export__.sale_order_152052_8baa4dea","D152038","__export__.res_users_14_42108d61","2026-06-18 03:01:42","__export__.res_partner_1991_a2810e90","","Fully Invoiced","2026-06-18 03:00:13","True","__export__.crm_team_110_3f98a3be","__export__.res_users_14_42108d61","Locked","541.55"
"__export__.sale_order_152051_37036045","D152037","__export__.res_users_14_42108d61","2026-06-18 02:59:56","__export__.res_partner_1930_95ef299e","","Fully Invoiced","2026-06-18 02:51:08","True","__export__.crm_team_302_0f8f613a","__export__.res_users_14_42108d61","Locked","795.75"
"__export__.sale_order_152050_5236c202","D152036","__export__.res_users_14_42108d61","2026-06-18 02:50:15","__export__.res_partner_902_081ecc25","","To Invoice","2026-06-18 02:47:40","False","__export__.crm_team_59_95d20efd","__export__.res_users_14_42108d61","Locked","290.46"
"__export__.sale_order_152049_1cbd5458","D152035","__export__.res_users_14_42108d61","2026-06-18 02:47:27","__export__.res_partner_1845_ce74c057","","Fully Invoiced","2026-06-18 02:46:58","True","__export__.crm_team_39_ffc4074f","__export__.res_users_14_42108d61","Locked","24.85"
"__export__.sale_order_152048_e09b5671","D152034","__export__.res_users_14_42108d61","2026-06-18 02:43:17","__export__.res_partner_2572_c6f857f5","","To Invoice","2026-06-18 02:36:13","False","__export__.crm_team_68_3f175cd9","__export__.res_users_14_42108d61","Locked","354.3"
"__export__.sale_order_152047_f16d5541","D152033","__export__.res_users_14_42108d61","2026-06-18 02:35:32","__export__.res_partner_1830_408e614c","","Fully Invoiced","2026-06-18 02:34:25","True","__export__.crm_team_289_72f3a502","__export__.res_users_14_42108d61","Locked","294.85"
"__export__.sale_order_152046_1862ad23","D152032","__export__.res_users_14_42108d61","2026-06-18 02:28:20","__export__.res_partner_714_6e0d102d","","Fully Invoiced","2026-06-18 02:21:19","True","__export__.crm_team_230_30056844","__export__.res_users_14_42108d61","Locked","2389.3"
"__export__.sale_order_151737_ec329d14","D151723","__export__.res_users_18_297f6f55","2026-06-15 23:16:26","__export__.res_partner_972_b5826848","","Fully Invoiced","2026-06-17 22:14:45","True","__export__.crm_team_165_f4c61875","__export__.res_users_18_297f6f55","Locked","325.38"
"__export__.sale_order_151869_080c5940","D151855","__export__.res_users_22_942f71e3","2026-06-16 21:55:05","__export__.res_partner_1007_ea60f1d5","","Fully Invoiced","2026-06-17 21:54:16","True","__export__.crm_team_80_d86e22d9","__export__.res_users_7_ace94875","Locked","103.55"
"__export__.sale_order_151868_039a4f69","D151854","__export__.res_users_22_942f71e3","2026-06-16 21:54:07","__export__.res_partner_2139_9b3c4a32","","Fully Invoiced","2026-06-17 21:53:32","True","__export__.crm_team_177_f958c6ae","__export__.res_users_10_962e2fe2","Locked","117.5"
"__export__.sale_order_151866_5502e22f","D151852","__export__.res_users_30_f31202ea","2026-06-16 21:52:07","__export__.res_partner_2311_2af7f00d","","Fully Invoiced","2026-06-17 21:49:39","True","__export__.crm_team_303_6d918a38","__export__.res_users_30_f31202ea","Locked","120.95"
"__export__.sale_order_151865_eee14437","D151851","__export__.res_users_30_f31202ea","2026-06-16 21:48:17","__export__.res_partner_1828_7af1e2fb","","Fully Invoiced","2026-06-17 21:42:03","True","__export__.crm_team_173_1afa093c","__export__.res_users_27_ccf3d93e","Locked","180.74"
"__export__.sale_order_151864_91798c2c","D151850","__export__.res_users_30_f31202ea","2026-06-16 21:48:10","__export__.res_partner_2044_ef062926","","Fully Invoiced","2026-06-17 21:42:00","True","__export__.crm_team_173_1afa093c","__export__.res_users_27_ccf3d93e","Locked","200.95"
"__export__.sale_order_151863_53f3b51f","D151849","__export__.res_users_30_f31202ea","2026-06-16 21:41:43","__export__.res_partner_2558_9df50a1e","","Fully Invoiced","2026-06-17 21:39:26","True","__export__.crm_team_307_99b774f0","__export__.res_users_30_f31202ea","Locked","139.19"
"__export__.sale_order_151728_6e49f65f","D151714","__export__.res_users_30_f31202ea","2026-06-15 21:36:47","__export__.res_partner_2570_6109fe07","","Fully Invoiced","2026-06-17 21:32:00","True","__export__.crm_team_276_22e06523","__export__.res_users_30_f31202ea","Locked","181.76"
"__export__.sale_order_151867_1f4b278b","D151853","__export__.res_users_22_942f71e3","2026-06-16 21:53:28","__export__.res_partner_1855_cb9cd4f0","","Fully Invoiced","2026-06-17 21:31:25","True","__export__.crm_team_177_f958c6ae","__export__.res_users_22_942f71e3","Locked","144.25"
"__export__.sale_order_151862_c1924eb9","D151848","__export__.res_users_22_942f71e3","2026-06-16 21:31:15","__export__.res_partner_1577_224dd31f","","To Invoice","2026-06-17 21:30:37","False","__export__.crm_team_69_17e53434","__export__.res_users_22_942f71e3","Locked","40.48"
"__export__.sale_order_151861_53596ecc","D151847","__export__.res_users_18_297f6f55","2026-06-16 21:19:44","__export__.res_partner_1938_203b31c8","","Fully Invoiced","2026-06-17 21:19:07","True","__export__.crm_team_307_99b774f0","__export__.res_users_27_ccf3d93e","Locked","118.85"
"__export__.sale_order_151740_98dd1905","D151726","__export__.res_users_18_297f6f55","2026-06-15 23:18:21","__export__.res_partner_2165_b8e621d5","","Fully Invoiced","2026-06-17 21:18:08","True","__export__.crm_team_96_8d48bd6a","__export__.res_users_18_297f6f55","Locked","187.5"
"__export__.sale_order_151739_f2063069","D151725","__export__.res_users_18_297f6f55","2026-06-15 23:18:01","__export__.res_partner_1637_f09bc375","","Fully Invoiced","2026-06-17 21:17:26","True","__export__.crm_team_96_8d48bd6a","__export__.res_users_18_297f6f55","Locked","141.9"
"__export__.sale_order_151738_6ba95af1","D151724","__export__.res_users_18_297f6f55","2026-06-15 23:17:03","__export__.res_partner_957_4ee62bae","","Fully Invoiced","2026-06-17 21:16:41","True","__export__.crm_team_165_f4c61875","__export__.res_users_18_297f6f55","Locked","101.66"
"__export__.sale_order_151860_1687677b","D151846","__export__.res_users_18_297f6f55","2026-06-16 21:17:22","__export__.res_partner_878_d6f1bc08","","Fully Invoiced","2026-06-17 21:11:18","True","__export__.crm_team_292_464da319","__export__.res_users_10_962e2fe2","Locked","323.57"
"__export__.sale_order_151533_727e3d22","D151519","__export__.res_users_30_f31202ea","2026-06-14 21:16:07","__export__.res_partner_2565_53a13714","","Fully Invoiced","2026-06-17 21:10:22","True","__export__.crm_team_307_99b774f0","__export__.res_users_30_f31202ea","Locked","302.8"
"__export__.sale_order_151859_dd43648c","D151845","__export__.res_users_18_297f6f55","2026-06-16 21:10:24","__export__.res_partner_1638_c4f8759e","","Fully Invoiced","2026-06-17 21:07:12","True","__export__.crm_team_163_c20aff5a","__export__.res_users_18_297f6f55","Locked","656.43"
"__export__.sale_order_151858_c8b23e03","D151844","__export__.res_users_18_297f6f55","2026-06-16 21:04:19","__export__.res_partner_768_72edcbdb","","Fully Invoiced","2026-06-17 21:02:56","True","__export__.crm_team_78_db60447e","__export__.res_users_18_297f6f55","Locked","82.94"
"__export__.sale_order_151857_757494f6","D151843","__export__.res_users_18_297f6f55","2026-06-16 21:02:22","__export__.res_partner_1042_4b562afb","","Fully Invoiced","2026-06-17 20:59:16","True","__export__.crm_team_78_db60447e","__export__.res_users_18_297f6f55","Locked","97.35"
"__export__.sale_order_151714_cb7f4d11","D151700","__export__.res_users_30_f31202ea","2026-06-15 19:40:51","__export__.res_partner_2207_c988d32a","","Fully Invoiced","2026-06-17 19:29:36","True","__export__.crm_team_306_f21cf977","__export__.res_users_27_ccf3d93e","Locked","824.3"
"__export__.sale_order_151856_1da95cb1","D151842","__export__.res_users_18_297f6f55","2026-06-16 20:59:01","__export__.res_partner_1268_23010732","","Fully Invoiced","2026-06-17 18:49:23","True","__export__.crm_team_291_de9693d0","__export__.res_users_10_962e2fe2","Locked","425.67"
"__export__.sale_order_151855_bffa4dab","D151841","__export__.res_users_18_297f6f55","2026-06-16 18:50:55","__export__.res_partner_1641_c1da5d96","","Fully Invoiced","2026-06-17 18:32:24","True","__export__.crm_team_96_8d48bd6a","__export__.res_users_18_297f6f55","Locked","36.95"
"__export__.sale_order_151849_aa8aa0e2","D151835","__export__.res_users_18_297f6f55","2026-06-16 18:39:51","__export__.res_partner_959_1e34588d","","Fully Invoiced","2026-06-17 18:32:23","True","__export__.crm_team_166_27995bab","__export__.res_users_18_297f6f55","Locked","102.2"
"__export__.sale_order_151854_4a98beb2","D151840","__export__.res_users_18_297f6f55","2026-06-16 18:50:40","__export__.res_partner_1640_e34ad7cc","","Fully Invoiced","2026-06-17 18:32:17","True","__export__.crm_team_96_8d48bd6a","__export__.res_users_18_297f6f55","Locked","550.29"
"__export__.sale_order_151848_ad079221","D151834","__export__.res_users_18_297f6f55","2026-06-16 18:38:19","__export__.res_partner_1686_0cbef6c2","","Fully Invoiced","2026-06-17 18:31:44","True","__export__.crm_team_166_27995bab","__export__.res_users_18_297f6f55","Locked","758.0"
"__export__.sale_order_151852_55fb3c87","D151838","__export__.res_users_18_297f6f55","2026-06-16 18:45:31","__export__.res_partner_732_02a744cf","","Fully Invoiced","2026-06-17 18:17:58","True","__export__.crm_team_96_8d48bd6a","__export__.res_users_18_297f6f55","Locked","342.75"
"__export__.sale_order_151853_2f4bc037","D151839","__export__.res_users_18_297f6f55","2026-06-16 18:48:55","__export__.res_partner_725_23f27d2e","","Fully Invoiced","2026-06-17 18:17:56","True","__export__.crm_team_96_8d48bd6a","__export__.res_users_18_297f6f55","Locked","113.25"
"__export__.sale_order_151850_3368005a","D151836","__export__.res_users_18_297f6f55","2026-06-16 18:42:35","__export__.res_partner_733_7f04a2b5","","Fully Invoiced","2026-06-17 18:17:56","True","__export__.crm_team_167_01227436","__export__.res_users_18_297f6f55","Locked","693.29"
"__export__.sale_order_151851_c15bbe83","D151837","__export__.res_users_18_297f6f55","2026-06-16 18:43:20","__export__.res_partner_925_9533fa54","","Fully Invoiced","2026-06-17 18:17:54","True","__export__.crm_team_167_01227436","__export__.res_users_18_297f6f55","Locked","236.3"
"__export__.sale_order_151846_f311dd68","D151832","__export__.res_users_18_297f6f55","2026-06-16 18:31:43","__export__.res_partner_1122_31d3bdf9","","Fully Invoiced","2026-06-17 18:17:54","True","__export__.crm_team_159_d09f9755","__export__.res_users_18_297f6f55","Locked","90.25"
"__export__.sale_order_151847_5b696733","D151833","__export__.res_users_18_297f6f55","2026-06-16 18:36:12","__export__.res_partner_1643_349679bb","","Fully Invoiced","2026-06-17 18:17:50","True","__export__.crm_team_163_c20aff5a","__export__.res_users_18_297f6f55","Locked","215.58"
"__export__.sale_order_151845_85c6c341","D151831","__export__.res_users_18_297f6f55","2026-06-16 18:29:22","__export__.res_partner_1130_6112d97e","","Fully Invoiced","2026-06-17 18:17:49","True","__export__.crm_team_159_d09f9755","__export__.res_users_18_297f6f55","Locked","310.03"
"__export__.sale_order_151844_5176515f","D151830","__export__.res_users_18_297f6f55","2026-06-16 18:17:26","__export__.res_partner_1619_5e75f1be","","Fully Invoiced","2026-06-17 18:16:10","True","__export__.crm_team_159_d09f9755","__export__.res_users_18_297f6f55","Locked","43.2"
"__export__.sale_order_151842_4117ec31","D151828","__export__.res_users_18_297f6f55","2026-06-16 18:15:43","__export__.res_partner_1598_0cbe8637","","Fully Invoiced","2026-06-17 18:15:08","True","__export__.crm_team_159_d09f9755","__export__.res_users_18_297f6f55","Locked","200.23"
"__export__.sale_order_151841_02675f6b","D151827","__export__.res_users_18_297f6f55","2026-06-16 18:14:48","__export__.res_partner_2233_bc9a97b7","","Fully Invoiced","2026-06-17 18:12:41","True","__export__.crm_team_162_05a89d8e","__export__.res_users_18_297f6f55","Locked","651.45"
"__export__.sale_order_151952_e864724a","D151938","__export__.res_users_22_942f71e3","2026-06-17 17:42:53","__export__.res_partner_7_0dba4ff7","cancelled","Nothing to Invoice","2026-06-17 17:42:42","False","sales_team.team_sales_department","base.user_admin","Quotation",""
"__export__.sale_order_151950_8a3a77be","D151936","__export__.res_users_22_942f71e3","2026-06-17 17:39:26","__export__.res_partner_7_0dba4ff7","","Nothing to Invoice","2026-06-17 17:39:19","False","sales_team.team_sales_department","base.user_admin","Quotation","4.5"
"__export__.sale_order_151840_64cf9041","D151826","__export__.res_users_22_942f71e3","2026-06-16 16:40:12","__export__.res_partner_836_c4aef084","","Fully Invoiced","2026-06-17 16:34:40","True","__export__.crm_team_177_f958c6ae","__export__.res_users_22_942f71e3","Locked","643.65"
"__export__.sale_order_151839_ea5c1102","D151825","__export__.res_users_22_942f71e3","2026-06-16 16:37:12","__export__.res_partner_1902_ccd0273d","","Fully Invoiced","2026-06-17 16:34:34","True","__export__.crm_team_307_99b774f0","__export__.res_users_22_942f71e3","Locked","508.69"
"__export__.sale_order_151836_c08665eb","D151822","__export__.res_users_22_942f71e3","2026-06-16 16:04:49","__export__.res_partner_2153_c45fc7ac","","Fully Invoiced","2026-06-17 16:01:59","True","__export__.crm_team_229_a2ef141e","__export__.res_users_22_942f71e3","Locked","26.42"
"__export__.sale_order_151838_6170162b","D151824","__export__.res_users_22_942f71e3","2026-06-16 16:07:13","__export__.res_partner_2439_4f2c50b2","","Fully Invoiced","2026-06-17 16:01:58","True","__export__.crm_team_231_ec27440e","__export__.res_users_22_942f71e3","Locked","265.27"
"__export__.sale_order_151837_da1733c7","D151823","__export__.res_users_22_942f71e3","2026-06-16 16:05:10","__export__.res_partner_1056_6ffac8c3","","Fully Invoiced","2026-06-17 16:01:51","True","__export__.crm_team_229_a2ef141e","__export__.res_users_22_942f71e3","Locked","310.1"
"__export__.sale_order_151712_75ace762","D151698","__export__.res_users_14_42108d61","2026-06-15 15:46:22","__export__.res_partner_1957_a443459e","","Fully Invoiced","2026-06-17 15:45:21","True","__export__.crm_team_229_a2ef141e","__export__.res_users_14_42108d61","Locked","210.96"
"__export__.sale_order_151834_a53fa8e8","D151820","__export__.res_users_22_942f71e3","2026-06-16 15:24:37","__export__.res_partner_1185_72a27e84","","Fully Invoiced","2026-06-17 15:23:38","True","__export__.crm_team_229_a2ef141e","__export__.res_users_22_942f71e3","Locked","135.9"
"__export__.sale_order_151835_ec086141","D151821","__export__.res_users_22_942f71e3","2026-06-16 15:30:44","__export__.res_partner_1276_3d2b8258","","Fully Invoiced","2026-06-17 15:20:55","True","__export__.crm_team_102_350bf834","__export__.res_users_22_942f71e3","Locked","690.0"
"__export__.sale_order_151833_80daaa6a","D151819","__export__.res_users_22_942f71e3","2026-06-16 15:23:06","__export__.res_partner_868_bf11b692","","Fully Invoiced","2026-06-17 15:20:46","True","__export__.crm_team_232_fa62cff8","__export__.res_users_22_942f71e3","Locked","370.65"
"__export__.sale_order_151832_653cca28","D151818","__export__.res_users_7_ace94875","2026-06-16 15:14:20","__export__.res_partner_1310_273e440d","","Fully Invoiced","2026-06-17 15:13:06","True","__export__.crm_team_231_ec27440e","__export__.res_users_27_ccf3d93e","Locked","571.58"
"__export__.sale_order_151830_addcd9df","D151816","__export__.res_users_7_ace94875","2026-06-16 15:07:37","__export__.res_partner_2041_ee3f7fe6","","Fully Invoiced","2026-06-17 15:03:44","True","__export__.crm_team_307_99b774f0","__export__.res_users_7_ace94875","Locked","643.69"
"__export__.sale_order_151824_8696a10c","D151810","__export__.res_users_14_42108d61","2026-06-16 13:53:41","__export__.res_partner_2575_bc504dcd","oyama sushi longford","Fully Invoiced","2026-06-17 13:50:18","True","__export__.crm_team_303_6d918a38","__export__.res_users_14_42108d61","Locked","166.94"
"__export__.sale_order_151940_6fa1ff30","D151926","__export__.res_users_10_962e2fe2","2026-06-17 13:29:58","__export__.res_partner_2468_e2144f10","","Fully Invoiced","2026-06-17 13:29:36","True","__export__.crm_team_69_17e53434","__export__.res_users_10_962e2fe2","Locked","5.5"
"__export__.sale_order_151823_4ff9830e","D151809","__export__.res_users_30_f31202ea","2026-06-16 13:28:28","__export__.res_partner_2574_2c68edd3","","Fully Invoiced","2026-06-17 13:27:39","True","__export__.crm_team_277_1848bdf1","__export__.res_users_30_f31202ea","Locked","18.0"
"__export__.sale_order_151939_8759ef9f","D151925","__export__.res_users_10_962e2fe2","2026-06-17 13:24:32","__export__.res_partner_1169_1c794ad0","","Fully Invoiced","2026-06-17 13:21:08","True","__export__.crm_team_69_17e53434","__export__.res_users_10_962e2fe2","Locked","91.85"
"__export__.sale_order_151735_fa4ab3ee","D151721","__export__.res_users_18_297f6f55","2026-06-15 23:13:13","__export__.res_partner_988_d8939c6f","","Fully Invoiced","2026-06-17 13:11:25","True","__export__.crm_team_292_464da319","__export__.res_users_18_297f6f55","Locked","324.8"
"__export__.sale_order_151821_28b33ae0","D151807","__export__.res_users_10_962e2fe2","2026-06-16 13:05:09","__export__.res_partner_1186_0ccffa35","","Fully Invoiced","2026-06-17 13:01:46","True","__export__.crm_team_230_30056844","__export__.res_users_10_962e2fe2","Locked","761.14"
"__export__.sale_order_151819_91d1ae22","D151805","__export__.res_users_22_942f71e3","2026-06-16 12:34:35","__export__.res_partner_692_5b156858","","Fully Invoiced","2026-06-17 12:34:17","True","__export__.crm_team_290_b4e2eca7","__export__.res_users_22_942f71e3","Locked","20.0"
"__export__.sale_order_151818_2aefb0de","D151804","__export__.res_users_30_f31202ea","2026-06-16 12:08:40","__export__.res_partner_2461_67186b5c","","Fully Invoiced","2026-06-17 12:01:28","True","__export__.crm_team_232_fa62cff8","__export__.res_users_27_ccf3d93e","Locked","491.25"
"__export__.sale_order_151704_cb621f48","D151690","__export__.res_users_7_ace94875","2026-06-15 11:57:57","__export__.res_partner_1846_53c72dc8","已给","Fully Invoiced","2026-06-17 11:57:37","True","__export__.crm_team_59_95d20efd","__export__.res_users_7_ace94875","Locked","1596.0"
"__export__.sale_order_151814_e4db2c7a","D151800","__export__.res_users_10_962e2fe2","2026-06-16 11:50:38","__export__.res_partner_1559_7f2ffb8d","已给","Fully Invoiced","2026-06-17 11:49:33","True","__export__.crm_team_69_17e53434","__export__.res_users_10_962e2fe2","Locked","413.14"
"__export__.sale_order_151699_959e1c34","D151685","__export__.res_users_7_ace94875","2026-06-15 11:48:16","__export__.res_partner_2513_a46f719e","","Fully Invoiced","2026-06-17 11:44:57","True","__export__.crm_team_80_d86e22d9","__export__.res_users_7_ace94875","Sales Order","624.3"
"__export__.sale_order_151937_840934d0","D151923","__export__.res_users_7_ace94875","2026-06-17 11:41:31","__export__.res_partner_722_a1e752a4","pricelist","Nothing to Invoice","2026-06-17 11:39:10","False","sales_team.team_sales_department","__export__.res_users_28_e1e8c9ed","Quotation","298.0"
"__export__.sale_order_151936_1094ad27","D151922","__export__.res_users_22_942f71e3","2026-06-17 11:36:39","__export__.res_partner_1996_02dfe9a1","","Fully Invoiced","2026-06-17 11:36:26","True","__export__.crm_team_304_3a77ed67","__export__.res_users_14_42108d61","Locked","29.5"
"__export__.sale_order_151935_fdfe40fe","D151921","__export__.res_users_22_942f71e3","2026-06-17 11:35:01","__export__.res_partner_2565_53a13714","","Fully Invoiced","2026-06-17 11:33:59","True","__export__.crm_team_304_3a77ed67","__export__.res_users_22_942f71e3","Locked","21.31"
"__export__.sale_order_151822_21c07d5d","D151808","__export__.res_users_30_f31202ea","2026-06-16 13:11:07","__export__.res_partner_2566_0a567560","","Fully Invoiced","2026-06-17 11:23:33","True","__export__.crm_team_277_1848bdf1","__export__.res_users_30_f31202ea","Locked","71.95"
"__export__.sale_order_151694_748d9a0a","D151680","__export__.res_users_10_962e2fe2","2026-06-15 11:26:13","__export__.res_partner_1597_d10f2147","已给","Fully Invoiced","2026-06-17 11:20:13","True","__export__.crm_team_69_17e53434","__export__.res_users_10_962e2fe2","Locked","1242.56"
"__export__.sale_order_151812_003ad210","D151798","__export__.res_users_10_962e2fe2","2026-06-16 11:38:44","__export__.res_partner_1777_fc02ee70","","Fully Invoiced","2026-06-17 11:13:56","True","__export__.crm_team_162_05a89d8e","__export__.res_users_10_962e2fe2","Locked","209.02"
"__export__.sale_order_151929_d84f975b","D151915","__export__.res_users_22_942f71e3","2026-06-17 11:00:54","__export__.res_partner_1766_b5865f7b","","Fully Invoiced","2026-06-17 10:59:02","True","__export__.crm_team_292_464da319","__export__.res_users_27_ccf3d93e","Locked","160.01"
"__export__.sale_order_151928_ee2ea396","D151914","__export__.res_users_22_942f71e3","2026-06-17 10:58:51","__export__.res_partner_2050_3666fbb2","","Fully Invoiced","2026-06-17 10:58:15","True","__export__.crm_team_291_de9693d0","__export__.res_users_14_42108d61","Locked","115.85"
"__export__.sale_order_151927_847d788f","D151913","__export__.res_users_22_942f71e3","2026-06-17 10:57:57","__export__.res_partner_2446_8e921426","","Fully Invoiced","2026-06-17 10:57:27","True","__export__.crm_team_277_1848bdf1","__export__.res_users_14_42108d61","Locked","24.5"
"__export__.sale_order_151806_db0f28d0","D151792","__export__.res_users_22_942f71e3","2026-06-16 10:48:21","__export__.res_partner_1182_245cfb4b","","Fully Invoiced","2026-06-17 10:47:06","True","__export__.crm_team_80_d86e22d9","__export__.res_users_22_942f71e3","Locked","122.6"
"__export__.sale_order_151926_34d24069","D151912","__export__.res_users_22_942f71e3","2026-06-17 10:30:57","__export__.res_partner_1777_fc02ee70","","Fully Invoiced","2026-06-17 10:30:32","True","__export__.crm_team_162_05a89d8e","__export__.res_users_10_962e2fe2","Locked","45.5"
"__export__.sale_order_151923_53d3a405","D151909","__export__.res_users_30_f31202ea","2026-06-17 10:11:20","__export__.res_partner_2566_0a567560","","Fully Invoiced","2026-06-17 10:10:52","True","__export__.crm_team_277_1848bdf1","__export__.res_users_30_f31202ea","Locked","5.85"
"__export__.sale_order_151924_b8113dbb","D151910","__export__.res_users_22_942f71e3","2026-06-17 10:12:22","__export__.res_partner_2308_0e48bd49","","Fully Invoiced","2026-06-17 10:10:29","True","__export__.crm_team_277_1848bdf1","__export__.res_users_14_42108d61","Locked","180.97"
"__export__.sale_order_151921_f2758b3d","D151907","__export__.res_users_10_962e2fe2","2026-06-17 09:31:37","__export__.res_partner_874_2fe3c6b7","","Fully Invoiced","2026-06-17 09:22:23","True","__export__.crm_team_79_8cb35e83","__export__.res_users_10_962e2fe2","Locked","52.5"
"__export__.sale_order_151920_28588448","D151906","__export__.res_users_7_ace94875","2026-06-17 09:17:16","__export__.res_partner_1343_4cd7555f","","Fully Invoiced","2026-06-17 09:16:24","True","__export__.crm_team_290_b4e2eca7","__export__.res_users_22_942f71e3","Locked","259.1"
"__export__.sale_order_151919_a596ecc0","D151905","__export__.res_users_7_ace94875","2026-06-17 09:08:49","__export__.res_partner_718_eef01ed3","","Fully Invoiced","2026-06-17 09:08:18","True","__export__.crm_team_69_17e53434","__export__.res_users_7_ace94875","Locked","123.2"
"__export__.sale_order_151794_cff0d4a4","D151780","__export__.res_users_10_962e2fe2","2026-06-16 08:54:58","__export__.res_partner_1555_a56443ac","","Fully Invoiced","2026-06-17 08:50:52","True","__export__.crm_team_173_1afa093c","__export__.res_users_22_942f71e3","Locked","79.3"
"__export__.sale_order_151917_ef1da75a","D151903","__export__.res_users_7_ace94875","2026-06-17 08:50:46","__export__.res_partner_1275_1bace639","","Fully Invoiced","2026-06-17 08:47:59","True","__export__.crm_team_292_464da319","__export__.res_users_22_942f71e3","Locked","195.75"
"__export__.sale_order_151916_7c3c4f66","D151902","__export__.res_users_7_ace94875","2026-06-17 08:47:30","__export__.res_partner_2279_95c95e6b","","Fully Invoiced","2026-06-17 08:46:49","True","__export__.crm_team_289_72f3a502","__export__.res_users_10_962e2fe2","Locked","154.73"
"__export__.sale_order_151915_468753f8","D151901","__export__.res_users_22_942f71e3","2026-06-17 08:41:50","__export__.res_partner_1577_224dd31f","","Fully Invoiced","2026-06-17 08:41:27","True","__export__.crm_team_69_17e53434","__export__.res_users_22_942f71e3","Locked","49.5"
"__export__.sale_order_151914_ee1b6217","D151900","__export__.res_users_10_962e2fe2","2026-06-17 08:40:42","__export__.res_partner_2563_bf1a8785","已给","Fully Invoiced","2026-06-17 08:39:15","True","__export__.crm_team_69_17e53434","__export__.res_users_14_42108d61","Locked","276.09"
"__export__.sale_order_151918_ac7dd748","D151904","__export__.res_users_10_962e2fe2","2026-06-17 08:56:53","__export__.res_partner_818_8185df11","","Fully Invoiced","2026-06-17 08:29:52","True","__export__.crm_team_79_8cb35e83","__export__.res_users_10_962e2fe2","Locked","319.14"
"__export__.sale_order_151910_e0278193","D151896","__export__.res_users_10_962e2fe2","2026-06-17 08:20:12","__export__.res_partner_1324_6d2ce121","","Fully Invoiced","2026-06-17 08:19:29","True","__export__.crm_team_290_b4e2eca7","__export__.res_users_10_962e2fe2","Locked","66.7"
"__export__.sale_order_151912_f4acdea8","D151898","__export__.res_users_22_942f71e3","2026-06-17 08:20:18","__export__.res_partner_779_e2009285","","Fully Invoiced","2026-06-17 08:18:35","True","__export__.crm_team_229_a2ef141e","__export__.res_users_22_942f71e3","Locked","203.31"
"__export__.sale_order_151909_374a93b9","D151895","__export__.res_users_22_942f71e3","2026-06-17 08:18:17","__export__.res_partner_2276_0cc5de73","","Fully Invoiced","2026-06-17 08:16:47","True","__export__.crm_team_96_8d48bd6a","__export__.res_users_10_962e2fe2","Locked","368.3"
"__export__.sale_order_151911_47257a0c","D151897","__export__.res_users_10_962e2fe2","2026-06-17 08:20:14","__export__.res_partner_945_acf591c0","","Fully Invoiced","2026-06-17 08:12:49","True","__export__.crm_team_290_b4e2eca7","__export__.res_users_10_962e2fe2","Locked","142.08"
"__export__.sale_order_151908_c3350626","D151894","__export__.res_users_10_962e2fe2","2026-06-17 08:12:10","__export__.res_partner_1597_d10f2147","已给","Fully Invoiced","2026-06-17 08:08:52","True","__export__.crm_team_69_17e53434","__export__.res_users_10_962e2fe2","Locked","211.68"
"__export__.sale_order_151907_577a8570","D151893","__export__.res_users_10_962e2fe2","2026-06-17 08:07:00","__export__.res_partner_2226_073d5a5a","","Fully Invoiced","2026-06-17 08:06:09","True","__export__.crm_team_274_8b9d8c38","__export__.res_users_10_962e2fe2","Locked","290.95"
"__export__.sale_order_151906_3219a8ca","D151892","__export__.res_users_10_962e2fe2","2026-06-17 08:04:29","__export__.res_partner_1596_3194d941","","Fully Invoiced","2026-06-17 08:03:04","True","__export__.crm_team_289_72f3a502","__export__.res_users_10_962e2fe2","Locked","268.94"
"__export__.sale_order_151905_f8f73ec7","D151891","__export__.res_users_10_962e2fe2","2026-06-17 08:03:00","__export__.res_partner_1765_68d5fb5a","","Fully Invoiced","2026-06-17 08:02:25","True","__export__.crm_team_275_339b1b1f","__export__.res_users_10_962e2fe2","Locked","126.0"
"__export__.sale_order_151663_811a6c11","D151649","__export__.res_users_14_42108d61","2026-06-15 07:51:26","__export__.res_partner_2313_a79188fd","","Fully Invoiced","2026-06-17 07:48:46","True","__export__.crm_team_278_1a2d18d7","__export__.res_users_14_42108d61","Sales Order","198.36"
"__export__.sale_order_151904_e3f2fb6c","D151890","__export__.res_users_7_ace94875","2026-06-17 07:31:29","__export__.res_partner_1313_4ce22376","","Fully Invoiced","2026-06-17 07:30:44","True","__export__.crm_team_275_339b1b1f","__export__.res_users_7_ace94875","Locked","301.2"
"__export__.sale_order_151903_bcb26cc4","D151889","__export__.res_users_7_ace94875","2026-06-17 07:29:53","__export__.res_partner_1008_4287ea11","","Fully Invoiced","2026-06-17 07:28:18","True","__export__.crm_team_289_72f3a502","__export__.res_users_7_ace94875","Locked","126.69"
"__export__.sale_order_151902_91eb63ad","D151888","__export__.res_users_7_ace94875","2026-06-17 07:26:50","__export__.res_partner_702_52a425d1","","Fully Invoiced","2026-06-17 07:25:16","True","__export__.crm_team_275_339b1b1f","__export__.res_users_8_fb87432d","Locked","376.35"
"__export__.sale_order_151901_a641e237","D151887","__export__.res_users_7_ace94875","2026-06-17 07:24:47","__export__.res_partner_1616_533a6f33","","Fully Invoiced","2026-06-17 07:24:10","True","__export__.crm_team_274_8b9d8c38","__export__.res_users_7_ace94875","Locked","162.4"
"__export__.sale_order_151659_c2e4b57f","D151645","__export__.res_users_14_42108d61","2026-06-15 07:26:09","__export__.res_partner_1659_79eeabb8","","To Invoice","2026-06-17 07:20:52","False","__export__.crm_team_277_1848bdf1","__export__.res_users_14_42108d61","Sales Order","631.32"
"__export__.sale_order_151900_c25b33e0","D151886","__export__.res_users_7_ace94875","2026-06-17 07:23:27","__export__.res_partner_1162_84b0db9d","","Fully Invoiced","2026-06-17 07:20:20","True","__export__.crm_team_289_72f3a502","__export__.res_users_7_ace94875","Locked","307.62"
"__export__.sale_order_151765_72d84748","D151751","__export__.res_users_14_42108d61","2026-06-16 07:11:26","__export__.res_partner_2309_ef552f8d","","Fully Invoiced","2026-06-17 07:10:55","True","__export__.crm_team_278_1a2d18d7","__export__.res_users_14_42108d61","Locked","63.5"
"__export__.sale_order_151651_10788814","D151637","__export__.res_users_14_42108d61","2026-06-15 06:52:22","__export__.res_partner_2421_5ad3698c","","Fully Invoiced","2026-06-17 06:51:47","True","__export__.crm_team_306_f21cf977","__export__.res_users_14_42108d61","Locked","17.58"
"__export__.sale_order_151650_a3243799","D151636","__export__.res_users_14_42108d61","2026-06-15 06:51:41","__export__.res_partner_1996_02dfe9a1","","Fully Invoiced","2026-06-17 06:50:11","True","__export__.crm_team_306_f21cf977","__export__.res_users_14_42108d61","Locked","492.45"
"__export__.sale_order_151764_5b403178","D151750","__export__.res_users_14_42108d61","2026-06-16 04:53:49","__export__.res_partner_2316_f148451d","","Fully Invoiced","2026-06-17 04:52:06","True","__export__.crm_team_278_1a2d18d7","__export__.res_users_14_42108d61","Locked","880.04"
"__export__.sale_order_151762_80021f0f","D151748","__export__.res_users_14_42108d61","2026-06-16 04:08:01","__export__.res_partner_1580_114248c1","","To Invoice","2026-06-17 04:06:16","True","__export__.crm_team_173_1afa093c","__export__.res_users_14_42108d61","Locked","219.1"
"__export__.sale_order_151761_b60b5ef4","D151747","__export__.res_users_14_42108d61","2026-06-16 03:52:17","__export__.res_partner_1908_ea3dae73","","Fully Invoiced","2026-06-17 03:48:33","True","__export__.crm_team_276_22e06523","__export__.res_users_14_42108d61","Locked","61.23"
"__export__.sale_order_151760_4a90c670","D151746","__export__.res_users_14_42108d61","2026-06-16 03:47:12","__export__.res_partner_2534_e3526e96","","Fully Invoiced","2026-06-17 03:45:08","True","__export__.crm_team_276_22e06523","__export__.res_users_14_42108d61","Locked","98.76"
"__export__.sale_order_151898_42126041","D151884","__export__.res_users_14_42108d61","2026-06-17 03:49:33","__export__.res_partner_2446_8e921426","","Fully Invoiced","2026-06-17 03:44:02","True","__export__.crm_team_276_22e06523","__export__.res_users_14_42108d61","Locked","266.38"
"__export__.sale_order_151897_8b3e0b1d","D151883","__export__.res_users_14_42108d61","2026-06-17 03:43:00","__export__.res_partner_2255_4623fdf7","","Fully Invoiced","2026-06-17 03:42:03","True","__export__.crm_team_305_c2537a3b","__export__.res_users_14_42108d61","Locked","64.5"
"__export__.sale_order_151895_17730d82","D151881","__export__.res_users_14_42108d61","2026-06-17 03:42:00","__export__.res_partner_2255_4623fdf7","","Fully Invoiced","2026-06-17 03:37:14","True","__export__.crm_team_305_c2537a3b","__export__.res_users_14_42108d61","Locked","88.0"
"__export__.sale_order_151894_db490ebf","D151880","__export__.res_users_14_42108d61","2026-06-17 03:36:15","__export__.res_partner_2255_4623fdf7","","Fully Invoiced","2026-06-17 03:32:53","True","__export__.crm_team_305_c2537a3b","__export__.res_users_14_42108d61","Locked","30.5"
"__export__.sale_order_151893_28f893ca","D151879","__export__.res_users_14_42108d61","2026-06-17 03:31:31","__export__.res_partner_2267_98083fbf","","Fully Invoiced","2026-06-17 03:27:54","True","__export__.crm_team_303_6d918a38","__export__.res_users_14_42108d61","Locked","182.99"
"__export__.sale_order_151892_d451bfbc","D151878","__export__.res_users_14_42108d61","2026-06-17 03:27:37","__export__.res_partner_1844_cb1a3c17","","Fully Invoiced","2026-06-17 03:26:37","True","__export__.crm_team_228_ec7099f7","__export__.res_users_14_42108d61","Locked","342.9"
"__export__.sale_order_151891_db036572","D151877","__export__.res_users_14_42108d61","2026-06-17 03:24:48","__export__.res_partner_2217_6a625381","","To Invoice","2026-06-17 03:20:46","True","__export__.crm_team_303_6d918a38","__export__.res_users_14_42108d61","Locked","170.95"
"__export__.sale_order_151890_5d20d6a0","D151876","__export__.res_users_14_42108d61","2026-06-17 02:59:20","__export__.res_partner_1003_ca286395","","Fully Invoiced","2026-06-17 02:58:30","True","__export__.crm_team_78_db60447e","__export__.res_users_10_962e2fe2","Locked","135.5"
"__export__.sale_order_151889_9606bca2","D151875","__export__.res_users_14_42108d61","2026-06-17 02:55:17","__export__.res_partner_2522_4ddc00ff","","Fully Invoiced","2026-06-17 02:54:48","True","__export__.crm_team_274_8b9d8c38","__export__.res_users_10_962e2fe2","Locked","67.63"
"__export__.sale_order_151887_3b0d8152","D151873","__export__.res_users_14_42108d61","2026-06-17 02:53:36","__export__.res_partner_1781_a043f483","","Fully Invoiced","2026-06-17 02:53:03","True","__export__.crm_team_228_ec7099f7","__export__.res_users_10_962e2fe2","Locked","81.85"
"__export__.sale_order_151886_3d6b819f","D151872","__export__.res_users_14_42108d61","2026-06-17 02:51:31","__export__.res_partner_1869_c2b3c1c3","","Fully Invoiced","2026-06-17 02:51:05","True","__export__.crm_team_78_db60447e","__export__.res_users_14_42108d61","Locked","71.57"
"__export__.sale_order_151885_7cb9fa31","D151871","__export__.res_users_14_42108d61","2026-06-17 02:51:02","__export__.res_partner_1820_6043d6fd","","Fully Invoiced","2026-06-17 02:44:41","True","__export__.crm_team_289_72f3a502","__export__.res_users_14_42108d61","Locked","416.65"
"__export__.sale_order_151884_b9352be6","D151870","__export__.res_users_14_42108d61","2026-06-17 02:44:11","__export__.res_partner_2536_e53ff52d","","Fully Invoiced","2026-06-17 02:39:25","True","__export__.crm_team_289_72f3a502","__export__.res_users_14_42108d61","Sales Order","220.35"
"__export__.sale_order_151883_09def000","D151869","__export__.res_users_14_42108d61","2026-06-17 02:37:36","__export__.res_partner_1576_8c8f7051","","Fully Invoiced","2026-06-17 02:37:05","True","__export__.crm_team_274_8b9d8c38","__export__.res_users_14_42108d61","Locked","198.85"
"__export__.sale_order_151882_6267a0f6","D151868","__export__.res_users_14_42108d61","2026-06-17 02:36:42","__export__.res_partner_907_99000eb5","","Fully Invoiced","2026-06-17 02:35:48","True","__export__.crm_team_78_db60447e","__export__.res_users_14_42108d61","Locked","165.19"
"__export__.sale_order_151880_d32d33ce","D151866","__export__.res_users_14_42108d61","2026-06-17 02:34:45","__export__.res_partner_1845_ce74c057","","Fully Invoiced","2026-06-17 02:34:20","True","__export__.crm_team_78_db60447e","__export__.res_users_14_42108d61","Locked","20.5"
"__export__.sale_order_151879_0353397f","D151865","__export__.res_users_14_42108d61","2026-06-17 02:34:00","__export__.res_partner_902_081ecc25","","To Invoice","2026-06-17 02:33:07","True","__export__.crm_team_79_8cb35e83","__export__.res_users_14_42108d61","Locked","215.48"
"__export__.sale_order_151878_205e2746","D151864","__export__.res_users_14_42108d61","2026-06-17 02:31:36","__export__.res_partner_2255_4623fdf7","","Fully Invoiced","2026-06-17 02:30:48","True","__export__.crm_team_305_c2537a3b","__export__.res_users_14_42108d61","Locked","17.5"
"__export__.sale_order_151877_d006b8e3","D151863","__export__.res_users_14_42108d61","2026-06-17 02:25:51","__export__.res_partner_1994_4bb952c0","","Fully Invoiced","2026-06-17 02:16:04","True","__export__.crm_team_228_ec7099f7","__export__.res_users_14_42108d61","Locked","459.5"
"__export__.sale_order_151876_2ad3f01f","D151862","__export__.res_users_14_42108d61","2026-06-17 02:14:08","__export__.res_partner_2510_f6a1dc97","","To Invoice","2026-06-17 02:11:24","True","__export__.crm_team_228_ec7099f7","__export__.res_users_14_42108d61","Locked","237.55"
"__export__.sale_order_151875_fc511dcf","D151861","__export__.res_users_14_42108d61","2026-06-17 02:10:31","__export__.res_partner_2050_3666fbb2","","Fully Invoiced","2026-06-17 02:09:16","True","__export__.crm_team_290_b4e2eca7","__export__.res_users_14_42108d61","Locked","154.0"
"__export__.sale_order_151874_e1eb88f0","D151860","__export__.res_users_14_42108d61","2026-06-17 02:05:55","__export__.res_partner_2025_49c6eb0a","","To Invoice","2026-06-17 02:02:41","True","__export__.crm_team_277_1848bdf1","__export__.res_users_14_42108d61","Locked","643.91"
"__export__.sale_order_151873_874fca24","D151859","__export__.res_users_14_42108d61","2026-06-17 02:02:13","__export__.res_partner_2255_4623fdf7","","Fully Invoiced","2026-06-17 01:56:54","True","__export__.crm_team_305_c2537a3b","__export__.res_users_14_42108d61","Locked","643.95"
"__export__.sale_order_151872_64310bd8","D151858","__export__.res_users_14_42108d61","2026-06-17 02:02:08","__export__.res_partner_1943_4723f40d","","Fully Invoiced","2026-06-17 01:56:51","True","__export__.crm_team_305_c2537a3b","__export__.res_users_14_42108d61","Locked","604.69"
"__export__.sale_order_151871_748954ca","D151857","__export__.res_users_14_42108d61","2026-06-17 01:55:14","__export__.res_partner_2243_02cf6114","","Fully Invoiced","2026-06-17 01:53:11","True","__export__.crm_team_303_6d918a38","__export__.res_users_14_42108d61","Locked","806.28"
"__export__.sale_order_151870_9b83f255","D151856","__export__.res_users_14_42108d61","2026-06-17 01:48:53","__export__.res_partner_1574_240fc290","","Fully Invoiced","2026-06-17 01:45:46","True","__export__.crm_team_303_6d918a38","__export__.res_users_14_42108d61","Locked","379.3"
"__export__.sale_order_151733_e2dbd306","D151719","__export__.res_users_7_ace94875","2026-06-15 22:48:53","__export__.res_partner_2528_3c630577","","Fully Invoiced","2026-06-16 22:46:46","True","__export__.crm_team_289_72f3a502","__export__.res_users_7_ace94875","Locked","112.5"
"__export__.sale_order_151732_815821f8","D151718","__export__.res_users_7_ace94875","2026-06-15 22:46:02","__export__.res_partner_2424_82fac167","","Fully Invoiced","2026-06-16 22:43:55","True","__export__.crm_team_227_ffd73472","__export__.res_users_28_e1e8c9ed","Locked","159.0"
"__export__.sale_order_151731_e4fb615d","D151717","__export__.res_users_7_ace94875","2026-06-15 22:40:38","__export__.res_partner_2462_884eb14e","","Fully Invoiced","2026-06-16 22:39:35","True","__export__.crm_team_227_ffd73472","__export__.res_users_28_e1e8c9ed","Locked","96.4"
"__export__.sale_order_151730_0d96c81e","D151716","__export__.res_users_7_ace94875","2026-06-15 22:35:23","__export__.res_partner_1162_84b0db9d","","Fully Invoiced","2026-06-16 22:30:57","True","__export__.crm_team_289_72f3a502","__export__.res_users_7_ace94875","Locked","223.15"
"__export__.sale_order_151729_6bcb4948","D151715","__export__.res_users_30_f31202ea","2026-06-15 21:40:58","__export__.res_partner_768_72edcbdb","","Fully Invoiced","2026-06-16 21:40:24","True","__export__.crm_team_301_cac40131","__export__.res_users_30_f31202ea","Locked","62.0"
"__export__.sale_order_151539_60a01453","D151525","__export__.res_users_30_f31202ea","2026-06-14 21:37:59","__export__.res_partner_777_34183bd5","","Fully Invoiced","2026-06-16 21:36:31","True","__export__.crm_team_303_6d918a38","__export__.res_users_27_ccf3d93e","Locked","144.85"
"__export__.sale_order_151727_664ec1f6","D151713","__export__.res_users_30_f31202ea","2026-06-15 21:28:51","__export__.res_partner_1042_4b562afb","","Fully Invoiced","2026-06-16 21:27:26","True","__export__.crm_team_301_cac40131","__export__.res_users_30_f31202ea","Locked","104.9"
"__export__.sale_order_151726_ae7564f9","D151712","__export__.res_users_30_f31202ea","2026-06-15 21:23:34","__export__.res_partner_2026_b3659e1c","","Fully Invoiced","2026-06-16 21:20:32","True","__export__.crm_team_232_fa62cff8","__export__.res_users_7_ace94875","Locked","258.8"
"__export__.sale_order_151725_bf7ae7bc","D151711","__export__.res_users_30_f31202ea","2026-06-15 21:22:39","__export__.res_partner_800_a1949b1d","","Fully Invoiced","2026-06-16 21:16:11","True","__export__.crm_team_51_075d42c1","__export__.res_users_30_f31202ea","Locked","230.28"
"__export__.sale_order_151724_2d976bdf","D151710","__export__.res_users_30_f31202ea","2026-06-15 21:12:54","__export__.res_partner_1994_4bb952c0","","Fully Invoiced","2026-06-16 21:09:03","True","__export__.crm_team_61_8dc82ae3","__export__.res_users_14_42108d61","Locked","339.9"
"__export__.sale_order_151723_8d4f66a5","D151709","__export__.res_users_30_f31202ea","2026-06-15 21:00:21","__export__.res_partner_1258_90945fa0","","Fully Invoiced","2026-06-16 20:22:03","True","__export__.crm_team_229_a2ef141e","__export__.res_users_14_42108d61","Locked","283.95"
"__export__.sale_order_151722_0cc314da","D151708","__export__.res_users_30_f31202ea","2026-06-15 20:50:32","__export__.res_partner_2464_6b8b8041","","Fully Invoiced","2026-06-16 20:16:35","True","__export__.crm_team_231_ec27440e","__export__.res_users_7_ace94875","Locked","156.1"
"__export__.sale_order_151721_7589aa4b","D151707","__export__.res_users_30_f31202ea","2026-06-15 20:16:19","__export__.res_partner_2029_983ad619","","Fully Invoiced","2026-06-16 20:12:26","True","__export__.crm_team_290_b4e2eca7","__export__.res_users_22_942f71e3","Locked","3.25"
"__export__.sale_order_151720_a880b750","D151706","__export__.res_users_30_f31202ea","2026-06-15 20:15:22","__export__.res_partner_1900_f609d842","","Fully Invoiced","2026-06-16 20:12:03","True","__export__.crm_team_290_b4e2eca7","__export__.res_users_22_942f71e3","Locked","277.75"
"__export__.sale_order_151719_e89c31e4","D151705","__export__.res_users_30_f31202ea","2026-06-15 20:11:27","__export__.res_partner_1869_c2b3c1c3","","Fully Invoiced","2026-06-16 20:08:46","True","__export__.crm_team_302_0f8f613a","__export__.res_users_30_f31202ea","Locked","155.0"
"__export__.sale_order_151718_4d38a5c5","D151704","__export__.res_users_30_f31202ea","2026-06-15 20:08:24","__export__.res_partner_1170_d47a6860","","Fully Invoiced","2026-06-16 20:05:07","True","__export__.crm_team_232_fa62cff8","__export__.res_users_22_942f71e3","Locked","150.19"
"__export__.sale_order_151717_6abd5f47","D151703","__export__.res_users_30_f31202ea","2026-06-15 20:03:57","__export__.res_partner_1237_e8a3ce1f","","Fully Invoiced","2026-06-16 20:01:27","True","__export__.crm_team_98_821e316c","__export__.res_users_7_ace94875","Locked","302.85"
"__export__.sale_order_151716_78c41e3a","D151702","__export__.res_users_30_f31202ea","2026-06-15 19:59:23","__export__.res_partner_866_7023b017","","Fully Invoiced","2026-06-16 19:55:57","True","__export__.crm_team_227_ffd73472","__export__.res_users_8_fb87432d","Locked","457.85"
"__export__.sale_order_151715_5ec50aa7","D151701","__export__.res_users_30_f31202ea","2026-06-15 19:55:26","__export__.res_partner_1577_224dd31f","","Fully Invoiced","2026-06-16 19:42:37","True","__export__.crm_team_227_ffd73472","__export__.res_users_30_f31202ea","Locked","101.7"
"__export__.sale_order_151713_d5a4ff22","D151699","__export__.res_users_30_f31202ea","2026-06-15 19:27:59","__export__.res_partner_1242_ea55c42a","","Fully Invoiced","2026-06-16 19:24:44","True","__export__.crm_team_229_a2ef141e","__export__.res_users_27_ccf3d93e","Locked","146.6"
"__export__.sale_order_151828_41da37fe","D151814","__export__.res_users_7_ace94875","2026-06-16 14:31:12","__export__.res_partner_1956_e2faafea","","Fully Invoiced","2026-06-16 14:30:48","True","__export__.crm_team_304_3a77ed67","__export__.res_users_7_ace94875","Locked","82.0"
"__export__.sale_order_151827_bcf177e0","D151813","__export__.res_users_7_ace94875","2026-06-16 14:30:31","__export__.res_partner_1204_0e526973","此单取消！！！","To Invoice","2026-06-16 14:30:12","True","__export__.crm_team_230_30056844","__export__.res_users_14_42108d61","Locked","43.05"
"__export__.sale_order_151826_9824134f","D151812","__export__.res_users_30_f31202ea","2026-06-16 14:11:07","__export__.res_partner_1204_0e526973","","Fully Invoiced","2026-06-16 14:10:41","True","__export__.crm_team_230_30056844","__export__.res_users_14_42108d61","Locked","43.05"
"__export__.sale_order_151825_59624e77","D151811","__export__.res_users_30_f31202ea","2026-06-16 14:01:57","__export__.res_partner_749_a964f4ef","","Fully Invoiced","2026-06-16 14:00:36","True","__export__.crm_team_69_17e53434","__export__.res_users_7_ace94875","Locked","92.72"
"__export__.sale_order_151742_d3cd89aa","D151728","__export__.res_users_18_297f6f55","2026-06-15 23:21:23","__export__.res_partner_1558_b4bd7d3c","","Fully Invoiced","2026-06-16 13:20:37","True","__export__.crm_team_292_464da319","__export__.res_users_8_fb87432d","Locked","182.85"
"__export__.sale_order_151741_fbdef801","D151727","__export__.res_users_18_297f6f55","2026-06-15 23:20:14","__export__.res_partner_2062_392da815","","Fully Invoiced","2026-06-16 13:18:37","True","__export__.crm_team_292_464da319","__export__.res_users_8_fb87432d","Locked","1067.99"
"__export__.sale_order_151736_17311ea5","D151722","__export__.res_users_18_297f6f55","2026-06-15 23:14:31","__export__.res_partner_1218_e07a11df","","Fully Invoiced","2026-06-16 13:13:39","True","__export__.crm_team_51_075d42c1","__export__.res_users_22_942f71e3","Locked","153.25"
"__export__.sale_order_151734_162dcabc","D151720","__export__.res_users_18_297f6f55","2026-06-15 23:11:04","__export__.res_partner_2190_84d97c3f","","Fully Invoiced","2026-06-16 13:09:48","True","__export__.crm_team_303_6d918a38","__export__.res_users_22_942f71e3","Locked","280.5"
"__export__.sale_order_151820_231a055a","D151806","__export__.res_users_22_942f71e3","2026-06-16 12:55:02","__export__.res_partner_2476_b71daae1","","Fully Invoiced","2026-06-16 12:54:26","True","__export__.crm_team_69_17e53434","__export__.res_users_7_ace94875","Locked","41.08"
"__export__.sale_order_151816_9e8a03cf","D151802","__export__.res_users_30_f31202ea","2026-06-16 12:04:44","__export__.res_partner_2468_e2144f10","","Fully Invoiced","2026-06-16 12:04:17","True","__export__.crm_team_69_17e53434","__export__.res_users_10_962e2fe2","Locked","58.5"
"__export__.sale_order_151817_02f81a88","D151803","__export__.res_users_10_962e2fe2","2026-06-16 12:06:56","__export__.res_partner_1610_31b1ef64","","Fully Invoiced","2026-06-16 12:03:56","True","__export__.crm_team_304_3a77ed67","__export__.res_users_7_ace94875","Locked","88.44"
"__export__.sale_order_151815_8d99d7cc","D151801","__export__.res_users_22_942f71e3","2026-06-16 12:02:15","__export__.res_partner_983_702ffadd","","Fully Invoiced","2026-06-16 12:02:00","True","__export__.crm_team_304_3a77ed67","__export__.res_users_27_ccf3d93e","Locked","2.2"
"__export__.sale_order_151700_bd7b4067","D151686","__export__.res_users_7_ace94875","2026-06-15 11:51:01","__export__.res_partner_983_702ffadd","","Fully Invoiced","2026-06-16 11:50:23","True","__export__.crm_team_303_6d918a38","__export__.res_users_27_ccf3d93e","Locked","290.5"
"__export__.sale_order_151698_a60819c7","D151684","__export__.res_users_7_ace94875","2026-06-15 11:46:55","__export__.res_partner_2512_8ed6bf07","","Fully Invoiced","2026-06-16 11:44:46","True","__export__.crm_team_275_339b1b1f","__export__.res_users_7_ace94875","Locked","942.75"
"__export__.sale_order_151813_5834a2ed","D151799","__export__.res_users_10_962e2fe2","2026-06-16 11:40:43","__export__.res_partner_2468_e2144f10","","Fully Invoiced","2026-06-16 11:40:26","True","__export__.crm_team_69_17e53434","__export__.res_users_10_962e2fe2","Locked","25.0"
"__export__.sale_order_151811_b295b61a","D151797","__export__.res_users_22_942f71e3","2026-06-16 11:34:11","__export__.res_partner_1816_25501dc0","","Fully Invoiced","2026-06-16 11:33:46","True","__export__.crm_team_304_3a77ed67","__export__.res_users_14_42108d61","Locked","13.62"
"__export__.sale_order_151810_2dfdda4a","D151796","__export__.res_users_22_942f71e3","2026-06-16 11:31:43","__export__.res_partner_1204_0e526973","","Fully Invoiced","2026-06-16 11:31:07","True","__export__.crm_team_230_30056844","__export__.res_users_14_42108d61","Locked","26.0"
"__export__.sale_order_151809_003891f0","D151795","__export__.res_users_7_ace94875","2026-06-16 11:14:53","__export__.res_partner_1603_68c3be70","","Fully Invoiced","2026-06-16 11:14:01","True","__export__.crm_team_69_17e53434","__export__.res_users_10_962e2fe2","Locked","177.54"
"__export__.sale_order_151807_cabe33e7","D151793","__export__.res_users_22_942f71e3","2026-06-16 10:58:39","__export__.res_partner_2555_ba76af6c","","Fully Invoiced","2026-06-16 10:56:56","True","__export__.crm_team_69_17e53434","__export__.res_users_22_942f71e3","Locked","283.0"
"__export__.sale_order_151805_74224146","D151791","__export__.res_users_22_942f71e3","2026-06-16 10:44:13","__export__.res_partner_718_eef01ed3","","Fully Invoiced","2026-06-16 10:44:04","True","__export__.crm_team_69_17e53434","__export__.res_users_22_942f71e3","Locked","18.0"
"__export__.sale_order_151803_d4c1ca06","D151789","__export__.res_users_22_942f71e3","2026-06-16 09:53:46","__export__.res_partner_718_eef01ed3","","Fully Invoiced","2026-06-16 09:53:35","True","__export__.crm_team_69_17e53434","__export__.res_users_22_942f71e3","Locked","18.0"
"__export__.sale_order_151804_928e7a40","D151790","__export__.res_users_22_942f71e3","2026-06-16 09:54:56","__export__.res_partner_1816_25501dc0","","Fully Invoiced","2026-06-16 09:51:27","True","__export__.crm_team_304_3a77ed67","__export__.res_users_14_42108d61","Locked","259.5"
"__export__.sale_order_151802_0965dcd1","D151788","__export__.res_users_22_942f71e3","2026-06-16 09:50:33","__export__.res_partner_752_b29ee5f8","","Fully Invoiced","2026-06-16 09:48:41","True","__export__.crm_team_69_17e53434","__export__.res_users_22_942f71e3","Locked","373.29"
"__export__.sale_order_151801_60235769","D151787","__export__.res_users_22_942f71e3","2026-06-16 09:48:25","__export__.res_partner_2352_a590ab32","","Fully Invoiced","2026-06-16 09:47:42","True","__export__.crm_team_291_de9693d0","__export__.res_users_22_942f71e3","Locked","66.81"
"__export__.sale_order_151800_3b5553bf","D151786","__export__.res_users_10_962e2fe2","2026-06-16 09:08:38","__export__.res_partner_1953_c997dcd9","","Fully Invoiced","2026-06-16 09:08:20","True","__export__.crm_team_61_8dc82ae3","__export__.res_users_14_42108d61","Locked","66.0"
"__export__.sale_order_151799_b2058357","D151785","__export__.res_users_22_942f71e3","2026-06-16 09:06:26","__export__.res_partner_902_081ecc25","","Fully Invoiced","2026-06-16 09:06:04","True","__export__.crm_team_302_0f8f613a","__export__.res_users_22_942f71e3","Locked","53.0"
"__export__.sale_order_151796_94dc7949","D151782","__export__.res_users_10_962e2fe2","2026-06-16 09:04:58","__export__.res_partner_747_4ecd91bc","","Fully Invoiced","2026-06-16 09:03:50","True","__export__.crm_team_232_fa62cff8","__export__.res_users_7_ace94875","Locked","85.3"
"__export__.sale_order_151797_a6fab3cf","D151783","__export__.res_users_10_962e2fe2","2026-06-16 09:05:00","__export__.res_partner_1018_7a4e2980","","Fully Invoiced","2026-06-16 09:03:39","True","__export__.crm_team_232_fa62cff8","__export__.res_users_7_ace94875","Locked","102.9"
"__export__.sale_order_151798_780e1de2","D151784","__export__.res_users_10_962e2fe2","2026-06-16 09:06:11","__export__.res_partner_2468_e2144f10","","Fully Invoiced","2026-06-16 09:02:43","True","__export__.crm_team_69_17e53434","__export__.res_users_10_962e2fe2","Locked","47.0"
"__export__.sale_order_151795_5aa46e6f","D151781","__export__.res_users_22_942f71e3","2026-06-16 08:58:46","__export__.res_partner_752_b29ee5f8","","Fully Invoiced","2026-06-16 08:56:38","True","__export__.crm_team_69_17e53434","__export__.res_users_22_942f71e3","Locked","214.35"
"__export__.sale_order_151793_c668b5db","D151779","__export__.res_users_22_942f71e3","2026-06-16 08:45:29","__export__.res_partner_1204_0e526973","","Fully Invoiced","2026-06-16 08:43:14","True","__export__.crm_team_230_30056844","__export__.res_users_14_42108d61","Locked","303.95"
"__export__.sale_order_151790_76a09037","D151776","__export__.res_users_22_942f71e3","2026-06-16 08:38:48","__export__.res_partner_1577_224dd31f","仓库出货","Fully Invoiced","2026-06-16 08:37:54","True","__export__.crm_team_69_17e53434","__export__.res_users_22_942f71e3","Locked","187.95"
"__export__.sale_order_151791_c32032e4","D151777","__export__.res_users_10_962e2fe2","2026-06-16 08:41:23","__export__.res_partner_818_8185df11","RO不要确认","Nothing to Invoice","2026-06-16 08:35:42","True","__export__.crm_team_302_0f8f613a","__export__.res_users_10_962e2fe2","Quotation","1017.25"
"__export__.sale_order_151789_4636ba52","D151775","__export__.res_users_22_942f71e3","2026-06-16 08:37:28","__export__.res_partner_1888_2ef992ac","","Fully Invoiced","2026-06-16 08:35:22","True","__export__.crm_team_290_b4e2eca7","__export__.res_users_18_297f6f55","Locked","258.6"
"__export__.sale_order_151788_717cb37c","D151774","__export__.res_users_22_942f71e3","2026-06-16 08:35:08","__export__.res_partner_2352_a590ab32","","Fully Invoiced","2026-06-16 08:30:59","True","__export__.crm_team_291_de9693d0","__export__.res_users_22_942f71e3","Locked","299.0"
"__export__.sale_order_151744_a2f041ba","D151730","__export__.res_users_22_942f71e3","2026-06-15 23:29:41","__export__.res_partner_1222_205defba","","Fully Invoiced","2026-06-16 08:29:23","True","__export__.crm_team_301_cac40131","__export__.res_users_22_942f71e3","Locked","21.5"
"__export__.sale_order_151787_316310f2","D151773","__export__.res_users_10_962e2fe2","2026-06-16 08:33:57","__export__.res_partner_1985_347e98dc","","Fully Invoiced","2026-06-16 08:28:49","True","__export__.crm_team_305_c2537a3b","__export__.res_users_10_962e2fe2","Locked","259.05"
"__export__.sale_order_151743_7b07c20a","D151729","__export__.res_users_22_942f71e3","2026-06-15 23:29:08","__export__.res_partner_1003_ca286395","","Fully Invoiced","2026-06-16 08:28:32","True","__export__.crm_team_301_cac40131","__export__.res_users_10_962e2fe2","Locked","131.5"
"__export__.sale_order_151786_0ef87558","D151772","__export__.res_users_10_962e2fe2","2026-06-16 08:30:11","__export__.res_partner_1285_cf2b8103","","Fully Invoiced","2026-06-16 08:27:55","True","__export__.crm_team_305_c2537a3b","__export__.res_users_10_962e2fe2","Locked","459.33"
"__export__.sale_order_151784_17b0b462","D151770","__export__.res_users_7_ace94875","2026-06-16 08:27:40","__export__.res_partner_866_7023b017","cancel","Nothing to Invoice","2026-06-16 08:27:05","False","__export__.crm_team_228_ec7099f7","__export__.res_users_8_fb87432d","Quotation","69.5"
"__export__.sale_order_151785_6aaf080d","D151771","__export__.res_users_22_942f71e3","2026-06-16 08:29:00","__export__.res_partner_2290_5cd4b535","","Fully Invoiced","2026-06-16 08:26:34","True","__export__.crm_team_290_b4e2eca7","__export__.res_users_14_42108d61","Locked","129.65"
"__export__.sale_order_151783_02f3a244","D151769","__export__.res_users_10_962e2fe2","2026-06-16 08:26:45","__export__.res_partner_956_89e96401","","Fully Invoiced","2026-06-16 08:25:34","True","__export__.crm_team_51_075d42c1","__export__.res_users_10_962e2fe2","Locked","80.5"
"__export__.sale_order_151781_2f02bb48","D151767","__export__.res_users_10_962e2fe2","2026-06-16 08:26:40","__export__.res_partner_1899_c541e1ae","","Fully Invoiced","2026-06-16 08:23:46","True","__export__.crm_team_51_075d42c1","__export__.res_users_10_962e2fe2","Locked","72.83"
"__export__.sale_order_151782_5701d610","D151768","__export__.res_users_10_962e2fe2","2026-06-16 08:26:42","__export__.res_partner_956_89e96401","","Fully Invoiced","2026-06-16 08:23:13","True","__export__.crm_team_51_075d42c1","__export__.res_users_10_962e2fe2","Locked","43.5"
"__export__.sale_order_151778_85dfa33e","D151764","__export__.res_users_10_962e2fe2","2026-06-16 08:23:00","__export__.res_partner_1610_31b1ef64","早送放后门","Fully Invoiced","2026-06-16 08:18:07","True","__export__.crm_team_304_3a77ed67","__export__.res_users_7_ace94875","Locked","620.07"
"__export__.sale_order_151779_a8759021","D151765","__export__.res_users_7_ace94875","2026-06-16 08:24:48","__export__.res_partner_2563_bf1a8785","","Fully Invoiced","2026-06-16 08:17:03","True","__export__.crm_team_291_de9693d0","__export__.res_users_14_42108d61","Locked","738.75"
"__export__.sale_order_151673_4a051b53","D151659","__export__.res_users_22_942f71e3","2026-06-15 08:16:57","__export__.res_partner_1858_03931cf0","","Fully Invoiced","2026-06-16 08:16:13","True","__export__.crm_team_51_075d42c1","__export__.res_users_22_942f71e3","Locked","124.45"
"__export__.sale_order_151777_12e02c16","D151763","__export__.res_users_10_962e2fe2","2026-06-16 08:18:04","__export__.res_partner_1953_c997dcd9","","Fully Invoiced","2026-06-16 08:15:59","True","__export__.crm_team_61_8dc82ae3","__export__.res_users_14_42108d61","Locked","138.95"
"__export__.sale_order_151780_3b516fb6","D151766","__export__.res_users_22_942f71e3","2026-06-16 08:26:02","__export__.res_partner_1071_44f86fd5","","Fully Invoiced","2026-06-16 08:15:37","True","__export__.crm_team_98_821e316c","__export__.res_users_27_ccf3d93e","Locked","556.16"
"__export__.sale_order_151776_bfdcf620","D151762","__export__.res_users_10_962e2fe2","2026-06-16 08:15:58","__export__.res_partner_2519_9b3545b1","","Fully Invoiced","2026-06-16 08:13:41","True","__export__.crm_team_231_ec27440e","__export__.res_users_10_962e2fe2","Locked","271.55"
"__export__.sale_order_151775_588b38bc","D151761","__export__.res_users_7_ace94875","2026-06-16 08:15:43","__export__.res_partner_2007_3eaeff71","","Fully Invoiced","2026-06-16 08:13:32","True","__export__.crm_team_98_821e316c","__export__.res_users_14_42108d61","Locked","1072.47"
"__export__.sale_order_151774_26bbe89a","D151760","__export__.res_users_10_962e2fe2","2026-06-16 08:13:38","__export__.res_partner_1572_87bf5297","","Fully Invoiced","2026-06-16 08:11:54","True","__export__.crm_team_231_ec27440e","__export__.res_users_10_962e2fe2","Locked","145.2"
"__export__.sale_order_151773_d92fd216","D151759","__export__.res_users_7_ace94875","2026-06-16 08:13:08","__export__.res_partner_2523_69da4468","","Fully Invoiced","2026-06-16 08:11:48","True","__export__.crm_team_290_b4e2eca7","__export__.res_users_7_ace94875","Locked","75.6"
"__export__.sale_order_151772_f809bc05","D151758","__export__.res_users_10_962e2fe2","2026-06-16 08:10:50","__export__.res_partner_850_df312edf","","Fully Invoiced","2026-06-16 08:09:11","True","__export__.crm_team_231_ec27440e","__export__.res_users_10_962e2fe2","Locked","232.14"
"__export__.sale_order_151770_edd4c3f3","D151756","__export__.res_users_10_962e2fe2","2026-06-16 08:09:09","__export__.res_partner_707_b92d9a31","","Fully Invoiced","2026-06-16 08:07:52","True","__export__.crm_team_229_a2ef141e","__export__.res_users_10_962e2fe2","Locked","164.28"
"__export__.sale_order_151771_a7b294bf","D151757","__export__.res_users_22_942f71e3","2026-06-16 08:09:41","__export__.res_partner_696_930a1ccb","","Fully Invoiced","2026-06-16 08:07:33","True","__export__.crm_team_228_ec7099f7","__export__.res_users_22_942f71e3","Locked","293.8"
"__export__.sale_order_151769_ec8ae897","D151755","__export__.res_users_10_962e2fe2","2026-06-16 08:07:50","__export__.res_partner_2219_5346f762","","Fully Invoiced","2026-06-16 08:05:43","True","__export__.crm_team_303_6d918a38","__export__.res_users_10_962e2fe2","Locked","130.35"
"__export__.sale_order_151768_804f9640","D151754","__export__.res_users_10_962e2fe2","2026-06-16 08:05:42","__export__.res_partner_1781_a043f483","","Fully Invoiced","2026-06-16 08:03:47","True","__export__.crm_team_61_8dc82ae3","__export__.res_users_10_962e2fe2","Locked","525.5"
"__export__.sale_order_151767_830ed124","D151753","__export__.res_users_10_962e2fe2","2026-06-16 08:03:43","__export__.res_partner_1567_920f121d","","Fully Invoiced","2026-06-16 08:03:03","True","__export__.crm_team_227_ffd73472","__export__.res_users_10_962e2fe2","Locked","46.5"
"__export__.sale_order_151766_2681b54c","D151752","__export__.res_users_7_ace94875","2026-06-16 08:02:17","__export__.res_partner_1616_533a6f33","","Fully Invoiced","2026-06-16 08:01:42","True","__export__.crm_team_228_ec7099f7","__export__.res_users_7_ace94875","Locked","241.8"
"__export__.sale_order_151641_6fc979fa","D151627","__export__.res_users_14_42108d61","2026-06-15 05:54:32","__export__.res_partner_2509_d01aa094","","Fully Invoiced","2026-06-16 05:52:54","True","__export__.crm_team_289_72f3a502","__export__.res_users_14_42108d61","Locked","192.5"
"__export__.sale_order_151759_99512cf0","D151745","__export__.res_users_14_42108d61","2026-06-16 03:44:09","__export__.res_partner_1599_e6df6ec0","","Fully Invoiced","2026-06-16 03:42:05","True","__export__.crm_team_51_075d42c1","__export__.res_users_14_42108d61","Locked","140.35"
"__export__.sale_order_151758_8cf4028c","D151744","__export__.res_users_14_42108d61","2026-06-16 03:40:15","__export__.res_partner_1612_dc52c27d","","Fully Invoiced","2026-06-16 03:37:25","True","__export__.crm_team_304_3a77ed67","__export__.res_users_7_ace94875","Locked","596.21"
"__export__.sale_order_151757_c259c751","D151743","__export__.res_users_14_42108d61","2026-06-16 03:34:12","__export__.res_partner_920_5db42f04","","Fully Invoiced","2026-06-16 03:32:07","True","__export__.crm_team_51_075d42c1","__export__.res_users_14_42108d61","Locked","332.7"
"__export__.sale_order_151756_064b255f","D151742","__export__.res_users_14_42108d61","2026-06-16 03:32:01","__export__.res_partner_1078_df762d67","","Fully Invoiced","2026-06-16 03:27:28","True","__export__.crm_team_228_ec7099f7","__export__.res_users_14_42108d61","Locked","464.6"
"__export__.sale_order_151755_4be2d74e","D151741","__export__.res_users_14_42108d61","2026-06-16 03:27:25","__export__.res_partner_911_2142e30f","","Fully Invoiced","2026-06-16 03:23:33","True","__export__.crm_team_231_ec27440e","__export__.res_users_14_42108d61","Locked","188.97"
"__export__.sale_order_151754_1c70ff1d","D151740","__export__.res_users_14_42108d61","2026-06-16 03:21:27","__export__.res_partner_1832_bd27ef4d","","Fully Invoiced","2026-06-16 03:20:13","True","__export__.crm_team_98_821e316c","__export__.res_users_14_42108d61","Locked","124.15"
"__export__.sale_order_151753_59df7e40","D151739","__export__.res_users_14_42108d61","2026-06-16 03:20:08","__export__.res_partner_1832_bd27ef4d","","Fully Invoiced","2026-06-16 03:19:36","True","__export__.crm_team_98_821e316c","__export__.res_users_14_42108d61","Locked","135.95"
"__export__.sale_order_151752_9d723524","D151738","__export__.res_users_14_42108d61","2026-06-16 03:19:24","__export__.res_partner_2525_9137babf","","Fully Invoiced","2026-06-16 03:17:49","True","__export__.crm_team_61_8dc82ae3","__export__.res_users_14_42108d61","Locked","139.0"
"__export__.sale_order_151751_73bcb27a","D151737","__export__.res_users_14_42108d61","2026-06-16 03:17:47","__export__.res_partner_1570_48b936ad","","Fully Invoiced","2026-06-16 03:16:39","True","__export__.crm_team_275_339b1b1f","__export__.res_users_14_42108d61","Locked","143.02"
"__export__.sale_order_151750_ecc16889","D151736","__export__.res_users_14_42108d61","2026-06-16 03:15:44","__export__.res_partner_2572_c6f857f5","","Fully Invoiced","2026-06-16 03:07:15","True","__export__.crm_team_275_339b1b1f","__export__.res_users_14_42108d61","Locked","1281.92"
"__export__.sale_order_151749_21dc33af","D151735","__export__.res_users_14_42108d61","2026-06-16 03:03:55","__export__.res_partner_2348_759e8a9a","","Fully Invoiced","2026-06-16 02:55:35","True","__export__.crm_team_289_72f3a502","__export__.res_users_14_42108d61","Locked","167.95"
"__export__.sale_order_151748_5678aaca","D151734","__export__.res_users_14_42108d61","2026-06-16 02:55:22","__export__.res_partner_1576_8c8f7051","","Fully Invoiced","2026-06-16 02:54:42","True","__export__.crm_team_227_ffd73472","__export__.res_users_14_42108d61","Locked","102.9"
"__export__.sale_order_151747_aa90c725","D151733","__export__.res_users_14_42108d61","2026-06-16 02:54:21","__export__.res_partner_1845_ce74c057","","Fully Invoiced","2026-06-16 02:53:23","True","__export__.crm_team_301_cac40131","__export__.res_users_14_42108d61","Locked","55.85"
"__export__.sale_order_151746_41d8d5f7","D151732","__export__.res_users_14_42108d61","2026-06-16 02:52:40","__export__.res_partner_902_081ecc25","","Fully Invoiced","2026-06-16 02:51:27","True","__export__.crm_team_302_0f8f613a","__export__.res_users_14_42108d61","Locked","99.72"
"__export__.sale_order_151745_cf66f957","D151731","__export__.res_users_14_42108d61","2026-06-16 02:51:00","__export__.res_partner_1587_3c619347","","Fully Invoiced","2026-06-16 02:49:18","True","__export__.crm_team_228_ec7099f7","__export__.res_users_14_42108d61","Locked","465.9"
"__export__.sale_order_151622_c87dbc15","D151608","__export__.res_users_14_42108d61","2026-06-15 02:58:22","__export__.res_partner_1956_e2faafea","待确认送货时间","Fully Invoiced","2026-06-16 02:46:09","True","__export__.crm_team_275_339b1b1f","__export__.res_users_14_42108d61","Locked","4298.95"
"__export__.sale_order_151595_662ac266","D151581","__export__.res_users_7_ace94875","2026-06-14 23:01:54","__export__.res_partner_1184_6e0a68be","","Fully Invoiced","2026-06-15 22:59:13","True","__export__.crm_team_96_8d48bd6a","__export__.res_users_14_42108d61","Locked","662.46"
"__export__.sale_order_151594_454c8c98","D151580","__export__.res_users_18_297f6f55","2026-06-14 23:01:05","__export__.res_partner_974_bde34019","","Fully Invoiced","2026-06-15 22:58:28","True","__export__.crm_team_98_821e316c","__export__.res_users_18_297f6f55","Locked","505.95"
"__export__.sale_order_151592_ffc02426","D151578","__export__.res_users_18_297f6f55","2026-06-14 22:57:48","__export__.res_partner_2063_4f237b67","","Fully Invoiced","2026-06-15 22:57:18","True","__export__.crm_team_303_6d918a38","__export__.res_users_8_fb87432d","Locked","154.2"
"__export__.sale_order_151591_d78a195c","D151577","__export__.res_users_18_297f6f55","2026-06-14 22:56:40","__export__.res_partner_1047_0fe22c29","","Fully Invoiced","2026-06-15 22:56:05","True","__export__.crm_team_194_9303e72c","__export__.res_users_27_ccf3d93e","Locked","114.45"
"__export__.sale_order_151590_6e79b7e7","D151576","__export__.res_users_18_297f6f55","2026-06-14 22:55:50","__export__.res_partner_2422_1f2be714","","Fully Invoiced","2026-06-15 22:55:04","True","__export__.crm_team_177_f958c6ae","__export__.res_users_7_ace94875","Locked","125.4"
"__export__.sale_order_151589_83a7ec3b","D151575","__export__.res_users_18_297f6f55","2026-06-14 22:54:11","__export__.res_partner_1763_7c6cd96b","","Fully Invoiced","2026-06-15 22:53:12","True","__export__.crm_team_232_fa62cff8","__export__.res_users_10_962e2fe2","Locked","242.29"
"__export__.sale_order_151586_c111fb9d","D151572","__export__.res_users_18_297f6f55","2026-06-14 22:52:53","__export__.res_partner_1748_4df4ef19","","Fully Invoiced","2026-06-15 22:51:07","True","__export__.crm_team_51_075d42c1","__export__.res_users_18_297f6f55","Locked","269.8"
"__export__.sale_order_151585_1fc6c8c6","D151571","__export__.res_users_30_f31202ea","2026-06-14 22:52:37","__export__.res_partner_2250_b574857b","","Fully Invoiced","2026-06-15 22:48:03","True","__export__.crm_team_172_e403f408","__export__.res_users_7_ace94875","Locked","281.95"
"__export__.sale_order_151581_a01c6e2e","D151567","__export__.res_users_30_f31202ea","2026-06-14 22:46:07","__export__.res_partner_1994_4bb952c0","","Fully Invoiced","2026-06-15 22:43:04","True","__export__.crm_team_79_8cb35e83","__export__.res_users_14_42108d61","Locked","349.8"
"__export__.sale_order_151578_e59f67b8","D151564","__export__.res_users_7_ace94875","2026-06-14 22:43:14","__export__.res_partner_1141_61bb0f22","","Fully Invoiced","2026-06-15 22:41:32","True","__export__.crm_team_96_8d48bd6a","__export__.res_users_7_ace94875","Locked","351.21"
"__export__.sale_order_151574_16a10b80","D151560","__export__.res_users_30_f31202ea","2026-06-14 22:41:11","__export__.res_partner_1323_b204c0eb","","Fully Invoiced","2026-06-15 22:40:40","True","__export__.crm_team_159_d09f9755","__export__.res_users_18_297f6f55","Locked","114.5"
"__export__.sale_order_151573_0542b3b8","D151559","__export__.res_users_30_f31202ea","2026-06-14 22:40:30","__export__.res_partner_1102_68cf62c2","","Fully Invoiced","2026-06-15 22:39:52","True","__export__.crm_team_159_d09f9755","__export__.res_users_18_297f6f55","Locked","139.5"
"__export__.sale_order_151575_69fd21d9","D151561","__export__.res_users_7_ace94875","2026-06-14 22:41:23","__export__.res_partner_2502_7b92f574","","Fully Invoiced","2026-06-15 22:39:29","True","__export__.crm_team_162_05a89d8e","__export__.res_users_7_ace94875","Locked","606.97"
"__export__.sale_order_151571_958dec92","D151557","__export__.res_users_7_ace94875","2026-06-14 22:38:40","__export__.res_partner_2238_509cf283","","Fully Invoiced","2026-06-15 22:37:12","True","__export__.crm_team_293_a93771d4","__export__.res_users_7_ace94875","Locked","283.4"
"__export__.sale_order_151568_03a1a932","D151554","__export__.res_users_7_ace94875","2026-06-14 22:36:47","__export__.res_partner_1313_4ce22376","","Fully Invoiced","2026-06-15 22:34:30","True","__export__.crm_team_61_8dc82ae3","__export__.res_users_7_ace94875","Locked","387.3"
"__export__.sale_order_151567_1c1d3dd1","D151553","__export__.res_users_7_ace94875","2026-06-14 22:34:17","__export__.res_partner_704_e43cdf12","","Fully Invoiced","2026-06-15 22:33:53","True","__export__.crm_team_288_272a2474","__export__.res_users_27_ccf3d93e","Locked","61.55"
"__export__.sale_order_151570_448287c1","D151556","__export__.res_users_30_f31202ea","2026-06-14 22:38:22","__export__.res_partner_1781_a043f483","","Fully Invoiced","2026-06-15 22:33:50","True","__export__.crm_team_79_8cb35e83","__export__.res_users_10_962e2fe2","Locked","230.5"
"__export__.sale_order_151615_7b9d7880","D151601","__export__.res_users_30_f31202ea","2026-06-14 23:48:30","__export__.res_partner_1820_6043d6fd","","Fully Invoiced","2026-06-15 22:33:43","True","__export__.crm_team_302_0f8f613a","__export__.res_users_30_f31202ea","Locked","576.3"
"__export__.sale_order_151566_de5e301b","D151552","__export__.res_users_7_ace94875","2026-06-14 22:33:20","__export__.res_partner_2057_b196e088","","Fully Invoiced","2026-06-15 22:32:53","True","__export__.crm_team_79_8cb35e83","__export__.res_users_7_ace94875","Locked","55.0"
"__export__.sale_order_151564_90b4d80f","D151550","__export__.res_users_7_ace94875","2026-06-14 22:32:49","__export__.res_partner_1626_60b65b7e","","Fully Invoiced","2026-06-15 22:32:02","True","__export__.crm_team_227_ffd73472","__export__.res_users_7_ace94875","Locked","97.35"
"__export__.sale_order_151563_2d7ccaa7","D151549","__export__.res_users_7_ace94875","2026-06-14 22:31:49","__export__.res_partner_2298_abf86138","","Fully Invoiced","2026-06-15 22:31:10","True","__export__.crm_team_302_0f8f613a","__export__.res_users_7_ace94875","Locked","160.29"
"__export__.sale_order_151562_335c3a98","D151548","__export__.res_users_7_ace94875","2026-06-14 22:30:59","__export__.res_partner_2299_11a1b7c5","","Fully Invoiced","2026-06-15 22:30:18","True","__export__.crm_team_78_db60447e","__export__.res_users_7_ace94875","Locked","331.38"
"__export__.sale_order_151561_41f093a7","D151547","__export__.res_users_7_ace94875","2026-06-14 22:30:05","__export__.res_partner_839_998b05c9","","Fully Invoiced","2026-06-15 22:29:44","True","__export__.crm_team_305_c2537a3b","__export__.res_users_28_e1e8c9ed","Locked","111.98"
"__export__.sale_order_151559_e04b48b8","D151545","__export__.res_users_7_ace94875","2026-06-14 22:29:35","__export__.res_partner_1154_18a9631e","","Fully Invoiced","2026-06-15 22:29:01","True","__export__.crm_team_80_d86e22d9","__export__.res_users_27_ccf3d93e","Locked","78.0"
"__export__.sale_order_151565_b90347cf","D151551","__export__.res_users_30_f31202ea","2026-06-14 22:33:19","__export__.res_partner_941_349707c0","","Fully Invoiced","2026-06-15 22:28:29","True","__export__.crm_team_96_8d48bd6a","__export__.res_users_14_42108d61","Locked","180.2"
"__export__.sale_order_151558_46d7de8f","D151544","__export__.res_users_7_ace94875","2026-06-14 22:28:35","__export__.res_partner_1959_7be6f073","","Fully Invoiced","2026-06-15 22:26:36","True","__export__.crm_team_275_339b1b1f","__export__.res_users_7_ace94875","Locked","477.52"
"__export__.sale_order_151612_11999278","D151598","__export__.res_users_30_f31202ea","2026-06-14 23:30:15","__export__.res_partner_2248_133e600a","","Fully Invoiced","2026-06-15 22:25:51","True","__export__.crm_team_305_c2537a3b","__export__.res_users_27_ccf3d93e","Locked","290.34"
"__export__.sale_order_151556_cc25076d","D151542","__export__.res_users_30_f31202ea","2026-06-14 22:28:06","__export__.res_partner_1927_754098d4","","Fully Invoiced","2026-06-15 22:25:22","True","__export__.crm_team_173_1afa093c","__export__.res_users_22_942f71e3","Locked","190.3"
"__export__.sale_order_151552_28f4cd63","D151538","__export__.res_users_30_f31202ea","2026-06-14 22:23:21","__export__.res_partner_2505_7bafa4be","","Fully Invoiced","2026-06-15 22:21:31","True","__export__.crm_team_161_8055857d","__export__.res_users_30_f31202ea","Locked","119.75"
"__export__.sale_order_151611_1171aa6f","D151597","__export__.res_users_30_f31202ea","2026-06-14 23:25:37","__export__.res_partner_1852_2c4e8c79","","Fully Invoiced","2026-06-15 22:21:15","True","__export__.crm_team_305_c2537a3b","__export__.res_users_27_ccf3d93e","Locked","329.24"
"__export__.sale_order_151555_7425031e","D151541","__export__.res_users_7_ace94875","2026-06-14 22:26:19","__export__.res_partner_819_b17977bb","","Fully Invoiced","2026-06-15 22:19:55","True","__export__.crm_team_302_0f8f613a","__export__.res_users_7_ace94875","Locked","155.8"
"__export__.sale_order_151550_4d9d8553","D151536","__export__.res_users_30_f31202ea","2026-06-14 22:21:14","__export__.res_partner_1216_828e12b8","","Fully Invoiced","2026-06-15 22:17:55","True","__export__.crm_team_39_ffc4074f","__export__.res_users_30_f31202ea","Locked","94.0"
"__export__.sale_order_151610_746a7133","D151596","__export__.res_users_30_f31202ea","2026-06-14 23:20:19","__export__.res_partner_2256_0deee3a1","","Fully Invoiced","2026-06-15 22:15:27","True","__export__.crm_team_303_6d918a38","__export__.res_users_10_962e2fe2","Locked","202.78"
"__export__.sale_order_151548_f3fd5bbb","D151534","__export__.res_users_30_f31202ea","2026-06-14 22:17:37","__export__.res_partner_2465_44cc3e52","","Fully Invoiced","2026-06-15 22:12:48","True","__export__.crm_team_98_821e316c","__export__.res_users_28_e1e8c9ed","Locked","477.62"
"__export__.sale_order_151614_01570cf6","D151600","__export__.res_users_30_f31202ea","2026-06-14 23:33:27","__export__.res_partner_1020_60fc6f31","","Fully Invoiced","2026-06-15 22:11:40","True","__export__.crm_team_292_464da319","__export__.res_users_7_ace94875","Locked","84.0"
"__export__.sale_order_151609_05ba0821","D151595","__export__.res_users_30_f31202ea","2026-06-14 23:14:44","__export__.res_partner_1997_e2b69718","","Fully Invoiced","2026-06-15 22:11:19","True","__export__.crm_team_290_b4e2eca7","__export__.res_users_10_962e2fe2","Locked","103.67"
"__export__.sale_order_151619_15263c28","D151605","__export__.res_users_22_942f71e3","2026-06-15 00:10:39","__export__.res_partner_1173_d8002d22","","Fully Invoiced","2026-06-15 22:11:10","True","__export__.crm_team_290_b4e2eca7","__export__.res_users_22_942f71e3","Locked","166.35"
"__export__.sale_order_151617_63cfbad4","D151603","__export__.res_users_22_942f71e3","2026-06-15 00:01:02","__export__.res_partner_891_c0cc8e85","","Fully Invoiced","2026-06-15 22:11:09","True","__export__.crm_team_303_6d918a38","__export__.res_users_14_42108d61","Locked","78.35"
"__export__.sale_order_151616_603dc56a","D151602","__export__.res_users_22_942f71e3","2026-06-14 23:59:10","__export__.res_partner_1576_8c8f7051","","Fully Invoiced","2026-06-15 22:10:57","True","__export__.crm_team_227_ffd73472","__export__.res_users_22_942f71e3","Locked","119.5"
"__export__.sale_order_151597_b6fb771e","D151583","__export__.res_users_22_942f71e3","2026-06-14 23:03:03","__export__.res_partner_1187_1fc9bbda","","Fully Invoiced","2026-06-15 22:10:56","True","__export__.crm_team_290_b4e2eca7","__export__.res_users_22_942f71e3","Locked","187.85"
"__export__.sale_order_151593_b5163792","D151579","__export__.res_users_22_942f71e3","2026-06-14 23:00:42","__export__.res_partner_1830_408e614c","","Fully Invoiced","2026-06-15 22:10:55","True","__export__.crm_team_301_cac40131","__export__.res_users_14_42108d61","Locked","295.85"
"__export__.sale_order_151588_a680e0d9","D151574","__export__.res_users_22_942f71e3","2026-06-14 22:53:37","__export__.res_partner_2030_f52dada3","","Fully Invoiced","2026-06-15 22:10:55","True","__export__.crm_team_171_58fa18ab","__export__.res_users_10_962e2fe2","Locked","49.8"
"__export__.sale_order_151545_9530c318","D151531","__export__.res_users_22_942f71e3","2026-06-14 22:08:54","__export__.res_partner_815_b205f784","","Fully Invoiced","2026-06-15 22:08:16","True","__export__.crm_team_293_a93771d4","__export__.res_users_22_942f71e3","Locked","90.75"
"__export__.sale_order_151547_4fbd5f05","D151533","__export__.res_users_30_f31202ea","2026-06-14 22:11:00","__export__.res_partner_1990_c219b4d6","","Fully Invoiced","2026-06-15 22:06:59","True","__export__.crm_team_96_8d48bd6a","__export__.res_users_10_962e2fe2","Locked","270.15"
"__export__.sale_order_151542_47bb8aea","D151528","__export__.res_users_30_f31202ea","2026-06-14 22:06:00","__export__.res_partner_918_2f7fb42e","","Fully Invoiced","2026-06-15 22:04:12","True","__export__.crm_team_110_3f98a3be","__export__.res_users_27_ccf3d93e","Locked","360.0"
"__export__.sale_order_151546_720fb281","D151532","__export__.res_users_22_942f71e3","2026-06-14 22:09:37","__export__.res_partner_1620_ba7293b5","","Fully Invoiced","2026-06-15 21:59:27","True","__export__.crm_team_111_3c32966d","__export__.res_users_22_942f71e3","Locked","135.75"
"__export__.sale_order_151549_79e61cd6","D151535","__export__.res_users_22_942f71e3","2026-06-14 22:20:17","__export__.res_partner_1562_6fc4e4d6","","Fully Invoiced","2026-06-15 21:59:26","True","__export__.crm_team_109_1a8b3a5d","__export__.res_users_22_942f71e3","Locked","367.16"
"__export__.sale_order_151551_5cef5404","D151537","__export__.res_users_22_942f71e3","2026-06-14 22:21:27","__export__.res_partner_1809_c8a0a275","","Fully Invoiced","2026-06-15 21:59:23","True","__export__.crm_team_51_075d42c1","__export__.res_users_10_962e2fe2","Locked","90.45"
"__export__.sale_order_151553_02c32248","D151539","__export__.res_users_22_942f71e3","2026-06-14 22:23:47","__export__.res_partner_1320_2e40e707","","Fully Invoiced","2026-06-15 21:59:22","True","__export__.crm_team_291_de9693d0","__export__.res_users_22_942f71e3","Locked","535.28"
"__export__.sale_order_151554_737af512","D151540","__export__.res_users_22_942f71e3","2026-06-14 22:25:34","__export__.res_partner_2334_f01a5da2","","Fully Invoiced","2026-06-15 21:59:21","True","__export__.crm_team_110_3f98a3be","__export__.res_users_10_962e2fe2","Locked","74.55"
"__export__.sale_order_151557_896704d3","D151543","__export__.res_users_22_942f71e3","2026-06-14 22:28:07","__export__.res_partner_1003_ca286395","","Fully Invoiced","2026-06-15 21:59:18","True","__export__.crm_team_39_ffc4074f","__export__.res_users_10_962e2fe2","Locked","31.4"
"__export__.sale_order_151569_f268799f","D151555","__export__.res_users_22_942f71e3","2026-06-14 22:37:34","__export__.res_partner_1143_18bb08c9","","Fully Invoiced","2026-06-15 21:59:15","True","__export__.crm_team_98_821e316c","__export__.res_users_22_942f71e3","Locked","409.1"
"__export__.sale_order_151560_bb1d2bf3","D151546","__export__.res_users_22_942f71e3","2026-06-14 22:30:02","__export__.res_partner_768_72edcbdb","","Fully Invoiced","2026-06-15 21:59:15","True","__export__.crm_team_39_ffc4074f","__export__.res_users_22_942f71e3","Locked","216.75"
"__export__.sale_order_151543_ff8f032f","D151529","__export__.res_users_22_942f71e3","2026-06-14 22:07:08","__export__.res_partner_1893_1e0e95aa","","Fully Invoiced","2026-06-15 21:59:15","True","__export__.crm_team_134_5d6888e6","__export__.res_users_22_942f71e3","Locked","148.0"
"__export__.sale_order_151572_66474e6e","D151558","__export__.res_users_22_942f71e3","2026-06-14 22:40:27","__export__.res_partner_2319_7b8044dc","","Fully Invoiced","2026-06-15 21:59:12","True","__export__.crm_team_304_3a77ed67","__export__.res_users_7_ace94875","Locked","435.85"
"__export__.sale_order_151579_167185d2","D151565","__export__.res_users_22_942f71e3","2026-06-14 22:44:27","__export__.res_partner_2012_f514a226","","Fully Invoiced","2026-06-15 21:59:11","True","__export__.crm_team_163_c20aff5a","__export__.res_users_7_ace94875","Locked","459.32"
"__export__.sale_order_151577_e628ead6","D151563","__export__.res_users_22_942f71e3","2026-06-14 22:41:48","__export__.res_partner_1096_7e33899c","","Fully Invoiced","2026-06-15 21:59:11","True","__export__.crm_team_276_22e06523","__export__.res_users_22_942f71e3","Locked","180.75"
"__export__.sale_order_151580_b3b1e814","D151566","__export__.res_users_22_942f71e3","2026-06-14 22:46:05","__export__.res_partner_1042_4b562afb","","Fully Invoiced","2026-06-15 21:59:09","True","__export__.crm_team_59_95d20efd","__export__.res_users_22_942f71e3","Locked","207.85"
"__export__.sale_order_151582_12621a12","D151568","__export__.res_users_22_942f71e3","2026-06-14 22:47:10","__export__.res_partner_2276_0cc5de73","","Fully Invoiced","2026-06-15 21:59:08","True","__export__.crm_team_278_1a2d18d7","__export__.res_users_10_962e2fe2","Locked","233.05"
"__export__.sale_order_151583_361b3cc2","D151569","__export__.res_users_22_942f71e3","2026-06-14 22:50:26","__export__.res_partner_786_4ca3c046","","Fully Invoiced","2026-06-15 21:59:07","True","__export__.crm_team_96_8d48bd6a","__export__.res_users_7_ace94875","Locked","331.72"
"__export__.sale_order_151584_f5b10de2","D151570","__export__.res_users_22_942f71e3","2026-06-14 22:51:12","__export__.res_partner_2226_073d5a5a","","Fully Invoiced","2026-06-15 21:59:05","True","__export__.crm_team_227_ffd73472","__export__.res_users_10_962e2fe2","Locked","112.5"
"__export__.sale_order_151587_2e411dd2","D151573","__export__.res_users_22_942f71e3","2026-06-14 22:53:24","__export__.res_partner_1772_ba6b3399","","Fully Invoiced","2026-06-15 21:59:04","True","__export__.crm_team_171_58fa18ab","__export__.res_users_10_962e2fe2","Locked","63.5"
"__export__.sale_order_151544_43600085","D151530","__export__.res_users_22_942f71e3","2026-06-14 22:08:04","__export__.res_partner_2281_fa118497","","Fully Invoiced","2026-06-15 21:58:57","True","__export__.crm_team_51_075d42c1","__export__.res_users_22_942f71e3","Locked","104.83"
"__export__.sale_order_151576_fbc23bb2","D151562","__export__.res_users_30_f31202ea","2026-06-14 22:41:45","__export__.res_partner_880_6e2f3d5b","","Fully Invoiced","2026-06-15 21:56:49","True","__export__.crm_team_290_b4e2eca7","__export__.res_users_22_942f71e3","Locked","172.4"
"__export__.sale_order_151613_9639b585","D151599","__export__.res_users_30_f31202ea","2026-06-14 23:33:21","__export__.res_partner_749_a964f4ef","","Fully Invoiced","2026-06-15 21:55:42","True","__export__.crm_team_292_464da319","__export__.res_users_7_ace94875","Locked","79.3"
"__export__.sale_order_151541_9eed3514","D151527","__export__.res_users_30_f31202ea","2026-06-14 21:56:20","__export__.res_partner_1125_8ced4c04","","Fully Invoiced","2026-06-15 21:50:46","True","__export__.crm_team_306_f21cf977","__export__.res_users_27_ccf3d93e","Locked","299.0"
"__export__.sale_order_151540_b3f4a287","D151526","__export__.res_users_30_f31202ea","2026-06-14 21:50:00","__export__.res_partner_927_2a5972fe","","Fully Invoiced","2026-06-15 21:38:38","True","__export__.crm_team_171_58fa18ab","__export__.res_users_7_ace94875","Locked","563.71"
"__export__.sale_order_151538_09558b88","D151524","__export__.res_users_30_f31202ea","2026-06-14 21:36:11","__export__.res_partner_726_55339f90","","Fully Invoiced","2026-06-15 21:33:51","True","__export__.crm_team_172_e403f408","__export__.res_users_27_ccf3d93e","Locked","310.42"
"__export__.sale_order_151537_0dff9aba","D151523","__export__.res_users_30_f31202ea","2026-06-14 21:33:23","__export__.res_partner_1202_b6f07a60","","Fully Invoiced","2026-06-15 21:30:50","True","__export__.crm_team_305_c2537a3b","__export__.res_users_22_942f71e3","Locked","367.62"
"__export__.sale_order_151536_ec57fa73","D151522","__export__.res_users_30_f31202ea","2026-06-14 21:30:09","__export__.res_partner_2559_61491fca","","Fully Invoiced","2026-06-15 21:24:03","True","__export__.crm_team_153_0eee99e2","__export__.res_users_30_f31202ea","Locked","684.04"
"__export__.sale_order_151535_2438bd5b","D151521","__export__.res_users_30_f31202ea","2026-06-14 21:23:33","__export__.res_partner_2553_e1e16865","","Fully Invoiced","2026-06-15 21:20:41","True","__export__.crm_team_159_d09f9755","__export__.res_users_30_f31202ea","Locked","162.54"
"__export__.sale_order_151534_d1acd5e2","D151520","__export__.res_users_30_f31202ea","2026-06-14 21:20:20","__export__.res_partner_1326_e85f9f0f","","Fully Invoiced","2026-06-15 21:17:14","True","__export__.crm_team_96_8d48bd6a","__export__.res_users_27_ccf3d93e","Locked","270.3"
"__export__.sale_order_151532_2e36253f","D151518","__export__.res_users_30_f31202ea","2026-06-14 21:09:57","__export__.res_partner_1693_6f1cd34d","","Fully Invoiced","2026-06-15 21:07:52","True","__export__.crm_team_276_22e06523","__export__.res_users_27_ccf3d93e","Locked","130.5"
"__export__.sale_order_151605_8e4cd244","D151591","__export__.res_users_18_297f6f55","2026-06-14 23:07:51","__export__.res_partner_1261_8d4f158c","","Fully Invoiced","2026-06-15 21:06:38","True","__export__.crm_team_80_d86e22d9","__export__.res_users_22_942f71e3","Locked","578.83"
"__export__.sale_order_151604_078a10b8","D151590","__export__.res_users_18_297f6f55","2026-06-14 23:06:16","__export__.res_partner_971_b9945320","","Fully Invoiced","2026-06-15 21:04:33","True","__export__.crm_team_109_1a8b3a5d","__export__.res_users_18_297f6f55","Locked","259.3"
"__export__.sale_order_151531_207132c4","D151517","__export__.res_users_30_f31202ea","2026-06-14 21:06:18","__export__.res_partner_1277_608d179a","","Fully Invoiced","2026-06-15 21:03:07","True","__export__.crm_team_276_22e06523","__export__.res_users_27_ccf3d93e","Locked","226.35"
"__export__.sale_order_151530_d175fbf0","D151516","__export__.res_users_30_f31202ea","2026-06-14 21:02:57","__export__.res_partner_2108_de116fbe","","Fully Invoiced","2026-06-15 21:01:03","True","__export__.crm_team_278_1a2d18d7","__export__.res_users_27_ccf3d93e","Locked","159.43"
"__export__.sale_order_151529_223b231a","D151515","__export__.res_users_30_f31202ea","2026-06-14 21:00:47","__export__.res_partner_1802_7606530d","","Fully Invoiced","2026-06-15 20:57:46","True","__export__.crm_team_278_1a2d18d7","__export__.res_users_27_ccf3d93e","Locked","202.91"
"__export__.sale_order_151528_8c371393","D151514","__export__.res_users_30_f31202ea","2026-06-14 20:57:30","__export__.res_partner_2445_325b9e1e","","Fully Invoiced","2026-06-15 20:35:13","True","__export__.crm_team_153_0eee99e2","__export__.res_users_30_f31202ea","Locked","679.43"
"__export__.sale_order_151527_bf82e0f5","D151513","__export__.res_users_30_f31202ea","2026-06-14 20:34:57","__export__.res_partner_1325_09e84271","","Fully Invoiced","2026-06-15 20:31:19","True","__export__.crm_team_154_3a2ad666","__export__.res_users_27_ccf3d93e","Locked","68.87"
"__export__.sale_order_151526_e797fe07","D151512","__export__.res_users_30_f31202ea","2026-06-14 20:30:50","__export__.res_partner_944_15617010","","Fully Invoiced","2026-06-15 20:27:02","True","__export__.crm_team_154_3a2ad666","__export__.res_users_27_ccf3d93e","Locked","231.28"
"__export__.sale_order_151525_b4cdce47","D151511","__export__.res_users_30_f31202ea","2026-06-14 20:26:56","__export__.res_partner_1284_d8c29618","","Fully Invoiced","2026-06-15 20:19:28","True","__export__.crm_team_154_3a2ad666","__export__.res_users_27_ccf3d93e","Locked","442.3"
"__export__.sale_order_151524_3370e16b","D151510","__export__.res_users_22_942f71e3","2026-06-14 20:19:54","__export__.res_partner_866_7023b017","","Fully Invoiced","2026-06-15 20:17:05","True","__export__.crm_team_228_ec7099f7","__export__.res_users_8_fb87432d","Locked","203.2"
"__export__.sale_order_151523_8e577e02","D151509","__export__.res_users_22_942f71e3","2026-06-14 20:16:47","__export__.res_partner_1235_cf6f105f","","Fully Invoiced","2026-06-15 20:16:17","True","__export__.crm_team_110_3f98a3be","__export__.res_users_27_ccf3d93e","Locked","58.85"
"__export__.sale_order_151522_fe4ff70f","D151508","__export__.res_users_22_942f71e3","2026-06-14 20:15:49","__export__.res_partner_1649_7cdf014b","","Fully Invoiced","2026-06-15 20:14:34","True","__export__.crm_team_231_ec27440e","__export__.res_users_27_ccf3d93e","Locked","281.2"
"__export__.sale_order_151521_aa1a6ffa","D151507","__export__.res_users_22_942f71e3","2026-06-14 20:14:25","__export__.res_partner_2500_54e25243","","Fully Invoiced","2026-06-15 20:13:30","True","__export__.crm_team_39_ffc4074f","__export__.res_users_10_962e2fe2","Locked","72.0"
"__export__.sale_order_151520_c865d30a","D151506","__export__.res_users_22_942f71e3","2026-06-14 20:13:19","__export__.res_partner_1577_224dd31f","","Fully Invoiced","2026-06-15 20:12:15","True","__export__.crm_team_227_ffd73472","__export__.res_users_22_942f71e3","Locked","60.5"
"__export__.sale_order_151519_d3738303","D151505","__export__.res_users_22_942f71e3","2026-06-14 17:03:54","__export__.res_partner_2203_a475d102","已给","Fully Invoiced","2026-06-15 16:59:19","True","__export__.crm_team_69_17e53434","__export__.res_users_22_942f71e3","Locked","1473.5"
"__export__.sale_order_151518_6095d8c0","D151504","__export__.res_users_22_942f71e3","2026-06-14 16:59:08","__export__.res_partner_763_ccfd8876","","Fully Invoiced","2026-06-15 16:55:33","True","__export__.crm_team_173_1afa093c","__export__.res_users_22_942f71e3","Locked","342.41"
"__export__.sale_order_151517_c5f83298","D151503","__export__.res_users_22_942f71e3","2026-06-14 16:56:53","__export__.res_partner_831_4c93b992","","Fully Invoiced","2026-06-15 16:54:17","True","__export__.crm_team_278_1a2d18d7","__export__.res_users_22_942f71e3","Locked","512.15"
"__export__.sale_order_151516_0007e0af","D151502","__export__.res_users_22_942f71e3","2026-06-14 16:54:10","__export__.res_partner_962_3604a165","","Fully Invoiced","2026-06-15 16:40:14","True","__export__.crm_team_98_821e316c","__export__.res_users_22_942f71e3","Locked","367.85"
"__export__.sale_order_151515_8f41d411","D151501","__export__.res_users_22_942f71e3","2026-06-14 16:40:04","__export__.res_partner_1318_c98a4b7c","","Fully Invoiced","2026-06-15 16:37:14","True","__export__.crm_team_39_ffc4074f","__export__.res_users_22_942f71e3","Locked","365.35"
"__export__.sale_order_151514_550fe109","D151500","__export__.res_users_22_942f71e3","2026-06-14 16:37:00","__export__.res_partner_2218_6c64adc3","","Fully Invoiced","2026-06-15 16:35:50","True","__export__.crm_team_109_1a8b3a5d","__export__.res_users_10_962e2fe2","Locked","315.8"
"__export__.sale_order_151513_f86349d4","D151499","__export__.res_users_22_942f71e3","2026-06-14 16:33:49","__export__.res_partner_1007_ea60f1d5","","Fully Invoiced","2026-06-15 16:31:22","True","__export__.crm_team_177_f958c6ae","__export__.res_users_7_ace94875","Locked","254.79"
"__export__.sale_order_151512_bfcf7f22","D151498","__export__.res_users_22_942f71e3","2026-06-14 16:27:52","__export__.res_partner_1123_68f38c82","","Fully Invoiced","2026-06-15 16:22:30","True","__export__.crm_team_78_db60447e","__export__.res_users_27_ccf3d93e","Locked","334.0"
"__export__.sale_order_151510_ac3a983e","D151496","__export__.res_users_22_942f71e3","2026-06-14 16:22:01","__export__.res_partner_1099_28fa9bc1","","Fully Invoiced","2026-06-15 16:01:34","True","__export__.crm_team_278_1a2d18d7","__export__.res_users_22_942f71e3","Locked","256.21"
"__export__.sale_order_151511_8822c4a7","D151497","__export__.res_users_22_942f71e3","2026-06-14 16:23:57","__export__.res_partner_1136_1bc987b5","","Fully Invoiced","2026-06-15 15:57:17","True","__export__.crm_team_51_075d42c1","__export__.res_users_22_942f71e3","Locked","263.35"
"__export__.sale_order_151344_3f0b7709","D151330","__export__.res_users_10_962e2fe2","2026-06-11 15:49:59","__export__.res_partner_1737_0ab6a16f","个人义卖（已出）","Fully Invoiced","2026-06-15 15:48:25","True","__export__.crm_team_69_17e53434","__export__.res_users_10_962e2fe2","Locked","166.0"
"__export__.sale_order_151509_b4a37112","D151495","__export__.res_users_22_942f71e3","2026-06-14 15:56:05","__export__.res_partner_1568_38bd8bd7","","Fully Invoiced","2026-06-15 15:46:50","True","__export__.crm_team_171_58fa18ab","__export__.res_users_22_942f71e3","Locked","363.48"
"__export__.sale_order_151508_a0cf4954","D151494","__export__.res_users_22_942f71e3","2026-06-14 15:46:33","__export__.res_partner_1117_6884394d","","Fully Invoiced","2026-06-15 15:45:18","True","__export__.crm_team_51_075d42c1","__export__.res_users_22_942f71e3","Locked","136.95"
"__export__.sale_order_151507_ad8e0b76","D151493","__export__.res_users_22_942f71e3","2026-06-14 15:46:31","__export__.res_partner_2246_c39e7a34","","Fully Invoiced","2026-06-15 15:44:58","True","__export__.crm_team_51_075d42c1","__export__.res_users_22_942f71e3","Locked","73.84"
"__export__.sale_order_151711_5d01b59e","D151697","__export__.res_users_22_942f71e3","2026-06-15 15:15:20","__export__.res_partner_2232_5eb6c569","","Fully Invoiced","2026-06-15 15:15:00","True","__export__.crm_team_69_17e53434","__export__.res_users_14_42108d61","Locked","15.0"
"__export__.sale_order_151710_0e63311e","D151696","__export__.res_users_22_942f71e3","2026-06-15 14:27:08","__export__.res_partner_1579_d86b0c07","","Fully Invoiced","2026-06-15 14:26:26","True","__export__.crm_team_137_eeba10e5","__export__.res_users_14_42108d61","Locked","52.5"
"__export__.sale_order_151709_77607e17","D151695","__export__.res_users_14_42108d61","2026-06-15 14:00:35","__export__.res_partner_2001_f7fddbf4","","Fully Invoiced","2026-06-15 14:00:16","True","__export__.crm_team_5_bc4839e4","__export__.res_users_14_42108d61","Locked","46.0"
"__export__.sale_order_151607_d2bd8ee2","D151593","__export__.res_users_18_297f6f55","2026-06-14 23:09:18","__export__.res_partner_1109_907527cb","","Fully Invoiced","2026-06-15 13:08:16","True","__export__.crm_team_51_075d42c1","__export__.res_users_18_297f6f55","Locked","106.33"
"__export__.sale_order_151601_553872af","D151587","__export__.res_users_18_297f6f55","2026-06-14 23:04:14","__export__.res_partner_1883_886a4733","","Fully Invoiced","2026-06-15 13:03:43","True","__export__.crm_team_154_3a2ad666","__export__.res_users_22_942f71e3","Locked","87.6"
"__export__.sale_order_151599_1c1f9d63","D151585","__export__.res_users_18_297f6f55","2026-06-14 23:03:31","__export__.res_partner_1103_926e4c12","","Fully Invoiced","2026-06-15 13:02:33","True","__export__.crm_team_159_d09f9755","__export__.res_users_18_297f6f55","Locked","63.7"
"__export__.sale_order_151596_40b7312d","D151582","__export__.res_users_18_297f6f55","2026-06-14 23:02:21","__export__.res_partner_1773_05afc1fd","","Fully Invoiced","2026-06-15 13:01:26","True","__export__.crm_team_276_22e06523","__export__.res_users_22_942f71e3","Locked","79.15"
"__export__.sale_order_151707_a553e45c","D151693","__export__.res_users_22_942f71e3","2026-06-15 12:45:28","__export__.res_partner_743_530f71ec","","Fully Invoiced","2026-06-15 12:43:00","True","__export__.crm_team_69_17e53434","__export__.res_users_22_942f71e3","Locked","297.18"
"__export__.sale_order_151621_b919c16c","D151607","__export__.res_users_8_fb87432d","2026-06-15 02:35:08","__export__.res_partner_702_52a425d1","","Fully Invoiced","2026-06-15 12:34:28","True","__export__.crm_team_61_8dc82ae3","__export__.res_users_8_fb87432d","Locked","743.0"
"__export__.sale_order_151706_9924b468","D151692","__export__.res_users_22_942f71e3","2026-06-15 12:11:59","__export__.res_partner_1901_ee63331c","","Fully Invoiced","2026-06-15 12:11:14","True","__export__.crm_team_69_17e53434","__export__.res_users_22_942f71e3","Locked","92.0"
"__export__.sale_order_151705_3bfd7269","D151691","__export__.res_users_22_942f71e3","2026-06-15 12:05:42","__export__.res_partner_927_2a5972fe","","Fully Invoiced","2026-06-15 12:04:54","True","__export__.crm_team_111_3c32966d","__export__.res_users_7_ace94875","Locked","71.5"
"__export__.sale_order_151703_e24a6608","D151689","__export__.res_users_22_942f71e3","2026-06-15 11:55:29","__export__.res_partner_2001_f7fddbf4","","Fully Invoiced","2026-06-15 11:53:50","True","__export__.crm_team_69_17e53434","__export__.res_users_22_942f71e3","Locked","295.35"
"__export__.sale_order_151702_a8b23c0b","D151688","__export__.res_users_22_942f71e3","2026-06-15 11:52:05","__export__.res_partner_752_b29ee5f8","","Fully Invoiced","2026-06-15 11:51:44","True","__export__.crm_team_69_17e53434","__export__.res_users_22_942f71e3","Locked","27.25"
"__export__.sale_order_151701_f9a942ab","D151687","__export__.res_users_7_ace94875","2026-06-15 11:51:38","__export__.res_partner_941_349707c0","","Fully Invoiced","2026-06-15 11:51:23","True","__export__.crm_team_96_8d48bd6a","__export__.res_users_14_42108d61","Locked","17.84"
"__export__.sale_order_151697_7fc74d84","D151683","__export__.res_users_22_942f71e3","2026-06-15 11:42:20","__export__.res_partner_1073_2afb2f6f","","Fully Invoiced","2026-06-15 11:38:55","True","__export__.crm_team_69_17e53434","__export__.res_users_10_962e2fe2","Locked","337.77"
"__export__.sale_order_151696_f4764666","D151682","__export__.res_users_7_ace94875","2026-06-15 11:39:01","__export__.res_partner_2406_156bbf35","","Fully Invoiced","2026-06-15 11:35:29","True","__export__.crm_team_102_350bf834","__export__.res_users_7_ace94875","Locked","687.78"
"__export__.sale_order_151695_43a54968","D151681","__export__.res_users_22_942f71e3","2026-06-15 11:29:02","__export__.res_partner_2050_3666fbb2","","Fully Invoiced","2026-06-15 11:27:49","True","__export__.crm_team_96_8d48bd6a","__export__.res_users_14_42108d61","Locked","24.0"
"__export__.sale_order_151693_08c8a917","D151679","__export__.res_users_10_962e2fe2","2026-06-15 11:15:24","__export__.res_partner_1614_5e3c6e0a","","Fully Invoiced","2026-06-15 11:14:04","True","__export__.crm_team_137_eeba10e5","__export__.res_users_10_962e2fe2","Locked","115.95"
"__export__.sale_order_151692_3c331427","D151678","__export__.res_users_10_962e2fe2","2026-06-15 11:06:19","__export__.res_partner_866_7023b017","","Fully Invoiced","2026-06-15 11:05:40","True","__export__.crm_team_43_6092e23f","__export__.res_users_8_fb87432d","Locked","10.0"
"__export__.sale_order_151691_5320c913","D151677","__export__.res_users_22_942f71e3","2026-06-15 10:54:53","__export__.res_partner_781_c26c6452","","Fully Invoiced","2026-06-15 10:48:27","True","__export__.crm_team_102_350bf834","__export__.res_users_22_942f71e3","Locked","321.57"
"__export__.sale_order_151690_2f1f16db","D151676","__export__.res_users_30_f31202ea","2026-06-15 10:48:06","__export__.res_partner_1930_95ef299e","","Fully Invoiced","2026-06-15 10:44:33","True","__export__.crm_team_161_8055857d","__export__.res_users_14_42108d61","Locked","16.0"
"__export__.sale_order_151708_e65118b3","D151694","__export__.res_users_30_f31202ea","2026-06-15 13:45:40","__export__.res_partner_1930_95ef299e","","Fully Invoiced","2026-06-15 10:40:36","True","__export__.crm_team_5_bc4839e4","__export__.res_users_14_42108d61","Locked","39.95"
"__export__.sale_order_151689_7cc24b39","D151675","__export__.res_users_10_962e2fe2","2026-06-15 10:34:38","__export__.res_partner_1258_90945fa0","","Fully Invoiced","2026-06-15 10:33:32","True","__export__.crm_team_69_17e53434","__export__.res_users_14_42108d61","Locked","122.0"
"__export__.sale_order_151688_8e7d8934","D151674","__export__.res_users_22_942f71e3","2026-06-15 09:55:56","__export__.res_partner_1930_95ef299e","","Fully Invoiced","2026-06-15 09:55:37","True","__export__.crm_team_161_8055857d","__export__.res_users_14_42108d61","Locked","119.0"
"__export__.sale_order_151303_7d61bbf8","D151289","__export__.res_users_10_962e2fe2","2026-06-11 09:39:44","__export__.res_partner_1332_ccfc6a83","","Fully Invoiced","2026-06-15 09:39:09","True","__export__.crm_team_69_17e53434","__export__.res_users_10_962e2fe2","Locked","744.9"
"__export__.sale_order_151685_f2aa47d0","D151671","__export__.res_users_10_962e2fe2","2026-06-15 08:54:14","__export__.res_partner_874_2fe3c6b7","","Fully Invoiced","2026-06-15 08:53:16","True","__export__.crm_team_59_95d20efd","__export__.res_users_10_962e2fe2","Locked","98.5"
"__export__.sale_order_151686_bbb53f39","D151672","__export__.res_users_22_942f71e3","2026-06-15 08:54:56","__export__.res_partner_2499_4880f096","","Fully Invoiced","2026-06-15 08:52:45","True","__export__.crm_team_154_3a2ad666","__export__.res_users_7_ace94875","Locked","742.57"
"__export__.sale_order_151684_2bfd68dc","D151670","__export__.res_users_10_962e2fe2","2026-06-15 08:51:10","__export__.res_partner_2468_e2144f10","","Fully Invoiced","2026-06-15 08:43:22","True","__export__.crm_team_69_17e53434","__export__.res_users_10_962e2fe2","Locked","52.89"
"__export__.sale_order_151682_ed22d6ee","D151668","__export__.res_users_30_f31202ea","2026-06-15 08:41:15","__export__.res_partner_1577_224dd31f","仓库出货","Fully Invoiced","2026-06-15 08:39:18","True","__export__.crm_team_69_17e53434","__export__.res_users_30_f31202ea","Locked","509.56"
"__export__.sale_order_151680_17856b15","D151666","__export__.res_users_22_942f71e3","2026-06-15 08:39:25","__export__.res_partner_2051_6af4c1a8","","Fully Invoiced","2026-06-15 08:39:12","True","__export__.crm_team_98_821e316c","__export__.res_users_22_942f71e3","Locked","41.0"
"__export__.sale_order_151681_445fdd8d","D151667","__export__.res_users_10_962e2fe2","2026-06-15 08:40:14","__export__.res_partner_1779_3bcf046f","","Fully Invoiced","2026-06-15 08:37:32","True","__export__.crm_team_137_eeba10e5","__export__.res_users_10_962e2fe2","Locked","140.15"
"__export__.sale_order_151678_aa31d772","D151664","__export__.res_users_10_962e2fe2","2026-06-15 08:37:06","__export__.res_partner_966_906c2cfc","","Fully Invoiced","2026-06-15 08:34:54","True","__export__.crm_team_292_464da319","__export__.res_users_10_962e2fe2","Locked","153.54"
"__export__.sale_order_151679_57887f07","D151665","__export__.res_users_10_962e2fe2","2026-06-15 08:37:14","__export__.res_partner_766_97fcda57","","Fully Invoiced","2026-06-15 08:34:33","True","__export__.crm_team_292_464da319","__export__.res_users_10_962e2fe2","Locked","159.4"
"__export__.sale_order_151687_d11f9446","D151673","__export__.res_users_10_962e2fe2","2026-06-15 09:22:38","__export__.res_partner_2052_563650ad","","Fully Invoiced","2026-06-15 08:28:40","True","__export__.crm_team_69_17e53434","__export__.res_users_10_962e2fe2","Locked","183.5"
"__export__.sale_order_151677_7cf485f7","D151663","__export__.res_users_10_962e2fe2","2026-06-15 08:30:42","__export__.res_partner_945_acf591c0","","Fully Invoiced","2026-06-15 08:28:35","True","__export__.crm_team_96_8d48bd6a","__export__.res_users_10_962e2fe2","Locked","98.2"
"__export__.sale_order_151676_6acb0fa6","D151662","__export__.res_users_10_962e2fe2","2026-06-15 08:26:57","__export__.res_partner_790_fcc5b5d9","","Fully Invoiced","2026-06-15 08:22:08","True","__export__.crm_team_137_eeba10e5","__export__.res_users_10_962e2fe2","Locked","343.5"
"__export__.sale_order_151675_e1b52ef3","D151661","__export__.res_users_10_962e2fe2","2026-06-15 08:21:53","__export__.res_partner_1912_c1e91db3","","Fully Invoiced","2026-06-15 08:18:44","True","__export__.crm_team_277_1848bdf1","__export__.res_users_10_962e2fe2","Locked","456.5"
"__export__.sale_order_151674_9a36260e","D151660","__export__.res_users_7_ace94875","2026-06-15 08:18:50","__export__.res_partner_1178_4660d857","","Fully Invoiced","2026-06-15 08:18:21","True","__export__.crm_team_136_d1985d03","__export__.res_users_7_ace94875","Locked","2183.74"
"__export__.sale_order_151620_efb02bdd","D151606","__export__.res_users_22_942f71e3","2026-06-15 00:35:06","__export__.res_partner_743_530f71ec","已给","Fully Invoiced","2026-06-15 08:16:52","True","__export__.crm_team_69_17e53434","__export__.res_users_22_942f71e3","Locked","1195.11"
"__export__.sale_order_151683_727ce1f7","D151669","__export__.res_users_30_f31202ea","2026-06-15 08:44:05","__export__.res_partner_1281_f77cf15c","","Fully Invoiced","2026-06-15 08:15:28","True","__export__.crm_team_293_a93771d4","__export__.res_users_28_e1e8c9ed","Locked","125.1"
"__export__.sale_order_151672_660f8cd9","D151658","__export__.res_users_22_942f71e3","2026-06-15 08:15:43","__export__.res_partner_2239_187fc3fe","","Fully Invoiced","2026-06-15 08:13:03","True","__export__.crm_team_230_30056844","__export__.res_users_7_ace94875","Locked","692.45"
"__export__.sale_order_151670_be99656e","D151656","__export__.res_users_22_942f71e3","2026-06-15 08:12:45","__export__.res_partner_2527_2937bc92","","Fully Invoiced","2026-06-15 08:12:24","True","__export__.crm_team_172_e403f408","__export__.res_users_10_962e2fe2","Locked","163.17"
"__export__.sale_order_151671_4777a601","D151657","__export__.res_users_30_f31202ea","2026-06-15 08:14:02","__export__.res_partner_2531_e0e03692","","Fully Invoiced","2026-06-15 08:11:38","True","__export__.crm_team_232_fa62cff8","__export__.res_users_22_942f71e3","Locked","162.4"
"__export__.sale_order_151668_a1c9bf7d","D151654","__export__.res_users_22_942f71e3","2026-06-15 08:07:39","__export__.res_partner_2058_482aeb95","","Fully Invoiced","2026-06-15 08:07:33","True","__export__.crm_team_232_fa62cff8","__export__.res_users_28_e1e8c9ed","Locked","36.0"
"__export__.sale_order_151667_c337057b","D151653","__export__.res_users_22_942f71e3","2026-06-15 08:07:32","__export__.res_partner_1634_e8b1f7be","","Fully Invoiced","2026-06-15 08:06:31","True","__export__.crm_team_232_fa62cff8","__export__.res_users_28_e1e8c9ed","Locked","136.29"
"__export__.sale_order_151669_68597587","D151655","__export__.res_users_10_962e2fe2","2026-06-15 08:10:11","__export__.res_partner_818_8185df11","RO不要确认","Nothing to Invoice","2026-06-15 08:04:56","True","__export__.crm_team_59_95d20efd","__export__.res_users_10_962e2fe2","Quotation","718.43"
"__export__.sale_order_151666_3b742f49","D151652","__export__.res_users_10_962e2fe2","2026-06-15 08:04:46","__export__.res_partner_1038_4eae3e17","warehouse","Fully Invoiced","2026-06-15 08:04:25","True","__export__.crm_team_275_339b1b1f","__export__.res_users_10_962e2fe2","Locked","135.0"
"__export__.sale_order_151665_18444a78","D151651","__export__.res_users_22_942f71e3","2026-06-15 08:01:52","__export__.res_partner_703_689677ed","","Fully Invoiced","2026-06-15 07:59:23","True","__export__.crm_team_161_8055857d","__export__.res_users_22_942f71e3","Locked","912.85"
"__export__.sale_order_151664_d15549dd","D151650","__export__.res_users_7_ace94875","2026-06-15 07:55:23","__export__.res_partner_1616_533a6f33","","Fully Invoiced","2026-06-15 07:53:12","True","__export__.crm_team_228_ec7099f7","__export__.res_users_7_ace94875","Locked","376.3"
"__export__.sale_order_151420_5ff80df9","D151406","__export__.res_users_14_42108d61","2026-06-12 08:02:34","__export__.res_partner_1079_f42ddf2f","","Fully Invoiced","2026-06-15 07:47:21","True","__export__.crm_team_112_5a7d7484","__export__.res_users_14_42108d61","Locked","864.38"
"__export__.sale_order_151662_7d04d589","D151648","__export__.res_users_14_42108d61","2026-06-15 07:40:14","__export__.res_partner_1081_1b628387","","Fully Invoiced","2026-06-15 07:38:51","True","__export__.crm_team_163_c20aff5a","__export__.res_users_14_42108d61","Locked","136.3"
"__export__.sale_order_151661_969bc49a","D151647","__export__.res_users_14_42108d61","2026-06-15 07:40:12","__export__.res_partner_1075_51f5f6f0","","Fully Invoiced","2026-06-15 07:37:43","True","__export__.crm_team_163_c20aff5a","__export__.res_users_14_42108d61","Locked","129.2"
"__export__.sale_order_151660_e43eff53","D151646","__export__.res_users_14_42108d61","2026-06-15 07:33:47","__export__.res_partner_2289_dca3de59","","Fully Invoiced","2026-06-15 07:26:12","True","__export__.crm_team_303_6d918a38","__export__.res_users_14_42108d61","Locked","300.61"
"__export__.sale_order_151658_418a71af","D151644","__export__.res_users_14_42108d61","2026-06-15 07:20:42","__export__.res_partner_1913_0b4fe26f","","Fully Invoiced","2026-06-15 07:18:24","True","__export__.crm_team_51_075d42c1","__export__.res_users_14_42108d61","Locked","339.61"
"__export__.sale_order_151495_31e6f9ca","D151481","__export__.res_users_10_962e2fe2","2026-06-13 07:18:49","__export__.res_partner_2568_c732ed29","","Fully Invoiced","2026-06-15 07:17:56","True","__export__.crm_team_288_272a2474","__export__.res_users_10_962e2fe2","Locked","112.65"
"__export__.sale_order_151657_491be1de","D151643","__export__.res_users_14_42108d61","2026-06-15 07:13:04","__export__.res_partner_2569_af48199c","","Fully Invoiced","2026-06-15 07:08:26","True","__export__.crm_team_303_6d918a38","__export__.res_users_14_42108d61","Locked","202.95"
"__export__.sale_order_151656_e15eb4f4","D151642","__export__.res_users_14_42108d61","2026-06-15 07:06:38","__export__.res_partner_2554_2a140201","","Fully Invoiced","2026-06-15 07:05:16","True","__export__.crm_team_288_272a2474","__export__.res_users_14_42108d61","Locked","146.75"
"__export__.sale_order_151655_6fcea4e4","D151641","__export__.res_users_14_42108d61","2026-06-15 07:04:44","__export__.res_partner_991_2b9a995e","","Fully Invoiced","2026-06-15 07:03:14","True","__export__.crm_team_293_a93771d4","__export__.res_users_14_42108d61","Locked","357.85"
"__export__.sale_order_151654_a8cc7e4c","D151640","__export__.res_users_14_42108d61","2026-06-15 07:03:11","__export__.res_partner_2526_65f4da72","","Fully Invoiced","2026-06-15 06:58:06","True","__export__.crm_team_301_cac40131","__export__.res_users_10_962e2fe2","Locked","23.5"
"__export__.sale_order_151653_43d498f5","D151639","__export__.res_users_14_42108d61","2026-06-15 06:58:02","__export__.res_partner_2522_4ddc00ff","","Fully Invoiced","2026-06-15 06:57:11","True","__export__.crm_team_227_ffd73472","__export__.res_users_10_962e2fe2","Locked","63.0"
"__export__.sale_order_151652_aff3a79f","D151638","__export__.res_users_14_42108d61","2026-06-15 06:54:39","__export__.res_partner_2555_ba76af6c","","Fully Invoiced","2026-06-15 06:52:40","True","__export__.crm_team_194_9303e72c","__export__.res_users_14_42108d61","Locked","506.7"
"__export__.sale_order_151649_d02210c3","D151635","__export__.res_users_14_42108d61","2026-06-15 06:50:09","__export__.res_partner_2050_3666fbb2","","Fully Invoiced","2026-06-15 06:44:41","True","__export__.crm_team_96_8d48bd6a","__export__.res_users_14_42108d61","Locked","500.4"
"__export__.sale_order_151648_424bf636","D151634","__export__.res_users_14_42108d61","2026-06-15 06:44:19","__export__.res_partner_1582_2a53fed0","","Fully Invoiced","2026-06-15 06:42:46","True","__export__.crm_team_134_5d6888e6","__export__.res_users_14_42108d61","Locked","229.05"
"__export__.sale_order_151647_e3fe512e","D151633","__export__.res_users_14_42108d61","2026-06-15 06:39:50","__export__.res_partner_859_c1e0c4b2","","Fully Invoiced","2026-06-15 06:32:23","True","__export__.crm_team_277_1848bdf1","__export__.res_users_14_42108d61","Locked","1260.82"
"__export__.sale_order_151646_170450ba","D151632","__export__.res_users_14_42108d61","2026-06-15 06:31:23","__export__.res_partner_2547_8f7ed1f4","","Fully Invoiced","2026-06-15 06:27:01","True","__export__.crm_team_289_72f3a502","__export__.res_users_14_42108d61","Locked","427.3"
"__export__.sale_order_151645_1f433b2e","D151631","__export__.res_users_14_42108d61","2026-06-15 06:26:27","__export__.res_partner_2510_f6a1dc97","","Fully Invoiced","2026-06-15 06:24:04","True","__export__.crm_team_79_8cb35e83","__export__.res_users_14_42108d61","Locked","201.25"
"__export__.sale_order_151644_a0314759","D151630","__export__.res_users_14_42108d61","2026-06-15 06:20:52","__export__.res_partner_2478_0a6bc6a3","","Fully Invoiced","2026-06-15 06:18:34","True","__export__.crm_team_78_db60447e","__export__.res_users_14_42108d61","Locked","389.9"
"__export__.sale_order_151643_6fdc1d0a","D151629","__export__.res_users_14_42108d61","2026-06-15 06:17:21","__export__.res_partner_858_0e5ada1d","","Fully Invoiced","2026-06-15 06:14:53","True","__export__.crm_team_59_95d20efd","__export__.res_users_14_42108d61","Locked","484.05"
"__export__.sale_order_151642_490a9698","D151628","__export__.res_users_14_42108d61","2026-06-15 06:13:11","__export__.res_partner_1294_703558f9","","Fully Invoiced","2026-06-15 06:10:24","True","__export__.crm_team_172_e403f408","__export__.res_users_14_42108d61","Locked","172.65"
"__export__.sale_order_151618_2100fb17","D151604","__export__.res_users_22_942f71e3","2026-06-15 00:07:25","__export__.res_partner_1008_4287ea11","","Fully Invoiced","2026-06-15 06:01:56","True","__export__.crm_team_275_339b1b1f","__export__.res_users_7_ace94875","Locked","423.68"
"__export__.sale_order_151639_c18c1239","D151625","__export__.res_users_14_42108d61","2026-06-15 05:50:26","__export__.res_partner_1647_f302a0a9","","Fully Invoiced","2026-06-15 05:49:23","True","__export__.crm_team_231_ec27440e","__export__.res_users_14_42108d61","Locked","109.3"
"__export__.sale_order_151638_40408e88","D151624","__export__.res_users_14_42108d61","2026-06-15 05:49:12","__export__.res_partner_2429_c1d41fbc","","Fully Invoiced","2026-06-15 05:47:34","True","__export__.crm_team_80_d86e22d9","__export__.res_users_14_42108d61","Locked","247.5"
"__export__.sale_order_151637_83d0e917","D151623","__export__.res_users_14_42108d61","2026-06-15 05:46:18","__export__.res_partner_1579_d86b0c07","","Fully Invoiced","2026-06-15 05:40:19","True","__export__.crm_team_134_5d6888e6","__export__.res_users_14_42108d61","Locked","876.51"
"__export__.sale_order_151636_fcabb85c","D151622","__export__.res_users_14_42108d61","2026-06-15 05:39:14","__export__.res_partner_2545_1403fe60","","Fully Invoiced","2026-06-15 05:37:42","True","__export__.crm_team_80_d86e22d9","__export__.res_users_14_42108d61","Locked","464.76"
"__export__.sale_order_151635_e79917f7","D151621","__export__.res_users_14_42108d61","2026-06-15 05:36:52","__export__.res_partner_2414_e36e6f88","","Fully Invoiced","2026-06-15 05:30:31","True","__export__.crm_team_306_f21cf977","__export__.res_users_14_42108d61","Locked","351.72"
"__export__.sale_order_151634_2d354573","D151620","__export__.res_users_14_42108d61","2026-06-15 05:29:18","__export__.res_partner_2489_89b4d108","","Fully Invoiced","2026-06-15 05:28:09","True","__export__.crm_team_159_d09f9755","__export__.res_users_14_42108d61","Locked","226.85"
"__export__.sale_order_151633_8bce3c68","D151619","__export__.res_users_14_42108d61","2026-06-15 05:27:35","__export__.res_partner_2019_28edbd45","","Fully Invoiced","2026-06-15 05:26:22","True","__export__.crm_team_51_075d42c1","__export__.res_users_14_42108d61","Locked","275.35"
"__export__.sale_order_151632_73a7cd95","D151618","__export__.res_users_14_42108d61","2026-06-15 04:57:23","__export__.res_partner_1991_a2810e90","","Fully Invoiced","2026-06-15 04:52:33","True","__export__.crm_team_112_5a7d7484","__export__.res_users_14_42108d61","Locked","1063.79"
"__export__.sale_order_151631_4edf8d7b","D151617","__export__.res_users_14_42108d61","2026-06-15 04:50:58","__export__.res_partner_2419_e2111cb0","","Fully Invoiced","2026-06-15 04:49:25","True","__export__.crm_team_78_db60447e","__export__.res_users_14_42108d61","Locked","142.3"
"__export__.sale_order_151630_8ab8b685","D151616","__export__.res_users_14_42108d61","2026-06-15 04:49:21","__export__.res_partner_2572_c6f857f5","","Fully Invoiced","2026-06-15 04:07:23","True","__export__.crm_team_136_d1985d03","__export__.res_users_14_42108d61","Locked","1679.25"
"__export__.sale_order_151629_f85540d5","D151615","__export__.res_users_14_42108d61","2026-06-15 04:04:36","__export__.res_partner_1570_48b936ad","","Fully Invoiced","2026-06-15 04:01:58","True","__export__.crm_team_112_5a7d7484","__export__.res_users_14_42108d61","Locked","704.0"
"__export__.sale_order_151627_2c418ff2","D151613","__export__.res_users_14_42108d61","2026-06-15 03:56:43","__export__.res_partner_1159_a59e4c3e","","Fully Invoiced","2026-06-15 03:53:55","True","__export__.crm_team_289_72f3a502","__export__.res_users_14_42108d61","Locked","281.49"
"__export__.sale_order_151626_0febc1eb","D151612","__export__.res_users_14_42108d61","2026-06-15 03:51:56","__export__.res_partner_2232_5eb6c569","","Fully Invoiced","2026-06-15 03:47:26","True","__export__.crm_team_136_d1985d03","__export__.res_users_14_42108d61","Locked","965.55"
"__export__.sale_order_151625_d1aa1d34","D151611","__export__.res_users_14_42108d61","2026-06-15 03:35:06","__export__.res_partner_1930_95ef299e","","Fully Invoiced","2026-06-15 03:27:33","True","__export__.crm_team_161_8055857d","__export__.res_users_14_42108d61","Locked","1033.96"
"__export__.sale_order_151623_7702a36c","D151609","__export__.res_users_14_42108d61","2026-06-15 03:27:09","__export__.res_partner_1845_ce74c057","","Fully Invoiced","2026-06-15 03:26:18","True","__export__.crm_team_39_ffc4074f","__export__.res_users_14_42108d61","Locked","75.77"
"__export__.sale_order_151624_999879b0","D151610","__export__.res_users_14_42108d61","2026-06-15 03:27:12","__export__.res_partner_902_081ecc25","","Fully Invoiced","2026-06-15 03:22:21","True","__export__.crm_team_59_95d20efd","__export__.res_users_14_42108d61","Locked","111.45"
"__export__.sale_order_151608_5f5f6f65","D151594","__export__.res_users_7_ace94875","2026-06-14 23:11:08","__export__.res_partner_2335_deaccdc9","","Fully Invoiced","2026-06-15 03:09:00","True","__export__.crm_team_275_339b1b1f","__export__.res_users_7_ace94875","Locked","905.5"
"__export__.sale_order_151606_28212501","D151592","__export__.res_users_7_ace94875","2026-06-14 23:08:06","__export__.res_partner_2458_a35b8347","","Fully Invoiced","2026-06-15 03:07:32","True","__export__.crm_team_134_5d6888e6","__export__.res_users_28_e1e8c9ed","Locked","170.75"
"__export__.sale_order_151602_fec0529b","D151588","__export__.res_users_7_ace94875","2026-06-14 23:04:51","__export__.res_partner_723_b6aff6bf","","Fully Invoiced","2026-06-15 03:03:55","True","__export__.crm_team_96_8d48bd6a","__export__.res_users_14_42108d61","Locked","246.5"
"__export__.sale_order_151600_a0afb914","D151586","__export__.res_users_7_ace94875","2026-06-14 23:03:51","__export__.res_partner_1015_81b526fb","","Fully Invoiced","2026-06-15 03:03:17","True","__export__.crm_team_230_30056844","__export__.res_users_7_ace94875","Locked","119.0"
"__export__.sale_order_151603_69d05ed3","D151589","__export__.res_users_7_ace94875","2026-06-14 23:06:06","__export__.res_partner_2028_9fa04bc8","","Fully Invoiced","2026-06-15 02:05:01","True","__export__.crm_team_96_8d48bd6a","__export__.res_users_14_42108d61","Locked","267.5"
"__export__.sale_order_151598_dc8bb0b1","D151584","__export__.res_users_7_ace94875","2026-06-14 23:03:10","__export__.res_partner_789_0ae6dd9e","","Fully Invoiced","2026-06-15 02:02:06","True","__export__.crm_team_230_30056844","__export__.res_users_7_ace94875","Locked","443.0"
"__export__.sale_order_151480_0f06318c","D151466","__export__.res_users_30_f31202ea","2026-06-12 22:59:11","__export__.res_partner_1781_a043f483","已打印","Fully Invoiced","2026-06-13 22:50:01","True","__export__.crm_team_59_95d20efd","__export__.res_users_10_962e2fe2","Locked","655.7"
"__export__.sale_order_151479_bf705062","D151465","__export__.res_users_30_f31202ea","2026-06-12 22:49:30","__export__.res_partner_2057_b196e088","","Fully Invoiced","2026-06-13 22:48:01","True","__export__.crm_team_96_8d48bd6a","__export__.res_users_30_f31202ea","Locked","104.7"
"__export__.sale_order_151478_1356a8b5","D151464","__export__.res_users_30_f31202ea","2026-06-12 22:47:53","__export__.res_partner_1626_60b65b7e","","Fully Invoiced","2026-06-13 22:46:58","True","__export__.crm_team_278_1a2d18d7","__export__.res_users_30_f31202ea","Locked","29.1"
"__export__.sale_order_151477_2a8f64f0","D151463","__export__.res_users_30_f31202ea","2026-06-12 22:40:13","__export__.res_partner_2226_073d5a5a","","Fully Invoiced","2026-06-13 22:38:36","True","__export__.crm_team_279_8648531b","__export__.res_users_10_962e2fe2","Locked","461.0"
"__export__.sale_order_151476_861c2e00","D151462","__export__.res_users_30_f31202ea","2026-06-12 22:36:38","__export__.res_partner_1162_84b0db9d","已给","Fully Invoiced","2026-06-13 22:31:44","True","__export__.crm_team_275_339b1b1f","__export__.res_users_7_ace94875","Locked","366.8"
"__export__.sale_order_151475_3ae93087","D151461","__export__.res_users_30_f31202ea","2026-06-12 22:29:17","__export__.res_partner_1577_224dd31f","已给","Fully Invoiced","2026-06-13 22:23:41","True","__export__.crm_team_69_17e53434","__export__.res_users_30_f31202ea","Locked","101.27"
"__export__.sale_order_151474_730c8cdf","D151460","__export__.res_users_30_f31202ea","2026-06-12 22:21:07","__export__.res_partner_1318_c98a4b7c","","Fully Invoiced","2026-06-13 22:20:07","True","__export__.crm_team_49_ed5dc1d0","__export__.res_users_30_f31202ea","Locked","168.7"
"__export__.sale_order_151473_f1844491","D151459","__export__.res_users_30_f31202ea","2026-06-12 22:19:38","__export__.res_partner_858_0e5ada1d","","Fully Invoiced","2026-06-13 22:11:44","True","__export__.crm_team_96_8d48bd6a","__export__.res_users_14_42108d61","Locked","448.3"
"__export__.sale_order_151482_4099b3f6","D151468","__export__.res_users_30_f31202ea","2026-06-12 23:16:26","__export__.res_partner_1994_4bb952c0","","Fully Invoiced","2026-06-13 22:10:23","True","__export__.crm_team_96_8d48bd6a","__export__.res_users_14_42108d61","Locked","411.85"
"__export__.sale_order_151472_929d4bcd","D151458","__export__.res_users_30_f31202ea","2026-06-12 22:10:04","__export__.res_partner_866_7023b017","已给","Fully Invoiced","2026-06-13 22:07:51","True","__export__.crm_team_275_339b1b1f","__export__.res_users_8_fb87432d","Locked","460.05"
"__export__.sale_order_151471_8c1e9d0c","D151457","__export__.res_users_30_f31202ea","2026-06-12 22:07:32","__export__.res_partner_878_d6f1bc08","","Fully Invoiced","2026-06-13 22:03:21","True","__export__.crm_team_96_8d48bd6a","__export__.res_users_10_962e2fe2","Locked","335.33"
"__export__.sale_order_151470_7071e1a9","D151456","__export__.res_users_30_f31202ea","2026-06-12 22:03:11","__export__.res_partner_768_72edcbdb","","Fully Invoiced","2026-06-13 22:01:56","True","__export__.crm_team_49_ed5dc1d0","__export__.res_users_30_f31202ea","Locked","167.35"
"__export__.sale_order_151481_fefeab32","D151467","__export__.res_users_30_f31202ea","2026-06-12 23:09:23","__export__.res_partner_1036_c336a2ab","已给","Fully Invoiced","2026-06-13 22:01:32","True","__export__.crm_team_59_95d20efd","__export__.res_users_7_ace94875","Locked","321.6"
"__export__.sale_order_151469_cf3db2e9","D151455","__export__.res_users_30_f31202ea","2026-06-12 22:01:38","__export__.res_partner_1042_4b562afb","","Fully Invoiced","2026-06-13 22:00:08","True","__export__.crm_team_96_8d48bd6a","__export__.res_users_30_f31202ea","Locked","367.79"
"__export__.sale_order_151468_ed5329c1","D151454","__export__.res_users_30_f31202ea","2026-06-12 21:59:45","__export__.res_partner_696_930a1ccb","","Fully Invoiced","2026-06-13 21:54:46","True","__export__.crm_team_277_1848bdf1","__export__.res_users_30_f31202ea","Locked","401.2"
"__export__.sale_order_151467_2b831d6f","D151453","__export__.res_users_10_962e2fe2","2026-06-12 15:20:38","__export__.res_partner_874_2fe3c6b7","","Fully Invoiced","2026-06-13 15:19:11","True","__export__.crm_team_49_ed5dc1d0","__export__.res_users_10_962e2fe2","Locked","48.5"
"__export__.sale_order_151506_08d563d4","D151492","__export__.res_users_14_42108d61","2026-06-13 13:40:49","__export__.res_partner_696_930a1ccb","","Fully Invoiced","2026-06-13 13:38:11","True","__export__.crm_team_5_bc4839e4","__export__.res_users_14_42108d61","Locked","28.0"
"__export__.sale_order_151457_e7d20335","D151443","__export__.res_users_10_962e2fe2","2026-06-12 09:52:25","__export__.res_partner_818_8185df11","","Fully Invoiced","2026-06-13 09:51:53","True","__export__.crm_team_96_8d48bd6a","__export__.res_users_10_962e2fe2","Locked","452.0"
"__export__.sale_order_151505_d02ce733","D151491","__export__.res_users_10_962e2fe2","2026-06-13 09:44:49","__export__.res_partner_1038_4eae3e17","warehouse","Fully Invoiced","2026-06-13 09:43:49","True","__export__.crm_team_277_1848bdf1","__export__.res_users_10_962e2fe2","Locked","702.64"
"__export__.sale_order_151504_874d180d","D151490","__export__.res_users_22_942f71e3","2026-06-13 09:42:00","__export__.res_partner_1577_224dd31f","","Fully Invoiced","2026-06-13 09:41:49","True","__export__.crm_team_69_17e53434","__export__.res_users_22_942f71e3","Locked","136.5"
"__export__.sale_order_151502_9f023e23","D151488","__export__.res_users_22_942f71e3","2026-06-13 08:40:31","__export__.res_partner_1577_224dd31f","仓库出货","Fully Invoiced","2026-06-13 08:39:12","True","__export__.crm_team_69_17e53434","__export__.res_users_22_942f71e3","Locked","357.95"
"__export__.sale_order_151483_8205b930","D151469","__export__.res_users_22_942f71e3","2026-06-12 23:23:24","__export__.res_partner_1222_205defba","","Fully Invoiced","2026-06-13 08:23:05","True","__export__.crm_team_49_ed5dc1d0","__export__.res_users_22_942f71e3","Locked","43.0"
"__export__.sale_order_151501_02f2cb24","D151487","__export__.res_users_7_ace94875","2026-06-13 07:52:49","__export__.res_partner_702_52a425d1","","Fully Invoiced","2026-06-13 07:51:48","True","__export__.crm_team_276_22e06523","__export__.res_users_8_fb87432d","Locked","403.05"
"__export__.sale_order_151500_c07429cd","D151486","__export__.res_users_22_942f71e3","2026-06-13 07:51:04","__export__.res_partner_1869_c2b3c1c3","","Fully Invoiced","2026-06-13 07:50:33","True","__export__.crm_team_49_ed5dc1d0","__export__.res_users_22_942f71e3","Locked","75.5"
"__export__.sale_order_151499_22fffcea","D151485","__export__.res_users_10_962e2fe2","2026-06-13 07:47:38","__export__.res_partner_1616_533a6f33","已给","Fully Invoiced","2026-06-13 07:46:43","True","__export__.crm_team_275_339b1b1f","__export__.res_users_10_962e2fe2","Locked","119.5"
"__export__.sale_order_151498_32b0e282","D151484","__export__.res_users_14_42108d61","2026-06-13 07:47:11","__export__.res_partner_1864_a87d3f99","","Fully Invoiced","2026-06-13 07:45:31","True","__export__.crm_team_96_8d48bd6a","__export__.res_users_14_42108d61","Locked","622.0"
"__export__.sale_order_151497_de7fa844","D151483","__export__.res_users_10_962e2fe2","2026-06-13 07:24:25","__export__.res_partner_1775_66b13be4","9点都有人，打电话0830227961","Fully Invoiced","2026-06-13 07:21:11","True","__export__.crm_team_279_8648531b","__export__.res_users_14_42108d61","Locked","142.85"
"__export__.sale_order_151496_c5883afc","D151482","__export__.res_users_10_962e2fe2","2026-06-13 07:20:28","__export__.res_partner_2519_9b3545b1","放蓬莱","Fully Invoiced","2026-06-13 07:18:52","True","__export__.crm_team_49_ed5dc1d0","__export__.res_users_10_962e2fe2","Locked","71.5"
"__export__.sale_order_151494_395cd958","D151480","__export__.res_users_10_962e2fe2","2026-06-13 07:15:00","__export__.res_partner_1128_64cbbe68","","Fully Invoiced","2026-06-13 07:14:38","True","__export__.crm_team_278_1a2d18d7","__export__.res_users_10_962e2fe2","Locked","92.5"
"__export__.sale_order_151493_c2bac90c","D151479","__export__.res_users_10_962e2fe2","2026-06-13 07:14:36","__export__.res_partner_1567_920f121d","","Fully Invoiced","2026-06-13 07:14:08","True","__export__.crm_team_278_1a2d18d7","__export__.res_users_10_962e2fe2","Locked","88.5"
"__export__.sale_order_151492_00caa188","D151478","__export__.res_users_14_42108d61","2026-06-13 05:17:07","__export__.res_partner_2526_65f4da72","","Fully Invoiced","2026-06-13 05:15:56","True","__export__.crm_team_279_8648531b","__export__.res_users_10_962e2fe2","Locked","53.45"
"__export__.sale_order_151491_9fb6f926","D151477","__export__.res_users_14_42108d61","2026-06-13 05:15:50","__export__.res_partner_2522_4ddc00ff","","Fully Invoiced","2026-06-13 05:14:38","True","__export__.crm_team_276_22e06523","__export__.res_users_10_962e2fe2","Locked","150.79"
"__export__.sale_order_151490_20c297a9","D151476","__export__.res_users_14_42108d61","2026-06-13 05:09:13","__export__.res_partner_2419_e2111cb0","","Fully Invoiced","2026-06-13 05:07:17","True","__export__.crm_team_96_8d48bd6a","__export__.res_users_14_42108d61","Locked","125.25"
"__export__.sale_order_151489_322dde00","D151475","__export__.res_users_14_42108d61","2026-06-13 05:03:53","__export__.res_partner_1837_354db69f","","Fully Invoiced","2026-06-13 05:02:26","True","__export__.crm_team_96_8d48bd6a","__export__.res_users_14_42108d61","Locked","117.05"
"__export__.sale_order_151488_065e7c04","D151474","__export__.res_users_14_42108d61","2026-06-13 05:00:40","__export__.res_partner_1576_8c8f7051","","Fully Invoiced","2026-06-13 04:59:33","True","__export__.crm_team_276_22e06523","__export__.res_users_14_42108d61","Locked","118.86"
"__export__.sale_order_151487_dd81a9e0","D151473","__export__.res_users_14_42108d61","2026-06-13 04:59:21","__export__.res_partner_1003_ca286395","","Fully Invoiced","2026-06-13 04:58:35","True","__export__.crm_team_49_ed5dc1d0","__export__.res_users_10_962e2fe2","Locked","71.0"
"__export__.sale_order_151486_bd2ebf40","D151472","__export__.res_users_14_42108d61","2026-06-13 04:56:31","__export__.res_partner_902_081ecc25","","Fully Invoiced","2026-06-13 04:52:14","True","__export__.crm_team_96_8d48bd6a","__export__.res_users_14_42108d61","Locked","857.61"
"__export__.sale_order_151485_361153ad","D151471","__export__.res_users_14_42108d61","2026-06-13 04:52:10","__export__.res_partner_1845_ce74c057","","Fully Invoiced","2026-06-13 04:48:45","True","__export__.crm_team_49_ed5dc1d0","__export__.res_users_14_42108d61","Locked","134.0"
"__export__.sale_order_151377_a18dbcab","D151363","__export__.res_users_30_f31202ea","2026-06-11 22:57:50","__export__.res_partner_748_a0244e8f","","Fully Invoiced","2026-06-12 22:55:50","True","__export__.crm_team_290_b4e2eca7","__export__.res_users_7_ace94875","Locked","88.0"
"__export__.sale_order_151378_6d39c491","D151364","__export__.res_users_30_f31202ea","2026-06-11 22:58:36","__export__.res_partner_1019_04d73dd9","","Fully Invoiced","2026-06-12 22:53:04","True","__export__.crm_team_290_b4e2eca7","__export__.res_users_7_ace94875","Locked","111.1"
"__export__.sale_order_151376_d2ef45a3","D151362","__export__.res_users_22_942f71e3","2026-06-11 22:52:09","__export__.res_partner_1781_a043f483","","Fully Invoiced","2026-06-12 22:42:31","True","__export__.crm_team_79_8cb35e83","__export__.res_users_10_962e2fe2","Locked","91.5"
"__export__.sale_order_151375_e9d514ba","D151361","__export__.res_users_22_942f71e3","2026-06-11 22:41:31","__export__.res_partner_747_4ecd91bc","","Fully Invoiced","2026-06-12 22:41:01","True","__export__.crm_team_232_fa62cff8","__export__.res_users_7_ace94875","Locked","84.9"
"__export__.sale_order_151374_b6962909","D151360","__export__.res_users_22_942f71e3","2026-06-11 22:40:57","__export__.res_partner_1018_7a4e2980","","Fully Invoiced","2026-06-12 22:38:32","True","__export__.crm_team_232_fa62cff8","__export__.res_users_7_ace94875","Locked","79.6"
"__export__.sale_order_151373_a94965ad","D151359","__export__.res_users_22_942f71e3","2026-06-11 22:36:55","__export__.res_partner_768_72edcbdb","","Fully Invoiced","2026-06-12 22:32:30","True","__export__.crm_team_39_ffc4074f","__export__.res_users_22_942f71e3","Locked","83.45"
"__export__.sale_order_151371_2af33ed6","D151357","__export__.res_users_22_942f71e3","2026-06-11 22:32:16","__export__.res_partner_2500_54e25243","","Fully Invoiced","2026-06-12 22:31:32","True","__export__.crm_team_39_ffc4074f","__export__.res_users_10_962e2fe2","Locked","100.0"
"__export__.sale_order_151372_ef068ef2","D151358","__export__.res_users_30_f31202ea","2026-06-11 22:35:22","__export__.res_partner_1042_4b562afb","","Fully Invoiced","2026-06-12 22:26:05","True","__export__.crm_team_59_95d20efd","__export__.res_users_30_f31202ea","Locked","319.03"
"__export__.sale_order_151369_41729d1a","D151355","__export__.res_users_30_f31202ea","2026-06-11 22:25:39","__export__.res_partner_2536_e53ff52d","","Fully Invoiced","2026-06-12 22:19:52","True","__export__.crm_team_288_272a2474","__export__.res_users_14_42108d61","Locked","310.2"
"__export__.sale_order_151370_4683903a","D151356","__export__.res_users_22_942f71e3","2026-06-11 22:29:59","__export__.res_partner_2203_a475d102","已给","Fully Invoiced","2026-06-12 22:17:36","True","__export__.crm_team_69_17e53434","__export__.res_users_22_942f71e3","Locked","1258.05"
"__export__.sale_order_151368_763598f2","D151354","__export__.res_users_18_297f6f55","2026-06-11 22:14:11","__export__.res_partner_1558_b4bd7d3c","","Fully Invoiced","2026-06-12 22:13:10","True","__export__.crm_team_173_1afa093c","__export__.res_users_8_fb87432d","Locked","263.7"
"__export__.sale_order_151367_801c4652","D151353","__export__.res_users_22_942f71e3","2026-06-11 22:13:08","__export__.res_partner_1577_224dd31f","","Fully Invoiced","2026-06-12 22:11:03","True","__export__.crm_team_227_ffd73472","__export__.res_users_22_942f71e3","Locked","59.5"
"__export__.sale_order_151366_ddab65ad","D151352","__export__.res_users_18_297f6f55","2026-06-11 22:12:30","__export__.res_partner_2062_392da815","","Fully Invoiced","2026-06-12 22:08:38","True","__export__.crm_team_173_1afa093c","__export__.res_users_8_fb87432d","Locked","2071.48"
"__export__.sale_order_151382_3a90a22a","D151368","__export__.res_users_30_f31202ea","2026-06-11 23:08:50","__export__.res_partner_2026_b3659e1c","","Fully Invoiced","2026-06-12 22:07:05","True","__export__.crm_team_229_a2ef141e","__export__.res_users_7_ace94875","Locked","200.4"
"__export__.sale_order_151365_79c0af72","D151351","__export__.res_users_18_297f6f55","2026-06-11 22:04:53","__export__.res_partner_1220_7b1e037c","","Fully Invoiced","2026-06-12 22:04:11","True","__export__.crm_team_51_075d42c1","__export__.res_users_22_942f71e3","Locked","87.1"
"__export__.sale_order_151380_6d885b22","D151366","__export__.res_users_30_f31202ea","2026-06-11 23:06:19","__export__.res_partner_1141_61bb0f22","","Fully Invoiced","2026-06-12 22:04:09","True","__export__.crm_team_96_8d48bd6a","__export__.res_users_7_ace94875","Locked","309.65"
"__export__.sale_order_151379_bb7b42ad","D151365","__export__.res_users_30_f31202ea","2026-06-11 23:03:41","__export__.res_partner_2012_f514a226","","Fully Invoiced","2026-06-12 21:59:28","True","__export__.crm_team_306_f21cf977","__export__.res_users_7_ace94875","Locked","267.65"
"__export__.sale_order_151364_af17f0c2","D151350","__export__.res_users_18_297f6f55","2026-06-11 21:36:57","__export__.res_partner_988_d8939c6f","","Fully Invoiced","2026-06-12 21:10:28","True","__export__.crm_team_229_a2ef141e","__export__.res_users_18_297f6f55","Locked","117.9"
"__export__.sale_order_151363_a607924b","D151349","__export__.res_users_30_f31202ea","2026-06-11 20:30:08","__export__.res_partner_866_7023b017","","Fully Invoiced","2026-06-12 20:29:20","True","__export__.crm_team_227_ffd73472","__export__.res_users_8_fb87432d","Locked","266.5"
"__export__.sale_order_151362_003b3e8d","D151348","__export__.res_users_30_f31202ea","2026-06-11 20:28:55","__export__.res_partner_2464_6b8b8041","","Fully Invoiced","2026-06-12 20:27:26","True","__export__.crm_team_231_ec27440e","__export__.res_users_7_ace94875","Locked","99.4"
"__export__.sale_order_151361_f04a4dd9","D151347","__export__.res_users_10_962e2fe2","2026-06-11 20:22:56","__export__.res_partner_818_8185df11","RO不要确认","Nothing to Invoice","2026-06-12 20:18:02","True","__export__.crm_team_59_95d20efd","__export__.res_users_10_962e2fe2","Quotation","739.0"
"__export__.sale_order_151359_bce5490b","D151345","__export__.res_users_10_962e2fe2","2026-06-11 20:17:12","__export__.res_partner_1567_920f121d","","Fully Invoiced","2026-06-12 20:15:49","True","__export__.crm_team_228_ec7099f7","__export__.res_users_10_962e2fe2","Locked","572.0"
"__export__.sale_order_151358_c06f5524","D151344","__export__.res_users_10_962e2fe2","2026-06-11 20:14:58","__export__.res_partner_956_89e96401","","Fully Invoiced","2026-06-12 20:14:10","True","__export__.crm_team_51_075d42c1","__export__.res_users_10_962e2fe2","Locked","102.75"
"__export__.sale_order_151360_56ecbe2c","D151346","__export__.res_users_10_962e2fe2","2026-06-11 20:21:10","__export__.res_partner_997_1abc595b","","Fully Invoiced","2026-06-12 20:14:00","True","__export__.crm_team_290_b4e2eca7","__export__.res_users_7_ace94875","Locked","725.19"
"__export__.sale_order_151357_b2209a9e","D151343","__export__.res_users_10_962e2fe2","2026-06-11 20:13:30","__export__.res_partner_1603_68c3be70","","Fully Invoiced","2026-06-12 20:11:35","True","__export__.crm_team_305_c2537a3b","__export__.res_users_10_962e2fe2","Locked","171.4"
"__export__.sale_order_151356_8e0234e4","D151342","__export__.res_users_30_f31202ea","2026-06-11 20:09:31","__export__.res_partner_1326_e85f9f0f","","Fully Invoiced","2026-06-12 20:07:40","True","__export__.crm_team_96_8d48bd6a","__export__.res_users_27_ccf3d93e","Locked","100.4"
"__export__.sale_order_151355_0c70d383","D151341","__export__.res_users_30_f31202ea","2026-06-11 19:23:44","__export__.res_partner_815_b205f784","","Fully Invoiced","2026-06-12 19:21:52","True","__export__.crm_team_303_6d918a38","__export__.res_users_22_942f71e3","Locked","181.5"
"__export__.sale_order_151354_4e971ab5","D151340","__export__.res_users_30_f31202ea","2026-06-11 19:21:03","__export__.res_partner_2029_983ad619","","Fully Invoiced","2026-06-12 19:19:37","True","__export__.crm_team_292_464da319","__export__.res_users_22_942f71e3","Locked","209.75"
"__export__.sale_order_151353_f858d923","D151339","__export__.res_users_30_f31202ea","2026-06-11 19:19:26","__export__.res_partner_1900_f609d842","","Fully Invoiced","2026-06-12 19:17:33","True","__export__.crm_team_292_464da319","__export__.res_users_22_942f71e3","Locked","124.9"
"__export__.sale_order_151352_676c21db","D151338","__export__.res_users_30_f31202ea","2026-06-11 19:16:39","__export__.res_partner_1990_c219b4d6","","Fully Invoiced","2026-06-12 19:14:03","True","__export__.crm_team_96_8d48bd6a","__export__.res_users_10_962e2fe2","Locked","176.8"
"__export__.sale_order_151351_dc9924fa","D151337","__export__.res_users_30_f31202ea","2026-06-11 19:13:26","__export__.res_partner_2266_132955fa","","Fully Invoiced","2026-06-12 19:10:38","True","__export__.crm_team_51_075d42c1","__export__.res_users_10_962e2fe2","Locked","172.15"
"__export__.sale_order_151350_291f88a4","D151336","__export__.res_users_30_f31202ea","2026-06-11 19:08:36","__export__.res_partner_2156_ba2f749b","","Fully Invoiced","2026-06-12 19:07:56","True","__export__.crm_team_96_8d48bd6a","__export__.res_users_10_962e2fe2","Locked","53.3"
"__export__.sale_order_151349_08673791","D151335","__export__.res_users_30_f31202ea","2026-06-11 19:07:43","__export__.res_partner_1268_23010732","","Fully Invoiced","2026-06-12 19:03:57","True","__export__.crm_team_96_8d48bd6a","__export__.res_users_10_962e2fe2","Locked","192.85"
"__export__.sale_order_151348_1f621f32","D151334","__export__.res_users_30_f31202ea","2026-06-11 19:03:43","__export__.res_partner_1103_926e4c12","","Fully Invoiced","2026-06-12 19:01:33","True","__export__.crm_team_303_6d918a38","__export__.res_users_18_297f6f55","Locked","64.25"
"__export__.sale_order_151347_50e0e78e","D151333","__export__.res_users_30_f31202ea","2026-06-11 18:59:49","__export__.res_partner_1014_b4811845","","Fully Invoiced","2026-06-12 18:58:44","True","__export__.crm_team_96_8d48bd6a","__export__.res_users_22_942f71e3","Locked","193.35"
"__export__.sale_order_151346_82e1fd1c","D151332","__export__.res_users_30_f31202ea","2026-06-11 18:56:43","__export__.res_partner_2553_e1e16865","","Fully Invoiced","2026-06-12 18:52:33","True","__export__.crm_team_303_6d918a38","__export__.res_users_30_f31202ea","Locked","274.12"
"__export__.sale_order_151343_f9e6f1ae","D151329","__export__.res_users_10_962e2fe2","2026-06-11 15:48:02","__export__.res_partner_2551_dcb3618a","14号义卖（已出）","Fully Invoiced","2026-06-12 15:29:24","True","__export__.crm_team_69_17e53434","__export__.res_users_10_962e2fe2","Locked","699.91"
"__export__.sale_order_151465_aae42f92","D151451","__export__.res_users_22_942f71e3","2026-06-12 14:45:25","__export__.res_partner_2001_f7fddbf4","","Fully Invoiced","2026-06-12 14:45:07","True","__export__.crm_team_5_bc4839e4","__export__.res_users_22_942f71e3","Locked","13.0"
"__export__.sale_order_151337_96f3a045","D151323","__export__.res_users_7_ace94875","2026-06-11 14:23:01","__export__.res_partner_2523_69da4468","","Fully Invoiced","2026-06-12 14:21:44","True","__export__.crm_team_80_d86e22d9","__export__.res_users_7_ace94875","Locked","90.2"
"__export__.sale_order_151336_d6a7193c","D151322","__export__.res_users_7_ace94875","2026-06-11 14:21:38","__export__.res_partner_1178_4660d857","","Fully Invoiced","2026-06-12 14:20:54","True","__export__.crm_team_61_8dc82ae3","__export__.res_users_7_ace94875","Locked","2607.24"
"__export__.sale_order_151334_0475b571","D151320","__export__.res_users_10_962e2fe2","2026-06-11 13:28:09","__export__.res_partner_1216_828e12b8","","Fully Invoiced","2026-06-12 13:27:38","True","__export__.crm_team_39_ffc4074f","__export__.res_users_10_962e2fe2","Locked","130.5"
"__export__.sale_order_151464_c7646dda","D151450","__export__.res_users_22_942f71e3","2026-06-12 13:26:17","__export__.res_partner_2279_95c95e6b","","Fully Invoiced","2026-06-12 13:22:22","True","__export__.crm_team_69_17e53434","__export__.res_users_10_962e2fe2","Locked","17.4"
"__export__.sale_order_151463_352f6f50","D151449","__export__.res_users_22_942f71e3","2026-06-12 13:23:12","__export__.res_partner_763_ccfd8876","","Fully Invoiced","2026-06-12 13:20:46","True","__export__.crm_team_101_78f106ba","__export__.res_users_22_942f71e3","Locked","12.7"
"__export__.sale_order_151331_928516d9","D151317","__export__.res_users_7_ace94875","2026-06-11 13:12:36","__export__.res_partner_1123_68f38c82","","Fully Invoiced","2026-06-12 13:09:50","True","__export__.crm_team_78_db60447e","__export__.res_users_27_ccf3d93e","Locked","138.5"
"__export__.sale_order_151328_c9f1d312","D151314","__export__.res_users_7_ace94875","2026-06-11 13:06:12","__export__.res_partner_2424_82fac167","","Fully Invoiced","2026-06-12 13:05:28","True","__export__.crm_team_228_ec7099f7","__export__.res_users_28_e1e8c9ed","Locked","248.45"
"__export__.sale_order_151326_e34efb6f","D151312","__export__.res_users_22_942f71e3","2026-06-11 13:04:04","__export__.res_partner_1816_25501dc0","","Fully Invoiced","2026-06-12 13:03:22","True","__export__.crm_team_304_3a77ed67","__export__.res_users_14_42108d61","Locked","284.0"
"__export__.sale_order_151330_2abe1e9b","D151316","__export__.res_users_22_942f71e3","2026-06-11 13:12:10","__export__.res_partner_2259_982a2137","已给","Fully Invoiced","2026-06-12 12:58:55","True","__export__.crm_team_69_17e53434","__export__.res_users_22_942f71e3","Locked","574.6"
"__export__.sale_order_151462_b7a3788d","D151448","__export__.res_users_22_942f71e3","2026-06-12 12:12:39","__export__.res_partner_941_349707c0","","Fully Invoiced","2026-06-12 12:12:11","True","__export__.crm_team_96_8d48bd6a","__export__.res_users_14_42108d61","Locked","12.5"
"__export__.sale_order_151321_4f436de1","D151307","__export__.res_users_22_942f71e3","2026-06-11 12:00:25","__export__.res_partner_692_5b156858","","Fully Invoiced","2026-06-12 12:00:11","True","__export__.crm_team_96_8d48bd6a","__export__.res_users_22_942f71e3","Locked","31.5"
"__export__.sale_order_151158_872f3a14","D151144","__export__.res_users_10_962e2fe2","2026-06-10 11:57:06","__export__.res_partner_951_7495bf44","已给","Fully Invoiced","2026-06-12 11:47:14","True","__export__.crm_team_69_17e53434","__export__.res_users_10_962e2fe2","Locked","750.85"
"__export__.sale_order_151461_c0607399","D151447","__export__.res_users_7_ace94875","2026-06-12 11:30:52","__export__.res_partner_2551_dcb3618a","","Fully Invoiced","2026-06-12 11:30:03","True","__export__.crm_team_69_17e53434","__export__.res_users_10_962e2fe2","Locked",""
"__export__.sale_order_151460_4f3f4fad","D151446","__export__.res_users_7_ace94875","2026-06-12 11:27:15","__export__.res_partner_2238_509cf283","","Fully Invoiced","2026-06-12 11:26:18","True","__export__.crm_team_302_0f8f613a","__export__.res_users_7_ace94875","Locked","81.18"
"__export__.sale_order_151319_0332d56b","D151305","__export__.res_users_7_ace94875","2026-06-11 11:32:08","__export__.res_partner_1079_f42ddf2f","dclc","Fully Invoiced","2026-06-12 11:24:56","True","__export__.crm_team_275_339b1b1f","__export__.res_users_14_42108d61","Locked",""
"__export__.sale_order_151458_e62da38d","D151444","__export__.res_users_7_ace94875","2026-06-12 10:33:11","__export__.res_partner_1178_4660d857","","Fully Invoiced","2026-06-12 10:32:51","True","__export__.crm_team_61_8dc82ae3","__export__.res_users_7_ace94875","Locked","120.0"
"__export__.sale_order_151459_f535de8b","D151445","__export__.res_users_30_f31202ea","2026-06-12 10:46:16","__export__.res_partner_1766_b5865f7b","","Fully Invoiced","2026-06-12 10:31:39","True","__export__.crm_team_230_30056844","__export__.res_users_27_ccf3d93e","Locked","134.42"
"__export__.sale_order_150361_8983e3fc","D150347","__export__.res_users_10_962e2fe2","2026-06-03 10:31:10","__export__.res_partner_2551_dcb3618a","13号义卖（已出）","Fully Invoiced","2026-06-12 10:20:52","True","__export__.crm_team_69_17e53434","__export__.res_users_10_962e2fe2","Locked","700.0"
"__export__.sale_order_151456_ba27219d","D151442","__export__.res_users_7_ace94875","2026-06-12 09:45:03","__export__.res_partner_2563_bf1a8785","","Fully Invoiced","2026-06-12 09:43:59","True","__export__.crm_team_102_350bf834","__export__.res_users_14_42108d61","Locked","14.0"
"__export__.sale_order_151454_28f29e78","D151440","__export__.res_users_10_962e2fe2","2026-06-12 09:24:47","__export__.res_partner_874_2fe3c6b7","","Fully Invoiced","2026-06-12 09:24:28","True","__export__.crm_team_59_95d20efd","__export__.res_users_10_962e2fe2","Locked","52.5"
"__export__.sale_order_151453_f4b07561","D151439","__export__.res_users_7_ace94875","2026-06-12 09:17:16","__export__.res_partner_1881_931f180a","","Fully Invoiced","2026-06-12 09:16:55","True","__export__.crm_team_69_17e53434","__export__.res_users_8_fb87432d","Locked","76.9"
"__export__.sale_order_151452_4b89a065","D151438","__export__.res_users_22_942f71e3","2026-06-12 09:11:11","__export__.res_partner_2288_e2464fcc","","Fully Invoiced","2026-06-12 09:09:48","True","__export__.crm_team_231_ec27440e","__export__.res_users_14_42108d61","Locked","211.67"
"__export__.sale_order_151451_da634235","D151437","__export__.res_users_22_942f71e3","2026-06-12 09:00:28","__export__.res_partner_1170_d47a6860","","Fully Invoiced","2026-06-12 09:00:03","True","__export__.crm_team_229_a2ef141e","__export__.res_users_22_942f71e3","Locked","69.65"
"__export__.sale_order_151450_a4f5c2a1","D151436","__export__.res_users_22_942f71e3","2026-06-12 08:56:53","__export__.res_partner_1928_fbc97e44","","Fully Invoiced","2026-06-12 08:56:14","True","__export__.crm_team_229_a2ef141e","__export__.res_users_27_ccf3d93e","Locked","81.5"
"__export__.sale_order_151449_8fff6a1b","D151435","__export__.res_users_10_962e2fe2","2026-06-12 08:49:50","__export__.res_partner_874_2fe3c6b7","","Fully Invoiced","2026-06-12 08:49:36","True","__export__.crm_team_59_95d20efd","__export__.res_users_10_962e2fe2","Sales Order","33.0"
"__export__.sale_order_151448_845e8857","D151434","__export__.res_users_30_f31202ea","2026-06-12 08:47:53","__export__.res_partner_1577_224dd31f","仓库出货","Fully Invoiced","2026-06-12 08:44:27","True","__export__.crm_team_69_17e53434","__export__.res_users_30_f31202ea","Locked","183.2"
"__export__.sale_order_151447_6ddf2914","D151433","__export__.res_users_10_962e2fe2","2026-06-12 08:43:24","__export__.res_partner_2567_6c804877","","Fully Invoiced","2026-06-12 08:40:14","True","__export__.crm_team_96_8d48bd6a","__export__.res_users_10_962e2fe2","Locked","121.2"
"__export__.sale_order_151446_e172c6e9","D151432","__export__.res_users_7_ace94875","2026-06-12 08:39:36","__export__.res_partner_2284_31e994c9","","Fully Invoiced","2026-06-12 08:37:55","True","__export__.crm_team_232_fa62cff8","__export__.res_users_7_ace94875","Locked","156.5"
"__export__.sale_order_151445_c6703635","D151431","__export__.res_users_10_962e2fe2","2026-06-12 08:37:00","__export__.res_partner_2519_9b3545b1","","Fully Invoiced","2026-06-12 08:35:59","True","__export__.crm_team_231_ec27440e","__export__.res_users_10_962e2fe2","Locked","146.1"
"__export__.sale_order_151444_d9958054","D151430","__export__.res_users_7_ace94875","2026-06-12 08:36:00","__export__.res_partner_2563_bf1a8785","","Fully Invoiced","2026-06-12 08:33:33","True","__export__.crm_team_102_350bf834","__export__.res_users_14_42108d61","Locked","766.2"
"__export__.sale_order_151442_7db872f8","D151428","__export__.res_users_22_942f71e3","2026-06-12 08:33:49","__export__.res_partner_1034_74111203","","Fully Invoiced","2026-06-12 08:33:01","True","__export__.crm_team_231_ec27440e","__export__.res_users_27_ccf3d93e","Locked","216.25"
"__export__.sale_order_151443_e52cb24a","D151429","__export__.res_users_10_962e2fe2","2026-06-12 08:35:47","__export__.res_partner_1611_726cf95c","","Fully Invoiced","2026-06-12 08:31:36","True","__export__.crm_team_292_464da319","__export__.res_users_7_ace94875","Locked","732.0"
"__export__.sale_order_151441_b6046005","D151427","__export__.res_users_7_ace94875","2026-06-12 08:32:16","__export__.res_partner_1184_6e0a68be","","Fully Invoiced","2026-06-12 08:31:13","True","__export__.crm_team_96_8d48bd6a","__export__.res_users_14_42108d61","Locked","275.08"
"__export__.sale_order_151440_24adaa7e","D151426","__export__.res_users_7_ace94875","2026-06-12 08:31:03","__export__.res_partner_2028_9fa04bc8","","Fully Invoiced","2026-06-12 08:30:15","True","__export__.crm_team_96_8d48bd6a","__export__.res_users_14_42108d61","Locked","177.85"
"__export__.sale_order_151438_38ca9ed8","D151424","__export__.res_users_7_ace94875","2026-06-12 08:30:05","__export__.res_partner_723_b6aff6bf","","Fully Invoiced","2026-06-12 08:29:05","True","__export__.crm_team_96_8d48bd6a","__export__.res_users_14_42108d61","Locked","204.04"
"__export__.sale_order_151439_aeab2df1","D151425","__export__.res_users_10_962e2fe2","2026-06-12 08:30:35","__export__.res_partner_1572_87bf5297","","Fully Invoiced","2026-06-12 08:26:39","True","__export__.crm_team_232_fa62cff8","__export__.res_users_10_962e2fe2","Locked","514.36"
"__export__.sale_order_151437_96bf6939","D151423","__export__.res_users_22_942f71e3","2026-06-12 08:27:53","__export__.res_partner_800_a1949b1d","","Fully Invoiced","2026-06-12 08:26:34","True","__export__.crm_team_98_821e316c","__export__.res_users_22_942f71e3","Locked","455.24"
"__export__.sale_order_151435_696dc9d6","D151421","__export__.res_users_10_962e2fe2","2026-06-12 08:22:02","__export__.res_partner_954_c4c0df31","已给","Fully Invoiced","2026-06-12 08:21:45","True","__export__.crm_team_69_17e53434","__export__.res_users_10_962e2fe2","Locked","17.5"
"__export__.sale_order_151028_9fd0244f","D151014","__export__.res_users_10_962e2fe2","2026-06-09 08:23:25","__export__.res_partner_2023_d499846c","已给","Fully Invoiced","2026-06-12 08:21:19","True","__export__.crm_team_69_17e53434","__export__.res_users_10_962e2fe2","Locked","296.9"
"__export__.sale_order_151436_a1e51ccf","D151422","__export__.res_users_7_ace94875","2026-06-12 08:25:04","__export__.res_partner_1221_eff557ff","","Fully Invoiced","2026-06-12 08:19:44","True","__export__.crm_team_96_8d48bd6a","__export__.res_users_7_ace94875","Locked","669.07"
"__export__.sale_order_151434_13c3018f","D151420","__export__.res_users_7_ace94875","2026-06-12 08:19:24","__export__.res_partner_2502_7b92f574","","Fully Invoiced","2026-06-12 08:16:21","True","__export__.crm_team_303_6d918a38","__export__.res_users_7_ace94875","Locked","997.45"
"__export__.sale_order_151432_5b9e526a","D151418","__export__.res_users_14_42108d61","2026-06-12 08:16:51","__export__.res_partner_920_5db42f04","","Fully Invoiced","2026-06-12 08:14:03","True","__export__.crm_team_51_075d42c1","__export__.res_users_14_42108d61","Locked","126.75"
"__export__.sale_order_151433_b9dd543d","D151419","__export__.res_users_10_962e2fe2","2026-06-12 08:18:25","__export__.res_partner_1073_2afb2f6f","已给","Fully Invoiced","2026-06-12 08:11:58","True","__export__.crm_team_69_17e53434","__export__.res_users_10_962e2fe2","Locked","710.05"
"__export__.sale_order_151430_845e61e0","D151416","__export__.res_users_10_962e2fe2","2026-06-12 08:11:55","__export__.res_partner_707_b92d9a31","","Fully Invoiced","2026-06-12 08:09:35","True","__export__.crm_team_229_a2ef141e","__export__.res_users_10_962e2fe2","Locked","415.47"
"__export__.sale_order_151429_3f5b6295","D151415","__export__.res_users_22_942f71e3","2026-06-12 08:11:36","__export__.res_partner_1032_6906330b","","Fully Invoiced","2026-06-12 08:09:15","True","__export__.crm_team_291_de9693d0","__export__.res_users_7_ace94875","Locked","569.9"
"__export__.sale_order_151426_b005f9e7","D151412","__export__.res_users_22_942f71e3","2026-06-12 08:08:57","__export__.res_partner_941_349707c0","","Fully Invoiced","2026-06-12 08:08:15","True","__export__.crm_team_96_8d48bd6a","__export__.res_users_14_42108d61","Locked","145.9"
"__export__.sale_order_151431_a8ee3448","D151417","__export__.res_users_30_f31202ea","2026-06-12 08:15:07","__export__.res_partner_1071_44f86fd5","","Fully Invoiced","2026-06-12 08:08:00","True","__export__.crm_team_98_821e316c","__export__.res_users_27_ccf3d93e","Locked","320.91"
"__export__.sale_order_151427_7184f769","D151413","__export__.res_users_10_962e2fe2","2026-06-12 08:09:17","__export__.res_partner_1324_6d2ce121","","Fully Invoiced","2026-06-12 08:07:46","True","__export__.crm_team_96_8d48bd6a","__export__.res_users_10_962e2fe2","Locked","101.2"
"__export__.sale_order_151381_b150b313","D151367","__export__.res_users_22_942f71e3","2026-06-11 23:08:05","__export__.res_partner_1576_8c8f7051","","Fully Invoiced","2026-06-12 08:07:34","True","__export__.crm_team_227_ffd73472","__export__.res_users_22_942f71e3","Locked","125.95"
"__export__.sale_order_151428_de19188f","D151414","__export__.res_users_10_962e2fe2","2026-06-12 08:09:19","__export__.res_partner_945_acf591c0","","Fully Invoiced","2026-06-12 08:07:21","True","__export__.crm_team_96_8d48bd6a","__export__.res_users_10_962e2fe2","Locked","105.05"
"__export__.sale_order_151423_ae6fe81c","D151409","__export__.res_users_7_ace94875","2026-06-12 08:06:24","__export__.res_partner_1846_53c72dc8","","Fully Invoiced","2026-06-12 08:06:10","True","__export__.crm_team_61_8dc82ae3","__export__.res_users_7_ace94875","Locked","1596.0"
"__export__.sale_order_151425_47fc4576","D151411","__export__.res_users_10_962e2fe2","2026-06-12 08:07:19","__export__.res_partner_2219_5346f762","","Fully Invoiced","2026-06-12 08:03:03","True","__export__.crm_team_305_c2537a3b","__export__.res_users_10_962e2fe2","Locked","164.0"
"__export__.sale_order_151422_2741ccfb","D151408","__export__.res_users_14_42108d61","2026-06-12 08:04:36","__export__.res_partner_1075_51f5f6f0","","Fully Invoiced","2026-06-12 08:02:59","True","__export__.crm_team_306_f21cf977","__export__.res_users_14_42108d61","Locked","131.45"
"__export__.sale_order_151424_18bbc3e7","D151410","__export__.res_users_14_42108d61","2026-06-12 08:07:08","__export__.res_partner_2525_9137babf","","Fully Invoiced","2026-06-12 08:02:56","True","__export__.crm_team_79_8cb35e83","__export__.res_users_14_42108d61","Locked","274.45"
"__export__.sale_order_151421_61597fb4","D151407","__export__.res_users_10_962e2fe2","2026-06-12 08:02:43","__export__.res_partner_2023_d499846c","已给","Fully Invoiced","2026-06-12 08:02:07","True","__export__.crm_team_69_17e53434","__export__.res_users_10_962e2fe2","Locked","19.5"
"__export__.sale_order_151419_ac56b1df","D151405","__export__.res_users_10_962e2fe2","2026-06-12 08:01:07","__export__.res_partner_954_c4c0df31","已给","Fully Invoiced","2026-06-12 07:58:32","True","__export__.crm_team_69_17e53434","__export__.res_users_10_962e2fe2","Locked","495.95"
"__export__.sale_order_151417_497dd5dc","D151403","__export__.res_users_10_962e2fe2","2026-06-12 07:58:30","__export__.res_partner_1596_3194d941","","Fully Invoiced","2026-06-12 07:57:22","True","__export__.crm_team_302_0f8f613a","__export__.res_users_10_962e2fe2","Locked","88.95"
"__export__.sale_order_151418_bb03c49b","D151404","__export__.res_users_14_42108d61","2026-06-12 08:00:38","__export__.res_partner_2290_5cd4b535","","Fully Invoiced","2026-06-12 07:55:45","True","__export__.crm_team_80_d86e22d9","__export__.res_users_14_42108d61","Locked","709.9"
"__export__.sale_order_151416_69ed974b","D151402","__export__.res_users_10_962e2fe2","2026-06-12 07:57:18","__export__.res_partner_2506_fed154c9","已给","Fully Invoiced","2026-06-12 07:55:35","True","__export__.crm_team_98_821e316c","__export__.res_users_10_962e2fe2","Locked","228.55"
"__export__.sale_order_151414_b38d1e28","D151400","__export__.res_users_14_42108d61","2026-06-12 07:45:58","__export__.res_partner_1599_e6df6ec0","","Fully Invoiced","2026-06-12 07:42:41","True","__export__.crm_team_98_821e316c","__export__.res_users_14_42108d61","Locked","460.9"
"__export__.sale_order_151413_cfd8bf39","D151399","__export__.res_users_14_42108d61","2026-06-12 07:36:35","__export__.res_partner_1204_0e526973","","Fully Invoiced","2026-06-12 07:28:53","True","__export__.crm_team_230_30056844","__export__.res_users_14_42108d61","Locked","809.1"
"__export__.sale_order_151412_98b7e814","D151398","__export__.res_users_14_42108d61","2026-06-12 07:28:51","__export__.res_partner_1294_703558f9","ABOUT 9:30 / 已给","Fully Invoiced","2026-06-12 07:21:11","True","__export__.crm_team_69_17e53434","__export__.res_users_14_42108d61","Locked","56.0"
"__export__.sale_order_151411_4fcdfd7d","D151397","__export__.res_users_14_42108d61","2026-06-12 07:24:51","__export__.res_partner_2050_3666fbb2","","Fully Invoiced","2026-06-12 07:21:05","True","__export__.crm_team_96_8d48bd6a","__export__.res_users_14_42108d61","Locked","553.35"
"__export__.sale_order_151410_a670e5e5","D151396","__export__.res_users_14_42108d61","2026-06-12 07:20:11","__export__.res_partner_1991_a2810e90","","Fully Invoiced","2026-06-12 07:19:38","True","__export__.crm_team_274_8b9d8c38","__export__.res_users_14_42108d61","Locked","235.0"
"__export__.sale_order_151409_b76792f8","D151395","__export__.res_users_14_42108d61","2026-06-12 07:18:35","__export__.res_partner_2547_8f7ed1f4","","Fully Invoiced","2026-06-12 07:12:18","True","__export__.crm_team_289_72f3a502","__export__.res_users_14_42108d61","Locked","714.3"
"__export__.sale_order_151408_6598a025","D151394","__export__.res_users_14_42108d61","2026-06-12 07:12:51","__export__.res_partner_2526_65f4da72","DELIVERY TO CHENGDU","Fully Invoiced","2026-06-12 07:12:17","True","__export__.crm_team_227_ffd73472","__export__.res_users_10_962e2fe2","Locked","40.0"
"__export__.sale_order_151407_5129a73b","D151393","__export__.res_users_14_42108d61","2026-06-12 07:11:38","__export__.res_partner_2522_4ddc00ff","","Fully Invoiced","2026-06-12 07:09:32","True","__export__.crm_team_227_ffd73472","__export__.res_users_10_962e2fe2","Locked","134.5"
"__export__.sale_order_151415_bf3e3db0","D151401","__export__.res_users_14_42108d61","2026-06-12 07:51:52","__export__.res_partner_2352_a590ab32","","Fully Invoiced","2026-06-12 07:09:30","True","__export__.crm_team_102_350bf834","__export__.res_users_14_42108d61","Locked","431.55"
"__export__.sale_order_151406_9e93770e","D151392","__export__.res_users_14_42108d61","2026-06-12 07:10:18","__export__.res_partner_1850_f0cc69bf","","Fully Invoiced","2026-06-12 07:09:27","True","__export__.crm_team_228_ec7099f7","__export__.res_users_14_42108d61","Locked","187.41"
"__export__.sale_order_151405_04d3fc76","D151391","__export__.res_users_14_42108d61","2026-06-12 07:08:51","__export__.res_partner_2478_0a6bc6a3","","Fully Invoiced","2026-06-12 07:04:32","True","__export__.crm_team_78_db60447e","__export__.res_users_14_42108d61","Locked","355.95"
"__export__.sale_order_151404_48b5b668","D151390","__export__.res_users_14_42108d61","2026-06-12 07:03:56","__export__.res_partner_1994_4bb952c0","","Fully Invoiced","2026-06-12 07:03:13","True","__export__.crm_team_79_8cb35e83","__export__.res_users_14_42108d61","Locked","251.5"
"__export__.sale_order_151401_3c7f66d5","D151387","__export__.res_users_14_42108d61","2026-06-12 06:55:16","__export__.res_partner_2232_5eb6c569","","Fully Invoiced","2026-06-12 06:53:02","True","__export__.crm_team_275_339b1b1f","__export__.res_users_14_42108d61","Locked","318.54"
"__export__.sale_order_151403_999e5221","D151389","__export__.res_users_14_42108d61","2026-06-12 07:01:06","__export__.res_partner_1079_f42ddf2f","","Fully Invoiced","2026-06-12 06:42:11","True","__export__.crm_team_275_339b1b1f","__export__.res_users_14_42108d61","Locked","847.4"
"__export__.sale_order_151400_86e25111","D151386","__export__.res_users_14_42108d61","2026-06-12 06:52:30","__export__.res_partner_2348_759e8a9a","","Fully Invoiced","2026-06-12 06:42:08","True","__export__.crm_team_302_0f8f613a","__export__.res_users_14_42108d61","Locked","127.65"
"__export__.sale_order_151399_32f527b8","D151385","__export__.res_users_14_42108d61","2026-06-12 06:49:28","__export__.res_partner_1820_6043d6fd","","Fully Invoiced","2026-06-12 06:42:04","True","__export__.crm_team_302_0f8f613a","__export__.res_users_14_42108d61","Locked","628.8"
"__export__.sale_order_151398_cd7dbb17","D151384","__export__.res_users_14_42108d61","2026-06-12 06:41:45","__export__.res_partner_1003_ca286395","","Fully Invoiced","2026-06-12 06:41:09","True","__export__.crm_team_39_ffc4074f","__export__.res_users_10_962e2fe2","Locked","92.5"
"__export__.sale_order_151397_d4cdc902","D151383","__export__.res_users_14_42108d61","2026-06-12 06:38:24","__export__.res_partner_1930_95ef299e","","Fully Invoiced","2026-06-12 06:35:34","True","__export__.crm_team_275_339b1b1f","__export__.res_users_14_42108d61","Locked","530.44"
"__export__.sale_order_151396_783a6444","D151382","__export__.res_users_14_42108d61","2026-06-12 06:35:18","__export__.res_partner_1845_ce74c057","","Fully Invoiced","2026-06-12 06:34:46","True","__export__.crm_team_39_ffc4074f","__export__.res_users_14_42108d61","Locked","47.85"
"__export__.sale_order_151395_f1d8c409","D151381","__export__.res_users_14_42108d61","2026-06-12 06:34:34","__export__.res_partner_1837_354db69f","","Fully Invoiced","2026-06-12 06:32:05","True","__export__.crm_team_79_8cb35e83","__export__.res_users_14_42108d61","Locked","410.92"
"__export__.sale_order_151394_1eb1c9b3","D151380","__export__.res_users_14_42108d61","2026-06-12 06:31:51","__export__.res_partner_902_081ecc25","","Fully Invoiced","2026-06-12 06:29:52","True","__export__.crm_team_59_95d20efd","__export__.res_users_14_42108d61","Locked","306.95"
"__export__.sale_order_151393_c2f1b2b2","D151379","__export__.res_users_7_ace94875","2026-06-11 23:50:54","__export__.res_partner_2239_187fc3fe","","Fully Invoiced","2026-06-12 03:48:19","True","__export__.crm_team_274_8b9d8c38","__export__.res_users_7_ace94875","Locked","711.7"
"__export__.sale_order_151391_c2597368","D151377","__export__.res_users_7_ace94875","2026-06-11 23:35:44","__export__.res_partner_2238_509cf283","","Fully Invoiced","2026-06-12 03:33:03","True","__export__.crm_team_304_3a77ed67","__export__.res_users_7_ace94875","Locked","1155.35"
"__export__.sale_order_151388_02d4fb9e","D151374","__export__.res_users_7_ace94875","2026-06-11 23:30:10","__export__.res_partner_1626_60b65b7e","","Fully Invoiced","2026-06-12 03:29:29","True","__export__.crm_team_227_ffd73472","__export__.res_users_7_ace94875","Locked","159.05"
"__export__.sale_order_151387_60679214","D151373","__export__.res_users_7_ace94875","2026-06-11 23:29:09","__export__.res_partner_2298_abf86138","","Fully Invoiced","2026-06-12 03:28:20","True","__export__.crm_team_288_272a2474","__export__.res_users_7_ace94875","Locked","290.68"
"__export__.sale_order_151385_11598def","D151371","__export__.res_users_7_ace94875","2026-06-11 23:26:23","__export__.res_partner_1956_e2faafea","","Fully Invoiced","2026-06-12 03:25:10","True","__export__.crm_team_306_f21cf977","__export__.res_users_7_ace94875","Locked","580.75"
"__export__.sale_order_151384_a72808e3","D151370","__export__.res_users_7_ace94875","2026-06-11 23:23:39","__export__.res_partner_1162_84b0db9d","","Fully Invoiced","2026-06-12 03:21:52","True","__export__.crm_team_289_72f3a502","__export__.res_users_7_ace94875","Locked","341.8"
"__export__.sale_order_151383_da82d896","D151369","__export__.res_users_7_ace94875","2026-06-11 23:21:43","__export__.res_partner_1979_d55d74cf","","Fully Invoiced","2026-06-12 03:19:57","True","__export__.crm_team_288_272a2474","__export__.res_users_7_ace94875","Locked","128.0"
"__export__.sale_order_151392_4f850b51","D151378","__export__.res_users_7_ace94875","2026-06-11 23:47:51","__export__.res_partner_1313_4ce22376","","Fully Invoiced","2026-06-12 02:45:44","True","__export__.crm_team_302_0f8f613a","__export__.res_users_7_ace94875","Locked","444.8"
"__export__.sale_order_151390_66bb720f","D151376","__export__.res_users_7_ace94875","2026-06-11 23:32:31","__export__.res_partner_1565_948a3c89","","Fully Invoiced","2026-06-12 02:31:25","True","__export__.crm_team_96_8d48bd6a","__export__.res_users_14_42108d61","Locked","355.75"
"__export__.sale_order_151389_418b192a","D151375","__export__.res_users_7_ace94875","2026-06-11 23:31:10","__export__.res_partner_2007_3eaeff71","","Fully Invoiced","2026-06-12 02:30:19","True","__export__.crm_team_291_de9693d0","__export__.res_users_14_42108d61","Locked","463.44"
"__export__.sale_order_151386_eb213111","D151372","__export__.res_users_7_ace94875","2026-06-11 23:28:02","__export__.res_partner_2299_11a1b7c5","","Fully Invoiced","2026-06-12 02:27:22","True","__export__.crm_team_78_db60447e","__export__.res_users_7_ace94875","Locked","361.95"
"__export__.sale_order_151219_d68879c7","D151205","__export__.res_users_18_297f6f55","2026-06-10 22:52:24","__export__.res_partner_1144_2c5b9b2c","","Fully Invoiced","2026-06-11 22:51:48","True","__export__.crm_team_290_b4e2eca7","__export__.res_users_18_297f6f55","Locked","186.87"
"__export__.sale_order_151215_ce6e1374","D151201","__export__.res_users_18_297f6f55","2026-06-10 22:47:20","__export__.res_partner_1748_4df4ef19","","Fully Invoiced","2026-06-11 22:46:24","True","__export__.crm_team_51_075d42c1","__export__.res_users_18_297f6f55","Locked","156.35"
"__export__.sale_order_151216_f1afa477","D151202","__export__.res_users_30_f31202ea","2026-06-10 22:49:19","__export__.res_partner_1960_8b4f2e40","","Fully Invoiced","2026-06-11 22:45:59","True","__export__.crm_team_96_8d48bd6a","__export__.res_users_27_ccf3d93e","Locked","346.8"
"__export__.sale_order_151214_2ec854e5","D151200","__export__.res_users_18_297f6f55","2026-06-10 22:45:18","__export__.res_partner_1243_048493f3","","Fully Invoiced","2026-06-11 22:44:48","True","__export__.crm_team_51_075d42c1","__export__.res_users_22_942f71e3","Locked","88.2"
"__export__.sale_order_151213_beb2cbde","D151199","__export__.res_users_18_297f6f55","2026-06-10 22:44:33","__export__.res_partner_1173_d8002d22","","Fully Invoiced","2026-06-11 22:44:04","True","__export__.crm_team_80_d86e22d9","__export__.res_users_22_942f71e3","Locked","102.9"
"__export__.sale_order_151212_7be5fd53","D151198","__export__.res_users_18_297f6f55","2026-06-10 22:43:08","__export__.res_partner_891_c0cc8e85","","Fully Invoiced","2026-06-11 22:42:43","True","__export__.crm_team_303_6d918a38","__export__.res_users_14_42108d61","Locked","64.25"
"__export__.sale_order_151211_c95edc8e","D151197","__export__.res_users_18_297f6f55","2026-06-10 22:42:16","__export__.res_partner_974_bde34019","","Fully Invoiced","2026-06-11 22:36:26","True","__export__.crm_team_98_821e316c","__export__.res_users_18_297f6f55","Locked","721.1"
"__export__.sale_order_151210_2512fe17","D151196","__export__.res_users_18_297f6f55","2026-06-10 22:36:14","__export__.res_partner_1774_75410d84","","Fully Invoiced","2026-06-11 22:35:52","True","__export__.crm_team_96_8d48bd6a","__export__.res_users_18_297f6f55","Locked","47.65"
"__export__.sale_order_151209_5bfc7bae","D151195","__export__.res_users_18_297f6f55","2026-06-10 22:35:37","__export__.res_partner_971_b9945320","","Fully Invoiced","2026-06-11 22:34:02","True","__export__.crm_team_250_4cae7256","__export__.res_users_18_297f6f55","Locked","303.5"
"__export__.sale_order_151208_afaf9a94","D151194","__export__.res_users_18_297f6f55","2026-06-10 22:33:55","__export__.res_partner_1318_c98a4b7c","","Fully Invoiced","2026-06-11 22:33:34","True","__export__.crm_team_39_ffc4074f","__export__.res_users_18_297f6f55","Locked","88.7"
"__export__.sale_order_151207_7843c8e7","D151193","__export__.res_users_18_297f6f55","2026-06-10 22:33:24","__export__.res_partner_2036_c9b1129b","","Fully Invoiced","2026-06-11 22:33:15","True","__export__.crm_team_279_8648531b","__export__.res_users_22_942f71e3","Locked","33.5"
"__export__.sale_order_151101_88442cf1","D151087","__export__.res_users_22_942f71e3","2026-06-09 22:44:13","__export__.res_partner_952_6c7d6535","","Fully Invoiced","2026-06-11 22:33:03","True","__export__.crm_team_98_821e316c","__export__.res_users_22_942f71e3","Locked","572.65"
"__export__.sale_order_151206_7941e2f4","D151192","__export__.res_users_18_297f6f55","2026-06-10 22:33:06","__export__.res_partner_1883_886a4733","","Fully Invoiced","2026-06-11 22:32:27","True","__export__.crm_team_279_8648531b","__export__.res_users_22_942f71e3","Locked","95.7"
"__export__.sale_order_151205_16a203f0","D151191","__export__.res_users_18_297f6f55","2026-06-10 22:32:14","__export__.res_partner_1109_907527cb","","Fully Invoiced","2026-06-11 22:30:41","True","__export__.crm_team_61_8dc82ae3","__export__.res_users_18_297f6f55","Locked","108.1"
"__export__.sale_order_151202_27558eb7","D151188","__export__.res_users_30_f31202ea","2026-06-10 22:22:56","__export__.res_partner_1219_d7c375eb","","Fully Invoiced","2026-06-11 22:14:29","True","__export__.crm_team_292_464da319","__export__.res_users_27_ccf3d93e","Locked","108.1"
"__export__.sale_order_151204_599d32d0","D151190","__export__.res_users_30_f31202ea","2026-06-10 22:24:51","__export__.res_partner_2030_f52dada3","","Fully Invoiced","2026-06-11 22:12:07","True","__export__.crm_team_171_58fa18ab","__export__.res_users_10_962e2fe2","Locked","72.5"
"__export__.sale_order_151203_0e7204dd","D151189","__export__.res_users_30_f31202ea","2026-06-10 22:24:48","__export__.res_partner_1772_ba6b3399","","Fully Invoiced","2026-06-11 22:11:08","True","__export__.crm_team_171_58fa18ab","__export__.res_users_10_962e2fe2","Locked","64.9"
"__export__.sale_order_151225_d05aa6d9","D151211","__export__.res_users_30_f31202ea","2026-06-10 23:09:37","__export__.res_partner_1112_517360ff","","Fully Invoiced","2026-06-11 22:05:56","True","__export__.crm_team_177_f958c6ae","__export__.res_users_27_ccf3d93e","Locked","194.25"
"__export__.sale_order_151200_453f6965","D151186","__export__.res_users_7_ace94875","2026-06-10 22:06:37","__export__.res_partner_918_2f7fb42e","","Fully Invoiced","2026-06-11 22:05:42","True","__export__.crm_team_305_c2537a3b","__export__.res_users_27_ccf3d93e","Locked","210.4"
"__export__.sale_order_151224_b97cc601","D151210","__export__.res_users_30_f31202ea","2026-06-10 23:08:18","__export__.res_partner_1104_ea5715ce","","Fully Invoiced","2026-06-11 22:05:32","True","__export__.crm_team_177_f958c6ae","__export__.res_users_27_ccf3d93e","Locked","317.5"
"__export__.sale_order_151199_5665bc3a","D151185","__export__.res_users_7_ace94875","2026-06-10 22:05:05","__export__.res_partner_789_0ae6dd9e","","Fully Invoiced","2026-06-11 22:03:54","True","__export__.crm_team_292_464da319","__export__.res_users_7_ace94875","Locked","467.1"
"__export__.sale_order_151223_fb1c6039","D151209","__export__.res_users_30_f31202ea","2026-06-10 23:05:08","__export__.res_partner_1277_608d179a","","Fully Invoiced","2026-06-11 22:02:59","True","__export__.crm_team_96_8d48bd6a","__export__.res_users_27_ccf3d93e","Locked","285.39"
"__export__.sale_order_151198_d242f968","D151184","__export__.res_users_7_ace94875","2026-06-10 22:01:36","__export__.res_partner_2319_7b8044dc","","Fully Invoiced","2026-06-11 22:00:09","True","__export__.crm_team_304_3a77ed67","__export__.res_users_7_ace94875","Locked","462.35"
"__export__.sale_order_151222_d52672fc","D151208","__export__.res_users_30_f31202ea","2026-06-10 23:02:49","__export__.res_partner_1325_09e84271","","Fully Invoiced","2026-06-11 21:59:13","True","__export__.crm_team_279_8648531b","__export__.res_users_27_ccf3d93e","Locked","68.7"
"__export__.sale_order_151201_ee0ed4f9","D151187","__export__.res_users_30_f31202ea","2026-06-10 22:10:10","__export__.res_partner_2335_deaccdc9","","Fully Invoiced","2026-06-11 21:58:31","True","__export__.crm_team_275_339b1b1f","__export__.res_users_7_ace94875","Locked","1137.57"
"__export__.sale_order_151221_8d2757b2","D151207","__export__.res_users_30_f31202ea","2026-06-10 23:01:28","__export__.res_partner_944_15617010","","Fully Invoiced","2026-06-11 21:58:22","True","__export__.crm_team_279_8648531b","__export__.res_users_27_ccf3d93e","Locked","426.41"
"__export__.sale_order_151197_d39d2b91","D151183","__export__.res_users_7_ace94875","2026-06-10 21:59:51","__export__.res_partner_2250_b574857b","","Fully Invoiced","2026-06-11 21:58:12","True","__export__.crm_team_109_1a8b3a5d","__export__.res_users_7_ace94875","Locked","325.11"
"__export__.sale_order_151220_e5b49ffa","D151206","__export__.res_users_30_f31202ea","2026-06-10 22:57:27","__export__.res_partner_1134_4bddecaf","","Fully Invoiced","2026-06-11 21:56:09","True","__export__.crm_team_303_6d918a38","__export__.res_users_27_ccf3d93e","Locked","140.8"
"__export__.sale_order_151195_b50e5a0f","D151181","__export__.res_users_7_ace94875","2026-06-10 21:57:01","__export__.res_partner_2202_f5145eed","","Fully Invoiced","2026-06-11 21:55:50","True","__export__.crm_team_173_1afa093c","__export__.res_users_27_ccf3d93e","Locked","276.2"
"__export__.sale_order_151194_05f6d778","D151180","__export__.res_users_7_ace94875","2026-06-10 21:55:48","__export__.res_partner_1963_b8d8980e","","Fully Invoiced","2026-06-11 21:52:50","True","__export__.crm_team_173_1afa093c","__export__.res_users_27_ccf3d93e","Locked","261.7"
"__export__.sale_order_151196_14aaf850","D151182","__export__.res_users_30_f31202ea","2026-06-10 21:57:57","__export__.res_partner_1920_af46e472","","Fully Invoiced","2026-06-11 21:50:41","True","__export__.crm_team_173_1afa093c","__export__.res_users_22_942f71e3","Locked","399.63"
"__export__.sale_order_151192_23fd41db","D151178","__export__.res_users_7_ace94875","2026-06-10 21:51:00","__export__.res_partner_1583_c3248aba","","Fully Invoiced","2026-06-11 21:49:34","True","__export__.crm_team_96_8d48bd6a","__export__.res_users_27_ccf3d93e","Locked","427.58"
"__export__.sale_order_151193_3f6a2c2d","D151179","__export__.res_users_18_297f6f55","2026-06-10 21:52:30","__export__.res_partner_884_82cd1d83","","Fully Invoiced","2026-06-11 21:48:23","True","__export__.crm_team_61_8dc82ae3","__export__.res_users_8_fb87432d","Locked","459.52"
"__export__.sale_order_151191_ad516621","D151177","__export__.res_users_30_f31202ea","2026-06-10 21:49:49","__export__.res_partner_1320_2e40e707","","Fully Invoiced","2026-06-11 21:46:48","True","__export__.crm_team_290_b4e2eca7","__export__.res_users_22_942f71e3","Locked","475.44"
"__export__.sale_order_151190_8593d5b3","D151176","__export__.res_users_7_ace94875","2026-06-10 21:48:04","__export__.res_partner_1959_7be6f073","","Fully Invoiced","2026-06-11 21:45:02","True","__export__.crm_team_275_339b1b1f","__export__.res_users_7_ace94875","Locked","898.0"
"__export__.sale_order_151188_44b3c4ec","D151174","__export__.res_users_7_ace94875","2026-06-10 21:44:35","__export__.res_partner_1626_60b65b7e","","Fully Invoiced","2026-06-11 21:43:30","True","__export__.crm_team_227_ffd73472","__export__.res_users_7_ace94875","Locked","63.85"
"__export__.sale_order_151187_28d6d651","D151173","__export__.res_users_7_ace94875","2026-06-10 21:43:07","__export__.res_partner_2279_95c95e6b","","Fully Invoiced","2026-06-11 21:41:24","True","__export__.crm_team_289_72f3a502","__export__.res_users_10_962e2fe2","Locked","531.03"
"__export__.sale_order_151189_f8b1f66b","D151175","__export__.res_users_30_f31202ea","2026-06-10 21:46:19","__export__.res_partner_1125_8ced4c04","","Fully Invoiced","2026-06-11 21:41:01","True","__export__.crm_team_306_f21cf977","__export__.res_users_27_ccf3d93e","Locked","292.74"
"__export__.sale_order_151186_d9030aad","D151172","__export__.res_users_30_f31202ea","2026-06-10 21:40:24","__export__.res_partner_1096_7e33899c","","Fully Invoiced","2026-06-11 21:39:18","True","__export__.crm_team_96_8d48bd6a","__export__.res_users_22_942f71e3","Locked","90.2"
"__export__.sale_order_151185_bb075d31","D151171","__export__.res_users_30_f31202ea","2026-06-10 21:38:49","__export__.res_partner_2505_7bafa4be","","Fully Invoiced","2026-06-11 21:34:42","True","__export__.crm_team_161_8055857d","__export__.res_users_30_f31202ea","Locked","329.2"
"__export__.sale_order_151217_a437499c","D151203","__export__.res_users_30_f31202ea","2026-06-10 22:50:33","__export__.res_partner_946_bccadc5d","","Fully Invoiced","2026-06-11 21:24:10","True","__export__.crm_team_276_22e06523","__export__.res_users_10_962e2fe2","Locked","264.49"
"__export__.sale_order_151184_db0ae0a8","D151170","__export__.res_users_30_f31202ea","2026-06-10 21:22:41","__export__.res_partner_1042_4b562afb","","Fully Invoiced","2026-06-11 21:22:00","True","__export__.crm_team_59_95d20efd","__export__.res_users_30_f31202ea","Locked","143.85"
"__export__.sale_order_151183_7cd442bc","D151169","__export__.res_users_30_f31202ea","2026-06-10 21:21:37","__export__.res_partner_1809_c8a0a275","","Fully Invoiced","2026-06-11 21:20:08","True","__export__.crm_team_61_8dc82ae3","__export__.res_users_10_962e2fe2","Locked","117.65"
"__export__.sale_order_151218_c9ffa871","D151204","__export__.res_users_30_f31202ea","2026-06-10 22:51:05","__export__.res_partner_701_130ac044","","Fully Invoiced","2026-06-11 21:14:26","True","__export__.crm_team_306_f21cf977","__export__.res_users_14_42108d61","Locked","302.7"
"__export__.sale_order_151078_a1b1eefb","D151064","__export__.res_users_30_f31202ea","2026-06-09 21:19:34","__export__.res_partner_2359_cec452b3","","Fully Invoiced","2026-06-11 21:04:19","True","__export__.crm_team_278_1a2d18d7","__export__.res_users_28_e1e8c9ed","Locked","345.05"
"__export__.sale_order_151182_76176273","D151168","__export__.res_users_30_f31202ea","2026-06-10 20:57:39","__export__.res_partner_2034_67972f02","","Fully Invoiced","2026-06-11 20:51:21","True","__export__.crm_team_80_d86e22d9","__export__.res_users_10_962e2fe2","Locked","91.85"
"__export__.sale_order_151181_d437b840","D151167","__export__.res_users_30_f31202ea","2026-06-10 20:49:45","__export__.res_partner_2256_0deee3a1","","Fully Invoiced","2026-06-11 20:42:38","True","__export__.crm_team_303_6d918a38","__export__.res_users_10_962e2fe2","Locked","399.7"
"__export__.sale_order_151180_71ec77bb","D151166","__export__.res_users_30_f31202ea","2026-06-10 20:41:42","__export__.res_partner_866_7023b017","","Fully Invoiced","2026-06-11 20:36:21","True","__export__.crm_team_228_ec7099f7","__export__.res_users_8_fb87432d","Locked","246.53"
"__export__.sale_order_151179_bd1fd661","D151165","__export__.res_users_30_f31202ea","2026-06-10 20:36:00","__export__.res_partner_1187_1fc9bbda","","Fully Invoiced","2026-06-11 20:34:59","True","__export__.crm_team_80_d86e22d9","__export__.res_users_22_942f71e3","Locked","69.0"
"__export__.sale_order_151178_ae474c48","D151164","__export__.res_users_30_f31202ea","2026-06-10 20:34:29","__export__.res_partner_1852_2c4e8c79","","Fully Invoiced","2026-06-11 20:26:03","True","__export__.crm_team_305_c2537a3b","__export__.res_users_27_ccf3d93e","Locked","142.88"
"__export__.sale_order_151177_88a19ff8","D151163","__export__.res_users_30_f31202ea","2026-06-10 20:25:48","__export__.res_partner_726_55339f90","","Fully Invoiced","2026-06-11 20:22:12","True","__export__.crm_team_172_e403f408","__export__.res_users_27_ccf3d93e","Locked","215.97"
"__export__.sale_order_151176_ce4de076","D151162","__export__.res_users_30_f31202ea","2026-06-10 20:22:08","__export__.res_partner_2465_44cc3e52","","Fully Invoiced","2026-06-11 20:15:35","True","__export__.crm_team_51_075d42c1","__export__.res_users_28_e1e8c9ed","Locked","186.28"
"__export__.sale_order_151175_9a05a707","D151161","__export__.res_users_30_f31202ea","2026-06-10 20:15:01","__export__.res_partner_2559_61491fca","","Fully Invoiced","2026-06-11 20:11:21","True","__export__.crm_team_278_1a2d18d7","__export__.res_users_30_f31202ea","Locked","130.95"
"__export__.sale_order_151174_645b59c2","D151160","__export__.res_users_30_f31202ea","2026-06-10 20:10:55","__export__.res_partner_722_a1e752a4","","Fully Invoiced","2026-06-11 20:05:24","True","__export__.crm_team_278_1a2d18d7","__export__.res_users_28_e1e8c9ed","Locked","394.79"
"__export__.sale_order_151172_44f2ba9a","D151158","__export__.res_users_22_942f71e3","2026-06-10 17:19:22","__export__.res_partner_736_3bf46d4d","","Fully Invoiced","2026-06-11 17:15:43","True","__export__.crm_team_232_fa62cff8","__export__.res_users_22_942f71e3","Locked","270.25"
"__export__.sale_order_151170_8fbdc9ee","D151156","__export__.res_users_22_942f71e3","2026-06-10 17:10:18","__export__.res_partner_2507_6f453c60","","Fully Invoiced","2026-06-11 17:06:21","True","__export__.crm_team_229_a2ef141e","__export__.res_users_22_942f71e3","Locked","361.94"
"__export__.sale_order_151171_550e19ca","D151157","__export__.res_users_22_942f71e3","2026-06-10 17:13:38","__export__.res_partner_1314_3d560c4c","","Fully Invoiced","2026-06-11 17:01:57","True","__export__.crm_team_229_a2ef141e","__export__.res_users_22_942f71e3","Locked","369.72"
"__export__.sale_order_151173_885d9879","D151159","__export__.res_users_22_942f71e3","2026-06-10 18:24:08","__export__.res_partner_875_f4e31f7c","","Fully Invoiced","2026-06-11 17:01:41","True","__export__.crm_team_229_a2ef141e","__export__.res_users_22_942f71e3","Locked","90.94"
"__export__.sale_order_151169_bc002df6","D151155","__export__.res_users_22_942f71e3","2026-06-10 17:06:18","__export__.res_partner_1136_1bc987b5","","Fully Invoiced","2026-06-11 16:59:40","True","__export__.crm_team_51_075d42c1","__export__.res_users_22_942f71e3","Locked","114.48"
"__export__.sale_order_151168_acd907ca","D151154","__export__.res_users_22_942f71e3","2026-06-10 16:35:47","__export__.res_partner_831_4c93b992","","Fully Invoiced","2026-06-11 16:30:34","True","__export__.crm_team_96_8d48bd6a","__export__.res_users_22_942f71e3","Locked","458.77"
"__export__.sale_order_151167_c7e8a784","D151153","__export__.res_users_22_942f71e3","2026-06-10 16:30:32","__export__.res_partner_2515_0037f4bb","","Fully Invoiced","2026-06-11 16:28:53","True","__export__.crm_team_96_8d48bd6a","__export__.res_users_22_942f71e3","Locked","233.65"
"__export__.sale_order_151166_92304a1b","D151152","__export__.res_users_14_42108d61","2026-06-10 15:24:53","__export__.res_partner_1930_95ef299e","","Fully Invoiced","2026-06-11 15:24:31","True","__export__.crm_team_161_8055857d","__export__.res_users_14_42108d61","Locked","635.59"
"__export__.sale_order_151342_b80e0823","D151328","__export__.res_users_10_962e2fe2","2026-06-11 15:25:02","__export__.res_partner_1577_224dd31f","仓库出货","Fully Invoiced","2026-06-11 15:24:11","True","__export__.crm_team_69_17e53434","__export__.res_users_10_962e2fe2","Locked","700.0"
"__export__.sale_order_151341_d4e6e2b0","D151327","__export__.res_users_10_962e2fe2","2026-06-11 15:20:05","__export__.res_partner_1657_67f25f2d","","Fully Invoiced","2026-06-11 15:19:36","True","__export__.crm_team_69_17e53434","__export__.res_users_10_962e2fe2","Locked","9.5"
"__export__.sale_order_151340_161a8aeb","D151326","__export__.res_users_7_ace94875","2026-06-11 14:51:07","__export__.res_partner_1141_61bb0f22","","Fully Invoiced","2026-06-11 14:50:46","True","__export__.crm_team_69_17e53434","__export__.res_users_7_ace94875","Locked","60.0"
"__export__.sale_order_151165_2687c584","D151151","__export__.res_users_14_42108d61","2026-06-10 14:41:44","__export__.res_partner_907_99000eb5","","Fully Invoiced","2026-06-11 14:41:24","True","__export__.crm_team_39_ffc4074f","__export__.res_users_14_42108d61","Locked","87.9"
"__export__.sale_order_151339_4a9b3b54","D151325","__export__.res_users_10_962e2fe2","2026-06-11 14:46:41","__export__.res_partner_2237_a8825dd6","","Fully Invoiced","2026-06-11 14:41:12","True","__export__.crm_team_69_17e53434","__export__.res_users_10_962e2fe2","Locked","515.85"
"__export__.sale_order_151338_9cf6babe","D151324","__export__.res_users_7_ace94875","2026-06-11 14:33:34","__export__.res_partner_752_b29ee5f8","","Fully Invoiced","2026-06-11 14:31:42","True","__export__.crm_team_69_17e53434","__export__.res_users_7_ace94875","Locked","120.0"
"__export__.sale_order_151333_d00ff687","D151319","__export__.res_users_22_942f71e3","2026-06-11 13:26:48","__export__.res_partner_752_b29ee5f8","","Fully Invoiced","2026-06-11 13:22:56","True","__export__.crm_team_69_17e53434","__export__.res_users_22_942f71e3","Locked","91.82"
"__export__.sale_order_151332_bce825d4","D151318","__export__.res_users_22_942f71e3","2026-06-11 13:19:10","__export__.res_partner_752_b29ee5f8","","Fully Invoiced","2026-06-11 13:18:33","True","__export__.crm_team_69_17e53434","__export__.res_users_22_942f71e3","Locked","24.5"
"__export__.sale_order_151161_cfd224d8","D151147","__export__.res_users_10_962e2fe2","2026-06-10 13:05:19","__export__.res_partner_1178_4660d857","","Fully Invoiced","2026-06-11 13:04:22","True","__export__.crm_team_302_0f8f613a","__export__.res_users_7_ace94875","Locked","705.0"
"__export__.sale_order_151327_82e68113","D151313","__export__.res_users_22_942f71e3","2026-06-11 13:04:25","__export__.res_partner_714_6e0d102d","","Fully Invoiced","2026-06-11 13:04:05","True","__export__.crm_team_230_30056844","__export__.res_users_14_42108d61","Locked","85.5"
"__export__.sale_order_151325_31d74f87","D151311","__export__.res_users_22_942f71e3","2026-06-11 12:59:36","__export__.res_partner_2527_2937bc92","","Fully Invoiced","2026-06-11 12:59:08","True","__export__.crm_team_111_3c32966d","__export__.res_users_10_962e2fe2","Locked","9.5"
"__export__.sale_order_151324_9074de64","D151310","__export__.res_users_22_942f71e3","2026-06-11 12:55:22","__export__.res_partner_1838_9a673e84","","Fully Invoiced","2026-06-11 12:54:52","True","__export__.crm_team_111_3c32966d","__export__.res_users_14_42108d61","Locked","124.0"
"__export__.sale_order_151323_be19bbe2","D151309","__export__.res_users_22_942f71e3","2026-06-11 12:51:07","__export__.res_partner_2268_b4296ff0","","Fully Invoiced","2026-06-11 12:50:21","True","__export__.crm_team_161_8055857d","__export__.res_users_14_42108d61","Locked","62.0"
"__export__.sale_order_150934_657ea06e","D150920","__export__.res_users_7_ace94875","2026-06-08 12:34:38","__export__.res_partner_2403_75ca4747","","Fully Invoiced","2026-06-11 12:27:50","True","__export__.crm_team_112_5a7d7484","__export__.res_users_28_e1e8c9ed","Locked","652.15"
"__export__.sale_order_151322_405de0bf","D151308","__export__.res_users_30_f31202ea","2026-06-11 12:01:54","__export__.res_partner_927_2a5972fe","","Fully Invoiced","2026-06-11 11:58:54","True","__export__.crm_team_111_3c32966d","__export__.res_users_7_ace94875","Locked","24.4"
"__export__.sale_order_151320_03ce587d","D151306","__export__.res_users_30_f31202ea","2026-06-11 11:36:53","__export__.res_partner_2531_e0e03692","","Fully Invoiced","2026-06-11 11:35:44","True","__export__.crm_team_277_1848bdf1","__export__.res_users_22_942f71e3","Locked","110.25"
"__export__.sale_order_151318_12bd9b24","D151304","__export__.res_users_30_f31202ea","2026-06-11 11:29:42","__export__.res_partner_1202_b6f07a60","","Fully Invoiced","2026-06-11 11:27:30","True","__export__.crm_team_304_3a77ed67","__export__.res_users_22_942f71e3","Locked","196.1"
"__export__.sale_order_151316_e144a296","D151302","__export__.res_users_22_942f71e3","2026-06-11 11:05:47","__export__.res_partner_1281_f77cf15c","","Fully Invoiced","2026-06-11 11:05:33","True","__export__.crm_team_102_350bf834","__export__.res_users_28_e1e8c9ed","Locked","73.0"
"__export__.sale_order_151315_9b78ad8b","D151301","__export__.res_users_22_942f71e3","2026-06-11 11:04:10","__export__.res_partner_1570_48b936ad","","Fully Invoiced","2026-06-11 11:03:43","True","__export__.crm_team_112_5a7d7484","__export__.res_users_14_42108d61","Locked","54.0"
"__export__.sale_order_151317_0badd9f2","D151303","__export__.res_users_10_962e2fe2","2026-06-11 11:06:53","__export__.res_partner_1608_3c12a18b","","Fully Invoiced","2026-06-11 11:02:43","True","__export__.crm_team_230_30056844","__export__.res_users_10_962e2fe2","Locked","155.4"
"__export__.sale_order_150985_26ed03e4","D150971","__export__.res_users_18_297f6f55","2026-06-09 00:46:13","__export__.res_partner_2281_fa118497","","Fully Invoiced","2026-06-11 10:45:58","True","__export__.crm_team_51_075d42c1","__export__.res_users_22_942f71e3","Locked","314.84"
"__export__.sale_order_151314_79b0fd7c","D151300","__export__.res_users_30_f31202ea","2026-06-11 10:59:32","__export__.res_partner_2571_deeaa740","pricelist","Nothing to Invoice","2026-06-11 10:40:19","False","sales_team.team_sales_department","__export__.res_users_30_f31202ea","Quotation","368.25"
"__export__.sale_order_151313_db847c32","D151299","__export__.res_users_7_ace94875","2026-06-11 10:42:41","__export__.res_partner_2571_deeaa740","pricelist","Nothing to Invoice","2026-06-11 10:38:46","False","sales_team.team_sales_department","__export__.res_users_30_f31202ea","Quotation","1714.29"
"__export__.sale_order_151312_9a04f1af","D151298","__export__.res_users_22_942f71e3","2026-06-11 10:24:40","__export__.res_partner_1960_8b4f2e40","","Fully Invoiced","2026-06-11 10:24:20","True","__export__.crm_team_96_8d48bd6a","__export__.res_users_27_ccf3d93e","Locked","50.0"
"__export__.sale_order_151311_b68d9e94","D151297","__export__.res_users_22_942f71e3","2026-06-11 10:21:49","__export__.res_partner_780_52c72777","","Fully Invoiced","2026-06-11 10:20:09","True","__export__.crm_team_230_30056844","__export__.res_users_18_297f6f55","Locked","188.9"
"__export__.sale_order_151310_96d3655d","D151296","__export__.res_users_30_f31202ea","2026-06-11 10:20:07","__export__.res_partner_2414_e36e6f88","","Fully Invoiced","2026-06-11 10:19:01","True","__export__.crm_team_304_3a77ed67","__export__.res_users_30_f31202ea","Locked","12.5"
"__export__.sale_order_151151_7f2a37ee","D151137","__export__.res_users_22_942f71e3","2026-06-10 10:16:42","__export__.res_partner_1635_f5b27113","","Fully Invoiced","2026-06-11 10:13:22","True","__export__.crm_team_278_1a2d18d7","__export__.res_users_10_962e2fe2","Locked","293.49"
"__export__.sale_order_151309_2be1b780","D151295","__export__.res_users_7_ace94875","2026-06-11 10:13:50","__export__.res_partner_1881_931f180a","","Fully Invoiced","2026-06-11 10:08:24","True","__export__.crm_team_69_17e53434","__export__.res_users_8_fb87432d","Locked","2754.0"
"__export__.sale_order_151308_e813e17f","D151294","__export__.res_users_30_f31202ea","2026-06-11 10:07:33","__export__.res_partner_927_2a5972fe","","Fully Invoiced","2026-06-11 10:05:30","True","__export__.crm_team_111_3c32966d","__export__.res_users_7_ace94875","Locked","11.0"
"__export__.sale_order_151306_eed4289d","D151292","__export__.res_users_22_942f71e3","2026-06-11 10:05:18","__export__.res_partner_1881_931f180a","","Fully Invoiced","2026-06-11 10:05:06","True","__export__.crm_team_69_17e53434","__export__.res_users_8_fb87432d","Locked","26.0"
"__export__.sale_order_151305_5990f991","D151291","__export__.res_users_22_942f71e3","2026-06-11 09:57:19","__export__.res_partner_1881_931f180a","","Fully Invoiced","2026-06-11 09:56:29","True","__export__.crm_team_69_17e53434","__export__.res_users_8_fb87432d","Locked","256.0"
"__export__.sale_order_151304_c11def28","D151290","__export__.res_users_22_942f71e3","2026-06-11 09:45:02","__export__.res_partner_718_eef01ed3","","Fully Invoiced","2026-06-11 09:44:41","True","__export__.crm_team_69_17e53434","__export__.res_users_22_942f71e3","Locked","21.0"
"__export__.sale_order_151302_88b759b4","D151288","__export__.res_users_22_942f71e3","2026-06-11 09:36:52","__export__.res_partner_1074_53257163","","Fully Invoiced","2026-06-11 09:35:41","True","__export__.crm_team_61_8dc82ae3","__export__.res_users_8_fb87432d","Locked",""
"__export__.sale_order_151301_9712412e","D151287","__export__.res_users_22_942f71e3","2026-06-11 09:32:26","__export__.res_partner_683_122aef26","","Fully Invoiced","2026-06-11 09:30:26","True","__export__.crm_team_96_8d48bd6a","__export__.res_users_14_42108d61","Locked","366.82"
"__export__.sale_order_151144_7b03991e","D151130","__export__.res_users_10_962e2fe2","2026-06-10 09:05:48","__export__.res_partner_790_fcc5b5d9","","Fully Invoiced","2026-06-11 09:05:21","True","__export__.crm_team_277_1848bdf1","__export__.res_users_10_962e2fe2","Locked","370.4"
"__export__.sale_order_151300_dc6c6ef8","D151286","__export__.res_users_30_f31202ea","2026-06-11 09:12:02","__export__.res_partner_927_2a5972fe","","Fully Invoiced","2026-06-11 09:05:04","True","__export__.crm_team_171_58fa18ab","__export__.res_users_7_ace94875","Locked","320.5"
"__export__.sale_order_151297_9f56a061","D151283","__export__.res_users_7_ace94875","2026-06-11 09:00:26","__export__.res_partner_704_e43cdf12","","Fully Invoiced","2026-06-11 08:59:34","True","__export__.crm_team_289_72f3a502","__export__.res_users_27_ccf3d93e","Locked","117.05"
"__export__.sale_order_151299_e0640ed3","D151285","__export__.res_users_10_962e2fe2","2026-06-11 09:01:41","__export__.res_partner_818_8185df11","RO不要确认","Nothing to Invoice","2026-06-11 08:58:49","True","__export__.crm_team_59_95d20efd","__export__.res_users_10_962e2fe2","Quotation","450.56"
"__export__.sale_order_151296_1200c5dc","D151282","__export__.res_users_10_962e2fe2","2026-06-11 08:56:45","__export__.res_partner_874_2fe3c6b7","","Fully Invoiced","2026-06-11 08:56:05","True","__export__.crm_team_59_95d20efd","__export__.res_users_10_962e2fe2","Locked","22.0"
"__export__.sale_order_151295_93027437","D151281","__export__.res_users_22_942f71e3","2026-06-11 08:53:41","__export__.res_partner_1099_28fa9bc1","","Fully Invoiced","2026-06-11 08:52:33","True","__export__.crm_team_194_9303e72c","__export__.res_users_22_942f71e3","Locked","225.14"
"__export__.sale_order_151298_72845ce7","D151284","__export__.res_users_30_f31202ea","2026-06-11 09:00:42","__export__.res_partner_1582_2a53fed0","","Fully Invoiced","2026-06-11 08:52:22","True","__export__.crm_team_276_22e06523","__export__.res_users_14_42108d61","Locked","197.43"
"__export__.sale_order_151290_cb652bb3","D151276","__export__.res_users_7_ace94875","2026-06-11 08:49:15","__export__.res_partner_1262_0a3fddb8","","Fully Invoiced","2026-06-11 08:48:38","True","__export__.crm_team_232_fa62cff8","__export__.res_users_27_ccf3d93e","Locked","108.05"
"__export__.sale_order_151291_9ff1ebfc","D151277","__export__.res_users_14_42108d61","2026-06-11 08:50:08","__export__.res_partner_1570_48b936ad","","Fully Invoiced","2026-06-11 08:48:29","True","__export__.crm_team_112_5a7d7484","__export__.res_users_14_42108d61","Locked","23.0"
"__export__.sale_order_151292_f3e5de88","D151278","__export__.res_users_10_962e2fe2","2026-06-11 08:50:56","__export__.res_partner_1210_a86b05c2","","Fully Invoiced","2026-06-11 08:47:51","True","__export__.crm_team_231_ec27440e","__export__.res_users_27_ccf3d93e","Locked","283.36"
"__export__.sale_order_151293_160e1728","D151279","__export__.res_users_22_942f71e3","2026-06-11 08:50:57","__export__.res_partner_2231_fb06ad4b","","Fully Invoiced","2026-06-11 08:47:39","True","__export__.crm_team_111_3c32966d","__export__.res_users_22_942f71e3","Locked","185.5"
"__export__.sale_order_151289_eef69e20","D151275","__export__.res_users_22_942f71e3","2026-06-11 08:47:10","__export__.res_partner_1143_18bb08c9","","Fully Invoiced","2026-06-11 08:45:44","True","__export__.crm_team_98_821e316c","__export__.res_users_22_942f71e3","Locked","375.11"
"__export__.sale_order_151294_7a813fe1","D151280","__export__.res_users_30_f31202ea","2026-06-11 08:51:56","__export__.res_partner_1625_93c49a57","","Fully Invoiced","2026-06-11 08:42:49","True","__export__.crm_team_250_4cae7256","__export__.res_users_22_942f71e3","Locked","288.9"
"__export__.sale_order_151286_9f5f1366","D151272","__export__.res_users_22_942f71e3","2026-06-11 08:41:37","__export__.res_partner_1577_224dd31f","仓库出货","Fully Invoiced","2026-06-11 08:40:47","True","__export__.crm_team_69_17e53434","__export__.res_users_22_942f71e3","Locked","219.33"
"__export__.sale_order_151284_dd8f5bf3","D151270","__export__.res_users_22_942f71e3","2026-06-11 08:40:02","__export__.res_partner_2039_dfeba2bb","","Fully Invoiced","2026-06-11 08:39:28","True","__export__.crm_team_51_075d42c1","__export__.res_users_22_942f71e3","Locked","106.15"
"__export__.sale_order_151283_ad345ed3","D151269","__export__.res_users_22_942f71e3","2026-06-11 08:39:12","__export__.res_partner_1927_754098d4","","Fully Invoiced","2026-06-11 08:38:00","True","__export__.crm_team_51_075d42c1","__export__.res_users_22_942f71e3","Locked","68.35"
"__export__.sale_order_151282_a53b3809","D151268","__export__.res_users_22_942f71e3","2026-06-11 08:37:48","__export__.res_partner_2072_d03bc902","","Fully Invoiced","2026-06-11 08:37:33","True","__export__.crm_team_231_ec27440e","__export__.res_users_22_942f71e3","Locked","24.5"
"__export__.sale_order_151288_7a6b494b","D151274","__export__.res_users_10_962e2fe2","2026-06-11 08:42:02","__export__.res_partner_766_97fcda57","","Fully Invoiced","2026-06-11 08:37:08","True","__export__.crm_team_291_de9693d0","__export__.res_users_10_962e2fe2","Locked","139.45"
"__export__.sale_order_151285_a82dc979","D151271","__export__.res_users_30_f31202ea","2026-06-11 08:40:49","__export__.res_partner_2414_e36e6f88","","Fully Invoiced","2026-06-11 08:36:48","True","__export__.crm_team_306_f21cf977","__export__.res_users_30_f31202ea","Locked","211.7"
"__export__.sale_order_151287_b6262606","D151273","__export__.res_users_10_962e2fe2","2026-06-11 08:42:01","__export__.res_partner_966_906c2cfc","","Fully Invoiced","2026-06-11 08:36:20","True","__export__.crm_team_291_de9693d0","__export__.res_users_10_962e2fe2","Locked","179.69"
"__export__.sale_order_151281_2cd54269","D151267","__export__.res_users_22_942f71e3","2026-06-11 08:37:05","__export__.res_partner_763_ccfd8876","","Fully Invoiced","2026-06-11 08:35:30","True","__export__.crm_team_231_ec27440e","__export__.res_users_22_942f71e3","Locked","552.09"
"__export__.sale_order_151280_286a33bf","D151266","__export__.res_users_10_962e2fe2","2026-06-11 08:36:18","__export__.res_partner_2527_2937bc92","","Fully Invoiced","2026-06-11 08:34:12","True","__export__.crm_team_109_1a8b3a5d","__export__.res_users_10_962e2fe2","Locked","107.85"
"__export__.sale_order_151279_b2f1af17","D151265","__export__.res_users_22_942f71e3","2026-06-11 08:34:35","__export__.res_partner_2063_4f237b67","","Fully Invoiced","2026-06-11 08:33:29","True","__export__.crm_team_303_6d918a38","__export__.res_users_8_fb87432d","Locked","196.78"
"__export__.sale_order_151278_b730017a","D151264","__export__.res_users_22_942f71e3","2026-06-11 08:33:20","__export__.res_partner_749_a964f4ef","","Fully Invoiced","2026-06-11 08:33:09","True","__export__.crm_team_290_b4e2eca7","__export__.res_users_7_ace94875","Locked","16.8"
"__export__.sale_order_151141_f0896031","D151127","__export__.res_users_10_962e2fe2","2026-06-10 08:33:01","__export__.res_partner_1765_68d5fb5a","","Fully Invoiced","2026-06-11 08:32:47","True","__export__.crm_team_275_339b1b1f","__export__.res_users_10_962e2fe2","Locked","315.0"
"__export__.sale_order_151277_67320248","D151263","__export__.res_users_22_942f71e3","2026-06-11 08:32:49","__export__.res_partner_1020_60fc6f31","","Fully Invoiced","2026-06-11 08:32:35","True","__export__.crm_team_290_b4e2eca7","__export__.res_users_7_ace94875","Locked","100.5"
"__export__.sale_order_151276_a97f7222","D151262","__export__.res_users_22_942f71e3","2026-06-11 08:32:11","__export__.res_partner_1281_f77cf15c","","Fully Invoiced","2026-06-11 08:31:42","True","__export__.crm_team_80_d86e22d9","__export__.res_users_28_e1e8c9ed","Locked","137.65"
"__export__.sale_order_151275_7dbda490","D151261","__export__.res_users_10_962e2fe2","2026-06-11 08:28:11","__export__.res_partner_2218_6c64adc3","","Fully Invoiced","2026-06-11 08:27:24","True","__export__.crm_team_172_e403f408","__export__.res_users_10_962e2fe2","Locked","180.82"
"__export__.sale_order_151274_d9cec0c1","D151260","__export__.res_users_7_ace94875","2026-06-11 08:26:06","__export__.res_partner_1233_2c030497","","Fully Invoiced","2026-06-11 08:25:55","True","__export__.crm_team_177_f958c6ae","__export__.res_users_22_942f71e3","Locked","24.35"
"__export__.sale_order_151273_49726dab","D151259","__export__.res_users_7_ace94875","2026-06-11 08:25:48","__export__.res_partner_1613_aa1ade4b","","Fully Invoiced","2026-06-11 08:25:18","True","__export__.crm_team_177_f958c6ae","__export__.res_users_22_942f71e3","Locked","94.75"
"__export__.sale_order_151272_c32b8e3d","D151258","__export__.res_users_10_962e2fe2","2026-06-11 08:25:48","__export__.res_partner_1779_3bcf046f","","Fully Invoiced","2026-06-11 08:21:07","True","__export__.crm_team_277_1848bdf1","__export__.res_users_10_962e2fe2","Locked","177.95"
"__export__.sale_order_151270_b6ea3a62","D151256","__export__.res_users_10_962e2fe2","2026-06-11 08:20:30","__export__.res_partner_2468_e2144f10","","Fully Invoiced","2026-06-11 08:20:14","True","__export__.crm_team_69_17e53434","__export__.res_users_10_962e2fe2","Locked","64.58"
"__export__.sale_order_151271_816ceff3","D151257","__export__.res_users_22_942f71e3","2026-06-11 08:21:16","__export__.res_partner_880_6e2f3d5b","","Fully Invoiced","2026-06-11 08:19:55","True","__export__.crm_team_194_9303e72c","__export__.res_users_22_942f71e3","Locked","282.65"
"__export__.sale_order_151269_79680994","D151255","__export__.res_users_22_942f71e3","2026-06-11 08:19:18","__export__.res_partner_1620_ba7293b5","","Fully Invoiced","2026-06-11 08:18:43","True","__export__.crm_team_171_58fa18ab","__export__.res_users_22_942f71e3","Locked","222.8"
"__export__.sale_order_151267_ac41be3e","D151253","__export__.res_users_22_942f71e3","2026-06-11 08:18:23","__export__.res_partner_1893_1e0e95aa","","Fully Invoiced","2026-06-11 08:17:04","True","__export__.crm_team_276_22e06523","__export__.res_users_22_942f71e3","Locked","177.25"
"__export__.sale_order_151268_c70238ac","D151254","__export__.res_users_10_962e2fe2","2026-06-11 08:19:08","__export__.res_partner_1614_5e3c6e0a","","Fully Invoiced","2026-06-11 08:16:09","True","__export__.crm_team_277_1848bdf1","__export__.res_users_10_962e2fe2","Locked","264.38"
"__export__.sale_order_151265_98a9d4da","D151251","__export__.res_users_22_942f71e3","2026-06-11 08:14:52","__export__.res_partner_2058_482aeb95","","Fully Invoiced","2026-06-11 08:14:43","True","__export__.crm_team_110_3f98a3be","__export__.res_users_28_e1e8c9ed","Locked","36.0"
"__export__.sale_order_151264_fc5e83bb","D151250","__export__.res_users_22_942f71e3","2026-06-11 08:14:41","__export__.res_partner_1634_e8b1f7be","","Fully Invoiced","2026-06-11 08:13:34","True","__export__.crm_team_291_de9693d0","__export__.res_users_28_e1e8c9ed","Locked","182.9"
"__export__.sale_order_151266_5abd5ffe","D151252","__export__.res_users_10_962e2fe2","2026-06-11 08:16:08","__export__.res_partner_1912_c1e91db3","","Fully Invoiced","2026-06-11 08:11:16","True","__export__.crm_team_96_8d48bd6a","__export__.res_users_10_962e2fe2","Locked","551.95"
"__export__.sale_order_151262_0d1fb1ae","D151248","__export__.res_users_22_942f71e3","2026-06-11 08:10:58","__export__.res_partner_703_689677ed","","Fully Invoiced","2026-06-11 08:08:54","True","__export__.crm_team_161_8055857d","__export__.res_users_22_942f71e3","Locked","481.15"
"__export__.sale_order_150973_dcb85adc","D150959","__export__.res_users_22_942f71e3","2026-06-08 23:08:58","__export__.res_partner_877_489800fb","","Fully Invoiced","2026-06-11 08:07:53","True","__export__.crm_team_80_d86e22d9","__export__.res_users_22_942f71e3","Locked","393.2"
"__export__.sale_order_151261_f79e8492","D151247","__export__.res_users_7_ace94875","2026-06-11 08:07:25","__export__.res_partner_2488_b119da23","","Fully Invoiced","2026-06-11 08:07:07","True","__export__.crm_team_80_d86e22d9","__export__.res_users_7_ace94875","Locked","85.95"
"__export__.sale_order_151137_6f8459c0","D151123","__export__.res_users_10_962e2fe2","2026-06-10 08:05:55","__export__.res_partner_1178_4660d857","","Fully Invoiced","2026-06-11 08:05:34","True","__export__.crm_team_302_0f8f613a","__export__.res_users_7_ace94875","Locked","3395.0"
"__export__.sale_order_151260_723fee61","D151246","__export__.res_users_7_ace94875","2026-06-11 08:05:12","__export__.res_partner_2462_884eb14e","","Fully Invoiced","2026-06-11 08:04:47","True","__export__.crm_team_227_ffd73472","__export__.res_users_28_e1e8c9ed","Locked","84.1"
"__export__.sale_order_151259_e072d5c5","D151245","__export__.res_users_7_ace94875","2026-06-11 08:04:32","__export__.res_partner_839_998b05c9","","Fully Invoiced","2026-06-11 08:04:00","True","__export__.crm_team_305_c2537a3b","__export__.res_users_28_e1e8c9ed","Locked","197.86"
"__export__.sale_order_151258_6f7f3242","D151244","__export__.res_users_22_942f71e3","2026-06-11 08:02:09","__export__.res_partner_917_5e44cd7e","","Fully Invoiced","2026-06-11 08:00:56","True","__export__.crm_team_79_8cb35e83","__export__.res_users_22_942f71e3","Locked","218.77"
"__export__.sale_order_151257_6cf92201","D151243","__export__.res_users_22_942f71e3","2026-06-11 08:00:41","__export__.res_partner_1869_c2b3c1c3","","Fully Invoiced","2026-06-11 08:00:07","True","__export__.crm_team_39_ffc4074f","__export__.res_users_22_942f71e3","Locked","123.0"
"__export__.sale_order_151256_cbf97e19","D151242","__export__.res_users_22_942f71e3","2026-06-11 07:59:51","__export__.res_partner_1577_224dd31f","","Fully Invoiced","2026-06-11 07:59:06","True","__export__.crm_team_227_ffd73472","__export__.res_users_22_942f71e3","Locked","132.0"
"__export__.sale_order_151255_5e8351b9","D151241","__export__.res_users_22_942f71e3","2026-06-11 06:52:40","__export__.res_partner_2226_073d5a5a","","Fully Invoiced","2026-06-11 06:52:30","True","__export__.crm_team_228_ec7099f7","__export__.res_users_10_962e2fe2","Locked","149.0"
"__export__.sale_order_151254_54a83112","D151240","__export__.res_users_22_942f71e3","2026-06-11 06:52:14","__export__.res_partner_2334_f01a5da2","","Fully Invoiced","2026-06-11 06:51:36","True","__export__.crm_team_110_3f98a3be","__export__.res_users_10_962e2fe2","Locked","172.94"
"__export__.sale_order_151253_5e14722a","D151239","__export__.res_users_22_942f71e3","2026-06-11 06:51:00","__export__.res_partner_1008_4287ea11","","Fully Invoiced","2026-06-11 06:50:07","True","__export__.crm_team_289_72f3a502","__export__.res_users_7_ace94875","Locked","339.65"
"__export__.sale_order_151227_a9ab0e86","D151213","__export__.res_users_14_42108d61","2026-06-11 00:54:14","__export__.res_partner_714_6e0d102d","","Fully Invoiced","2026-06-11 06:42:54","True","__export__.crm_team_230_30056844","__export__.res_users_14_42108d61","Locked","1810.62"
"__export__.sale_order_151226_80acb7e0","D151212","__export__.res_users_8_fb87432d","2026-06-10 23:24:09","__export__.res_partner_1074_53257163","","Fully Invoiced","2026-06-11 06:20:51","True","__export__.crm_team_61_8dc82ae3","__export__.res_users_8_fb87432d","Locked","478.49"
"__export__.sale_order_151010_6c075abb","D150996","__export__.res_users_14_42108d61","2026-06-09 05:22:42","__export__.res_partner_1921_ec460d91","","Fully Invoiced","2026-06-11 05:18:26","True","__export__.crm_team_194_9303e72c","__export__.res_users_14_42108d61","Locked","322.83"
"__export__.sale_order_151252_635f9101","D151238","__export__.res_users_14_42108d61","2026-06-11 04:25:09","__export__.res_partner_2569_af48199c","","Fully Invoiced","2026-06-11 04:22:19","True","__export__.crm_team_303_6d918a38","__export__.res_users_14_42108d61","Locked","195.52"
"__export__.sale_order_151251_be2dc51f","D151237","__export__.res_users_14_42108d61","2026-06-11 04:22:00","__export__.res_partner_1837_354db69f","","Fully Invoiced","2026-06-11 04:20:37","True","__export__.crm_team_79_8cb35e83","__export__.res_users_14_42108d61","Locked","125.2"
"__export__.sale_order_151250_cbd435c1","D151236","__export__.res_users_14_42108d61","2026-06-11 04:18:39","__export__.res_partner_1647_f302a0a9","","Fully Invoiced","2026-06-11 04:16:56","True","__export__.crm_team_292_464da319","__export__.res_users_14_42108d61","Locked","103.2"
"__export__.sale_order_151249_0fdfecfb","D151235","__export__.res_users_14_42108d61","2026-06-11 04:06:53","__export__.res_partner_1838_9a673e84","","Fully Invoiced","2026-06-11 04:06:11","True","__export__.crm_team_172_e403f408","__export__.res_users_14_42108d61","Locked","201.5"
"__export__.sale_order_151248_6a95f50c","D151234","__export__.res_users_14_42108d61","2026-06-11 04:04:20","__export__.res_partner_1079_f42ddf2f","","Fully Invoiced","2026-06-11 03:56:40","True","__export__.crm_team_112_5a7d7484","__export__.res_users_14_42108d61","Locked","642.6"
"__export__.sale_order_151247_e5d6b949","D151233","__export__.res_users_14_42108d61","2026-06-11 03:56:35","__export__.res_partner_2268_b4296ff0","","Fully Invoiced","2026-06-11 03:52:39","True","__export__.crm_team_161_8055857d","__export__.res_users_14_42108d61","Locked","195.0"
"__export__.sale_order_151246_d4be2f1d","D151232","__export__.res_users_14_42108d61","2026-06-11 03:50:16","__export__.res_partner_1845_ce74c057","","Fully Invoiced","2026-06-11 03:49:37","True","__export__.crm_team_39_ffc4074f","__export__.res_users_14_42108d61","Locked","47.5"
"__export__.sale_order_151244_d413003f","D151230","__export__.res_users_14_42108d61","2026-06-11 03:48:00","__export__.res_partner_2232_5eb6c569","","Fully Invoiced","2026-06-11 03:40:24","True","__export__.crm_team_112_5a7d7484","__export__.res_users_14_42108d61","Locked","457.9"
"__export__.sale_order_151243_5e939adc","D151229","__export__.res_users_14_42108d61","2026-06-11 03:39:34","__export__.res_partner_902_081ecc25","","Fully Invoiced","2026-06-11 03:38:03","True","__export__.crm_team_59_95d20efd","__export__.res_users_14_42108d61","Locked","137.4"
"__export__.sale_order_151242_f0b070e3","D151228","__export__.res_users_14_42108d61","2026-06-11 03:36:37","__export__.res_partner_1570_48b936ad","","Fully Invoiced","2026-06-11 03:35:51","True","__export__.crm_team_110_3f98a3be","__export__.res_users_14_42108d61","Locked","152.0"
"__export__.sale_order_151245_4b975b10","D151231","__export__.res_users_14_42108d61","2026-06-11 03:49:03","__export__.res_partner_2522_4ddc00ff","","Fully Invoiced","2026-06-11 03:35:48","True","__export__.crm_team_227_ffd73472","__export__.res_users_10_962e2fe2","Locked","89.5"
"__export__.sale_order_151241_633f578f","D151227","__export__.res_users_14_42108d61","2026-06-11 03:19:28","__export__.res_partner_768_72edcbdb","","Fully Invoiced","2026-06-11 03:16:06","True","__export__.crm_team_39_ffc4074f","__export__.res_users_14_42108d61","Locked","74.8"
"__export__.sale_order_151240_fff6ed62","D151226","__export__.res_users_14_42108d61","2026-06-11 03:16:04","__export__.res_partner_1994_4bb952c0","","Fully Invoiced","2026-06-11 03:06:07","True","__export__.crm_team_79_8cb35e83","__export__.res_users_14_42108d61","Locked","478.4"
"__export__.sale_order_151239_1202200c","D151225","__export__.res_users_14_42108d61","2026-06-11 02:59:39","__export__.res_partner_2509_d01aa094","","Fully Invoiced","2026-06-11 02:57:15","True","__export__.crm_team_289_72f3a502","__export__.res_users_14_42108d61","Locked","278.7"
"__export__.sale_order_151238_1e89f0d8","D151224","__export__.res_users_14_42108d61","2026-06-11 02:49:22","__export__.res_partner_859_c1e0c4b2","","Fully Invoiced","2026-06-11 02:41:41","True","__export__.crm_team_96_8d48bd6a","__export__.res_users_14_42108d61","Locked","1075.52"
"__export__.sale_order_151237_ca0c6a86","D151223","__export__.res_users_14_42108d61","2026-06-11 02:38:04","__export__.res_partner_1294_703558f9","","Fully Invoiced","2026-06-11 02:35:22","True","__export__.crm_team_109_1a8b3a5d","__export__.res_users_14_42108d61","Locked","323.9"
"__export__.sale_order_151236_694b2df7","D151222","__export__.res_users_14_42108d61","2026-06-11 02:32:33","__export__.res_partner_2555_ba76af6c","","Fully Invoiced","2026-06-11 02:29:35","True","__export__.crm_team_232_fa62cff8","__export__.res_users_14_42108d61","Locked","710.58"
"__export__.sale_order_151235_481f6637","D151221","__export__.res_users_14_42108d61","2026-06-11 02:29:21","__export__.res_partner_1991_a2810e90","","Fully Invoiced","2026-06-11 02:26:07","True","__export__.crm_team_110_3f98a3be","__export__.res_users_14_42108d61","Locked","393.55"
"__export__.sale_order_151234_10448804","D151220","__export__.res_users_14_42108d61","2026-06-11 02:25:57","__export__.res_partner_1781_a043f483","","Fully Invoiced","2026-06-11 02:23:47","True","__export__.crm_team_79_8cb35e83","__export__.res_users_10_962e2fe2","Locked","386.0"
"__export__.sale_order_151233_8038ae63","D151219","__export__.res_users_14_42108d61","2026-06-11 02:23:36","__export__.res_partner_1926_d33bf2c8","","Fully Invoiced","2026-06-11 02:23:14","True","__export__.crm_team_289_72f3a502","__export__.res_users_14_42108d61","Locked","141.0"
"__export__.sale_order_151232_64ad8069","D151218","__export__.res_users_14_42108d61","2026-06-11 02:23:04","__export__.res_partner_1576_8c8f7051","","Fully Invoiced","2026-06-11 02:21:48","True","__export__.crm_team_227_ffd73472","__export__.res_users_14_42108d61","Locked","147.1"
"__export__.sale_order_151231_a575a89e","D151217","__export__.res_users_14_42108d61","2026-06-11 02:21:26","__export__.res_partner_1003_ca286395","","Fully Invoiced","2026-06-11 02:20:26","True","__export__.crm_team_39_ffc4074f","__export__.res_users_10_962e2fe2","Locked","208.04"
"__export__.sale_order_151230_3f2ef7fe","D151216","__export__.res_users_14_42108d61","2026-06-11 02:20:02","__export__.res_partner_2500_54e25243","","Fully Invoiced","2026-06-11 02:19:03","True","__export__.crm_team_39_ffc4074f","__export__.res_users_10_962e2fe2","Locked","154.5"
"__export__.sale_order_151229_972c926a","D151215","__export__.res_users_14_42108d61","2026-06-11 02:18:45","__export__.res_partner_1913_0b4fe26f","","Fully Invoiced","2026-06-11 02:16:30","True","__export__.crm_team_61_8dc82ae3","__export__.res_users_14_42108d61","Locked","341.39"
"__export__.sale_order_151228_c7fdde3f","D151214","__export__.res_users_14_42108d61","2026-06-11 01:05:37","__export__.res_partner_2430_30adde35","","Fully Invoiced","2026-06-11 01:03:15","True","__export__.crm_team_229_a2ef141e","__export__.res_users_14_42108d61","Locked","419.74"
"__export__.sale_order_151104_59a9f4fd","D151090","__export__.res_users_30_f31202ea","2026-06-09 22:53:02","__export__.res_partner_2461_67186b5c","","Fully Invoiced","2026-06-10 22:50:09","True","__export__.crm_team_230_30056844","__export__.res_users_27_ccf3d93e","Locked","517.67"
"__export__.sale_order_151103_75c45b47","D151089","__export__.res_users_22_942f71e3","2026-06-09 22:48:57","__export__.res_partner_1216_828e12b8","","Fully Invoiced","2026-06-10 22:48:32","True","__export__.crm_team_78_db60447e","__export__.res_users_22_942f71e3","Locked","22.85"
"__export__.sale_order_151102_1acfcf10","D151088","__export__.res_users_22_942f71e3","2026-06-09 22:48:19","__export__.res_partner_1042_4b562afb","","Fully Invoiced","2026-06-10 22:47:58","True","__export__.crm_team_78_db60447e","__export__.res_users_22_942f71e3","Locked","109.0"
"__export__.sale_order_151100_9c06a644","D151086","__export__.res_users_7_ace94875","2026-06-09 22:37:34","__export__.res_partner_2556_73ef917d","","Fully Invoiced","2026-06-10 22:36:40","True","__export__.crm_team_161_8055857d","__export__.res_users_7_ace94875","Locked","153.5"
"__export__.sale_order_151099_7eeb919b","D151085","__export__.res_users_22_942f71e3","2026-06-09 22:32:52","__export__.res_partner_1182_245cfb4b","","Fully Invoiced","2026-06-10 22:32:19","True","__export__.crm_team_80_d86e22d9","__export__.res_users_22_942f71e3","Locked","84.6"
"__export__.sale_order_151097_da6069c1","D151083","__export__.res_users_7_ace94875","2026-06-09 22:31:31","__export__.res_partner_1313_4ce22376","","Fully Invoiced","2026-06-10 22:29:39","True","__export__.crm_team_275_339b1b1f","__export__.res_users_7_ace94875","Locked","472.75"
"__export__.sale_order_150961_48ccaa38","D150947","__export__.res_users_30_f31202ea","2026-06-08 22:32:30","__export__.res_partner_2558_9df50a1e","","Fully Invoiced","2026-06-10 22:29:06","True","__export__.crm_team_306_f21cf977","__export__.res_users_30_f31202ea","Locked","138.17"
"__export__.sale_order_151098_07b33048","D151084","__export__.res_users_30_f31202ea","2026-06-09 22:32:51","__export__.res_partner_1275_1bace639","","Fully Invoiced","2026-06-10 22:28:17","True","__export__.crm_team_163_c20aff5a","__export__.res_users_22_942f71e3","Locked","199.85"
"__export__.sale_order_151096_e5ac2306","D151082","__export__.res_users_22_942f71e3","2026-06-09 22:31:14","__export__.res_partner_879_f0cbfa10","","Fully Invoiced","2026-06-10 22:27:00","True","__export__.crm_team_162_05a89d8e","__export__.res_users_22_942f71e3","Locked","189.15"
"__export__.sale_order_151095_77e477f8","D151081","__export__.res_users_7_ace94875","2026-06-09 22:29:15","__export__.res_partner_1162_84b0db9d","","Fully Invoiced","2026-06-10 22:26:52","True","__export__.crm_team_161_8055857d","__export__.res_users_7_ace94875","Locked","366.62"
"__export__.sale_order_151094_cdc2a1b3","D151080","__export__.res_users_30_f31202ea","2026-06-09 22:22:42","__export__.res_partner_1938_203b31c8","","Fully Invoiced","2026-06-10 22:20:43","True","__export__.crm_team_306_f21cf977","__export__.res_users_27_ccf3d93e","Locked","139.5"
"__export__.sale_order_150980_79720164","D150966","__export__.res_users_30_f31202ea","2026-06-08 23:25:48","__export__.res_partner_2207_c988d32a","","Fully Invoiced","2026-06-10 22:19:01","True","__export__.crm_team_304_3a77ed67","__export__.res_users_27_ccf3d93e","Locked","665.5"
"__export__.sale_order_151092_4f38939b","D151078","__export__.res_users_22_942f71e3","2026-06-09 22:17:39","__export__.res_partner_1003_ca286395","","Fully Invoiced","2026-06-10 22:16:31","True","__export__.crm_team_78_db60447e","__export__.res_users_10_962e2fe2","Locked","62.5"
"__export__.sale_order_151091_9eccd0ce","D151077","__export__.res_users_22_942f71e3","2026-06-09 22:15:46","__export__.res_partner_1577_224dd31f","","Fully Invoiced","2026-06-10 22:13:15","True","__export__.crm_team_69_17e53434","__export__.res_users_22_942f71e3","Locked","70.5"
"__export__.sale_order_151093_1e1b65d8","D151079","__export__.res_users_30_f31202ea","2026-06-09 22:18:17","__export__.res_partner_2311_2af7f00d","","Fully Invoiced","2026-06-10 22:12:54","True","__export__.crm_team_303_6d918a38","__export__.res_users_30_f31202ea","Locked","208.05"
"__export__.sale_order_151090_34eed11e","D151076","__export__.res_users_30_f31202ea","2026-06-09 22:11:37","__export__.res_partner_2139_9b3c4a32","","Fully Invoiced","2026-06-10 22:10:55","True","__export__.crm_team_173_1afa093c","__export__.res_users_10_962e2fe2","Locked","42.5"
"__export__.sale_order_151089_387ae5fe","D151075","__export__.res_users_30_f31202ea","2026-06-09 22:10:46","__export__.res_partner_1855_cb9cd4f0","","Fully Invoiced","2026-06-10 22:08:11","True","__export__.crm_team_173_1afa093c","__export__.res_users_22_942f71e3","Locked","80.75"
"__export__.sale_order_151088_69c68ddb","D151074","__export__.res_users_30_f31202ea","2026-06-09 22:05:45","__export__.res_partner_1268_23010732","","Fully Invoiced","2026-06-10 22:02:01","True","__export__.crm_team_159_d09f9755","__export__.res_users_10_962e2fe2","Locked","115.53"
"__export__.sale_order_151087_c94be5c4","D151073","__export__.res_users_30_f31202ea","2026-06-09 22:01:20","__export__.res_partner_779_e2009285","","Fully Invoiced","2026-06-10 21:57:33","True","__export__.crm_team_229_a2ef141e","__export__.res_users_22_942f71e3","Locked","226.4"
"__export__.sale_order_151086_34f2ab01","D151072","__export__.res_users_30_f31202ea","2026-06-09 21:57:04","__export__.res_partner_1007_ea60f1d5","","Fully Invoiced","2026-06-10 21:55:03","True","__export__.crm_team_80_d86e22d9","__export__.res_users_7_ace94875","Locked","80.5"
"__export__.sale_order_151085_5206b13f","D151071","__export__.res_users_30_f31202ea","2026-06-09 21:54:35","__export__.res_partner_2276_0cc5de73","","Fully Invoiced","2026-06-10 21:52:38","True","__export__.crm_team_96_8d48bd6a","__export__.res_users_10_962e2fe2","Locked","103.2"
"__export__.sale_order_151084_eac09902","D151070","__export__.res_users_30_f31202ea","2026-06-09 21:51:32","__export__.res_partner_768_72edcbdb","","Fully Invoiced","2026-06-10 21:50:09","True","__export__.crm_team_78_db60447e","__export__.res_users_30_f31202ea","Locked","88.5"
"__export__.sale_order_151083_dfcfc552","D151069","__export__.res_users_30_f31202ea","2026-06-09 21:49:50","__export__.res_partner_878_d6f1bc08","","Fully Invoiced","2026-06-10 21:43:19","True","__export__.crm_team_163_c20aff5a","__export__.res_users_10_962e2fe2","Locked","194.43"
"__export__.sale_order_151106_26ea03a3","D151092","__export__.res_users_30_f31202ea","2026-06-09 23:38:20","__export__.res_partner_1576_8c8f7051","","Fully Invoiced","2026-06-10 21:36:37","True","__export__.crm_team_275_339b1b1f","__export__.res_users_30_f31202ea","Locked","90.85"
"__export__.sale_order_151082_d012a513","D151068","__export__.res_users_30_f31202ea","2026-06-09 21:41:49","__export__.res_partner_1820_6043d6fd","","Fully Invoiced","2026-06-10 21:35:12","True","__export__.crm_team_161_8055857d","__export__.res_users_30_f31202ea","Locked","448.95"
"__export__.sale_order_151081_2ec14e37","D151067","__export__.res_users_30_f31202ea","2026-06-09 21:34:52","__export__.res_partner_2044_ef062926","","Fully Invoiced","2026-06-10 21:29:23","True","__export__.crm_team_173_1afa093c","__export__.res_users_27_ccf3d93e","Locked","184.0"
"__export__.sale_order_151080_3ba30cea","D151066","__export__.res_users_30_f31202ea","2026-06-09 21:34:48","__export__.res_partner_1828_7af1e2fb","","Fully Invoiced","2026-06-10 21:28:28","True","__export__.crm_team_173_1afa093c","__export__.res_users_27_ccf3d93e","Locked","197.28"
"__export__.sale_order_151079_9d510f20","D151065","__export__.res_users_30_f31202ea","2026-06-09 21:25:22","__export__.res_partner_2570_6109fe07","","Fully Invoiced","2026-06-10 21:20:06","True","__export__.crm_team_277_1848bdf1","__export__.res_users_30_f31202ea","Locked","181.8"
"__export__.sale_order_151077_c8e625a4","D151063","__export__.res_users_18_297f6f55","2026-06-09 19:13:35","__export__.res_partner_925_9533fa54","","Fully Invoiced","2026-06-10 19:12:46","True","__export__.crm_team_165_f4c61875","__export__.res_users_18_297f6f55","Locked","123.6"
"__export__.sale_order_151076_163fa78d","D151062","__export__.res_users_18_297f6f55","2026-06-09 19:12:26","__export__.res_partner_733_7f04a2b5","","Fully Invoiced","2026-06-10 19:10:50","True","__export__.crm_team_165_f4c61875","__export__.res_users_18_297f6f55","Locked","527.72"
"__export__.sale_order_151070_0ff9a7fd","D151056","__export__.res_users_22_942f71e3","2026-06-09 17:16:55","__export__.res_partner_1056_6ffac8c3","","Fully Invoiced","2026-06-10 17:12:20","True","__export__.crm_team_229_a2ef141e","__export__.res_users_22_942f71e3","Locked","345.5"
"__export__.sale_order_151073_52d0bb25","D151059","__export__.res_users_22_942f71e3","2026-06-09 17:24:12","__export__.res_partner_1902_ccd0273d","","Fully Invoiced","2026-06-10 17:11:49","True","__export__.crm_team_305_c2537a3b","__export__.res_users_22_942f71e3","Locked","400.12"
"__export__.sale_order_151074_06d51297","D151060","__export__.res_users_22_942f71e3","2026-06-09 17:26:56","__export__.res_partner_2439_4f2c50b2","","Fully Invoiced","2026-06-10 17:11:17","True","__export__.crm_team_231_ec27440e","__export__.res_users_22_942f71e3","Locked","707.41"
"__export__.sale_order_151072_650e8224","D151058","__export__.res_users_22_942f71e3","2026-06-09 17:21:47","__export__.res_partner_1185_72a27e84","","Fully Invoiced","2026-06-10 17:11:02","True","__export__.crm_team_229_a2ef141e","__export__.res_users_22_942f71e3","Locked","247.23"
"__export__.sale_order_151071_56cfedaf","D151057","__export__.res_users_22_942f71e3","2026-06-09 17:20:15","__export__.res_partner_1276_3d2b8258","","Fully Invoiced","2026-06-10 17:10:54","True","__export__.crm_team_80_d86e22d9","__export__.res_users_22_942f71e3","Locked","454.7"
"__export__.sale_order_151075_74578a99","D151061","__export__.res_users_22_942f71e3","2026-06-09 17:30:36","__export__.res_partner_868_bf11b692","","Fully Invoiced","2026-06-10 17:10:46","True","__export__.crm_team_231_ec27440e","__export__.res_users_22_942f71e3","Locked","203.15"
"__export__.sale_order_151069_8be4cee3","D151055","__export__.res_users_8_fb87432d","2026-06-09 17:06:17","__export__.res_partner_959_1e34588d","","Fully Invoiced","2026-06-10 17:00:58","True","__export__.crm_team_166_27995bab","__export__.res_users_18_297f6f55","Locked","68.85"
"__export__.sale_order_151068_d197d77e","D151054","__export__.res_users_8_fb87432d","2026-06-09 17:05:01","__export__.res_partner_1686_0cbef6c2","","Fully Invoiced","2026-06-10 16:57:09","True","__export__.crm_team_166_27995bab","__export__.res_users_18_297f6f55","Locked","981.75"
"__export__.sale_order_151063_7b8debb1","D151049","__export__.res_users_8_fb87432d","2026-06-09 16:52:54","__export__.res_partner_732_02a744cf","","Fully Invoiced","2026-06-10 16:46:37","True","__export__.crm_team_96_8d48bd6a","__export__.res_users_18_297f6f55","Locked","264.5"
"__export__.sale_order_151064_6032abb0","D151050","__export__.res_users_8_fb87432d","2026-06-09 16:53:59","__export__.res_partner_725_23f27d2e","","Fully Invoiced","2026-06-10 16:46:35","True","__export__.crm_team_96_8d48bd6a","__export__.res_users_18_297f6f55","Locked","102.4"
"__export__.sale_order_151067_adf0b582","D151053","__export__.res_users_8_fb87432d","2026-06-09 17:00:09","__export__.res_partner_1643_349679bb","","Fully Invoiced","2026-06-10 16:46:27","True","__export__.crm_team_98_821e316c","__export__.res_users_18_297f6f55","Locked","285.53"
"__export__.sale_order_151066_739b63f8","D151052","__export__.res_users_8_fb87432d","2026-06-09 16:56:56","__export__.res_partner_1641_c1da5d96","","Fully Invoiced","2026-06-10 16:41:44","True","__export__.crm_team_96_8d48bd6a","__export__.res_users_18_297f6f55","Locked","21.3"
"__export__.sale_order_151061_a16c775e","D151047","__export__.res_users_8_fb87432d","2026-06-09 16:45:55","__export__.res_partner_1646_736a1e69","","Fully Invoiced","2026-06-10 16:41:43","True","__export__.crm_team_98_821e316c","__export__.res_users_18_297f6f55","Locked","128.68"
"__export__.sale_order_151065_e1e28bff","D151051","__export__.res_users_8_fb87432d","2026-06-09 16:55:46","__export__.res_partner_1640_e34ad7cc","","Fully Invoiced","2026-06-10 16:37:01","True","__export__.crm_team_96_8d48bd6a","__export__.res_users_18_297f6f55","Locked","271.53"
"__export__.sale_order_151059_42653861","D151045","__export__.res_users_8_fb87432d","2026-06-09 16:33:10","__export__.res_partner_1130_6112d97e","***BEST***","Fully Invoiced","2026-06-10 16:23:30","True","__export__.crm_team_98_821e316c","__export__.res_users_18_297f6f55","Locked","315.5"
"__export__.sale_order_151060_61e788d2","D151046","__export__.res_users_8_fb87432d","2026-06-09 16:33:16","__export__.res_partner_1122_31d3bdf9","***BEST***","Fully Invoiced","2026-06-10 16:22:36","True","__export__.crm_team_98_821e316c","__export__.res_users_18_297f6f55","Locked","72.95"
"__export__.sale_order_151058_2843464a","D151044","__export__.res_users_8_fb87432d","2026-06-09 16:22:32","__export__.res_partner_1598_0cbe8637","","Fully Invoiced","2026-06-10 16:20:26","True","__export__.crm_team_98_821e316c","__export__.res_users_18_297f6f55","Locked","219.96"
"__export__.sale_order_151057_006b88db","D151043","__export__.res_users_8_fb87432d","2026-06-09 16:19:15","__export__.res_partner_2233_bc9a97b7","","Fully Invoiced","2026-06-10 16:17:32","True","__export__.crm_team_98_821e316c","__export__.res_users_18_297f6f55","Locked","273.82"
"__export__.sale_order_150943_f5e11397","D150929","__export__.res_users_10_962e2fe2","2026-06-08 15:14:26","__export__.res_partner_1186_0ccffa35","","Fully Invoiced","2026-06-10 15:11:54","True","__export__.crm_team_230_30056844","__export__.res_users_10_962e2fe2","Locked","760.89"
"__export__.sale_order_150942_a038ff4a","D150928","__export__.res_users_14_42108d61","2026-06-08 14:52:47","__export__.res_partner_2316_f148451d","","Fully Invoiced","2026-06-10 14:51:06","True","__export__.crm_team_277_1848bdf1","__export__.res_users_14_42108d61","Locked","888.64"
"__export__.sale_order_151163_6e547a08","D151149","__export__.res_users_10_962e2fe2","2026-06-10 14:26:59","__export__.res_partner_2279_95c95e6b","","Fully Invoiced","2026-06-10 14:26:47","True","__export__.crm_team_69_17e53434","__export__.res_users_10_962e2fe2","Locked","20.35"
"__export__.sale_order_151054_7942326a","D151040","__export__.res_users_8_fb87432d","2026-06-09 14:05:05","__export__.res_partner_1638_c4f8759e","","Fully Invoiced","2026-06-10 14:02:52","True","__export__.crm_team_98_821e316c","__export__.res_users_18_297f6f55","Locked","637.05"
"__export__.sale_order_151162_890ff3a8","D151148","__export__.res_users_10_962e2fe2","2026-06-10 13:53:25","__export__.res_partner_1184_6e0a68be","","Fully Invoiced","2026-06-10 13:53:00","True","__export__.crm_team_69_17e53434","__export__.res_users_14_42108d61","Locked","33.3"
"__export__.sale_order_151053_5d7d5d1b","D151039","__export__.res_users_7_ace94875","2026-06-09 13:46:43","__export__.res_partner_1310_273e440d","","Fully Invoiced","2026-06-10 13:44:16","True","__export__.crm_team_231_ec27440e","__export__.res_users_27_ccf3d93e","Locked","438.98"
"__export__.sale_order_151051_58ae716f","D151037","__export__.res_users_10_962e2fe2","2026-06-09 12:56:33","__export__.res_partner_874_2fe3c6b7","","Fully Invoiced","2026-06-10 12:55:46","True","__export__.crm_team_78_db60447e","__export__.res_users_10_962e2fe2","Locked","285.7"
"__export__.sale_order_151050_457579eb","D151036","__export__.res_users_30_f31202ea","2026-06-09 12:52:07","__export__.res_partner_2566_0a567560","","Fully Invoiced","2026-06-10 12:48:38","True","__export__.crm_team_278_1a2d18d7","__export__.res_users_30_f31202ea","Locked","86.0"
"__export__.sale_order_150931_0946376a","D150917","__export__.res_users_7_ace94875","2026-06-08 12:20:58","__export__.res_partner_2041_ee3f7fe6","","Fully Invoiced","2026-06-10 12:20:08","True","__export__.crm_team_304_3a77ed67","__export__.res_users_7_ace94875","Locked","307.19"
"__export__.sale_order_151160_3cd29787","D151146","__export__.res_users_22_942f71e3","2026-06-10 12:18:45","__export__.res_partner_2272_68f49b2e","","Fully Invoiced","2026-06-10 12:17:56","True","__export__.crm_team_69_17e53434","__export__.res_users_22_942f71e3","Locked","80.6"
"__export__.sale_order_151159_b2d3148a","D151145","__export__.res_users_22_942f71e3","2026-06-10 11:58:34","__export__.res_partner_692_5b156858","","Fully Invoiced","2026-06-10 11:58:18","True","__export__.crm_team_162_05a89d8e","__export__.res_users_22_942f71e3","Locked","34.0"
"__export__.sale_order_150928_495bdd56","D150914","__export__.res_users_22_942f71e3","2026-06-08 11:50:44","__export__.res_partner_836_c4aef084","","Fully Invoiced","2026-06-10 11:48:11","True","__export__.crm_team_102_350bf834","__export__.res_users_22_942f71e3","Locked","749.94"
"__export__.sale_order_151157_f0ebaf68","D151143","__export__.res_users_22_942f71e3","2026-06-10 11:43:34","__export__.res_partner_2446_8e921426","","Fully Invoiced","2026-06-10 11:43:15","True","__export__.crm_team_277_1848bdf1","__export__.res_users_14_42108d61","Locked","27.0"
"__export__.sale_order_150925_d8844eec","D150911","__export__.res_users_7_ace94875","2026-06-08 11:43:04","__export__.res_partner_2513_a46f719e","","Fully Invoiced","2026-06-10 11:40:29","True","__export__.crm_team_80_d86e22d9","__export__.res_users_7_ace94875","Locked","323.5"
"__export__.sale_order_151155_fbb9045f","D151141","__export__.res_users_14_42108d61","2026-06-10 11:38:16","__export__.res_partner_1574_240fc290","","Fully Invoiced","2026-06-10 11:37:37","True","__export__.crm_team_304_3a77ed67","__export__.res_users_14_42108d61","Locked","26.5"
"__export__.sale_order_150923_5f04b36d","D150909","__export__.res_users_7_ace94875","2026-06-08 11:37:36","__export__.res_partner_2041_ee3f7fe6","","Fully Invoiced","2026-06-10 11:31:41","True","__export__.crm_team_304_3a77ed67","__export__.res_users_7_ace94875","Locked","931.55"
"__export__.sale_order_151045_636e7df6","D151031","__export__.res_users_14_42108d61","2026-06-09 11:07:50","__export__.res_partner_1659_79eeabb8","","Fully Invoiced","2026-06-10 11:01:23","True","__export__.crm_team_277_1848bdf1","__export__.res_users_14_42108d61","Locked","591.85"
"__export__.sale_order_150988_3ddace35","D150974","__export__.res_users_18_297f6f55","2026-06-09 00:49:38","__export__.res_partner_972_b5826848","","Fully Invoiced","2026-06-10 10:48:22","True","__export__.crm_team_96_8d48bd6a","__export__.res_users_18_297f6f55","Locked","588.95"
"__export__.sale_order_151154_93653b16","D151140","__export__.res_users_22_942f71e3","2026-06-10 10:53:33","__export__.res_partner_1766_b5865f7b","","Fully Invoiced","2026-06-10 10:47:52","True","__export__.crm_team_162_05a89d8e","__export__.res_users_27_ccf3d93e","Locked","392.46"
"__export__.sale_order_150987_7dee1d21","D150973","__export__.res_users_18_297f6f55","2026-06-09 00:47:29","__export__.res_partner_2165_b8e621d5","","Fully Invoiced","2026-06-10 10:47:09","True","__export__.crm_team_96_8d48bd6a","__export__.res_users_18_297f6f55","Locked","105.72"
"__export__.sale_order_150986_46d0afb1","D150972","__export__.res_users_18_297f6f55","2026-06-09 00:47:03","__export__.res_partner_1637_f09bc375","","Fully Invoiced","2026-06-10 10:46:26","True","__export__.crm_team_96_8d48bd6a","__export__.res_users_18_297f6f55","Locked","195.3"
"__export__.sale_order_151153_16eee0a7","D151139","__export__.res_users_22_942f71e3","2026-06-10 10:47:24","__export__.res_partner_941_349707c0","","Fully Invoiced","2026-06-10 10:44:34","True","__export__.crm_team_162_05a89d8e","__export__.res_users_14_42108d61","Locked","246.4"
"__export__.sale_order_150982_2f4404b1","D150968","__export__.res_users_18_297f6f55","2026-06-09 00:37:05","__export__.res_partner_988_d8939c6f","","Fully Invoiced","2026-06-10 10:28:43","True","__export__.crm_team_163_c20aff5a","__export__.res_users_18_297f6f55","Locked","181.75"
"__export__.sale_order_151152_de9c69f7","D151138","__export__.res_users_10_962e2fe2","2026-06-10 10:23:35","__export__.res_partner_2425_300dec84","","Fully Invoiced","2026-06-10 10:23:12","True","__export__.crm_team_69_17e53434","__export__.res_users_10_962e2fe2","Locked","25.5"
"__export__.sale_order_151150_a6b8fce6","D151136","__export__.res_users_10_962e2fe2","2026-06-10 10:16:14","__export__.res_partner_818_8185df11","","Fully Invoiced","2026-06-10 10:15:05","True","__export__.crm_team_79_8cb35e83","__export__.res_users_10_962e2fe2","Locked","20.5"
"__export__.sale_order_150909_deaa988e","D150895","__export__.res_users_14_42108d61","2026-06-08 09:44:26","__export__.res_partner_1996_02dfe9a1","","Fully Invoiced","2026-06-10 09:42:10","True","__export__.crm_team_306_f21cf977","__export__.res_users_14_42108d61","Locked","642.47"
"__export__.sale_order_151149_8faf90e3","D151135","__export__.res_users_10_962e2fe2","2026-06-10 09:19:03","__export__.res_partner_1777_fc02ee70","","Fully Invoiced","2026-06-10 09:16:35","True","__export__.crm_team_98_821e316c","__export__.res_users_10_962e2fe2","Locked","215.5"
"__export__.sale_order_151147_3f651ace","D151133","__export__.res_users_10_962e2fe2","2026-06-10 09:14:04","__export__.res_partner_1734_f000d447","","Fully Invoiced","2026-06-10 09:13:23","True","__export__.crm_team_5_bc4839e4","__export__.res_users_10_962e2fe2","Locked","25.7"
"__export__.sale_order_151146_fb3a4276","D151132","__export__.res_users_10_962e2fe2","2026-06-10 09:12:52","__export__.res_partner_874_2fe3c6b7","","Fully Invoiced","2026-06-10 09:12:20","True","__export__.crm_team_79_8cb35e83","__export__.res_users_10_962e2fe2","Locked","31.0"
"__export__.sale_order_151032_7920726b","D151018","__export__.res_users_7_ace94875","2026-06-09 09:11:07","__export__.res_partner_1846_53c72dc8","","Fully Invoiced","2026-06-10 09:10:50","True","__export__.crm_team_59_95d20efd","__export__.res_users_7_ace94875","Locked","1596.0"
"__export__.sale_order_151148_452f51ef","D151134","__export__.res_users_14_42108d61","2026-06-10 09:15:10","__export__.res_partner_752_b29ee5f8","eir codeN39Y310 GOLDEN DRAGON","Fully Invoiced","2026-06-10 09:10:32","True","__export__.crm_team_304_3a77ed67","__export__.res_users_14_42108d61","Locked","156.5"
"__export__.sale_order_151143_64a04b3d","D151129","__export__.res_users_14_42108d61","2026-06-10 09:04:00","__export__.res_partner_2446_8e921426","","Fully Invoiced","2026-06-10 09:03:16","True","__export__.crm_team_277_1848bdf1","__export__.res_users_14_42108d61","Locked","31.98"
"__export__.sale_order_151145_dd5e0879","D151131","__export__.res_users_14_42108d61","2026-06-10 09:09:06","__export__.res_partner_2313_a79188fd","","Fully Invoiced","2026-06-10 09:01:25","True","__export__.crm_team_277_1848bdf1","__export__.res_users_14_42108d61","Locked","298.45"
"__export__.sale_order_151142_49c903d3","D151128","__export__.res_users_22_942f71e3","2026-06-10 08:55:52","__export__.res_partner_858_0e5ada1d","","Fully Invoiced","2026-06-10 08:55:37","True","__export__.crm_team_79_8cb35e83","__export__.res_users_14_42108d61","Locked","25.22"
"__export__.sale_order_151140_7940b6c1","D151126","__export__.res_users_10_962e2fe2","2026-06-10 08:30:38","__export__.res_partner_818_8185df11","RO不要确认","Fully Invoiced","2026-06-10 08:19:14","True","__export__.crm_team_79_8cb35e83","__export__.res_users_10_962e2fe2","Locked","1143.05"
"__export__.sale_order_151138_429f94f5","D151124","__export__.res_users_22_942f71e3","2026-06-10 08:14:39","__export__.res_partner_902_081ecc25","","Fully Invoiced","2026-06-10 08:14:23","True","__export__.crm_team_79_8cb35e83","__export__.res_users_22_942f71e3","Locked","21.5"
"__export__.sale_order_151105_4e194af0","D151091","__export__.res_users_22_942f71e3","2026-06-09 23:26:09","__export__.res_partner_1781_a043f483","","Fully Invoiced","2026-06-10 08:10:45","True","__export__.crm_team_227_ffd73472","__export__.res_users_10_962e2fe2","Locked","191.5"
"__export__.sale_order_151021_d2b1623c","D151007","__export__.res_users_22_942f71e3","2026-06-09 08:03:43","__export__.res_partner_1555_a56443ac","","Fully Invoiced","2026-06-10 08:00:13","True","__export__.crm_team_173_1afa093c","__export__.res_users_22_942f71e3","Locked","168.45"
"__export__.sale_order_151136_c5158e7a","D151122","__export__.res_users_7_ace94875","2026-06-10 07:49:23","__export__.res_partner_2401_1157210c","","Fully Invoiced","2026-06-10 07:49:07","True","__export__.crm_team_78_db60447e","__export__.res_users_7_ace94875","Locked","53.0"
"__export__.sale_order_151135_09b2eb96","D151121","__export__.res_users_22_942f71e3","2026-06-10 07:39:40","__export__.res_partner_1577_224dd31f","","Fully Invoiced","2026-06-10 07:39:26","True","__export__.crm_team_69_17e53434","__export__.res_users_22_942f71e3","Locked","1200.0"
"__export__.sale_order_151134_a27bf306","D151120","__export__.res_users_22_942f71e3","2026-06-10 07:37:38","__export__.res_partner_1222_205defba","","Fully Invoiced","2026-06-10 07:37:21","True","__export__.crm_team_78_db60447e","__export__.res_users_22_942f71e3","Locked","28.0"
"__export__.sale_order_151133_5db7784e","D151119","__export__.res_users_7_ace94875","2026-06-10 07:08:43","__export__.res_partner_1616_533a6f33","","Fully Invoiced","2026-06-10 07:07:46","True","__export__.crm_team_275_339b1b1f","__export__.res_users_7_ace94875","Locked","211.3"
"__export__.sale_order_151007_5d78f854","D150993","__export__.res_users_14_42108d61","2026-06-09 04:54:51","__export__.res_partner_1908_ea3dae73","","Fully Invoiced","2026-06-10 04:51:48","True","__export__.crm_team_276_22e06523","__export__.res_users_14_42108d61","Locked","158.18"
"__export__.sale_order_151131_1fd2a828","D151117","__export__.res_users_14_42108d61","2026-06-10 04:39:19","__export__.res_partner_2217_6a625381","","Fully Invoiced","2026-06-10 04:37:27","True","__export__.crm_team_303_6d918a38","__export__.res_users_14_42108d61","Locked","391.4"
"__export__.sale_order_151130_cc757395","D151116","__export__.res_users_14_42108d61","2026-06-10 04:31:28","__export__.res_partner_2446_8e921426","","Fully Invoiced","2026-06-10 04:28:03","True","__export__.crm_team_276_22e06523","__export__.res_users_14_42108d61","Locked","233.14"
"__export__.sale_order_151129_5bbdf7bb","D151115","__export__.res_users_14_42108d61","2026-06-10 04:27:01","__export__.res_partner_2510_f6a1dc97","","Fully Invoiced","2026-06-10 04:24:22","True","__export__.crm_team_227_ffd73472","__export__.res_users_14_42108d61","Locked","210.45"
"__export__.sale_order_151128_f5d0d828","D151114","__export__.res_users_14_42108d61","2026-06-10 04:24:19","__export__.res_partner_2050_3666fbb2","","Fully Invoiced","2026-06-10 04:13:36","True","__export__.crm_team_159_d09f9755","__export__.res_users_14_42108d61","Locked","330.7"
"__export__.sale_order_151127_d7ee82cb","D151113","__export__.res_users_14_42108d61","2026-06-10 04:12:53","__export__.res_partner_858_0e5ada1d","","Fully Invoiced","2026-06-10 04:09:28","True","__export__.crm_team_79_8cb35e83","__export__.res_users_14_42108d61","Locked","400.1"
"__export__.sale_order_151126_8db237ad","D151112","__export__.res_users_14_42108d61","2026-06-10 04:05:26","__export__.res_partner_1994_4bb952c0","","Fully Invoiced","2026-06-10 04:03:12","True","__export__.crm_team_227_ffd73472","__export__.res_users_14_42108d61","Locked","277.68"
"__export__.sale_order_151125_088c09fa","D151111","__export__.res_users_14_42108d61","2026-06-10 04:03:04","__export__.res_partner_902_081ecc25","","Fully Invoiced","2026-06-10 04:00:11","True","__export__.crm_team_79_8cb35e83","__export__.res_users_14_42108d61","Locked","338.0"
"__export__.sale_order_151124_362b6bf4","D151110","__export__.res_users_14_42108d61","2026-06-10 03:56:45","__export__.res_partner_2267_98083fbf","","Fully Invoiced","2026-06-10 03:54:13","True","__export__.crm_team_303_6d918a38","__export__.res_users_14_42108d61","Locked","218.3"
"__export__.sale_order_151123_212b297e","D151109","__export__.res_users_14_42108d61","2026-06-10 03:53:36","__export__.res_partner_2255_4623fdf7","","Fully Invoiced","2026-06-10 03:53:10","True","__export__.crm_team_305_c2537a3b","__export__.res_users_14_42108d61","Locked","17.5"
"__export__.sale_order_151122_6346ebe8","D151108","__export__.res_users_14_42108d61","2026-06-10 03:47:49","__export__.res_partner_1862_2cd90015","","Fully Invoiced","2026-06-10 03:47:00","True","__export__.crm_team_276_22e06523","__export__.res_users_14_42108d61","Locked","180.17"
"__export__.sale_order_151121_805c06fc","D151107","__export__.res_users_14_42108d61","2026-06-10 03:17:03","__export__.res_partner_1850_f0cc69bf","","Fully Invoiced","2026-06-10 03:15:46","True","__export__.crm_team_275_339b1b1f","__export__.res_users_14_42108d61","Locked","558.65"
"__export__.sale_order_151120_e4d56cbc","D151106","__export__.res_users_14_42108d61","2026-06-10 03:06:44","__export__.res_partner_752_b29ee5f8","The Golden Dragon Drumlish LF","Fully Invoiced","2026-06-10 03:06:26","True","__export__.crm_team_303_6d918a38","__export__.res_users_14_42108d61","Locked","87.67"
"__export__.sale_order_151119_a322d51d","D151105","__export__.res_users_14_42108d61","2026-06-10 03:04:55","__export__.res_partner_2255_4623fdf7","称2粒送到 LEE KEE 钱这边付","Fully Invoiced","2026-06-10 03:03:38","True","__export__.crm_team_5_bc4839e4","__export__.res_users_14_42108d61","Locked","110.05"
"__export__.sale_order_151118_ca8bb03c","D151104","__export__.res_users_14_42108d61","2026-06-10 03:03:35","__export__.res_partner_2255_4623fdf7","","Fully Invoiced","2026-06-10 03:02:45","True","__export__.crm_team_305_c2537a3b","__export__.res_users_14_42108d61","Locked","24.58"
"__export__.sale_order_151117_05ac36d6","D151103","__export__.res_users_14_42108d61","2026-06-10 03:02:35","__export__.res_partner_2301_779fc90b","","Fully Invoiced","2026-06-10 03:00:46","True","__export__.crm_team_276_22e06523","__export__.res_users_14_42108d61","Locked","246.51"
"__export__.sale_order_151116_0cbe866e","D151102","__export__.res_users_14_42108d61","2026-06-10 02:58:18","__export__.res_partner_2255_4623fdf7","","Fully Invoiced","2026-06-10 02:53:12","True","__export__.crm_team_305_c2537a3b","__export__.res_users_14_42108d61","Locked","535.45"
"__export__.sale_order_151115_ca6a18e8","D151101","__export__.res_users_14_42108d61","2026-06-10 02:47:18","__export__.res_partner_2243_02cf6114","","Fully Invoiced","2026-06-10 02:46:51","True","__export__.crm_team_303_6d918a38","__export__.res_users_14_42108d61","Locked","280.45"
"__export__.sale_order_151114_4517716a","D151100","__export__.res_users_14_42108d61","2026-06-10 02:46:47","__export__.res_partner_1943_4723f40d","","Fully Invoiced","2026-06-10 02:45:50","True","__export__.crm_team_305_c2537a3b","__export__.res_users_14_42108d61","Locked","523.86"
"__export__.sale_order_151113_8281a384","D151099","__export__.res_users_14_42108d61","2026-06-10 02:44:50","__export__.res_partner_2308_0e48bd49","","Fully Invoiced","2026-06-10 02:43:58","True","__export__.crm_team_276_22e06523","__export__.res_users_14_42108d61","Locked","207.45"
"__export__.sale_order_151112_4ab2d7df","D151098","__export__.res_users_14_42108d61","2026-06-10 02:35:56","__export__.res_partner_1574_240fc290","","Fully Invoiced","2026-06-10 02:34:57","True","__export__.crm_team_303_6d918a38","__export__.res_users_14_42108d61","Locked","404.75"
"__export__.sale_order_151109_256d78f6","D151095","__export__.res_users_14_42108d61","2026-06-10 02:31:54","__export__.res_partner_1024_598a1b58","","Fully Invoiced","2026-06-10 02:27:34","True","__export__.crm_team_229_a2ef141e","__export__.res_users_14_42108d61","Locked","420.5"
"__export__.sale_order_151108_ffd5299c","D151094","__export__.res_users_14_42108d61","2026-06-10 02:26:49","__export__.res_partner_2025_49c6eb0a","","Fully Invoiced","2026-06-10 02:20:21","True","__export__.crm_team_278_1a2d18d7","__export__.res_users_14_42108d61","Locked","172.2"
"__export__.sale_order_151107_ea5ffd11","D151093","__export__.res_users_14_42108d61","2026-06-10 02:20:02","__export__.res_partner_2025_49c6eb0a","","Fully Invoiced","2026-06-10 02:17:44","True","__export__.crm_team_278_1a2d18d7","__export__.res_users_14_42108d61","Locked","305.0"
"__export__.sale_order_150968_833280fd","D150954","__export__.res_users_30_f31202ea","2026-06-08 22:56:09","__export__.res_partner_1237_e8a3ce1f","","Fully Invoiced","2026-06-09 22:42:54","True","__export__.crm_team_296_40815358","__export__.res_users_7_ace94875","Locked","593.38"
"__export__.sale_order_150967_ac1de135","D150953","__export__.res_users_30_f31202ea","2026-06-08 22:42:47","__export__.res_partner_1242_ea55c42a","","Fully Invoiced","2026-06-09 22:40:50","True","__export__.crm_team_229_a2ef141e","__export__.res_users_27_ccf3d93e","Locked","168.45"
"__export__.sale_order_150965_41510091","D150951","__export__.res_users_22_942f71e3","2026-06-08 22:39:16","__export__.res_partner_2464_6b8b8041","","Fully Invoiced","2026-06-09 22:38:57","True","__export__.crm_team_231_ec27440e","__export__.res_users_7_ace94875","Locked","61.6"
"__export__.sale_order_150964_270f6cb5","D150950","__export__.res_users_22_942f71e3","2026-06-08 22:35:51","__export__.res_partner_768_72edcbdb","","Fully Invoiced","2026-06-09 22:34:45","True","__export__.crm_team_301_cac40131","__export__.res_users_22_942f71e3","Locked","39.0"
"__export__.sale_order_150963_7fa5e191","D150949","__export__.res_users_22_942f71e3","2026-06-08 22:34:29","__export__.res_partner_1869_c2b3c1c3","","Fully Invoiced","2026-06-09 22:33:04","True","__export__.crm_team_301_cac40131","__export__.res_users_22_942f71e3","Locked","113.07"
"__export__.sale_order_150966_4049f7ff","D150952","__export__.res_users_30_f31202ea","2026-06-08 22:40:09","__export__.res_partner_1071_44f86fd5","","Fully Invoiced","2026-06-09 22:32:35","True","__export__.crm_team_98_821e316c","__export__.res_users_27_ccf3d93e","Locked","515.95"
"__export__.sale_order_150962_161620ff","D150948","__export__.res_users_22_942f71e3","2026-06-08 22:32:42","__export__.res_partner_866_7023b017","","Fully Invoiced","2026-06-09 22:29:17","True","__export__.crm_team_227_ffd73472","__export__.res_users_8_fb87432d","Locked","204.65"
"__export__.sale_order_150960_8e836bfd","D150946","__export__.res_users_22_942f71e3","2026-06-08 22:29:09","__export__.res_partner_1216_828e12b8","","Fully Invoiced","2026-06-09 22:28:40","True","__export__.crm_team_301_cac40131","__export__.res_users_22_942f71e3","Locked","20.5"
"__export__.sale_order_150959_6a10ea24","D150945","__export__.res_users_22_942f71e3","2026-06-08 22:28:27","__export__.res_partner_2226_073d5a5a","","Fully Invoiced","2026-06-09 22:26:34","True","__export__.crm_team_228_ec7099f7","__export__.res_users_10_962e2fe2","Locked","418.45"
"__export__.sale_order_150958_7e420a64","D150944","__export__.res_users_22_942f71e3","2026-06-08 22:25:29","__export__.res_partner_1042_4b562afb","","Fully Invoiced","2026-06-09 22:20:20","True","__export__.crm_team_301_cac40131","__export__.res_users_22_942f71e3","Locked","71.7"
"__export__.sale_order_150979_7a3d0b91","D150965","__export__.res_users_30_f31202ea","2026-06-08 23:17:37","__export__.res_partner_696_930a1ccb","","Fully Invoiced","2026-06-09 22:11:33","True","__export__.crm_team_228_ec7099f7","__export__.res_users_30_f31202ea","Locked","320.93"
"__export__.sale_order_150975_e1c6cc96","D150961","__export__.res_users_30_f31202ea","2026-06-08 23:10:49","__export__.res_partner_1220_7b1e037c","","Fully Invoiced","2026-06-09 22:10:19","True","__export__.crm_team_51_075d42c1","__export__.res_users_22_942f71e3","Locked","73.0"
"__export__.sale_order_150974_9c31e7c2","D150960","__export__.res_users_30_f31202ea","2026-06-08 23:09:48","__export__.res_partner_1218_e07a11df","","Fully Invoiced","2026-06-09 22:08:29","True","__export__.crm_team_51_075d42c1","__export__.res_users_22_942f71e3","Locked","67.75"
"__export__.sale_order_150957_9229dd94","D150943","__export__.res_users_22_942f71e3","2026-06-08 22:17:50","__export__.res_partner_1577_224dd31f","","Fully Invoiced","2026-06-09 22:08:14","True","__export__.crm_team_227_ffd73472","__export__.res_users_22_942f71e3","Locked","30.0"
"__export__.sale_order_150972_c477d14c","D150958","__export__.res_users_30_f31202ea","2026-06-08 23:07:47","__export__.res_partner_2029_983ad619","","Fully Invoiced","2026-06-09 22:05:31","True","__export__.crm_team_276_22e06523","__export__.res_users_22_942f71e3","Locked","97.75"
"__export__.sale_order_150970_ebd48b1c","D150956","__export__.res_users_30_f31202ea","2026-06-08 23:05:17","__export__.res_partner_1900_f609d842","","Fully Invoiced","2026-06-09 22:02:43","True","__export__.crm_team_276_22e06523","__export__.res_users_22_942f71e3","Locked","158.0"
"__export__.sale_order_150969_a21653ae","D150955","__export__.res_users_30_f31202ea","2026-06-08 23:01:12","__export__.res_partner_1170_d47a6860","","Fully Invoiced","2026-06-09 21:58:12","True","__export__.crm_team_229_a2ef141e","__export__.res_users_22_942f71e3","Locked","158.37"
"__export__.sale_order_150833_06b3190e","D150819","__export__.res_users_18_297f6f55","2026-06-07 23:47:16","__export__.res_partner_720_95666fe8","","Fully Invoiced","2026-06-09 21:46:57","True","__export__.crm_team_231_ec27440e","__export__.res_users_27_ccf3d93e","Locked","125.59"
"__export__.sale_order_150789_c81df63c","D150775","__export__.res_users_30_f31202ea","2026-06-07 21:24:07","__export__.res_partner_777_34183bd5","","Fully Invoiced","2026-06-09 21:21:44","True","__export__.crm_team_303_6d918a38","__export__.res_users_27_ccf3d93e","Locked","144.1"
"__export__.sale_order_150956_553769b2","D150942","__export__.res_users_10_962e2fe2","2026-06-08 17:03:50","__export__.res_partner_1610_31b1ef64","","Fully Invoiced","2026-06-09 16:57:18","True","__export__.crm_team_297_46343bff","__export__.res_users_7_ace94875","Locked","1012.63"
"__export__.sale_order_150955_082d52dd","D150941","__export__.res_users_10_962e2fe2","2026-06-08 16:56:44","__export__.res_partner_1985_347e98dc","","Fully Invoiced","2026-06-09 16:51:38","True","__export__.crm_team_305_c2537a3b","__export__.res_users_10_962e2fe2","Locked","267.2"
"__export__.sale_order_150755_28974c17","D150741","__export__.res_users_30_f31202ea","2026-06-07 17:00:17","__export__.res_partner_2026_b3659e1c","","Fully Invoiced","2026-06-09 16:50:52","True","__export__.crm_team_229_a2ef141e","__export__.res_users_7_ace94875","Locked","441.4"
"__export__.sale_order_150954_a0559a3c","D150940","__export__.res_users_10_962e2fe2","2026-06-08 16:48:48","__export__.res_partner_1682_41fa0c78","","Fully Invoiced","2026-06-09 16:48:28","True","__export__.crm_team_303_6d918a38","__export__.res_users_10_962e2fe2","Locked","122.01"
"__export__.sale_order_150952_36c3b9b1","D150938","__export__.res_users_7_ace94875","2026-06-08 16:20:22","__export__.res_partner_2190_84d97c3f","","Fully Invoiced","2026-06-09 16:19:31","True","__export__.crm_team_303_6d918a38","__export__.res_users_22_942f71e3","Locked","205.2"
"__export__.sale_order_150951_f0eeddf0","D150937","__export__.res_users_7_ace94875","2026-06-08 16:19:16","__export__.res_partner_2528_3c630577","","Fully Invoiced","2026-06-09 16:18:16","True","__export__.crm_team_275_339b1b1f","__export__.res_users_7_ace94875","Locked","131.8"
"__export__.sale_order_150950_fd36353d","D150936","__export__.res_users_7_ace94875","2026-06-08 16:17:25","__export__.res_partner_1258_90945fa0","","Fully Invoiced","2026-06-09 16:16:43","True","__export__.crm_team_229_a2ef141e","__export__.res_users_14_42108d61","Locked","120.23"
"__export__.sale_order_151056_766af32c","D151042","__export__.res_users_22_942f71e3","2026-06-09 16:01:48","__export__.res_partner_752_b29ee5f8","","Fully Invoiced","2026-06-09 16:00:56","True","__export__.crm_team_69_17e53434","__export__.res_users_22_942f71e3","Locked","17.5"
"__export__.sale_order_150949_cb938802","D150935","__export__.res_users_10_962e2fe2","2026-06-08 15:50:51","__export__.res_partner_807_cd663b5b","","Fully Invoiced","2026-06-09 15:43:41","True","__export__.crm_team_305_c2537a3b","__export__.res_users_10_962e2fe2","Locked","272.3"
"__export__.sale_order_150947_9fdcf7f8","D150933","__export__.res_users_7_ace94875","2026-06-08 15:43:54","__export__.res_partner_2523_69da4468","","Fully Invoiced","2026-06-09 15:43:17","True","__export__.crm_team_276_22e06523","__export__.res_users_7_ace94875","Locked","90.6"
"__export__.sale_order_150948_c31fbddb","D150934","__export__.res_users_10_962e2fe2","2026-06-08 15:50:47","__export__.res_partner_1285_cf2b8103","","Fully Invoiced","2026-06-09 15:43:05","True","__export__.crm_team_305_c2537a3b","__export__.res_users_10_962e2fe2","Locked","437.83"
"__export__.sale_order_150946_f333c59b","D150932","__export__.res_users_10_962e2fe2","2026-06-08 15:38:10","__export__.res_partner_956_89e96401","","Fully Invoiced","2026-06-09 15:35:47","True","__export__.crm_team_51_075d42c1","__export__.res_users_10_962e2fe2","Locked","101.0"
"__export__.sale_order_150944_b40fc6d3","D150930","__export__.res_users_10_962e2fe2","2026-06-08 15:38:06","__export__.res_partner_1899_c541e1ae","","Fully Invoiced","2026-06-09 15:28:55","True","__export__.crm_team_51_075d42c1","__export__.res_users_10_962e2fe2","Locked","96.9"
"__export__.sale_order_150945_1e5a2ceb","D150931","__export__.res_users_10_962e2fe2","2026-06-08 15:38:08","__export__.res_partner_956_89e96401","","Fully Invoiced","2026-06-09 15:28:36","True","__export__.crm_team_51_075d42c1","__export__.res_users_10_962e2fe2","Locked","91.5"
"__export__.sale_order_151055_9e117611","D151041","__export__.res_users_10_962e2fe2","2026-06-09 14:38:07","__export__.res_partner_2001_f7fddbf4","","Fully Invoiced","2026-06-09 14:36:19","True","__export__.crm_team_69_17e53434","__export__.res_users_10_962e2fe2","Locked","25.0"
"__export__.sale_order_150933_000a62b8","D150919","__export__.res_users_7_ace94875","2026-06-08 12:27:34","__export__.res_partner_2410_2ed9a75d","","Fully Invoiced","2026-06-09 12:21:18","True","__export__.crm_team_227_ffd73472","__export__.res_users_28_e1e8c9ed","Locked","183.48"
"__export__.sale_order_150930_3827b497","D150916","__export__.res_users_14_42108d61","2026-06-08 12:18:44","__export__.res_partner_2554_2a140201","","Fully Invoiced","2026-06-09 12:17:57","True","__export__.crm_team_275_339b1b1f","__export__.res_users_14_42108d61","Locked","112.85"
"__export__.sale_order_150938_f86897c8","D150924","__export__.res_users_14_42108d61","2026-06-08 13:34:33","__export__.res_partner_2419_e2111cb0","","Fully Invoiced","2026-06-09 12:15:56","True","__export__.crm_team_61_8dc82ae3","__export__.res_users_14_42108d61","Locked","96.79"
"__export__.sale_order_150926_28cb5913","D150912","__export__.res_users_10_962e2fe2","2026-06-08 11:48:26","__export__.res_partner_2519_9b3545b1","","Fully Invoiced","2026-06-09 11:46:34","True","__export__.crm_team_231_ec27440e","__export__.res_users_10_962e2fe2","Locked","306.02"
"__export__.sale_order_151049_0f5c774c","D151035","__export__.res_users_22_942f71e3","2026-06-09 11:46:23","__export__.res_partner_911_2142e30f","","Fully Invoiced","2026-06-09 11:45:46","True","__export__.crm_team_230_30056844","__export__.res_users_14_42108d61","Locked","13.95"
"__export__.sale_order_150927_37c1e45a","D150913","__export__.res_users_7_ace94875","2026-06-08 11:48:39","__export__.res_partner_2512_8ed6bf07","","Fully Invoiced","2026-06-09 11:43:35","True","__export__.crm_team_297_46343bff","__export__.res_users_7_ace94875","Locked","874.75"
"__export__.sale_order_151048_150940e4","D151034","__export__.res_users_30_f31202ea","2026-06-09 11:17:58","__export__.res_partner_2468_e2144f10","","Fully Invoiced","2026-06-09 11:16:40","True","__export__.crm_team_69_17e53434","__export__.res_users_10_962e2fe2","Locked","48.0"
"__export__.sale_order_151047_64abf48a","D151033","__export__.res_users_30_f31202ea","2026-06-09 11:15:10","__export__.res_partner_752_b29ee5f8","","Fully Invoiced","2026-06-09 11:13:53","True","__export__.crm_team_69_17e53434","__export__.res_users_30_f31202ea","Locked","30.0"
"__export__.sale_order_151046_d422ee8d","D151032","__export__.res_users_30_f31202ea","2026-06-09 11:09:36","__export__.res_partner_2468_e2144f10","","Fully Invoiced","2026-06-09 11:08:33","True","__export__.crm_team_69_17e53434","__export__.res_users_10_962e2fe2","Locked","58.5"
"__export__.sale_order_151044_b2277ceb","D151030","__export__.res_users_22_942f71e3","2026-06-09 11:06:24","__export__.res_partner_2219_5346f762","","Fully Invoiced","2026-06-09 11:05:53","True","__export__.crm_team_304_3a77ed67","__export__.res_users_10_962e2fe2","Locked","5.85"
"__export__.sale_order_150676_6c44793d","D150662","__export__.res_users_10_962e2fe2","2026-06-05 11:00:10","__export__.res_partner_2023_d499846c","运输","Fully Invoiced","2026-06-09 10:56:52","True","__export__.crm_team_69_17e53434","__export__.res_users_10_962e2fe2","Locked","2155.58"
"__export__.sale_order_151043_57cbb4f0","D151029","__export__.res_users_14_42108d61","2026-06-09 10:58:24","__export__.res_partner_911_2142e30f","","Fully Invoiced","2026-06-09 10:56:41","True","__export__.crm_team_230_30056844","__export__.res_users_14_42108d61","Locked","212.0"
"__export__.sale_order_150981_947bb7f3","D150967","__export__.res_users_8_fb87432d","2026-06-09 00:31:52","__export__.res_partner_1888_2ef992ac","","Fully Invoiced","2026-06-09 10:29:11","True","__export__.crm_team_276_22e06523","__export__.res_users_18_297f6f55","Locked","314.56"
"__export__.sale_order_151041_695fa761","D151027","__export__.res_users_10_962e2fe2","2026-06-09 10:27:34","__export__.res_partner_818_8185df11","","Fully Invoiced","2026-06-09 10:27:13","True","__export__.crm_team_302_0f8f613a","__export__.res_users_10_962e2fe2","Locked","315.0"
"__export__.sale_order_150914_452ae4a4","D150900","__export__.res_users_7_ace94875","2026-06-08 10:20:14","__export__.res_partner_1178_4660d857","已给","Fully Invoiced","2026-06-09 10:19:46","True","__export__.crm_team_302_0f8f613a","__export__.res_users_7_ace94875","Locked","1081.88"
"__export__.sale_order_151040_27f7e4cf","D151026","__export__.res_users_22_942f71e3","2026-06-09 10:12:44","__export__.res_partner_2219_5346f762","","Fully Invoiced","2026-06-09 10:11:25","True","__export__.crm_team_304_3a77ed67","__export__.res_users_10_962e2fe2","Locked","174.4"
"__export__.sale_order_151039_17e772a9","D151025","__export__.res_users_10_962e2fe2","2026-06-09 10:10:44","__export__.res_partner_2546_a569ec9c","","Fully Invoiced","2026-06-09 10:10:44","True","__export__.crm_team_69_17e53434","__export__.res_users_10_962e2fe2","Locked","146.37"
"__export__.sale_order_151038_3151dae4","D151024","__export__.res_users_22_942f71e3","2026-06-09 10:06:06","__export__.res_partner_1577_224dd31f","","Fully Invoiced","2026-06-09 10:04:54","True","__export__.crm_team_69_17e53434","__export__.res_users_22_942f71e3","Locked","35.0"
"__export__.sale_order_151037_712d6e26","D151023","__export__.res_users_10_962e2fe2","2026-06-09 09:59:31","__export__.res_partner_690_68357ab0","","Fully Invoiced","2026-06-09 09:59:17","True","__export__.crm_team_69_17e53434","__export__.res_users_10_962e2fe2","Locked","122.0"
"__export__.sale_order_151036_5a0dda14","D151022","__export__.res_users_10_962e2fe2","2026-06-09 09:51:29","__export__.res_partner_1073_2afb2f6f","放韩阳","Fully Invoiced","2026-06-09 09:50:57","True","__export__.crm_team_228_ec7099f7","__export__.res_users_10_962e2fe2","Locked","33.5"
"__export__.sale_order_151035_73070b35","D151021","__export__.res_users_10_962e2fe2","2026-06-09 09:37:30","__export__.res_partner_874_2fe3c6b7","","Fully Invoiced","2026-06-09 09:35:36","True","__export__.crm_team_302_0f8f613a","__export__.res_users_10_962e2fe2","Locked","111.0"
"__export__.sale_order_151033_63d62446","D151019","__export__.res_users_7_ace94875","2026-06-09 09:26:07","__export__.res_partner_2563_bf1a8785","","Fully Invoiced","2026-06-09 09:24:37","True","__export__.crm_team_277_1848bdf1","__export__.res_users_14_42108d61","Locked","53.45"
"__export__.sale_order_151034_113c93f6","D151020","__export__.res_users_10_962e2fe2","2026-06-09 09:27:57","__export__.res_partner_2052_563650ad","","Fully Invoiced","2026-06-09 09:24:06","True","__export__.crm_team_69_17e53434","__export__.res_users_10_962e2fe2","Locked","197.5"
"__export__.sale_order_150894_43e86e2a","D150880","__export__.res_users_10_962e2fe2","2026-06-08 08:59:07","__export__.res_partner_1939_c0d4f27e","","Fully Invoiced","2026-06-09 08:58:14","True","__export__.crm_team_98_821e316c","__export__.res_users_10_962e2fe2","Locked","252.24"
"__export__.sale_order_151031_742cbd57","D151017","__export__.res_users_7_ace94875","2026-06-09 08:49:06","__export__.res_partner_1881_931f180a","","Fully Invoiced","2026-06-09 08:48:12","True","__export__.crm_team_69_17e53434","__export__.res_users_8_fb87432d","Locked","299.0"
"__export__.sale_order_150885_348b1b8d","D150871","__export__.res_users_22_942f71e3","2026-06-08 08:42:29","__export__.res_partner_1858_03931cf0","","Fully Invoiced","2026-06-09 08:41:29","True","__export__.crm_team_51_075d42c1","__export__.res_users_22_942f71e3","Locked","238.85"
"__export__.sale_order_151030_d31febf8","D151016","__export__.res_users_22_942f71e3","2026-06-09 08:39:01","__export__.res_partner_1577_224dd31f","仓库出货","Fully Invoiced","2026-06-09 08:38:08","True","__export__.crm_team_69_17e53434","__export__.res_users_22_942f71e3","Locked","99.4"
"__export__.sale_order_150983_815bb399","D150969","__export__.res_users_18_297f6f55","2026-06-09 00:43:22","__export__.res_partner_2062_392da815","","Fully Invoiced","2026-06-09 08:37:54","True","__export__.crm_team_278_1a2d18d7","__export__.res_users_8_fb87432d","Locked","979.66"
"__export__.sale_order_150882_ea3cac2e","D150868","__export__.res_users_30_f31202ea","2026-06-08 08:39:15","__export__.res_partner_1018_7a4e2980","","Fully Invoiced","2026-06-09 08:37:25","True","__export__.crm_team_229_a2ef141e","__export__.res_users_7_ace94875","Locked","160.7"
"__export__.sale_order_151029_3379aad7","D151015","__export__.res_users_22_942f71e3","2026-06-09 08:30:45","__export__.res_partner_1320_2e40e707","","Fully Invoiced","2026-06-09 08:30:36","True","__export__.crm_team_162_05a89d8e","__export__.res_users_22_942f71e3","Locked","89.0"
"__export__.sale_order_151027_95d90627","D151013","__export__.res_users_10_962e2fe2","2026-06-09 08:21:05","__export__.res_partner_2001_f7fddbf4","","Fully Invoiced","2026-06-09 08:20:17","True","__export__.crm_team_297_46343bff","__export__.res_users_10_962e2fe2","Locked","182.45"
"__export__.sale_order_150978_b54a58eb","D150964","__export__.res_users_22_942f71e3","2026-06-08 23:17:28","__export__.res_partner_1003_ca286395","","Fully Invoiced","2026-06-09 08:17:10","True","__export__.crm_team_301_cac40131","__export__.res_users_10_962e2fe2","Locked","70.85"
"__export__.sale_order_151025_fe619880","D151011","__export__.res_users_7_ace94875","2026-06-09 08:19:19","__export__.res_partner_2563_bf1a8785","","Fully Invoiced","2026-06-09 08:14:22","True","__export__.crm_team_277_1848bdf1","__export__.res_users_14_42108d61","Locked","1335.4"
"__export__.sale_order_151024_2a30e507","D151010","__export__.res_users_7_ace94875","2026-06-09 08:14:12","__export__.res_partner_2389_15da0f1a","","Fully Invoiced","2026-06-09 08:13:08","True","__export__.crm_team_51_075d42c1","__export__.res_users_10_962e2fe2","Locked","67.5"
"__export__.sale_order_150977_28d07e15","D150963","__export__.res_users_22_942f71e3","2026-06-08 23:16:58","__export__.res_partner_1953_c997dcd9","","Fully Invoiced","2026-06-09 08:13:08","True","__export__.crm_team_298_0b4d52ae","__export__.res_users_14_42108d61","Locked","151.6"
"__export__.sale_order_151026_5803d9e6","D151012","__export__.res_users_10_962e2fe2","2026-06-09 08:19:41","__export__.res_partner_818_8185df11","","Fully Invoiced","2026-06-09 08:12:01","True","__export__.crm_team_302_0f8f613a","__export__.res_users_10_962e2fe2","Locked","406.15"
"__export__.sale_order_150976_e1cd72ff","D150962","__export__.res_users_22_942f71e3","2026-06-08 23:12:26","__export__.res_partner_1078_df762d67","","Fully Invoiced","2026-06-09 08:09:35","True","__export__.crm_team_227_ffd73472","__export__.res_users_14_42108d61","Locked","265.25"
"__export__.sale_order_151023_b5bd3946","D151009","__export__.res_users_10_962e2fe2","2026-06-09 08:10:18","__export__.res_partner_2568_c732ed29","送Yang Guofu Hot Spicy Dip","Fully Invoiced","2026-06-09 08:08:52","True","__export__.crm_team_61_8dc82ae3","__export__.res_users_10_962e2fe2","Locked","32.5"
"__export__.sale_order_150971_216a531b","D150957","__export__.res_users_22_942f71e3","2026-06-08 23:07:25","__export__.res_partner_1781_a043f483","","Fully Invoiced","2026-06-09 08:06:39","True","__export__.crm_team_61_8dc82ae3","__export__.res_users_10_962e2fe2","Locked","312.06"
"__export__.sale_order_151022_e04668cf","D151008","__export__.res_users_7_ace94875","2026-06-09 08:08:59","__export__.res_partner_2007_3eaeff71","","Fully Invoiced","2026-06-09 08:05:35","True","__export__.crm_team_297_46343bff","__export__.res_users_14_42108d61","Locked","963.62"
"__export__.sale_order_151019_5fdc73b8","D151005","__export__.res_users_22_942f71e3","2026-06-09 07:59:12","__export__.res_partner_800_a1949b1d","","Fully Invoiced","2026-06-09 07:56:49","True","__export__.crm_team_98_821e316c","__export__.res_users_22_942f71e3","Locked","263.7"
"__export__.sale_order_151020_f442f85c","D151006","__export__.res_users_10_962e2fe2","2026-06-09 08:01:13","__export__.res_partner_1572_87bf5297","","Fully Invoiced","2026-06-09 07:54:10","True","__export__.crm_team_231_ec27440e","__export__.res_users_10_962e2fe2","Locked","271.35"
"__export__.sale_order_151018_2402f401","D151004","__export__.res_users_7_ace94875","2026-06-09 07:54:21","__export__.res_partner_2057_b196e088","","Fully Invoiced","2026-06-09 07:54:03","True","__export__.crm_team_61_8dc82ae3","__export__.res_users_7_ace94875","Locked","33.0"
"__export__.sale_order_151016_3f6b634f","D151002","__export__.res_users_7_ace94875","2026-06-09 07:53:58","__export__.res_partner_1626_60b65b7e","","Fully Invoiced","2026-06-09 07:53:00","True","__export__.crm_team_227_ffd73472","__export__.res_users_7_ace94875","Locked","27.55"
"__export__.sale_order_151017_903c03a1","D151003","__export__.res_users_10_962e2fe2","2026-06-09 07:54:08","__export__.res_partner_707_b92d9a31","","Fully Invoiced","2026-06-09 07:52:52","True","__export__.crm_team_229_a2ef141e","__export__.res_users_10_962e2fe2","Locked","109.51"
"__export__.sale_order_151015_ab1fc1c5","D151001","__export__.res_users_22_942f71e3","2026-06-09 07:53:58","__export__.res_partner_1816_25501dc0","","Fully Invoiced","2026-06-09 07:52:40","True","__export__.crm_team_303_6d918a38","__export__.res_users_14_42108d61","Locked","178.3"
"__export__.sale_order_151014_22f2ee93","D151000","__export__.res_users_10_962e2fe2","2026-06-09 07:52:45","__export__.res_partner_1128_64cbbe68","","Fully Invoiced","2026-06-09 07:52:33","True","__export__.crm_team_227_ffd73472","__export__.res_users_10_962e2fe2","Locked","23.0"
"__export__.sale_order_151013_763f1143","D150999","__export__.res_users_7_ace94875","2026-06-09 07:52:43","__export__.res_partner_1616_533a6f33","","Fully Invoiced","2026-06-09 07:52:14","True","__export__.crm_team_227_ffd73472","__export__.res_users_7_ace94875","Locked","60.0"
"__export__.sale_order_151012_03b54f96","D150998","__export__.res_users_14_42108d61","2026-06-09 05:40:16","__export__.res_partner_1664_ec566841","","Fully Invoiced","2026-06-09 05:38:36","True","__export__.crm_team_303_6d918a38","__export__.res_users_27_ccf3d93e","Locked","320.4"
"__export__.sale_order_151011_a47ace3f","D150997","__export__.res_users_14_42108d61","2026-06-09 05:37:40","__export__.res_partner_702_52a425d1","","Fully Invoiced","2026-06-09 05:35:47","True","__export__.crm_team_275_339b1b1f","__export__.res_users_8_fb87432d","Locked","558.03"
"__export__.sale_order_151009_aeb7d565","D150995","__export__.res_users_14_42108d61","2026-06-09 05:16:21","__export__.res_partner_2290_5cd4b535","","Fully Invoiced","2026-06-09 05:10:25","True","__export__.crm_team_279_8648531b","__export__.res_users_14_42108d61","Locked","371.65"
"__export__.sale_order_151008_097efd99","D150994","__export__.res_users_14_42108d61","2026-06-09 05:04:16","__export__.res_partner_2352_a590ab32","","Fully Invoiced","2026-06-09 04:59:25","True","__export__.crm_team_279_8648531b","__export__.res_users_14_42108d61","Locked","381.59"
"__export__.sale_order_151006_2026c576","D150992","__export__.res_users_14_42108d61","2026-06-09 04:48:35","__export__.res_partner_1612_dc52c27d","","Fully Invoiced","2026-06-09 04:44:26","True","__export__.crm_team_304_3a77ed67","__export__.res_users_7_ace94875","Locked","707.66"
"__export__.sale_order_150984_06bea312","D150970","__export__.res_users_18_297f6f55","2026-06-09 00:45:36","__export__.res_partner_1558_b4bd7d3c","","Fully Invoiced","2026-06-09 04:43:59","True","__export__.crm_team_278_1a2d18d7","__export__.res_users_8_fb87432d","Locked","185.84"
"__export__.sale_order_151005_95ca1c56","D150991","__export__.res_users_14_42108d61","2026-06-09 04:43:51","__export__.res_partner_1822_47f33935","","Fully Invoiced","2026-06-09 04:39:49","True","__export__.crm_team_51_075d42c1","__export__.res_users_14_42108d61","Locked","215.45"
"__export__.sale_order_151004_82f9793f","D150990","__export__.res_users_14_42108d61","2026-06-09 04:39:01","__export__.res_partner_920_5db42f04","","Fully Invoiced","2026-06-09 04:37:54","True","__export__.crm_team_51_075d42c1","__export__.res_users_14_42108d61","Locked","120.75"
"__export__.sale_order_151003_d72534f5","D150989","__export__.res_users_14_42108d61","2026-06-09 04:37:32","__export__.res_partner_2525_9137babf","","Fully Invoiced","2026-06-09 04:36:43","True","__export__.crm_team_298_0b4d52ae","__export__.res_users_14_42108d61","Locked","243.45"
"__export__.sale_order_151002_1645ca68","D150988","__export__.res_users_14_42108d61","2026-06-09 04:27:38","__export__.res_partner_1204_0e526973","","Fully Invoiced","2026-06-09 04:21:34","True","__export__.crm_team_230_30056844","__export__.res_users_14_42108d61","Locked","663.37"
"__export__.sale_order_151001_d0d8f7c9","D150987","__export__.res_users_14_42108d61","2026-06-09 04:20:57","__export__.res_partner_1994_4bb952c0","","Fully Invoiced","2026-06-09 04:19:40","True","__export__.crm_team_61_8dc82ae3","__export__.res_users_14_42108d61","Locked","135.5"
"__export__.sale_order_151000_77a5fe96","D150986","__export__.res_users_14_42108d61","2026-06-09 04:17:19","__export__.res_partner_2348_759e8a9a","","Fully Invoiced","2026-06-09 04:15:28","True","__export__.crm_team_275_339b1b1f","__export__.res_users_14_42108d61","Locked","184.05"
"__export__.sale_order_150998_48b2d7bf","D150984","__export__.res_users_14_42108d61","2026-06-09 04:15:21","__export__.res_partner_2522_4ddc00ff","","Fully Invoiced","2026-06-09 04:12:04","True","__export__.crm_team_275_339b1b1f","__export__.res_users_10_962e2fe2","Locked","264.0"
"__export__.sale_order_150997_86b39812","D150983","__export__.res_users_14_42108d61","2026-06-09 04:11:23","__export__.res_partner_907_99000eb5","","Fully Invoiced","2026-06-09 04:10:30","True","__export__.crm_team_301_cac40131","__export__.res_users_14_42108d61","Locked","135.0"
"__export__.sale_order_150996_4d6704a4","D150982","__export__.res_users_14_42108d61","2026-06-09 04:10:22","__export__.res_partner_902_081ecc25","","Fully Invoiced","2026-06-09 04:08:05","True","__export__.crm_team_302_0f8f613a","__export__.res_users_14_42108d61","Locked","397.38"
"__export__.sale_order_150995_2ad18bde","D150981","__export__.res_users_14_42108d61","2026-06-09 04:08:03","__export__.res_partner_1845_ce74c057","","Fully Invoiced","2026-06-09 04:07:09","True","__export__.crm_team_301_cac40131","__export__.res_users_14_42108d61","Locked","72.0"
"__export__.sale_order_150992_ca3a19d6","D150978","__export__.res_users_14_42108d61","2026-06-09 04:06:24","__export__.res_partner_1832_bd27ef4d","","Fully Invoiced","2026-06-09 04:04:38","True","__export__.crm_team_296_40815358","__export__.res_users_14_42108d61","Locked","110.95"
"__export__.sale_order_150993_298a3f6a","D150979","__export__.res_users_14_42108d61","2026-06-09 04:06:35","__export__.res_partner_1832_bd27ef4d","","Fully Invoiced","2026-06-09 04:02:27","True","__export__.crm_team_296_40815358","__export__.res_users_14_42108d61","Locked","173.4"
"__export__.sale_order_150991_f850aee0","D150977","__export__.res_users_14_42108d61","2026-06-09 02:00:46","__export__.res_partner_1587_3c619347","","Fully Invoiced","2026-06-09 01:58:56","True","__export__.crm_team_228_ec7099f7","__export__.res_users_14_42108d61","Locked","346.5"
"__export__.sale_order_150829_bbf8c12e","D150815","__export__.res_users_7_ace94875","2026-06-07 22:38:58","__export__.res_partner_1647_f302a0a9","","Fully Invoiced","2026-06-08 22:38:14","True","__export__.crm_team_231_ec27440e","__export__.res_users_7_ace94875","Locked","187.8"
"__export__.sale_order_150850_3968d3ff","D150836","__export__.res_users_14_42108d61","2026-06-08 07:39:48","__export__.res_partner_2478_0a6bc6a3","","Fully Invoiced","2026-06-08 22:38:02","True","__export__.crm_team_79_8cb35e83","__export__.res_users_14_42108d61","Locked","427.55"
"__export__.sale_order_150827_076a0d0a","D150813","__export__.res_users_22_942f71e3","2026-06-07 22:36:56","__export__.res_partner_749_a964f4ef","","Fully Invoiced","2026-06-08 22:36:42","True","__export__.crm_team_298_0b4d52ae","__export__.res_users_7_ace94875","Locked","26.5"
"__export__.sale_order_150826_89776224","D150812","__export__.res_users_22_942f71e3","2026-06-07 22:36:41","__export__.res_partner_1020_60fc6f31","","Fully Invoiced","2026-06-08 22:36:20","True","__export__.crm_team_298_0b4d52ae","__export__.res_users_7_ace94875","Locked","121.4"
"__export__.sale_order_150828_b14eeea5","D150814","__export__.res_users_7_ace94875","2026-06-07 22:37:13","__export__.res_partner_2536_e53ff52d","","Fully Invoiced","2026-06-08 22:35:08","True","__export__.crm_team_302_0f8f613a","__export__.res_users_14_42108d61","Locked","209.7"
"__export__.sale_order_150825_cf5b9f0c","D150811","__export__.res_users_7_ace94875","2026-06-07 22:33:15","__export__.res_partner_918_2f7fb42e","","Fully Invoiced","2026-06-08 22:32:01","True","__export__.crm_team_110_3f98a3be","__export__.res_users_27_ccf3d93e","Locked","774.45"
"__export__.sale_order_150824_5985e502","D150810","__export__.res_users_7_ace94875","2026-06-07 22:31:37","__export__.res_partner_1994_4bb952c0","","Fully Invoiced","2026-06-08 22:29:31","True","__export__.crm_team_79_8cb35e83","__export__.res_users_14_42108d61","Locked","304.4"
"__export__.sale_order_150823_c489d90a","D150809","__export__.res_users_22_942f71e3","2026-06-07 22:31:08","__export__.res_partner_1003_ca286395","","Fully Invoiced","2026-06-08 22:29:02","True","__export__.crm_team_39_ffc4074f","__export__.res_users_10_962e2fe2","Locked","101.5"
"__export__.sale_order_150822_c3e66277","D150808","__export__.res_users_7_ace94875","2026-06-07 22:28:17","__export__.res_partner_2250_b574857b","","Fully Invoiced","2026-06-08 22:26:22","True","__export__.crm_team_172_e403f408","__export__.res_users_7_ace94875","Locked","483.67"
"__export__.sale_order_150821_e2dfd4dd","D150807","__export__.res_users_22_942f71e3","2026-06-07 22:28:06","__export__.res_partner_1781_a043f483","","Fully Invoiced","2026-06-08 22:25:17","True","__export__.crm_team_79_8cb35e83","__export__.res_users_10_962e2fe2","Locked","208.5"
"__export__.sale_order_150819_438e221c","D150805","__export__.res_users_22_942f71e3","2026-06-07 22:25:12","__export__.res_partner_703_689677ed","","Fully Invoiced","2026-06-08 22:25:00","True","__export__.crm_team_295_a4e9ead7","__export__.res_users_22_942f71e3","Locked","888.6"
"__export__.sale_order_150820_9e171c27","D150806","__export__.res_users_7_ace94875","2026-06-07 22:26:05","__export__.res_partner_2239_187fc3fe","","Fully Invoiced","2026-06-08 22:24:03","True","__export__.crm_team_232_fa62cff8","__export__.res_users_7_ace94875","Locked","466.7"
"__export__.sale_order_150817_5479fc7b","D150803","__export__.res_users_7_ace94875","2026-06-07 22:23:45","__export__.res_partner_2458_a35b8347","","Fully Invoiced","2026-06-08 22:23:19","True","__export__.crm_team_134_5d6888e6","__export__.res_users_28_e1e8c9ed","Locked","97.6"
"__export__.sale_order_150818_7137a336","D150804","__export__.res_users_22_942f71e3","2026-06-07 22:23:53","__export__.res_partner_786_4ca3c046","","Fully Invoiced","2026-06-08 22:21:32","True","__export__.crm_team_96_8d48bd6a","__export__.res_users_7_ace94875","Locked","417.25"
"__export__.sale_order_150815_21b594bb","D150801","__export__.res_users_22_942f71e3","2026-06-07 22:17:10","__export__.res_partner_2281_fa118497","","Fully Invoiced","2026-06-08 22:16:14","True","__export__.crm_team_51_075d42c1","__export__.res_users_22_942f71e3","Locked","107.67"
"__export__.sale_order_150816_504c0388","D150802","__export__.res_users_7_ace94875","2026-06-07 22:20:27","__export__.res_partner_1079_f42ddf2f","","Fully Invoiced","2026-06-08 22:15:31","True","__export__.crm_team_112_5a7d7484","__export__.res_users_14_42108d61","Locked","773.8"
"__export__.sale_order_150814_7750cee6","D150800","__export__.res_users_22_942f71e3","2026-06-07 22:13:15","__export__.res_partner_2500_54e25243","","Fully Invoiced","2026-06-08 22:11:34","True","__export__.crm_team_39_ffc4074f","__export__.res_users_10_962e2fe2","Locked","162.5"
"__export__.sale_order_150813_7eef7189","D150799","__export__.res_users_22_942f71e3","2026-06-07 22:11:25","__export__.res_partner_1235_cf6f105f","","Fully Invoiced","2026-06-08 22:10:09","True","__export__.crm_team_110_3f98a3be","__export__.res_users_27_ccf3d93e","Locked","111.85"
"__export__.sale_order_150811_94d4a184","D150797","__export__.res_users_22_942f71e3","2026-06-07 22:08:13","__export__.res_partner_866_7023b017","","Fully Invoiced","2026-06-08 22:07:17","True","__export__.crm_team_228_ec7099f7","__export__.res_users_8_fb87432d","Locked","498.55"
"__export__.sale_order_150812_4049790c","D150798","__export__.res_users_7_ace94875","2026-06-07 22:09:55","__export__.res_partner_1313_4ce22376","","Fully Invoiced","2026-06-08 22:06:06","True","__export__.crm_team_61_8dc82ae3","__export__.res_users_7_ace94875","Locked","1573.49"
"__export__.sale_order_150810_cb852637","D150796","__export__.res_users_22_942f71e3","2026-06-07 22:06:13","__export__.res_partner_1577_224dd31f","","Fully Invoiced","2026-06-08 22:03:12","True","__export__.crm_team_227_ffd73472","__export__.res_users_22_942f71e3","Locked","77.7"
"__export__.sale_order_150809_335b0db0","D150795","__export__.res_users_30_f31202ea","2026-06-07 22:04:09","__export__.res_partner_2039_dfeba2bb","","Fully Invoiced","2026-06-08 22:01:30","True","__export__.crm_team_51_075d42c1","__export__.res_users_22_942f71e3","Locked","80.35"
"__export__.sale_order_150808_f29aae27","D150794","__export__.res_users_7_ace94875","2026-06-07 22:04:05","__export__.res_partner_2238_509cf283","","Fully Invoiced","2026-06-08 21:59:42","True","__export__.crm_team_162_05a89d8e","__export__.res_users_7_ace94875","Locked","978.74"
"__export__.sale_order_150807_53e03ba4","D150793","__export__.res_users_30_f31202ea","2026-06-07 22:01:23","__export__.res_partner_1927_754098d4","","Fully Invoiced","2026-06-08 21:59:32","True","__export__.crm_team_51_075d42c1","__export__.res_users_22_942f71e3","Locked","112.35"
"__export__.sale_order_150840_ee120f77","D150826","__export__.res_users_18_297f6f55","2026-06-08 00:02:19","__export__.res_partner_1109_907527cb","","Fully Invoiced","2026-06-08 21:59:00","True","__export__.crm_team_51_075d42c1","__export__.res_users_18_297f6f55","Locked","524.85"
"__export__.sale_order_150839_1b1cbaa2","D150825","__export__.res_users_18_297f6f55","2026-06-07 23:58:44","__export__.res_partner_1773_05afc1fd","","Fully Invoiced","2026-06-08 21:58:22","True","__export__.crm_team_276_22e06523","__export__.res_users_22_942f71e3","Locked","121.05"
"__export__.sale_order_150805_f33f1cf1","D150791","__export__.res_users_7_ace94875","2026-06-07 21:57:52","__export__.res_partner_1162_84b0db9d","","Fully Invoiced","2026-06-08 21:56:38","True","__export__.crm_team_302_0f8f613a","__export__.res_users_7_ace94875","Locked","226.05"
"__export__.sale_order_150804_449b31c1","D150790","__export__.res_users_7_ace94875","2026-06-07 21:56:26","__export__.res_partner_2462_884eb14e","","Fully Invoiced","2026-06-08 21:56:05","True","__export__.crm_team_227_ffd73472","__export__.res_users_28_e1e8c9ed","Locked","87.5"
"__export__.sale_order_150803_02431706","D150789","__export__.res_users_7_ace94875","2026-06-07 21:55:45","__export__.res_partner_2057_b196e088","","Fully Invoiced","2026-06-08 21:55:01","True","__export__.crm_team_79_8cb35e83","__export__.res_users_7_ace94875","Locked","84.96"
"__export__.sale_order_150802_978875f6","D150788","__export__.res_users_7_ace94875","2026-06-07 21:54:57","__export__.res_partner_1626_60b65b7e","","Fully Invoiced","2026-06-08 21:54:11","True","__export__.crm_team_227_ffd73472","__export__.res_users_7_ace94875","Locked","140.0"
"__export__.sale_order_150806_0b8ab336","D150792","__export__.res_users_30_f31202ea","2026-06-07 21:58:36","__export__.res_partner_1281_f77cf15c","","Fully Invoiced","2026-06-08 21:53:05","True","__export__.crm_team_163_c20aff5a","__export__.res_users_28_e1e8c9ed","Locked","236.0"
"__export__.sale_order_150801_4eccedff","D150787","__export__.res_users_7_ace94875","2026-06-07 21:53:54","__export__.res_partner_1959_7be6f073","","Fully Invoiced","2026-06-08 21:51:52","True","__export__.crm_team_275_339b1b1f","__export__.res_users_7_ace94875","Locked","467.54"
"__export__.sale_order_150800_d53fad66","D150786","__export__.res_users_30_f31202ea","2026-06-07 21:52:39","__export__.res_partner_768_72edcbdb","","Fully Invoiced","2026-06-08 21:50:51","True","__export__.crm_team_39_ffc4074f","__export__.res_users_30_f31202ea","Locked","96.0"
"__export__.sale_order_150799_be7d558e","D150785","__export__.res_users_7_ace94875","2026-06-07 21:51:35","__export__.res_partner_839_998b05c9","","Fully Invoiced","2026-06-08 21:50:50","True","__export__.crm_team_305_c2537a3b","__export__.res_users_28_e1e8c9ed","Locked","178.55"
"__export__.sale_order_150798_ce5211c3","D150784","__export__.res_users_7_ace94875","2026-06-07 21:50:42","__export__.res_partner_1154_18a9631e","","Fully Invoiced","2026-06-08 21:50:12","True","__export__.crm_team_80_d86e22d9","__export__.res_users_27_ccf3d93e","Locked","69.9"
"__export__.sale_order_150797_884e99b1","D150783","__export__.res_users_7_ace94875","2026-06-07 21:49:50","__export__.res_partner_2298_abf86138","","Fully Invoiced","2026-06-08 21:49:16","True","__export__.crm_team_161_8055857d","__export__.res_users_7_ace94875","Locked","261.38"
"__export__.sale_order_150796_c9b92923","D150782","__export__.res_users_7_ace94875","2026-06-07 21:49:09","__export__.res_partner_2299_11a1b7c5","","Fully Invoiced","2026-06-08 21:48:32","True","__export__.crm_team_78_db60447e","__export__.res_users_7_ace94875","Locked","254.28"
"__export__.sale_order_150834_437d74ca","D150820","__export__.res_users_18_297f6f55","2026-06-07 23:48:27","__export__.res_partner_1748_4df4ef19","","Fully Invoiced","2026-06-08 21:47:30","True","__export__.crm_team_51_075d42c1","__export__.res_users_18_297f6f55","Locked","218.29"
"__export__.sale_order_150795_6d7b1bae","D150781","__export__.res_users_7_ace94875","2026-06-07 21:48:10","__export__.res_partner_1763_7c6cd96b","","Fully Invoiced","2026-06-08 21:45:46","True","__export__.crm_team_229_a2ef141e","__export__.res_users_10_962e2fe2","Locked","415.9"
"__export__.sale_order_150794_e955f150","D150780","__export__.res_users_7_ace94875","2026-06-07 21:45:37","__export__.res_partner_1015_81b526fb","","Fully Invoiced","2026-06-08 21:45:07","True","__export__.crm_team_231_ec27440e","__export__.res_users_7_ace94875","Locked","98.0"
"__export__.sale_order_150793_793f6254","D150779","__export__.res_users_7_ace94875","2026-06-07 21:45:02","__export__.res_partner_789_0ae6dd9e","","Fully Invoiced","2026-06-08 21:44:16","True","__export__.crm_team_231_ec27440e","__export__.res_users_7_ace94875","Locked","351.99"
"__export__.sale_order_150831_45359d9b","D150817","__export__.res_users_30_f31202ea","2026-06-07 23:43:44","__export__.res_partner_1576_8c8f7051","","Fully Invoiced","2026-06-08 21:40:27","True","__export__.crm_team_227_ffd73472","__export__.res_users_30_f31202ea","Locked","64.75"
"__export__.sale_order_150791_32da162b","D150777","__export__.res_users_7_ace94875","2026-06-07 21:39:53","__export__.res_partner_704_e43cdf12","","Fully Invoiced","2026-06-08 21:39:22","True","__export__.crm_team_302_0f8f613a","__export__.res_users_27_ccf3d93e","Locked","59.9"
"__export__.sale_order_150832_8b3ec8e3","D150818","__export__.res_users_18_297f6f55","2026-06-07 23:46:34","__export__.res_partner_2422_1f2be714","","Fully Invoiced","2026-06-08 21:33:28","True","__export__.crm_team_173_1afa093c","__export__.res_users_7_ace94875","Locked","62.4"
"__export__.sale_order_150792_26664b93","D150778","__export__.res_users_30_f31202ea","2026-06-07 21:42:56","__export__.res_partner_2335_deaccdc9","","Fully Invoiced","2026-06-08 21:31:40","True","__export__.crm_team_275_339b1b1f","__export__.res_users_7_ace94875","Locked","922.37"
"__export__.sale_order_150790_a79b649e","D150776","__export__.res_users_30_f31202ea","2026-06-07 21:27:07","__export__.res_partner_1326_e85f9f0f","","Fully Invoiced","2026-06-08 21:24:22","True","__export__.crm_team_96_8d48bd6a","__export__.res_users_27_ccf3d93e","Locked","132.2"
"__export__.sale_order_150846_c59e6719","D150832","__export__.res_users_14_42108d61","2026-06-08 07:19:44","__export__.res_partner_1930_95ef299e","","Fully Invoiced","2026-06-08 21:16:04","True","__export__.crm_team_295_a4e9ead7","__export__.res_users_14_42108d61","Locked","468.69"
"__export__.sale_order_150730_b36bee4f","D150716","__export__.res_users_18_297f6f55","2026-06-06 20:54:35","__export__.res_partner_1047_0fe22c29","","Fully Invoiced","2026-06-08 20:54:05","True","__export__.crm_team_80_d86e22d9","__export__.res_users_27_ccf3d93e","Locked","113.0"
"__export__.sale_order_150788_a1cb2095","D150774","__export__.res_users_30_f31202ea","2026-06-07 20:26:29","__export__.res_partner_1042_4b562afb","","Fully Invoiced","2026-06-08 20:24:13","True","__export__.crm_team_59_95d20efd","__export__.res_users_30_f31202ea","Locked","84.0"
"__export__.sale_order_150728_0be178c6","D150714","__export__.res_users_14_42108d61","2026-06-06 20:18:21","__export__.res_partner_1313_4ce22376","","Fully Invoiced","2026-06-08 20:12:17","True","__export__.crm_team_61_8dc82ae3","__export__.res_users_14_42108d61","Locked","440.0"
"__export__.sale_order_150787_a6a08a53","D150773","__export__.res_users_30_f31202ea","2026-06-07 20:05:15","__export__.res_partner_2553_e1e16865","","Fully Invoiced","2026-06-08 20:03:14","True","__export__.crm_team_296_40815358","__export__.res_users_30_f31202ea","Locked","131.85"
"__export__.sale_order_150786_23b85d4e","D150772","__export__.res_users_30_f31202ea","2026-06-07 19:57:44","__export__.res_partner_927_2a5972fe","","Fully Invoiced","2026-06-08 19:49:51","True","__export__.crm_team_171_58fa18ab","__export__.res_users_7_ace94875","Locked","588.6"
"__export__.sale_order_150785_54cdb9be","D150771","__export__.res_users_30_f31202ea","2026-06-07 19:49:23","__export__.res_partner_1096_7e33899c","","Fully Invoiced","2026-06-08 19:45:48","True","__export__.crm_team_276_22e06523","__export__.res_users_22_942f71e3","Locked","87.3"
"__export__.sale_order_150784_246210d7","D150770","__export__.res_users_30_f31202ea","2026-06-07 19:34:54","__export__.res_partner_2527_2937bc92","","Fully Invoiced","2026-06-08 19:28:17","True","__export__.crm_team_172_e403f408","__export__.res_users_10_962e2fe2","Locked","167.22"
"__export__.sale_order_150783_22c043be","D150769","__export__.res_users_30_f31202ea","2026-06-07 19:27:17","__export__.res_partner_1649_7cdf014b","","Fully Invoiced","2026-06-08 19:22:44","True","__export__.crm_team_231_ec27440e","__export__.res_users_27_ccf3d93e","Locked","354.56"
"__export__.sale_order_150782_f9a62120","D150768","__export__.res_users_30_f31202ea","2026-06-07 19:18:42","__export__.res_partner_2256_0deee3a1","","Fully Invoiced","2026-06-08 19:11:51","True","__export__.crm_team_303_6d918a38","__export__.res_users_10_962e2fe2","Locked","214.2"
"__export__.sale_order_150781_cfb54fc2","D150767","__export__.res_users_30_f31202ea","2026-06-07 19:09:58","__export__.res_partner_2414_e36e6f88","","Fully Invoiced","2026-06-08 19:02:16","True","__export__.crm_team_306_f21cf977","__export__.res_users_30_f31202ea","Locked","235.23"
"__export__.sale_order_150780_c738aa76","D150766","__export__.res_users_30_f31202ea","2026-06-07 19:01:23","__export__.res_partner_2502_7b92f574","","Fully Invoiced","2026-06-08 18:45:12","True","__export__.crm_team_296_40815358","__export__.res_users_7_ace94875","Locked","721.75"
"__export__.sale_order_150779_634c15bb","D150765","__export__.res_users_22_942f71e3","2026-06-07 18:42:31","__export__.res_partner_1318_c98a4b7c","","Fully Invoiced","2026-06-08 18:41:58","True","__export__.crm_team_39_ffc4074f","__export__.res_users_22_942f71e3","Locked","177.55"
"__export__.sale_order_150778_f2989fa1","D150764","__export__.res_users_30_f31202ea","2026-06-07 18:42:24","__export__.res_partner_1202_b6f07a60","","Fully Invoiced","2026-06-08 18:39:01","True","__export__.crm_team_305_c2537a3b","__export__.res_users_22_942f71e3","Locked","291.05"
"__export__.sale_order_150777_66e1bbf5","D150763","__export__.res_users_22_942f71e3","2026-06-07 18:41:47","__export__.res_partner_2465_44cc3e52","","Fully Invoiced","2026-06-08 18:39:00","True","__export__.crm_team_98_821e316c","__export__.res_users_28_e1e8c9ed","Locked","346.97"
"__export__.sale_order_150776_b71cb802","D150762","__export__.res_users_22_942f71e3","2026-06-07 18:38:51","__export__.res_partner_891_c0cc8e85","","Fully Invoiced","2026-06-08 18:37:55","True","__export__.crm_team_303_6d918a38","__export__.res_users_14_42108d61","Locked","92.35"
"__export__.sale_order_150775_c77b1e21","D150761","__export__.res_users_30_f31202ea","2026-06-07 18:38:36","__export__.res_partner_1693_6f1cd34d","","Fully Invoiced","2026-06-08 18:36:19","True","__export__.crm_team_276_22e06523","__export__.res_users_27_ccf3d93e","Locked","234.15"
"__export__.sale_order_150774_0d15b0e4","D150760","__export__.res_users_22_942f71e3","2026-06-07 18:37:47","__export__.res_partner_1143_18bb08c9","","Fully Invoiced","2026-06-08 18:35:12","True","__export__.crm_team_98_821e316c","__export__.res_users_22_942f71e3","Locked","236.1"
"__export__.sale_order_150773_0773f38b","D150759","__export__.res_users_30_f31202ea","2026-06-07 18:36:10","__export__.res_partner_1277_608d179a","十送一价格","Fully Invoiced","2026-06-08 18:33:13","True","__export__.crm_team_276_22e06523","__export__.res_users_27_ccf3d93e","Locked","270.6"
"__export__.sale_order_150772_1ff130de","D150758","__export__.res_users_22_942f71e3","2026-06-07 18:35:08","__export__.res_partner_1261_8d4f158c","","Fully Invoiced","2026-06-08 18:32:19","True","__export__.crm_team_80_d86e22d9","__export__.res_users_22_942f71e3","Locked","425.11"
"__export__.sale_order_150771_f910a5a2","D150757","__export__.res_users_30_f31202ea","2026-06-07 18:33:11","__export__.res_partner_1108_dbb0377a","","Fully Invoiced","2026-06-08 18:28:33","True","__export__.crm_team_276_22e06523","__export__.res_users_27_ccf3d93e","Locked","87.35"
"__export__.sale_order_150770_c67c04ef","D150756","__export__.res_users_22_942f71e3","2026-06-07 18:29:44","__export__.res_partner_1562_6fc4e4d6","","Fully Invoiced","2026-06-08 18:27:31","True","__export__.crm_team_109_1a8b3a5d","__export__.res_users_22_942f71e3","Locked","287.75"
"__export__.sale_order_150769_4a57da6f","D150755","__export__.res_users_30_f31202ea","2026-06-07 18:28:06","__export__.res_partner_2108_de116fbe","","Fully Invoiced","2026-06-08 18:26:38","True","__export__.crm_team_278_1a2d18d7","__export__.res_users_27_ccf3d93e","Locked","154.6"
"__export__.sale_order_150768_085d4cff","D150754","__export__.res_users_30_f31202ea","2026-06-07 18:26:31","__export__.res_partner_1802_7606530d","","Fully Invoiced","2026-06-08 18:24:11","True","__export__.crm_team_278_1a2d18d7","__export__.res_users_27_ccf3d93e","Locked","146.25"
"__export__.sale_order_150767_20596673","D150753","__export__.res_users_30_f31202ea","2026-06-07 18:23:59","__export__.res_partner_1325_09e84271","","Fully Invoiced","2026-06-08 18:16:56","True","__export__.crm_team_153_0eee99e2","__export__.res_users_27_ccf3d93e","Locked","73.73"
"__export__.sale_order_150766_cbc88709","D150752","__export__.res_users_30_f31202ea","2026-06-07 18:16:46","__export__.res_partner_944_15617010","","Fully Invoiced","2026-06-08 18:14:09","True","__export__.crm_team_153_0eee99e2","__export__.res_users_27_ccf3d93e","Locked","370.4"
"__export__.sale_order_150765_b1e86268","D150751","__export__.res_users_30_f31202ea","2026-06-07 18:13:43","__export__.res_partner_1284_d8c29618","","Fully Invoiced","2026-06-08 17:45:31","True","__export__.crm_team_154_3a2ad666","__export__.res_users_27_ccf3d93e","Locked","520.24"
"__export__.sale_order_150764_ca2865db","D150750","__export__.res_users_22_942f71e3","2026-06-07 17:39:07","__export__.res_partner_2218_6c64adc3","","Fully Invoiced","2026-06-08 17:37:51","True","__export__.crm_team_250_4cae7256","__export__.res_users_10_962e2fe2","Locked","315.61"
"__export__.sale_order_150763_4a19a10d","D150749","__export__.res_users_22_942f71e3","2026-06-07 17:36:27","__export__.res_partner_962_3604a165","","Fully Invoiced","2026-06-08 17:32:14","True","__export__.crm_team_98_821e316c","__export__.res_users_22_942f71e3","Locked","383.95"
"__export__.sale_order_150761_80c7b7b7","D150747","__export__.res_users_22_942f71e3","2026-06-07 17:31:14","__export__.res_partner_2203_a475d102","已给","Fully Invoiced","2026-06-08 17:27:20","True","__export__.crm_team_69_17e53434","__export__.res_users_22_942f71e3","Locked","1557.6"
"__export__.sale_order_150760_dd827738","D150746","__export__.res_users_22_942f71e3","2026-06-07 17:27:01","__export__.res_partner_1320_2e40e707","","Fully Invoiced","2026-06-08 17:24:54","True","__export__.crm_team_298_0b4d52ae","__export__.res_users_22_942f71e3","Locked","587.17"
"__export__.sale_order_150762_c152a359","D150748","__export__.res_users_30_f31202ea","2026-06-07 17:32:51","__export__.res_partner_2248_133e600a","","Fully Invoiced","2026-06-08 17:23:59","True","__export__.crm_team_305_c2537a3b","__export__.res_users_27_ccf3d93e","Locked","249.7"
"__export__.sale_order_150759_feff1cbd","D150745","__export__.res_users_30_f31202ea","2026-06-07 17:23:47","__export__.res_partner_1852_2c4e8c79","","Fully Invoiced","2026-06-08 17:19:37","True","__export__.crm_team_305_c2537a3b","__export__.res_users_27_ccf3d93e","Locked","271.5"
"__export__.sale_order_150758_705a2e24","D150744","__export__.res_users_30_f31202ea","2026-06-07 17:15:52","__export__.res_partner_1883_886a4733","","Fully Invoiced","2026-06-08 17:12:07","True","__export__.crm_team_153_0eee99e2","__export__.res_users_22_942f71e3","Locked","177.1"
"__export__.sale_order_150757_d2879f26","D150743","__export__.res_users_30_f31202ea","2026-06-07 17:09:57","__export__.res_partner_1990_c219b4d6","","Fully Invoiced","2026-06-08 17:05:59","True","__export__.crm_team_96_8d48bd6a","__export__.res_users_10_962e2fe2","Locked","275.8"
"__export__.sale_order_150756_b438451e","D150742","__export__.res_users_30_f31202ea","2026-06-07 17:05:24","__export__.res_partner_1997_e2b69718","","Fully Invoiced","2026-06-08 17:02:31","True","__export__.crm_team_159_d09f9755","__export__.res_users_10_962e2fe2","Locked","241.77"
"__export__.sale_order_150953_aa6e13d8","D150939","__export__.res_users_22_942f71e3","2026-06-08 16:40:55","__export__.res_partner_1144_2c5b9b2c","","Fully Invoiced","2026-06-08 16:40:28","True","__export__.crm_team_69_17e53434","__export__.res_users_18_297f6f55","Locked","12.43"
"__export__.sale_order_150754_5736ca1c","D150740","__export__.res_users_30_f31202ea","2026-06-07 16:49:19","__export__.res_partner_2012_f514a226","","Fully Invoiced","2026-06-08 16:34:09","True","__export__.crm_team_299_61b03594","__export__.res_users_7_ace94875","Locked","490.14"
"__export__.sale_order_150753_b1ab58fb","D150739","__export__.res_users_30_f31202ea","2026-06-07 16:33:08","__export__.res_partner_2319_7b8044dc","","Fully Invoiced","2026-06-08 16:25:15","True","__export__.crm_team_304_3a77ed67","__export__.res_users_7_ace94875","Locked","584.64"
"__export__.sale_order_150750_645b892e","D150736","__export__.res_users_22_942f71e3","2026-06-07 16:23:29","__export__.res_partner_1099_28fa9bc1","","Fully Invoiced","2026-06-08 16:22:21","True","__export__.crm_team_278_1a2d18d7","__export__.res_users_22_942f71e3","Locked","191.66"
"__export__.sale_order_150751_63dde0fb","D150737","__export__.res_users_30_f31202ea","2026-06-07 16:24:13","__export__.res_partner_1125_8ced4c04","","Fully Invoiced","2026-06-08 16:18:55","True","__export__.crm_team_306_f21cf977","__export__.res_users_27_ccf3d93e","Locked","454.5"
"__export__.sale_order_150752_2fac3aae","D150738","__export__.res_users_22_942f71e3","2026-06-07 16:25:57","__export__.res_partner_1893_1e0e95aa","","Fully Invoiced","2026-06-08 16:17:53","True","__export__.crm_team_134_5d6888e6","__export__.res_users_22_942f71e3","Locked","403.9"
"__export__.sale_order_150749_8380f82d","D150735","__export__.res_users_22_942f71e3","2026-06-07 16:21:09","__export__.res_partner_831_4c93b992","","Fully Invoiced","2026-06-08 16:17:34","True","__export__.crm_team_278_1a2d18d7","__export__.res_users_22_942f71e3","Locked","338.87"
"__export__.sale_order_150748_7095f3bc","D150734","__export__.res_users_22_942f71e3","2026-06-07 16:19:40","__export__.res_partner_831_4c93b992","","Fully Invoiced","2026-06-08 16:13:51","True","__export__.crm_team_278_1a2d18d7","__export__.res_users_22_942f71e3","Locked","460.13"
"__export__.sale_order_150746_b2aaa846","D150732","__export__.res_users_22_942f71e3","2026-06-07 16:14:43","__export__.res_partner_1136_1bc987b5","","Fully Invoiced","2026-06-08 16:12:40","True","__export__.crm_team_51_075d42c1","__export__.res_users_22_942f71e3","Locked","226.0"
"__export__.sale_order_150745_6c42ed78","D150731","__export__.res_users_22_942f71e3","2026-06-07 16:12:35","__export__.res_partner_1568_38bd8bd7","","Fully Invoiced","2026-06-08 16:11:14","True","__export__.crm_team_171_58fa18ab","__export__.res_users_22_942f71e3","Locked","230.32"
"__export__.sale_order_150747_aba39306","D150733","__export__.res_users_30_f31202ea","2026-06-07 16:18:18","__export__.res_partner_1141_61bb0f22","","Fully Invoiced","2026-06-08 16:06:02","True","__export__.crm_team_96_8d48bd6a","__export__.res_users_7_ace94875","Locked","388.14"
"__export__.sale_order_150744_fc51661f","D150730","__export__.res_users_30_f31202ea","2026-06-07 16:05:18","__export__.res_partner_1007_ea60f1d5","","Fully Invoiced","2026-06-08 16:00:14","True","__export__.crm_team_173_1afa093c","__export__.res_users_7_ace94875","Locked","353.24"
"__export__.sale_order_150743_c84753a8","D150729","__export__.res_users_30_f31202ea","2026-06-07 15:57:29","__export__.res_partner_726_55339f90","","Fully Invoiced","2026-06-08 15:55:01","True","__export__.crm_team_250_4cae7256","__export__.res_users_27_ccf3d93e","Locked","221.73"
"__export__.sale_order_150742_ed96120f","D150728","__export__.res_users_30_f31202ea","2026-06-07 15:53:01","__export__.res_partner_2559_61491fca","","Fully Invoiced","2026-06-08 15:41:50","True","__export__.crm_team_137_eeba10e5","__export__.res_users_30_f31202ea","Locked","167.35"
"__export__.sale_order_150741_9e4d073b","D150727","__export__.res_users_30_f31202ea","2026-06-07 15:40:02","__export__.res_partner_2276_0cc5de73","","Fully Invoiced","2026-06-08 15:34:18","True","__export__.crm_team_278_1a2d18d7","__export__.res_users_10_962e2fe2","Locked","314.14"
"__export__.sale_order_150740_7ddb6493","D150726","__export__.res_users_30_f31202ea","2026-06-07 15:33:57","__export__.res_partner_763_ccfd8876","","Fully Invoiced","2026-06-08 15:20:08","True","__export__.crm_team_102_350bf834","__export__.res_users_22_942f71e3","Locked","617.79"
"__export__.sale_order_150739_2693b096","D150725","__export__.res_users_30_f31202ea","2026-06-07 15:18:58","__export__.res_partner_1620_ba7293b5","","Fully Invoiced","2026-06-08 15:01:12","True","__export__.crm_team_111_3c32966d","__export__.res_users_22_942f71e3","Locked","203.31"
"__export__.sale_order_150738_f83a8a84","D150724","__export__.res_users_30_f31202ea","2026-06-07 15:00:32","__export__.res_partner_2289_dca3de59","","Fully Invoiced","2026-06-08 14:56:51","True","__export__.crm_team_303_6d918a38","__export__.res_users_14_42108d61","Locked","397.47"
"__export__.sale_order_150737_75a7f4e2","D150723","__export__.res_users_30_f31202ea","2026-06-07 14:56:46","__export__.res_partner_1178_4660d857","","Fully Invoiced","2026-06-08 14:53:27","True","__export__.crm_team_136_d1985d03","__export__.res_users_7_ace94875","Locked","507.0"
"__export__.sale_order_150941_724171c1","D150927","__export__.res_users_10_962e2fe2","2026-06-08 14:08:29","__export__.res_partner_1073_2afb2f6f","","Fully Invoiced","2026-06-08 14:07:20","True","__export__.crm_team_69_17e53434","__export__.res_users_10_962e2fe2","Locked","24.0"
"__export__.sale_order_150940_4fdb0588","D150926","__export__.res_users_10_962e2fe2","2026-06-08 14:03:56","__export__.res_partner_1073_2afb2f6f","","Fully Invoiced","2026-06-08 14:00:03","True","__export__.crm_team_69_17e53434","__export__.res_users_10_962e2fe2","Locked","699.65"
"__export__.sale_order_150837_de6c4f12","D150823","__export__.res_users_18_297f6f55","2026-06-07 23:57:49","__export__.res_partner_974_bde34019","","Fully Invoiced","2026-06-08 13:56:32","True","__export__.crm_team_98_821e316c","__export__.res_users_18_297f6f55","Locked","288.64"
"__export__.sale_order_150939_b23706f7","D150925","__export__.res_users_7_ace94875","2026-06-08 13:55:48","__export__.res_partner_2476_b71daae1","","Fully Invoiced","2026-06-08 13:55:15","True","__export__.crm_team_69_17e53434","__export__.res_users_7_ace94875","Locked","55.51"
"__export__.sale_order_150836_ce4639eb","D150822","__export__.res_users_18_297f6f55","2026-06-07 23:55:52","__export__.res_partner_2063_4f237b67","","Fully Invoiced","2026-06-08 13:50:13","True","__export__.crm_team_303_6d918a38","__export__.res_users_8_fb87432d","Locked","241.53"
"__export__.sale_order_150835_2bc05edc","D150821","__export__.res_users_18_297f6f55","2026-06-07 23:49:40","__export__.res_partner_1616_533a6f33","","Fully Invoiced","2026-06-08 13:49:12","True","__export__.crm_team_228_ec7099f7","__export__.res_users_18_297f6f55","Locked","299.02"
"__export__.sale_order_150736_6e29407a","D150722","__export__.res_users_22_942f71e3","2026-06-07 13:47:53","__export__.res_partner_1323_b204c0eb","","Fully Invoiced","2026-06-08 13:47:18","True","__export__.crm_team_296_40815358","__export__.res_users_18_297f6f55","Locked","81.25"
"__export__.sale_order_150735_ad17a580","D150721","__export__.res_users_22_942f71e3","2026-06-07 13:47:05","__export__.res_partner_1102_68cf62c2","","Fully Invoiced","2026-06-08 13:46:24","True","__export__.crm_team_296_40815358","__export__.res_users_18_297f6f55","Locked","113.5"
"__export__.sale_order_150734_bf7aa6e7","D150720","__export__.res_users_22_942f71e3","2026-06-07 13:46:09","__export__.res_partner_1187_1fc9bbda","","Fully Invoiced","2026-06-08 13:45:17","True","__export__.crm_team_159_d09f9755","__export__.res_users_22_942f71e3","Locked","163.65"
"__export__.sale_order_150733_3b8a2e05","D150719","__export__.res_users_22_942f71e3","2026-06-07 13:45:05","__export__.res_partner_1243_048493f3","","Fully Invoiced","2026-06-08 13:44:33","True","__export__.crm_team_51_075d42c1","__export__.res_users_22_942f71e3","Locked","127.85"
"__export__.sale_order_150732_b09026aa","D150718","__export__.res_users_22_942f71e3","2026-06-07 13:43:55","__export__.res_partner_1123_68f38c82","","Fully Invoiced","2026-06-08 13:42:24","True","__export__.crm_team_78_db60447e","__export__.res_users_27_ccf3d93e","Locked","157.4"
"__export__.sale_order_150731_a6f17c0f","D150717","__export__.res_users_22_942f71e3","2026-06-07 13:42:07","__export__.res_partner_815_b205f784","","Fully Invoiced","2026-06-08 13:41:07","True","__export__.crm_team_163_c20aff5a","__export__.res_users_22_942f71e3","Locked","141.22"
"__export__.sale_order_150937_5ba559fe","D150923","__export__.res_users_8_fb87432d","2026-06-08 13:27:14","__export__.res_partner_1073_2afb2f6f","","Fully Invoiced","2026-06-08 13:26:23","True","__export__.crm_team_69_17e53434","__export__.res_users_10_962e2fe2","Locked","26.0"
"__export__.sale_order_150936_34e11eed","D150922","__export__.res_users_22_942f71e3","2026-06-08 13:26:28","__export__.res_partner_752_b29ee5f8","","Fully Invoiced","2026-06-08 13:25:53","True","__export__.crm_team_69_17e53434","__export__.res_users_22_942f71e3","Locked","36.0"
"__export__.sale_order_150935_674767bd","D150921","__export__.res_users_7_ace94875","2026-06-08 13:18:49","__export__.res_partner_2468_e2144f10","","Fully Invoiced","2026-06-08 13:18:28","True","__export__.crm_team_69_17e53434","__export__.res_users_10_962e2fe2","Locked","70.5"
"__export__.sale_order_150932_078c5a23","D150918","__export__.res_users_10_962e2fe2","2026-06-08 12:23:59","__export__.res_partner_2499_4880f096","","Fully Invoiced","2026-06-08 12:23:42","True","__export__.crm_team_137_eeba10e5","__export__.res_users_7_ace94875","Locked","39.0"
"__export__.sale_order_150929_6184f958","D150915","__export__.res_users_10_962e2fe2","2026-06-08 12:09:10","__export__.res_partner_2546_a569ec9c","","Fully Invoiced","2026-06-08 12:08:51","True","__export__.crm_team_69_17e53434","__export__.res_users_10_962e2fe2","Locked","167.28"
"__export__.sale_order_150727_49b6250a","D150713","__export__.res_users_10_962e2fe2","2026-06-06 11:23:48","__export__.res_partner_1332_ccfc6a83","","Fully Invoiced","2026-06-08 11:23:29","True","__export__.crm_team_69_17e53434","__export__.res_users_10_962e2fe2","Locked","668.8"
"__export__.sale_order_150922_b287c258","D150908","__export__.res_users_10_962e2fe2","2026-06-08 11:05:54","__export__.res_partner_2028_9fa04bc8","","Fully Invoiced","2026-06-08 11:00:04","True","__export__.crm_team_96_8d48bd6a","__export__.res_users_14_42108d61","Locked","284.0"
"__export__.sale_order_150921_04960b05","D150907","__export__.res_users_10_962e2fe2","2026-06-08 11:05:45","__export__.res_partner_723_b6aff6bf","","Fully Invoiced","2026-06-08 10:59:01","True","__export__.crm_team_96_8d48bd6a","__export__.res_users_14_42108d61","Locked","444.07"
"__export__.sale_order_150920_ee9247f0","D150906","__export__.res_users_22_942f71e3","2026-06-08 10:58:44","__export__.res_partner_1079_f42ddf2f","","Fully Invoiced","2026-06-08 10:58:06","True","__export__.crm_team_112_5a7d7484","__export__.res_users_14_42108d61","Locked","32.0"
"__export__.sale_order_150919_6e2b1444","D150905","__export__.res_users_22_942f71e3","2026-06-08 10:54:35","__export__.res_partner_781_c26c6452","","Fully Invoiced","2026-06-08 10:49:20","True","__export__.crm_team_102_350bf834","__export__.res_users_22_942f71e3","Locked","359.7"
"__export__.sale_order_150918_e1404fd9","D150904","__export__.res_users_10_962e2fe2","2026-06-08 10:49:03","__export__.res_partner_1881_931f180a","","Fully Invoiced","2026-06-08 10:48:39","True","__export__.crm_team_69_17e53434","__export__.res_users_8_fb87432d","Locked","67.0"
"__export__.sale_order_150916_156b2463","D150902","__export__.res_users_22_942f71e3","2026-06-08 10:42:02","__export__.res_partner_941_349707c0","","Fully Invoiced","2026-06-08 10:41:05","True","__export__.crm_team_96_8d48bd6a","__export__.res_users_14_42108d61","Locked","78.0"
"__export__.sale_order_150917_2affdd23","D150903","__export__.res_users_10_962e2fe2","2026-06-08 10:44:27","__export__.res_partner_1779_3bcf046f","","Fully Invoiced","2026-06-08 10:28:09","True","__export__.crm_team_137_eeba10e5","__export__.res_users_10_962e2fe2","Locked","262.8"
"__export__.sale_order_150915_5a88cb45","D150901","__export__.res_users_14_42108d61","2026-06-08 10:27:34","__export__.res_partner_1294_703558f9","","Fully Invoiced","2026-06-08 10:25:26","True","__export__.crm_team_111_3c32966d","__export__.res_users_14_42108d61","Locked","108.0"
"__export__.sale_order_150912_fbb677a1","D150898","__export__.res_users_10_962e2fe2","2026-06-08 10:15:21","__export__.res_partner_1608_3c12a18b","","Fully Invoiced","2026-06-08 10:08:23","True","__export__.crm_team_102_350bf834","__export__.res_users_10_962e2fe2","Locked","260.57"
"__export__.sale_order_150842_6fec53ba","D150828","__export__.res_users_18_297f6f55","2026-06-08 00:05:13","__export__.res_partner_971_b9945320","","Fully Invoiced","2026-06-08 10:04:15","True","__export__.crm_team_109_1a8b3a5d","__export__.res_users_18_297f6f55","Locked","317.4"
"__export__.sale_order_150913_cbcf2bec","D150899","__export__.res_users_10_962e2fe2","2026-06-08 10:17:59","__export__.res_partner_1614_5e3c6e0a","","Fully Invoiced","2026-06-08 10:04:06","True","__export__.crm_team_137_eeba10e5","__export__.res_users_10_962e2fe2","Locked","655.81"
"__export__.sale_order_150911_3b22933f","D150897","__export__.res_users_10_962e2fe2","2026-06-08 10:00:48","__export__.res_partner_790_fcc5b5d9","","Fully Invoiced","2026-06-08 09:57:56","True","__export__.crm_team_137_eeba10e5","__export__.res_users_10_962e2fe2","Locked","186.78"
"__export__.sale_order_150858_759521a1","D150844","__export__.res_users_14_42108d61","2026-06-08 08:00:11","__export__.res_partner_2547_8f7ed1f4","","Fully Invoiced","2026-06-08 09:56:22","True","__export__.crm_team_302_0f8f613a","__export__.res_users_14_42108d61","Locked","499.8"
"__export__.sale_order_150855_6211203d","D150841","__export__.res_users_14_42108d61","2026-06-08 07:55:50","__export__.res_partner_1159_a59e4c3e","","Fully Invoiced","2026-06-08 09:53:34","True","__export__.crm_team_61_8dc82ae3","__export__.res_users_14_42108d61","Locked","267.89"
"__export__.sale_order_150854_747c3f52","D150840","__export__.res_users_14_42108d61","2026-06-08 07:53:31","__export__.res_partner_858_0e5ada1d","","Fully Invoiced","2026-06-08 09:49:27","True","__export__.crm_team_59_95d20efd","__export__.res_users_14_42108d61","Locked","431.81"
"__export__.sale_order_150847_6750e3f8","D150833","__export__.res_users_14_42108d61","2026-06-08 07:22:43","__export__.res_partner_752_b29ee5f8","送到blackrock musashi","Fully Invoiced","2026-06-08 09:49:00","True","__export__.crm_team_295_a4e9ead7","__export__.res_users_14_42108d61","Locked","25.0"
"__export__.sale_order_150853_2cfc9d33","D150839","__export__.res_users_14_42108d61","2026-06-08 07:49:12","__export__.res_partner_2510_f6a1dc97","","Fully Invoiced","2026-06-08 09:47:39","True","__export__.crm_team_78_db60447e","__export__.res_users_14_42108d61","Locked","173.2"
"__export__.sale_order_150852_c1d7a8c1","D150838","__export__.res_users_14_42108d61","2026-06-08 07:46:12","__export__.res_partner_1570_48b936ad","","Fully Invoiced","2026-06-08 09:44:24","True","__export__.crm_team_112_5a7d7484","__export__.res_users_14_42108d61","Locked","894.5"
"__export__.sale_order_150908_7cff90d8","D150894","__export__.res_users_7_ace94875","2026-06-08 09:37:23","__export__.res_partner_1178_4660d857","","Fully Invoiced","2026-06-08 09:36:40","True","__export__.crm_team_136_d1985d03","__export__.res_users_7_ace94875","Locked","149.75"
"__export__.sale_order_150906_ddd76ea5","D150892","__export__.res_users_10_962e2fe2","2026-06-08 09:29:51","__export__.res_partner_1765_68d5fb5a","","Fully Invoiced","2026-06-08 09:29:21","True","__export__.crm_team_275_339b1b1f","__export__.res_users_10_962e2fe2","Locked","189.0"
"__export__.sale_order_150849_3be84065","D150835","__export__.res_users_14_42108d61","2026-06-08 07:31:40","__export__.res_partner_1820_6043d6fd","","Fully Invoiced","2026-06-08 09:26:44","True","__export__.crm_team_161_8055857d","__export__.res_users_14_42108d61","Locked","570.8"
"__export__.sale_order_150907_3ca53eb5","D150893","__export__.res_users_14_42108d61","2026-06-08 09:31:12","__export__.res_partner_1184_6e0a68be","","Fully Invoiced","2026-06-08 09:26:14","True","__export__.crm_team_96_8d48bd6a","__export__.res_users_14_42108d61","Locked","750.64"
"__export__.sale_order_150910_b5711fca","D150896","__export__.res_users_10_962e2fe2","2026-06-08 09:51:50","__export__.res_partner_818_8185df11","","Fully Invoiced","2026-06-08 09:24:26","True","__export__.crm_team_59_95d20efd","__export__.res_users_10_962e2fe2","Locked","407.7"
"__export__.sale_order_150848_07975475","D150834","__export__.res_users_14_42108d61","2026-06-08 07:26:25","__export__.res_partner_2505_7bafa4be","","Fully Invoiced","2026-06-08 09:23:49","True","__export__.crm_team_295_a4e9ead7","__export__.res_users_14_42108d61","Locked","459.3"
"__export__.sale_order_150905_954002a5","D150891","__export__.res_users_14_42108d61","2026-06-08 09:25:42","__export__.res_partner_2569_af48199c","","Fully Invoiced","2026-06-08 09:23:30","True","__export__.crm_team_303_6d918a38","__export__.res_users_14_42108d61","Locked","124.31"
"__export__.sale_order_150904_9763bcb5","D150890","__export__.res_users_22_942f71e3","2026-06-08 09:21:47","__export__.res_partner_1991_a2810e90","","Fully Invoiced","2026-06-08 09:18:14","True","__export__.crm_team_112_5a7d7484","__export__.res_users_14_42108d61","Locked","250.95"
"__export__.sale_order_150903_1251aa40","D150889","__export__.res_users_14_42108d61","2026-06-08 09:19:38","__export__.res_partner_1913_0b4fe26f","","Fully Invoiced","2026-06-08 09:16:34","True","__export__.crm_team_98_821e316c","__export__.res_users_14_42108d61","Locked","645.67"
"__export__.sale_order_150872_7db16c23","D150858","__export__.res_users_14_42108d61","2026-06-08 08:16:42","__export__.res_partner_2555_ba76af6c","","Fully Invoiced","2026-06-08 09:15:21","True","__export__.crm_team_80_d86e22d9","__export__.res_users_14_42108d61","Locked","178.5"
"__export__.sale_order_150901_24277ff2","D150887","__export__.res_users_22_942f71e3","2026-06-08 09:15:27","__export__.res_partner_1173_d8002d22","","Fully Invoiced","2026-06-08 09:14:50","True","__export__.crm_team_159_d09f9755","__export__.res_users_22_942f71e3","Locked","174.1"
"__export__.sale_order_150902_20e35a43","D150888","__export__.res_users_14_42108d61","2026-06-08 09:16:33","__export__.res_partner_2429_c1d41fbc","","Fully Invoiced","2026-06-08 09:14:05","True","__export__.crm_team_102_350bf834","__export__.res_users_14_42108d61","Locked","425.94"
"__export__.sale_order_150899_55d26df6","D150885","__export__.res_users_14_42108d61","2026-06-08 09:12:41","__export__.res_partner_1081_1b628387","","Fully Invoiced","2026-06-08 09:11:54","True","__export__.crm_team_299_61b03594","__export__.res_users_14_42108d61","Locked","206.0"
"__export__.sale_order_150868_942fa91a","D150854","__export__.res_users_14_42108d61","2026-06-08 08:14:30","__export__.res_partner_991_2b9a995e","","Fully Invoiced","2026-06-08 09:11:05","True","__export__.crm_team_163_c20aff5a","__export__.res_users_14_42108d61","Locked","328.35"
"__export__.sale_order_150900_8bb15c8c","D150886","__export__.res_users_14_42108d61","2026-06-08 09:13:36","__export__.res_partner_1075_51f5f6f0","","Fully Invoiced","2026-06-08 09:11:03","True","__export__.crm_team_299_61b03594","__export__.res_users_14_42108d61","Locked","172.15"
"__export__.sale_order_150845_11461faf","D150831","__export__.res_users_14_42108d61","2026-06-08 07:12:01","__export__.res_partner_2232_5eb6c569","","Fully Invoiced","2026-06-08 09:04:42","True","__export__.crm_team_136_d1985d03","__export__.res_users_14_42108d61","Locked","928.05"
"__export__.sale_order_150897_15c44483","D150883","__export__.res_users_10_962e2fe2","2026-06-08 09:04:02","__export__.res_partner_874_2fe3c6b7","","Fully Invoiced","2026-06-08 09:03:17","True","__export__.crm_team_59_95d20efd","__export__.res_users_10_962e2fe2","Locked","18.95"
"__export__.sale_order_150898_eb2274af","D150884","__export__.res_users_14_42108d61","2026-06-08 09:06:52","__export__.res_partner_1929_26162493","","Fully Invoiced","2026-06-08 09:03:11","True","__export__.crm_team_299_61b03594","__export__.res_users_7_ace94875","Locked","535.98"
"__export__.sale_order_150844_cd77b6ec","D150830","__export__.res_users_14_42108d61","2026-06-08 07:04:40","__export__.res_partner_902_081ecc25","","Fully Invoiced","2026-06-08 09:01:51","True","__export__.crm_team_59_95d20efd","__export__.res_users_14_42108d61","Locked","317.55"
"__export__.sale_order_150896_739c62e0","D150882","__export__.res_users_10_962e2fe2","2026-06-08 09:02:21","__export__.res_partner_1559_7f2ffb8d","","Fully Invoiced","2026-06-08 09:01:30","True","__export__.crm_team_69_17e53434","__export__.res_users_10_962e2fe2","Locked","436.38"
"__export__.sale_order_150843_159d3e2c","D150829","__export__.res_users_14_42108d61","2026-06-08 07:01:40","__export__.res_partner_1845_ce74c057","","Fully Invoiced","2026-06-08 09:00:14","True","__export__.crm_team_39_ffc4074f","__export__.res_users_14_42108d61","Locked","54.3"
"__export__.sale_order_150895_8f6061d2","D150881","__export__.res_users_22_942f71e3","2026-06-08 08:59:11","__export__.res_partner_2499_4880f096","","Fully Invoiced","2026-06-08 08:57:33","True","__export__.crm_team_153_0eee99e2","__export__.res_users_7_ace94875","Locked","620.0"
"__export__.sale_order_150893_204c45aa","D150879","__export__.res_users_14_42108d61","2026-06-08 08:59:00","__export__.res_partner_2050_3666fbb2","","Fully Invoiced","2026-06-08 08:54:59","True","__export__.crm_team_96_8d48bd6a","__export__.res_users_14_42108d61","Locked","266.4"
"__export__.sale_order_150891_88c81410","D150877","__export__.res_users_10_962e2fe2","2026-06-08 08:54:31","__export__.res_partner_766_97fcda57","","Fully Invoiced","2026-06-08 08:52:04","True","__export__.crm_team_297_46343bff","__export__.res_users_10_962e2fe2","Locked","164.0"
"__export__.sale_order_150892_4bc2b6e9","D150878","__export__.res_users_10_962e2fe2","2026-06-08 08:54:33","__export__.res_partner_966_906c2cfc","","Fully Invoiced","2026-06-08 08:51:56","True","__export__.crm_team_297_46343bff","__export__.res_users_10_962e2fe2","Locked","176.35"
"__export__.sale_order_150890_53dab73d","D150876","__export__.res_users_14_42108d61","2026-06-08 08:54:13","__export__.res_partner_859_c1e0c4b2","","Fully Invoiced","2026-06-08 08:48:04","True","__export__.crm_team_277_1848bdf1","__export__.res_users_14_42108d61","Locked","1232.13"
"__export__.sale_order_150887_bd3fba20","D150873","__export__.res_users_10_962e2fe2","2026-06-08 08:46:52","__export__.res_partner_1596_3194d941","","Fully Invoiced","2026-06-08 08:46:27","True","__export__.crm_team_161_8055857d","__export__.res_users_10_962e2fe2","Locked","117.0"
"__export__.sale_order_150889_f10317da","D150875","__export__.res_users_7_ace94875","2026-06-08 08:48:02","__export__.res_partner_2054_971c1abd","","Fully Invoiced","2026-06-08 08:46:22","True","__export__.crm_team_96_8d48bd6a","__export__.res_users_28_e1e8c9ed","Locked","200.18"
"__export__.sale_order_150888_2410095e","D150874","__export__.res_users_14_42108d61","2026-06-08 08:48:00","__export__.res_partner_1294_703558f9","","Fully Invoiced","2026-06-08 08:43:07","True","__export__.crm_team_172_e403f408","__export__.res_users_14_42108d61","Locked","383.24"
"__export__.sale_order_150886_429ec595","D150872","__export__.res_users_22_942f71e3","2026-06-08 08:43:38","__export__.res_partner_1577_224dd31f","","Fully Invoiced","2026-06-08 08:43:00","True","__export__.crm_team_69_17e53434","__export__.res_users_22_942f71e3","Locked","219.9"
"__export__.sale_order_150838_1b2e6a06","D150824","__export__.res_users_22_942f71e3","2026-06-07 23:57:55","__export__.res_partner_1008_4287ea11","","Fully Invoiced","2026-06-08 08:39:54","True","__export__.crm_team_61_8dc82ae3","__export__.res_users_7_ace94875","Locked","445.97"
"__export__.sale_order_150883_70b15664","D150869","__export__.res_users_22_942f71e3","2026-06-08 08:40:50","__export__.res_partner_1582_2a53fed0","","Fully Invoiced","2026-06-08 08:36:28","True","__export__.crm_team_134_5d6888e6","__export__.res_users_14_42108d61","Locked","343.15"
"__export__.sale_order_150884_1e049d47","D150870","__export__.res_users_10_962e2fe2","2026-06-08 08:42:26","__export__.res_partner_1912_c1e91db3","","Fully Invoiced","2026-06-08 08:32:53","True","__export__.crm_team_277_1848bdf1","__export__.res_users_10_962e2fe2","Locked","617.9"
"__export__.sale_order_150880_4deeb1fe","D150866","__export__.res_users_22_942f71e3","2026-06-08 08:31:13","__export__.res_partner_945_acf591c0","","Fully Invoiced","2026-06-08 08:30:40","True","__export__.crm_team_96_8d48bd6a","__export__.res_users_10_962e2fe2","Locked","92.05"
"__export__.sale_order_150881_f76bbedf","D150867","__export__.res_users_14_42108d61","2026-06-08 08:34:16","__export__.res_partner_1579_d86b0c07","","Fully Invoiced","2026-06-08 08:24:35","True","__export__.crm_team_134_5d6888e6","__export__.res_users_14_42108d61","Locked","866.74"
"__export__.sale_order_150879_fc47207e","D150865","__export__.res_users_14_42108d61","2026-06-08 08:24:16","__export__.res_partner_2098_4687a835","","Fully Invoiced","2026-06-08 08:23:40","True","__export__.crm_team_112_5a7d7484","__export__.res_users_14_42108d61","Locked","13.53"
"__export__.sale_order_150878_d6479e57","D150864","__export__.res_users_7_ace94875","2026-06-08 08:24:11","__export__.res_partner_2268_b4296ff0","","Fully Invoiced","2026-06-08 08:21:51","True","__export__.crm_team_295_a4e9ead7","__export__.res_users_14_42108d61","Locked","456.8"
"__export__.sale_order_150877_e0c461a0","D150863","__export__.res_users_14_42108d61","2026-06-08 08:22:36","__export__.res_partner_2545_1403fe60","","Fully Invoiced","2026-06-08 08:21:24","True","__export__.crm_team_102_350bf834","__export__.res_users_14_42108d61","Locked","410.13"
"__export__.sale_order_150876_e8925731","D150862","__export__.res_users_14_42108d61","2026-06-08 08:20:55","__export__.res_partner_2019_28edbd45","","Fully Invoiced","2026-06-08 08:19:51","True","__export__.crm_team_51_075d42c1","__export__.res_users_14_42108d61","Locked","151.73"
"__export__.sale_order_150874_5230e7c4","D150860","__export__.res_users_14_42108d61","2026-06-08 08:18:52","__export__.res_partner_2489_89b4d108","","Fully Invoiced","2026-06-08 08:17:24","True","__export__.crm_team_296_40815358","__export__.res_users_14_42108d61","Locked","240.25"
"__export__.sale_order_150875_20c7843b","D150861","__export__.res_users_22_942f71e3","2026-06-08 08:19:40","__export__.res_partner_1830_408e614c","","Fully Invoiced","2026-06-08 08:16:59","True","__export__.crm_team_161_8055857d","__export__.res_users_14_42108d61","Locked","306.0"
"__export__.sale_order_150873_37d57449","D150859","__export__.res_users_30_f31202ea","2026-06-08 08:18:15","__export__.res_partner_1772_ba6b3399","","Fully Invoiced","2026-06-08 08:16:28","True","__export__.crm_team_171_58fa18ab","__export__.res_users_10_962e2fe2","Locked","75.8"
"__export__.sale_order_150869_df3bcd83","D150855","__export__.res_users_22_942f71e3","2026-06-08 08:14:40","__export__.res_partner_1809_c8a0a275","","Fully Invoiced","2026-06-08 08:13:18","True","__export__.crm_team_51_075d42c1","__export__.res_users_10_962e2fe2","Locked","170.25"
"__export__.sale_order_150871_3c1d9081","D150857","__export__.res_users_10_962e2fe2","2026-06-08 08:15:36","__export__.res_partner_2568_c732ed29","11点半之后有人","Fully Invoiced","2026-06-08 08:12:51","True","__export__.crm_team_302_0f8f613a","__export__.res_users_10_962e2fe2","Locked","239.35"
"__export__.sale_order_150870_5ed491bc","D150856","__export__.res_users_30_f31202ea","2026-06-08 08:15:11","__export__.res_partner_2531_e0e03692","","Fully Invoiced","2026-06-08 08:12:51","True","__export__.crm_team_229_a2ef141e","__export__.res_users_22_942f71e3","Locked","168.14"
"__export__.sale_order_150867_24eb4d83","D150853","__export__.res_users_22_942f71e3","2026-06-08 08:11:28","__export__.res_partner_1634_e8b1f7be","","Fully Invoiced","2026-06-08 08:09:29","True","__export__.crm_team_232_fa62cff8","__export__.res_users_28_e1e8c9ed","Locked","187.79"
"__export__.sale_order_150866_735e1591","D150852","__export__.res_users_10_962e2fe2","2026-06-08 08:04:36","__export__.res_partner_1128_64cbbe68","","Fully Invoiced","2026-06-08 08:04:27","True","__export__.crm_team_227_ffd73472","__export__.res_users_10_962e2fe2","Locked","26.0"
"__export__.sale_order_150864_3618c264","D150850","__export__.res_users_10_962e2fe2","2026-06-08 08:04:26","__export__.res_partner_1567_920f121d","","Fully Invoiced","2026-06-08 08:04:01","True","__export__.crm_team_227_ffd73472","__export__.res_users_10_962e2fe2","Locked","67.0"
"__export__.sale_order_150865_8ea2a058","D150851","__export__.res_users_22_942f71e3","2026-06-08 08:04:34","__export__.res_partner_2334_f01a5da2","","Fully Invoiced","2026-06-08 08:03:24","True","__export__.crm_team_110_3f98a3be","__export__.res_users_10_962e2fe2","Locked","67.15"
"__export__.sale_order_150830_e19fbf93","D150816","__export__.res_users_22_942f71e3","2026-06-07 23:27:12","__export__.res_partner_2051_6af4c1a8","","Fully Invoiced","2026-06-08 08:03:03","True","__export__.crm_team_51_075d42c1","__export__.res_users_22_942f71e3","Locked","41.19"
"__export__.sale_order_150863_035fe658","D150849","__export__.res_users_22_942f71e3","2026-06-08 08:03:13","__export__.res_partner_1216_828e12b8","","Fully Invoiced","2026-06-08 08:02:33","True","__export__.crm_team_39_ffc4074f","__export__.res_users_22_942f71e3","Locked","80.0"
"__export__.sale_order_150862_38968dc7","D150848","__export__.res_users_10_962e2fe2","2026-06-08 08:02:51","__export__.res_partner_2522_4ddc00ff","","Fully Invoiced","2026-06-08 08:01:50","True","__export__.crm_team_227_ffd73472","__export__.res_users_10_962e2fe2","Locked","62.5"
"__export__.sale_order_150861_6e9f6250","D150847","__export__.res_users_10_962e2fe2","2026-06-08 08:01:47","__export__.res_partner_2526_65f4da72","","Fully Invoiced","2026-06-08 08:00:03","True","__export__.crm_team_161_8055857d","__export__.res_users_10_962e2fe2","Locked","147.0"
"__export__.sale_order_150859_31a77cad","D150845","__export__.res_users_7_ace94875","2026-06-08 08:00:29","__export__.res_partner_819_b17977bb","","Fully Invoiced","2026-06-08 07:59:23","True","__export__.crm_team_161_8055857d","__export__.res_users_7_ace94875","Locked","193.0"
"__export__.sale_order_150857_9c881e11","D150843","__export__.res_users_10_962e2fe2","2026-06-08 07:59:44","__export__.res_partner_874_2fe3c6b7","","Fully Invoiced","2026-06-08 07:57:58","True","__export__.crm_team_39_ffc4074f","__export__.res_users_10_962e2fe2","Locked","372.25"
"__export__.sale_order_150856_df492249","D150842","__export__.res_users_7_ace94875","2026-06-08 07:58:38","__export__.res_partner_702_52a425d1","","Fully Invoiced","2026-06-08 07:56:57","True","__export__.crm_team_61_8dc82ae3","__export__.res_users_8_fb87432d","Locked","581.92"
"__export__.sale_order_150860_ae3e3b71","D150846","__export__.res_users_22_942f71e3","2026-06-08 08:00:57","__export__.res_partner_743_530f71ec","","Fully Invoiced","2026-06-08 07:55:15","True","__export__.crm_team_69_17e53434","__export__.res_users_22_942f71e3","Locked","1811.37"
"__export__.sale_order_150319_68e547ae","D150305","__export__.res_users_14_42108d61","2026-06-03 07:46:22","__export__.res_partner_1803_004d76be","","Fully Invoiced","2026-06-08 07:43:41","True","__export__.crm_team_154_3a2ad666","__export__.res_users_14_42108d61","Locked","897.49"
"__export__.sale_order_150851_a5c94dcd","D150837","__export__.res_users_14_42108d61","2026-06-08 07:44:23","__export__.res_partner_1837_354db69f","","Fully Invoiced","2026-06-08 07:41:54","True","__export__.crm_team_78_db60447e","__export__.res_users_14_42108d61","Locked","174.65"
"__export__.sale_order_150841_5c2f4fb1","D150827","__export__.res_users_18_297f6f55","2026-06-08 00:04:00","__export__.res_partner_1103_926e4c12","","Fully Invoiced","2026-06-08 04:03:02","True","__export__.crm_team_296_40815358","__export__.res_users_18_297f6f55","Locked","89.65"
"__export__.sale_order_143598_e4254abf","D143585","__export__.res_users_8_fb87432d","2026-04-05 23:59:20","__export__.res_partner_2508_f9a33b03","","Nothing to Invoice","2026-06-07 23:58:21","False","sales_team.team_sales_department","__export__.res_users_8_fb87432d","Cancelled","2800.0"
"__export__.sale_order_150701_ea20d011","D150687","__export__.res_users_30_f31202ea","2026-06-05 22:43:33","__export__.res_partner_1781_a043f483","","Fully Invoiced","2026-06-06 22:33:34","True","__export__.crm_team_59_95d20efd","__export__.res_users_10_962e2fe2","Locked","556.95"
"__export__.sale_order_150700_4a3182d8","D150686","__export__.res_users_30_f31202ea","2026-06-05 22:33:23","__export__.res_partner_2218_6c64adc3","小方带","Fully Invoiced","2026-06-06 22:31:29","True","__export__.crm_team_111_3c32966d","__export__.res_users_10_962e2fe2","Locked","96.5"
"__export__.sale_order_150699_6b1305ad","D150685","__export__.res_users_30_f31202ea","2026-06-05 22:31:22","__export__.res_partner_1869_c2b3c1c3","","Fully Invoiced","2026-06-06 22:28:57","True","__export__.crm_team_96_8d48bd6a","__export__.res_users_30_f31202ea","Locked","101.87"
"__export__.sale_order_150698_bdb69ee1","D150684","__export__.res_users_30_f31202ea","2026-06-05 22:28:49","__export__.res_partner_1216_828e12b8","","Fully Invoiced","2026-06-06 22:26:34","True","__export__.crm_team_49_ed5dc1d0","__export__.res_users_30_f31202ea","Locked","30.0"
"__export__.sale_order_150702_f60cfd1a","D150688","__export__.res_users_30_f31202ea","2026-06-05 22:53:41","__export__.res_partner_1162_84b0db9d","deliver 11am","Fully Invoiced","2026-06-06 21:46:07","True","__export__.crm_team_275_339b1b1f","__export__.res_users_7_ace94875","Locked","335.1"
"__export__.sale_order_150697_26a75288","D150683","__export__.res_users_30_f31202ea","2026-06-05 21:50:23","__export__.res_partner_1994_4bb952c0","","Fully Invoiced","2026-06-06 21:44:07","True","__export__.crm_team_96_8d48bd6a","__export__.res_users_14_42108d61","Locked","407.35"
"__export__.sale_order_150696_669dd28d","D150682","__export__.res_users_30_f31202ea","2026-06-05 21:43:22","__export__.res_partner_2401_1157210c","","Fully Invoiced","2026-06-06 21:40:56","True","__export__.crm_team_59_95d20efd","__export__.res_users_30_f31202ea","Locked","198.5"
"__export__.sale_order_150695_fb68c862","D150681","__export__.res_users_30_f31202ea","2026-06-05 21:36:25","__export__.res_partner_1042_4b562afb","","Fully Invoiced","2026-06-06 21:29:37","True","__export__.crm_team_96_8d48bd6a","__export__.res_users_30_f31202ea","Locked","322.56"
"__export__.sale_order_150694_d737bced","D150680","__export__.res_users_30_f31202ea","2026-06-05 21:17:55","__export__.res_partner_768_72edcbdb","","Fully Invoiced","2026-06-06 21:15:28","True","__export__.crm_team_49_ed5dc1d0","__export__.res_users_30_f31202ea","Locked","123.04"
"__export__.sale_order_150693_323f68bb","D150679","__export__.res_users_30_f31202ea","2026-06-05 21:09:49","__export__.res_partner_1577_224dd31f","","Fully Invoiced","2026-06-06 21:03:21","True","__export__.crm_team_275_339b1b1f","__export__.res_users_30_f31202ea","Locked","33.5"
"__export__.sale_order_150692_16cfd790","D150678","__export__.res_users_30_f31202ea","2026-06-05 21:00:45","__export__.res_partner_858_0e5ada1d","","Fully Invoiced","2026-06-06 20:44:15","True","__export__.crm_team_96_8d48bd6a","__export__.res_users_14_42108d61","Locked","275.78"
"__export__.sale_order_150691_f6a9f05a","D150677","__export__.res_users_30_f31202ea","2026-06-05 20:18:56","__export__.res_partner_878_d6f1bc08","","Fully Invoiced","2026-06-06 20:14:47","True","__export__.crm_team_96_8d48bd6a","__export__.res_users_10_962e2fe2","Locked","154.95"
"__export__.sale_order_150690_97d49d8a","D150676","__export__.res_users_30_f31202ea","2026-06-05 19:56:38","__export__.res_partner_866_7023b017","","Fully Invoiced","2026-06-06 19:48:39","True","__export__.crm_team_275_339b1b1f","__export__.res_users_8_fb87432d","Locked","407.2"
"__export__.sale_order_150689_25b3a36d","D150675","__export__.res_users_30_f31202ea","2026-06-05 19:48:32","__export__.res_partner_866_7023b017","","Fully Invoiced","2026-06-06 19:44:35","True","__export__.crm_team_275_339b1b1f","__export__.res_users_8_fb87432d","Locked","167.28"
"__export__.sale_order_150688_561a79e2","D150674","__export__.res_users_30_f31202ea","2026-06-05 18:33:40","__export__.res_partner_1318_c98a4b7c","","Fully Invoiced","2026-06-06 18:26:14","True","__export__.crm_team_49_ed5dc1d0","__export__.res_users_30_f31202ea","Locked","144.35"
"__export__.sale_order_150687_f395cd4d","D150673","__export__.res_users_14_42108d61","2026-06-05 14:46:58","__export__.res_partner_1204_0e526973","sent to wok on inn","Fully Invoiced","2026-06-06 14:46:27","True","__export__.crm_team_49_ed5dc1d0","__export__.res_users_14_42108d61","Locked","18.5"
"__export__.sale_order_150683_8ee4fe59","D150669","__export__.res_users_10_962e2fe2","2026-06-05 12:42:13","__export__.res_partner_874_2fe3c6b7","","Fully Invoiced","2026-06-06 12:41:53","True","__export__.crm_team_49_ed5dc1d0","__export__.res_users_10_962e2fe2","Locked","52.5"
"__export__.sale_order_150726_d7e15fc4","D150712","__export__.res_users_10_962e2fe2","2026-06-06 11:21:21","__export__.res_partner_2226_073d5a5a","","Fully Invoiced","2026-06-06 11:21:09","True","__export__.crm_team_277_1848bdf1","__export__.res_users_10_962e2fe2","Locked","60.0"
"__export__.sale_order_150675_21579e30","D150661","__export__.res_users_10_962e2fe2","2026-06-05 10:50:05","__export__.res_partner_818_8185df11","RO不要确认","Fully Invoiced","2026-06-06 10:49:10","True","__export__.crm_team_96_8d48bd6a","__export__.res_users_10_962e2fe2","Locked","825.24"
"__export__.sale_order_150672_f2e8776f","D150658","__export__.res_users_10_962e2fe2","2026-06-05 10:35:58","__export__.res_partner_874_2fe3c6b7","","Fully Invoiced","2026-06-06 10:35:41","True","__export__.crm_team_49_ed5dc1d0","__export__.res_users_10_962e2fe2","Locked","17.5"
"__export__.sale_order_150725_e6da839a","D150711","__export__.res_users_10_962e2fe2","2026-06-06 09:53:38","__export__.res_partner_902_081ecc25","","Fully Invoiced","2026-06-06 09:45:20","True","__export__.crm_team_96_8d48bd6a","__export__.res_users_10_962e2fe2","Locked","134.5"
"__export__.sale_order_150724_31957bed","D150710","__export__.res_users_10_962e2fe2","2026-06-06 09:25:45","__export__.res_partner_2057_b196e088","","Fully Invoiced","2026-06-06 09:25:20","True","__export__.crm_team_96_8d48bd6a","__export__.res_users_10_962e2fe2","Locked","76.0"
"__export__.sale_order_150723_9787aa88","D150709","__export__.res_users_10_962e2fe2","2026-06-06 09:13:55","__export__.res_partner_874_2fe3c6b7","","Fully Invoiced","2026-06-06 09:13:17","True","__export__.crm_team_96_8d48bd6a","__export__.res_users_10_962e2fe2","Locked","68.5"
"__export__.sale_order_150722_3b419f50","D150708","__export__.res_users_10_962e2fe2","2026-06-06 09:12:06","__export__.res_partner_1567_920f121d","","Fully Invoiced","2026-06-06 09:09:41","True","__export__.crm_team_277_1848bdf1","__export__.res_users_10_962e2fe2","Locked","103.0"
"__export__.sale_order_150721_7ff7945f","D150707","__export__.res_users_30_f31202ea","2026-06-06 09:08:30","__export__.res_partner_1577_224dd31f","仓库配货","Fully Invoiced","2026-06-06 08:59:39","True","__export__.crm_team_69_17e53434","__export__.res_users_30_f31202ea","Locked","532.94"
"__export__.sale_order_150703_e660564b","D150689","__export__.res_users_22_942f71e3","2026-06-05 23:35:27","__export__.res_partner_1222_205defba","","Fully Invoiced","2026-06-06 08:35:04","True","__export__.crm_team_49_ed5dc1d0","__export__.res_users_22_942f71e3","Locked","35.5"
"__export__.sale_order_150720_4433c595","D150706","__export__.res_users_10_962e2fe2","2026-06-06 08:21:59","__export__.res_partner_2052_563650ad","已给","Fully Invoiced","2026-06-06 08:20:59","True","__export__.crm_team_69_17e53434","__export__.res_users_10_962e2fe2","Locked","111.3"
"__export__.sale_order_150719_a7020590","D150705","__export__.res_users_30_f31202ea","2026-06-06 08:05:21","__export__.res_partner_1979_d55d74cf","","Fully Invoiced","2026-06-06 08:01:54","True","__export__.crm_team_275_339b1b1f","__export__.res_users_30_f31202ea","Locked","125.8"
"__export__.sale_order_150704_64e366de","D150690","__export__.res_users_22_942f71e3","2026-06-06 00:02:00","__export__.res_partner_1008_4287ea11","","Fully Invoiced","2026-06-06 08:01:10","True","__export__.crm_team_59_95d20efd","__export__.res_users_7_ace94875","Locked","297.6"
"__export__.sale_order_150718_00df265c","D150704","__export__.res_users_10_962e2fe2","2026-06-06 08:00:09","__export__.res_partner_2500_54e25243","","Fully Invoiced","2026-06-06 07:59:02","True","__export__.crm_team_49_ed5dc1d0","__export__.res_users_10_962e2fe2","Locked","108.4"
"__export__.sale_order_150717_bd68ab55","D150703","__export__.res_users_10_962e2fe2","2026-06-06 07:58:45","__export__.res_partner_1128_64cbbe68","","Fully Invoiced","2026-06-06 07:57:33","True","__export__.crm_team_276_22e06523","__export__.res_users_10_962e2fe2","Locked","197.85"
"__export__.sale_order_150716_262bd8a2","D150702","__export__.res_users_10_962e2fe2","2026-06-06 07:57:31","__export__.res_partner_1003_ca286395","","Fully Invoiced","2026-06-06 07:56:46","True","__export__.crm_team_49_ed5dc1d0","__export__.res_users_10_962e2fe2","Locked","110.0"
"__export__.sale_order_150715_44e466b0","D150701","__export__.res_users_10_962e2fe2","2026-06-06 07:56:45","__export__.res_partner_1576_8c8f7051","","Fully Invoiced","2026-06-06 07:54:27","True","__export__.crm_team_276_22e06523","__export__.res_users_10_962e2fe2","Locked","276.35"
"__export__.sale_order_150714_4369d7c8","D150700","__export__.res_users_10_962e2fe2","2026-06-06 07:54:25","__export__.res_partner_907_99000eb5","","Fully Invoiced","2026-06-06 07:53:07","True","__export__.crm_team_49_ed5dc1d0","__export__.res_users_10_962e2fe2","Locked","216.0"
"__export__.sale_order_150713_50d6500e","D150699","__export__.res_users_10_962e2fe2","2026-06-06 07:52:57","__export__.res_partner_2226_073d5a5a","","Fully Invoiced","2026-06-06 07:51:34","True","__export__.crm_team_276_22e06523","__export__.res_users_10_962e2fe2","Locked","198.0"
"__export__.sale_order_150712_87db45e6","D150698","__export__.res_users_14_42108d61","2026-06-06 07:51:05","__export__.res_partner_1837_354db69f","","Fully Invoiced","2026-06-06 07:49:47","True","__export__.crm_team_277_1848bdf1","__export__.res_users_14_42108d61","Locked","338.75"
"__export__.sale_order_150711_23162306","D150697","__export__.res_users_10_962e2fe2","2026-06-06 07:48:15","__export__.res_partner_702_52a425d1","","Fully Invoiced","2026-06-06 07:47:09","True","__export__.crm_team_277_1848bdf1","__export__.res_users_8_fb87432d","Locked","554.5"
"__export__.sale_order_150710_1ca50cc8","D150696","__export__.res_users_10_962e2fe2","2026-06-06 07:46:42","__export__.res_partner_1616_533a6f33","","Fully Invoiced","2026-06-06 07:45:57","True","__export__.crm_team_277_1848bdf1","__export__.res_users_10_962e2fe2","Locked","374.2"
"__export__.sale_order_150709_77105d90","D150695","__export__.res_users_10_962e2fe2","2026-06-06 07:45:28","__export__.res_partner_2057_b196e088","","Fully Invoiced","2026-06-06 07:44:25","True","__export__.crm_team_49_ed5dc1d0","__export__.res_users_10_962e2fe2","Locked","23.3"
"__export__.sale_order_150708_b418f6ed","D150694","__export__.res_users_10_962e2fe2","2026-06-06 07:44:23","__export__.res_partner_1626_60b65b7e","","Fully Invoiced","2026-06-06 07:43:43","True","__export__.crm_team_276_22e06523","__export__.res_users_10_962e2fe2","Locked","45.1"
"__export__.sale_order_150707_6fe21b40","D150693","__export__.res_users_10_962e2fe2","2026-06-06 07:43:41","__export__.res_partner_1845_ce74c057","","Fully Invoiced","2026-06-06 07:43:17","True","__export__.crm_team_49_ed5dc1d0","__export__.res_users_10_962e2fe2","Locked","103.5"
"__export__.sale_order_150706_d7b7ca4a","D150692","__export__.res_users_10_962e2fe2","2026-06-06 07:41:47","__export__.res_partner_1596_3194d941","","Fully Invoiced","2026-06-06 07:41:15","True","__export__.crm_team_276_22e06523","__export__.res_users_10_962e2fe2","Locked","107.5"
"__export__.sale_order_150705_550c8ea2","D150691","__export__.res_users_10_962e2fe2","2026-06-06 07:41:03","__export__.res_partner_2526_65f4da72","","Fully Invoiced","2026-06-06 07:39:50","True","__export__.crm_team_275_339b1b1f","__export__.res_users_10_962e2fe2","Locked","137.5"
"__export__.sale_order_150583_966184eb","D150569","__export__.res_users_22_942f71e3","2026-06-04 22:59:57","__export__.res_partner_747_4ecd91bc","","Fully Invoiced","2026-06-05 22:59:28","True","__export__.crm_team_232_fa62cff8","__export__.res_users_7_ace94875","Locked","57.35"
"__export__.sale_order_150582_755d9981","D150568","__export__.res_users_22_942f71e3","2026-06-04 22:59:26","__export__.res_partner_1018_7a4e2980","","Fully Invoiced","2026-06-05 22:58:57","True","__export__.crm_team_232_fa62cff8","__export__.res_users_7_ace94875","Locked","150.5"
"__export__.sale_order_150581_502a7a4d","D150567","__export__.res_users_22_942f71e3","2026-06-04 22:58:38","__export__.res_partner_815_b205f784","","Fully Invoiced","2026-06-05 22:57:21","True","__export__.crm_team_305_c2537a3b","__export__.res_users_22_942f71e3","Locked","260.4"
"__export__.sale_order_150580_0182ab62","D150566","__export__.res_users_22_942f71e3","2026-06-04 22:54:29","__export__.res_partner_2203_a475d102","已给","Fully Invoiced","2026-06-05 22:51:06","True","__export__.crm_team_69_17e53434","__export__.res_users_22_942f71e3","Locked","1643.9"
"__export__.sale_order_150576_8685a872","D150562","__export__.res_users_7_ace94875","2026-06-04 22:48:49","__export__.res_partner_1221_eff557ff","","Fully Invoiced","2026-06-05 22:46:31","True","__export__.crm_team_96_8d48bd6a","__export__.res_users_7_ace94875","Locked","608.79"
"__export__.sale_order_150575_b4b02c5c","D150561","__export__.res_users_7_ace94875","2026-06-04 22:45:45","__export__.res_partner_2239_187fc3fe","","Fully Invoiced","2026-06-05 22:39:35","True","__export__.crm_team_274_8b9d8c38","__export__.res_users_7_ace94875","Locked","755.1"
"__export__.sale_order_150573_c5c576bb","D150559","__export__.res_users_7_ace94875","2026-06-04 22:39:17","__export__.res_partner_2403_75ca4747","","Fully Invoiced","2026-06-05 22:38:15","True","__export__.crm_team_274_8b9d8c38","__export__.res_users_28_e1e8c9ed","Locked","76.0"
"__export__.sale_order_150572_e479fec1","D150558","__export__.res_users_7_ace94875","2026-06-04 22:37:17","__export__.res_partner_2026_b3659e1c","","Fully Invoiced","2026-06-05 22:36:28","True","__export__.crm_team_232_fa62cff8","__export__.res_users_7_ace94875","Locked","284.7"
"__export__.sale_order_150571_dd134565","D150557","__export__.res_users_7_ace94875","2026-06-04 22:35:55","__export__.res_partner_800_a1949b1d","","Fully Invoiced","2026-06-05 22:33:29","True","__export__.crm_team_98_821e316c","__export__.res_users_7_ace94875","Locked","700.42"
"__export__.sale_order_150570_d92886ee","D150556","__export__.res_users_7_ace94875","2026-06-04 22:32:49","__export__.res_partner_2502_7b92f574","","Fully Invoiced","2026-06-05 22:30:03","True","__export__.crm_team_305_c2537a3b","__export__.res_users_7_ace94875","Locked","904.72"
"__export__.sale_order_150569_b8eadd6c","D150555","__export__.res_users_7_ace94875","2026-06-04 22:28:52","__export__.res_partner_1313_4ce22376","","Fully Invoiced","2026-06-05 22:25:10","True","__export__.crm_team_228_ec7099f7","__export__.res_users_7_ace94875","Locked","1401.3"
"__export__.sale_order_150568_8a9bbb33","D150554","__export__.res_users_7_ace94875","2026-06-04 22:23:22","__export__.res_partner_1565_948a3c89","","Fully Invoiced","2026-06-05 22:22:41","True","__export__.crm_team_96_8d48bd6a","__export__.res_users_14_42108d61","Locked","238.5"
"__export__.sale_order_150567_d1d1a150","D150553","__export__.res_users_7_ace94875","2026-06-04 22:21:03","__export__.res_partner_2238_509cf283","","Fully Invoiced","2026-06-05 22:15:45","True","__export__.crm_team_304_3a77ed67","__export__.res_users_7_ace94875","Locked","1858.15"
"__export__.sale_order_150566_412bbf93","D150552","__export__.res_users_7_ace94875","2026-06-04 22:15:18","__export__.res_partner_1162_84b0db9d","","Fully Invoiced","2026-06-05 22:13:38","True","__export__.crm_team_302_0f8f613a","__export__.res_users_7_ace94875","Locked","391.5"
"__export__.sale_order_150565_18fe4869","D150551","__export__.res_users_7_ace94875","2026-06-04 22:13:27","__export__.res_partner_1626_60b65b7e","","Fully Invoiced","2026-06-05 22:13:10","True","__export__.crm_team_227_ffd73472","__export__.res_users_7_ace94875","Locked","34.75"
"__export__.sale_order_150564_daed0661","D150550","__export__.res_users_7_ace94875","2026-06-04 22:12:52","__export__.res_partner_2298_abf86138","","Fully Invoiced","2026-06-05 22:11:53","True","__export__.crm_team_161_8055857d","__export__.res_users_7_ace94875","Locked","309.6"
"__export__.sale_order_150563_5091b04c","D150549","__export__.res_users_7_ace94875","2026-06-04 22:11:41","__export__.res_partner_2299_11a1b7c5","","Fully Invoiced","2026-06-05 22:08:54","True","__export__.crm_team_79_8cb35e83","__export__.res_users_7_ace94875","Locked","578.81"
"__export__.sale_order_150562_59fb1920","D150548","__export__.res_users_14_42108d61","2026-06-04 22:07:54","__export__.res_partner_2555_ba76af6c","","Fully Invoiced","2026-06-05 22:07:18","True","__export__.crm_team_101_78f106ba","__export__.res_users_14_42108d61","Locked","243.25"
"__export__.sale_order_150560_3aa15849","D150546","__export__.res_users_30_f31202ea","2026-06-04 20:52:46","__export__.res_partner_1326_e85f9f0f","","Fully Invoiced","2026-06-05 20:46:26","True","__export__.crm_team_96_8d48bd6a","__export__.res_users_27_ccf3d93e","Locked","349.7"
"__export__.sale_order_150559_4869981d","D150545","__export__.res_users_30_f31202ea","2026-06-04 19:26:56","__export__.res_partner_2248_133e600a","送Mr chen","Fully Invoiced","2026-06-05 19:23:53","True","__export__.crm_team_98_821e316c","__export__.res_users_27_ccf3d93e","Locked","17.0"
"__export__.sale_order_150558_86db36c6","D150544","__export__.res_users_30_f31202ea","2026-06-04 19:22:33","__export__.res_partner_1014_b4811845","","Fully Invoiced","2026-06-05 19:16:12","True","__export__.crm_team_96_8d48bd6a","__export__.res_users_22_942f71e3","Locked","121.35"
"__export__.sale_order_150557_7104f92e","D150543","__export__.res_users_30_f31202ea","2026-06-04 19:10:45","__export__.res_partner_1990_c219b4d6","","Fully Invoiced","2026-06-05 19:04:50","True","__export__.crm_team_96_8d48bd6a","__export__.res_users_10_962e2fe2","Locked","313.62"
"__export__.sale_order_150556_7ea5a601","D150542","__export__.res_users_30_f31202ea","2026-06-04 18:34:47","__export__.res_partner_720_95666fe8","","Fully Invoiced","2026-06-05 18:32:12","True","__export__.crm_team_232_fa62cff8","__export__.res_users_27_ccf3d93e","Locked","131.85"
"__export__.sale_order_150555_8c437528","D150541","__export__.res_users_30_f31202ea","2026-06-04 18:25:31","__export__.res_partner_2553_e1e16865","","Fully Invoiced","2026-06-05 18:17:01","True","__export__.crm_team_305_c2537a3b","__export__.res_users_30_f31202ea","Locked","231.9"
"__export__.sale_order_150553_f21bf682","D150539","__export__.res_users_14_42108d61","2026-06-04 16:42:25","__export__.res_partner_2510_f6a1dc97","","Fully Invoiced","2026-06-05 16:38:15","True","__export__.crm_team_78_db60447e","__export__.res_users_14_42108d61","Locked","165.65"
"__export__.sale_order_150552_f177f4d9","D150538","__export__.res_users_14_42108d61","2026-06-04 16:31:39","__export__.res_partner_2232_5eb6c569","早送11点店里有人","Fully Invoiced","2026-06-05 16:27:24","True","__export__.crm_team_275_339b1b1f","__export__.res_users_14_42108d61","Locked","748.61"
"__export__.sale_order_150551_ec50a779","D150537","__export__.res_users_10_962e2fe2","2026-06-04 15:29:02","__export__.res_partner_956_89e96401","","Fully Invoiced","2026-06-05 15:27:42","True","__export__.crm_team_51_075d42c1","__export__.res_users_10_962e2fe2","Locked","204.6"
"__export__.sale_order_150550_9b893571","D150536","__export__.res_users_10_962e2fe2","2026-06-04 15:26:21","__export__.res_partner_997_1abc595b","","Fully Invoiced","2026-06-05 15:23:46","True","__export__.crm_team_159_d09f9755","__export__.res_users_7_ace94875","Locked","434.1"
"__export__.sale_order_150549_9b8bcf32","D150535","__export__.res_users_14_42108d61","2026-06-04 15:22:34","__export__.res_partner_1123_68f38c82","","Fully Invoiced","2026-06-05 15:21:08","True","__export__.crm_team_78_db60447e","__export__.res_users_27_ccf3d93e","Locked","166.5"
"__export__.sale_order_150547_1bf60074","D150533","__export__.res_users_14_42108d61","2026-06-04 15:18:30","__export__.res_partner_2547_8f7ed1f4","","Fully Invoiced","2026-06-05 15:17:28","True","__export__.crm_team_302_0f8f613a","__export__.res_users_14_42108d61","Locked","394.9"
"__export__.sale_order_150385_998efd3d","D150371","__export__.res_users_7_ace94875","2026-06-03 15:10:35","__export__.res_partner_688_3ca9b4ca","","Fully Invoiced","2026-06-05 15:09:27","True","__export__.crm_team_61_8dc82ae3","__export__.res_users_7_ace94875","Locked","250.0"
"__export__.sale_order_150546_e306d4fb","D150532","__export__.res_users_10_962e2fe2","2026-06-04 15:16:00","__export__.res_partner_1784_0f0d26fc","","Fully Invoiced","2026-06-05 15:09:06","True","__export__.crm_team_227_ffd73472","__export__.res_users_10_962e2fe2","Locked","100.0"
"__export__.sale_order_150548_a5810653","D150534","__export__.res_users_10_962e2fe2","2026-06-04 15:18:43","__export__.res_partner_1603_68c3be70","","Fully Invoiced","2026-06-05 15:09:01","True","__export__.crm_team_303_6d918a38","__export__.res_users_10_962e2fe2","Locked","187.9"
"__export__.sale_order_150381_95f11123","D150367","__export__.res_users_22_942f71e3","2026-06-03 15:00:52","__export__.res_partner_2259_982a2137","已给","Fully Invoiced","2026-06-05 14:54:33","True","__export__.crm_team_69_17e53434","__export__.res_users_22_942f71e3","Locked","1244.65"
"__export__.sale_order_150545_b1f40fc6","D150531","__export__.res_users_7_ace94875","2026-06-04 14:38:37","__export__.res_partner_2156_ba2f749b","","Fully Invoiced","2026-06-05 14:37:54","True","__export__.crm_team_96_8d48bd6a","__export__.res_users_10_962e2fe2","Locked","71.9"
"__export__.sale_order_150544_93cfe057","D150530","__export__.res_users_7_ace94875","2026-06-04 14:37:50","__export__.res_partner_1268_23010732","","Fully Invoiced","2026-06-05 14:37:20","True","__export__.crm_team_96_8d48bd6a","__export__.res_users_10_962e2fe2","Locked","122.25"
"__export__.sale_order_150543_dbbfd840","D150529","__export__.res_users_7_ace94875","2026-06-04 14:31:33","__export__.res_partner_2523_69da4468","","Fully Invoiced","2026-06-05 14:30:51","True","__export__.crm_team_80_d86e22d9","__export__.res_users_7_ace94875","Locked","93.85"
"__export__.sale_order_150538_6077e841","D150524","__export__.res_users_14_42108d61","2026-06-04 13:43:26","__export__.res_partner_1895_017c88e4","","Fully Invoiced","2026-06-05 13:41:30","True","__export__.crm_team_230_30056844","__export__.res_users_14_42108d61","Locked","407.2"
"__export__.sale_order_150686_1d6e0df8","D150672","__export__.res_users_22_942f71e3","2026-06-05 13:26:44","__export__.res_partner_1071_44f86fd5","","Fully Invoiced","2026-06-05 13:26:09","True","__export__.crm_team_98_821e316c","__export__.res_users_27_ccf3d93e","Locked","13.5"
"__export__.sale_order_150537_ff744ebe","D150523","__export__.res_users_14_42108d61","2026-06-04 13:10:05","__export__.res_partner_1079_f42ddf2f","","To Invoice","2026-06-05 13:06:39","True","__export__.crm_team_275_339b1b1f","__export__.res_users_14_42108d61","Locked","448.44"
"__export__.sale_order_150685_f8763d1a","D150671","__export__.res_users_7_ace94875","2026-06-05 12:52:07","__export__.res_partner_2468_e2144f10","","Fully Invoiced","2026-06-05 12:51:46","True","__export__.crm_team_69_17e53434","__export__.res_users_10_962e2fe2","Locked","5.6"
"__export__.sale_order_150579_0dac87d1","D150565","__export__.res_users_8_fb87432d","2026-06-04 22:53:38","__export__.res_partner_988_d8939c6f","","Fully Invoiced","2026-06-05 12:51:36","True","__export__.crm_team_229_a2ef141e","__export__.res_users_18_297f6f55","Locked","143.05"
"__export__.sale_order_150578_ff25d2df","D150564","__export__.res_users_8_fb87432d","2026-06-04 22:51:03","__export__.res_partner_1103_926e4c12","","Fully Invoiced","2026-06-05 12:49:52","True","__export__.crm_team_305_c2537a3b","__export__.res_users_18_297f6f55","Locked","125.55"
"__export__.sale_order_150577_86040c26","D150563","__export__.res_users_8_fb87432d","2026-06-04 22:48:54","__export__.res_partner_1558_b4bd7d3c","","Fully Invoiced","2026-06-05 12:47:14","True","__export__.crm_team_173_1afa093c","__export__.res_users_8_fb87432d","Locked","316.45"
"__export__.sale_order_150684_a1e47a98","D150670","__export__.res_users_7_ace94875","2026-06-05 12:49:11","__export__.res_partner_884_82cd1d83","","Fully Invoiced","2026-06-05 12:47:00","True","__export__.crm_team_101_78f106ba","__export__.res_users_8_fb87432d","Locked","80.36"
"__export__.sale_order_150574_8cf38e49","D150560","__export__.res_users_8_fb87432d","2026-06-04 22:45:45","__export__.res_partner_2062_392da815","","Fully Invoiced","2026-06-05 12:40:54","True","__export__.crm_team_173_1afa093c","__export__.res_users_8_fb87432d","Locked","1380.24"
"__export__.sale_order_150374_7a22a034","D150360","__export__.res_users_10_962e2fe2","2026-06-03 12:30:28","__export__.res_partner_951_7495bf44","已给","Fully Invoiced","2026-06-05 12:27:01","True","__export__.crm_team_69_17e53434","__export__.res_users_10_962e2fe2","Locked","640.7"
"__export__.sale_order_150534_7c0b975a","D150520","__export__.res_users_7_ace94875","2026-06-04 12:11:20","__export__.res_partner_692_5b156858","","Fully Invoiced","2026-06-05 12:10:58","True","__export__.crm_team_96_8d48bd6a","__export__.res_users_22_942f71e3","Locked","46.5"
"__export__.sale_order_150533_2a6633ff","D150519","__export__.res_users_7_ace94875","2026-06-04 12:10:37","__export__.res_partner_2424_82fac167","","Fully Invoiced","2026-06-05 12:09:45","True","__export__.crm_team_227_ffd73472","__export__.res_users_28_e1e8c9ed","Locked","199.29"
"__export__.sale_order_150532_3a66e3e1","D150518","__export__.res_users_7_ace94875","2026-06-04 12:09:43","__export__.res_partner_2410_2ed9a75d","","Fully Invoiced","2026-06-05 12:08:33","True","__export__.crm_team_227_ffd73472","__export__.res_users_28_e1e8c9ed","Locked","76.26"
"__export__.sale_order_150373_bed3fe4c","D150359","__export__.res_users_10_962e2fe2","2026-06-03 12:26:24","__export__.res_partner_2023_d499846c","已给","Fully Invoiced","2026-06-05 11:57:31","True","__export__.crm_team_69_17e53434","__export__.res_users_10_962e2fe2","Locked","267.38"
"__export__.sale_order_150680_69e5c075","D150666","__export__.res_users_22_942f71e3","2026-06-05 11:48:11","__export__.res_partner_1577_224dd31f","","Fully Invoiced","2026-06-05 11:47:56","True","__export__.crm_team_69_17e53434","__export__.res_users_22_942f71e3","Locked","1200.0"
"__export__.sale_order_150681_08564350","D150667","__export__.res_users_10_962e2fe2","2026-06-05 11:48:19","__export__.res_partner_1036_c336a2ab","","Fully Invoiced","2026-06-05 11:47:43","True","__export__.crm_team_69_17e53434","__export__.res_users_7_ace94875","Locked","15.98"
"__export__.sale_order_150682_d1177b5a","D150668","__export__.res_users_14_42108d61","2026-06-05 11:49:02","__export__.res_partner_2352_a590ab32","","Fully Invoiced","2026-06-05 11:47:15","True","__export__.crm_team_102_350bf834","__export__.res_users_14_42108d61","Locked","27.5"
"__export__.sale_order_150679_3084f2c8","D150665","__export__.res_users_14_42108d61","2026-06-05 11:46:15","__export__.res_partner_1816_25501dc0","","Fully Invoiced","2026-06-05 11:45:44","True","__export__.crm_team_304_3a77ed67","__export__.res_users_14_42108d61","Locked","16.0"
"__export__.sale_order_150678_7577a267","D150664","__export__.res_users_10_962e2fe2","2026-06-05 11:41:11","__export__.res_partner_1036_c336a2ab","","Fully Invoiced","2026-06-05 11:40:31","True","__export__.crm_team_69_17e53434","__export__.res_users_7_ace94875","Locked","61.4"
"__export__.sale_order_150369_bb13efb2","D150355","__export__.res_users_7_ace94875","2026-06-03 11:18:48","__export__.res_partner_1178_4660d857","","Fully Invoiced","2026-06-05 11:16:39","True","__export__.crm_team_61_8dc82ae3","__export__.res_users_7_ace94875","Locked","2334.03"
"__export__.sale_order_150677_09596086","D150663","__export__.res_users_14_42108d61","2026-06-05 11:06:16","__export__.res_partner_1816_25501dc0","","Fully Invoiced","2026-06-05 10:54:33","True","__export__.crm_team_304_3a77ed67","__export__.res_users_14_42108d61","Locked","129.65"
"__export__.sale_order_150674_072dbc41","D150660","__export__.res_users_22_942f71e3","2026-06-05 10:45:56","__export__.res_partner_1766_b5865f7b","","Fully Invoiced","2026-06-05 10:43:29","True","__export__.crm_team_230_30056844","__export__.res_users_27_ccf3d93e","Locked","76.0"
"__export__.sale_order_150673_6952413d","D150659","__export__.res_users_22_942f71e3","2026-06-05 10:42:59","__export__.res_partner_1928_fbc97e44","","Fully Invoiced","2026-06-05 10:42:00","True","__export__.crm_team_230_30056844","__export__.res_users_27_ccf3d93e","Locked","224.0"
"__export__.sale_order_150671_7878f905","D150657","__export__.res_users_22_942f71e3","2026-06-05 10:09:42","__export__.res_partner_2462_884eb14e","","Fully Invoiced","2026-06-05 10:09:17","True","__export__.crm_team_228_ec7099f7","__export__.res_users_28_e1e8c9ed","Locked","50.1"
"__export__.sale_order_150670_5b4667a2","D150656","__export__.res_users_10_962e2fe2","2026-06-05 10:07:13","__export__.res_partner_951_7495bf44","","Fully Invoiced","2026-06-05 10:05:46","True","__export__.crm_team_69_17e53434","__export__.res_users_10_962e2fe2","Locked","84.5"
"__export__.sale_order_150669_54ac81d8","D150655","__export__.res_users_10_962e2fe2","2026-06-05 10:05:19","__export__.res_partner_2468_e2144f10","","Fully Invoiced","2026-06-05 10:04:50","True","__export__.crm_team_69_17e53434","__export__.res_users_10_962e2fe2","Locked","25.5"
"__export__.sale_order_150668_8f1e446a","D150654","__export__.res_users_30_f31202ea","2026-06-05 10:02:00","__export__.res_partner_1141_61bb0f22","","Fully Invoiced","2026-06-05 10:00:19","True","__export__.crm_team_96_8d48bd6a","__export__.res_users_7_ace94875","Locked","68.5"
"__export__.sale_order_150666_90240337","D150652","__export__.res_users_14_42108d61","2026-06-05 09:23:51","__export__.res_partner_2288_e2464fcc","","Fully Invoiced","2026-06-05 09:23:51","True","__export__.crm_team_230_30056844","__export__.res_users_14_42108d61","Locked","283.29"
"__export__.sale_order_150665_a3f04495","D150651","__export__.res_users_14_42108d61","2026-06-05 09:21:09","__export__.res_partner_2563_bf1a8785","","Fully Invoiced","2026-06-05 09:15:12","True","__export__.crm_team_102_350bf834","__export__.res_users_14_42108d61","Locked","753.13"
"__export__.sale_order_150664_f0fda092","D150650","__export__.res_users_10_962e2fe2","2026-06-05 09:18:13","__export__.res_partner_874_2fe3c6b7","","Fully Invoiced","2026-06-05 09:12:44","True","__export__.crm_team_59_95d20efd","__export__.res_users_10_962e2fe2","Locked","102.0"
"__export__.sale_order_150663_f5033542","D150649","__export__.res_users_22_942f71e3","2026-06-05 09:08:32","__export__.res_partner_1216_828e12b8","","Fully Invoiced","2026-06-05 09:08:19","True","__export__.crm_team_59_95d20efd","__export__.res_users_22_942f71e3","Locked","13.0"
"__export__.sale_order_150667_6cc1b207","D150653","__export__.res_users_14_42108d61","2026-06-05 09:32:31","__export__.res_partner_902_081ecc25","","Fully Invoiced","2026-06-05 09:06:25","True","__export__.crm_team_59_95d20efd","__export__.res_users_14_42108d61","Locked","18.0"
"__export__.sale_order_150662_209be54a","D150648","__export__.res_users_14_42108d61","2026-06-05 08:58:09","__export__.res_partner_1258_90945fa0","","Fully Invoiced","2026-06-05 08:57:45","True","__export__.crm_team_229_a2ef141e","__export__.res_users_14_42108d61","Locked","100.0"
"__export__.sale_order_150660_c6d43eed","D150646","__export__.res_users_22_942f71e3","2026-06-05 08:51:41","__export__.res_partner_2464_6b8b8041","","Fully Invoiced","2026-06-05 08:51:41","True","__export__.crm_team_231_ec27440e","__export__.res_users_7_ace94875","Locked","189.3"
"__export__.sale_order_150597_2a557454","D150583","__export__.res_users_22_942f71e3","2026-06-05 00:55:03","__export__.res_partner_1577_224dd31f","","Fully Invoiced","2026-06-05 08:50:46","True","__export__.crm_team_227_ffd73472","__export__.res_users_22_942f71e3","Locked","127.5"
"__export__.sale_order_150659_4e6103fc","D150645","__export__.res_users_14_42108d61","2026-06-05 08:47:48","__export__.res_partner_2554_2a140201","","Fully Invoiced","2026-06-05 08:46:48","True","__export__.crm_team_159_d09f9755","__export__.res_users_14_42108d61","Locked","90.85"
"__export__.sale_order_150658_6eb1e14a","D150644","__export__.res_users_10_962e2fe2","2026-06-05 08:46:44","__export__.res_partner_2052_563650ad","","Fully Invoiced","2026-06-05 08:46:30","True","__export__.crm_team_69_17e53434","__export__.res_users_10_962e2fe2","Locked","40.8"
"__export__.sale_order_150656_eb7532f4","D150642","__export__.res_users_22_942f71e3","2026-06-05 08:45:48","__export__.res_partner_1577_224dd31f","仓库出货","Fully Invoiced","2026-06-05 08:44:57","True","__export__.crm_team_69_17e53434","__export__.res_users_22_942f71e3","Locked","80.8"
"__export__.sale_order_150657_bf39dd9f","D150643","__export__.res_users_10_962e2fe2","2026-06-05 08:45:58","__export__.res_partner_1038_4eae3e17","","Fully Invoiced","2026-06-05 08:44:42","True","__export__.crm_team_275_339b1b1f","__export__.res_users_10_962e2fe2","Locked","249.41"
"__export__.sale_order_150655_d85258f3","D150641","__export__.res_users_14_42108d61","2026-06-05 08:45:20","__export__.res_partner_1184_6e0a68be","","Fully Invoiced","2026-06-05 08:43:51","True","__export__.crm_team_96_8d48bd6a","__export__.res_users_14_42108d61","Locked","306.27"
"__export__.sale_order_150654_05a01151","D150640","__export__.res_users_10_962e2fe2","2026-06-05 08:43:47","__export__.res_partner_951_7495bf44","已给","Fully Invoiced","2026-06-05 08:43:28","True","__export__.crm_team_69_17e53434","__export__.res_users_10_962e2fe2","Locked","50.0"
"__export__.sale_order_150652_6f4b56a5","D150638","__export__.res_users_14_42108d61","2026-06-05 08:43:20","__export__.res_partner_2028_9fa04bc8","","Fully Invoiced","2026-06-05 08:42:21","True","__export__.crm_team_96_8d48bd6a","__export__.res_users_14_42108d61","Locked","247.39"
"__export__.sale_order_150653_c0cf6a4c","D150639","__export__.res_users_14_42108d61","2026-06-05 08:43:36","__export__.res_partner_723_b6aff6bf","","Fully Invoiced","2026-06-05 08:41:40","True","__export__.crm_team_96_8d48bd6a","__export__.res_users_14_42108d61","Locked","134.35"
"__export__.sale_order_150650_945d98fe","D150636","__export__.res_users_14_42108d61","2026-06-05 08:41:32","__export__.res_partner_1081_1b628387","","Fully Invoiced","2026-06-05 08:40:22","True","__export__.crm_team_306_f21cf977","__export__.res_users_14_42108d61","Locked","107.4"
"__export__.sale_order_150651_fb7eec57","D150637","__export__.res_users_14_42108d61","2026-06-05 08:41:35","__export__.res_partner_1075_51f5f6f0","","Fully Invoiced","2026-06-05 08:39:39","True","__export__.crm_team_306_f21cf977","__export__.res_users_14_42108d61","Locked","131.28"
"__export__.sale_order_150649_bc4ec474","D150635","__export__.res_users_22_942f71e3","2026-06-05 08:40:35","__export__.res_partner_2352_a590ab32","","Fully Invoiced","2026-06-05 08:37:46","True","__export__.crm_team_177_f958c6ae","__export__.res_users_22_942f71e3","Locked","538.55"
"__export__.sale_order_150648_c25fbb95","D150634","__export__.res_users_14_42108d61","2026-06-05 08:39:31","__export__.res_partner_2290_5cd4b535","","Fully Invoiced","2026-06-05 08:37:09","True","__export__.crm_team_177_f958c6ae","__export__.res_users_14_42108d61","Locked","260.6"
"__export__.sale_order_150647_eb63e666","D150633","__export__.res_users_7_ace94875","2026-06-05 08:36:16","__export__.res_partner_1634_e8b1f7be","","Fully Invoiced","2026-06-05 08:35:48","True","__export__.crm_team_303_6d918a38","__export__.res_users_28_e1e8c9ed","Locked","25.0"
"__export__.sale_order_150645_4aa2ef1e","D150631","__export__.res_users_22_942f71e3","2026-06-05 08:34:05","__export__.res_partner_1306_509b32e3","","Fully Invoiced","2026-06-05 08:32:47","True","__export__.crm_team_303_6d918a38","__export__.res_users_8_fb87432d","Locked","310.45"
"__export__.sale_order_150644_6b3f9135","D150630","__export__.res_users_14_42108d61","2026-06-05 08:33:42","__export__.res_partner_920_5db42f04","","Fully Invoiced","2026-06-05 08:32:40","True","__export__.crm_team_51_075d42c1","__export__.res_users_14_42108d61","Locked","211.77"
"__export__.sale_order_150346_82727070","D150332","__export__.res_users_10_962e2fe2","2026-06-03 08:32:39","__export__.res_partner_818_8185df11","","Fully Invoiced","2026-06-05 08:31:02","True","__export__.crm_team_59_95d20efd","__export__.res_users_10_962e2fe2","Locked","814.1"
"__export__.sale_order_150646_487f89d5","D150632","__export__.res_users_10_962e2fe2","2026-06-05 08:35:48","__export__.res_partner_1611_726cf95c","","Fully Invoiced","2026-06-05 08:29:27","True","__export__.crm_team_102_350bf834","__export__.res_users_7_ace94875","Locked","905.43"
"__export__.sale_order_150640_2073072b","D150626","__export__.res_users_7_ace94875","2026-06-05 08:28:30","__export__.res_partner_2007_3eaeff71","","Fully Invoiced","2026-06-05 08:27:51","True","__export__.crm_team_163_c20aff5a","__export__.res_users_14_42108d61","Locked","335.1"
"__export__.sale_order_150643_90635cd8","D150629","__export__.res_users_14_42108d61","2026-06-05 08:32:38","__export__.res_partner_1599_e6df6ec0","","Fully Invoiced","2026-06-05 08:27:24","True","__export__.crm_team_98_821e316c","__export__.res_users_14_42108d61","Locked","392.8"
"__export__.sale_order_150641_451a61f5","D150627","__export__.res_users_10_962e2fe2","2026-06-05 08:29:23","__export__.res_partner_2567_6c804877","2点后有人，前门送货","Fully Invoiced","2026-06-05 08:25:14","True","__export__.crm_team_96_8d48bd6a","__export__.res_users_10_962e2fe2","Locked","160.15"
"__export__.sale_order_150642_a8d9dcd0","D150628","__export__.res_users_22_942f71e3","2026-06-05 08:32:17","__export__.res_partner_1034_74111203","","Fully Invoiced","2026-06-05 08:25:09","True","__export__.crm_team_231_ec27440e","__export__.res_users_27_ccf3d93e","Locked","229.25"
"__export__.sale_order_150639_b0dc7301","D150625","__export__.res_users_7_ace94875","2026-06-05 08:27:31","__export__.res_partner_2012_f514a226","","Fully Invoiced","2026-06-05 08:24:08","True","__export__.crm_team_306_f21cf977","__export__.res_users_7_ace94875","Locked","432.03"
"__export__.sale_order_150635_22478fe3","D150621","__export__.res_users_7_ace94875","2026-06-05 08:21:57","__export__.res_partner_1846_53c72dc8","","Fully Invoiced","2026-06-05 08:21:43","True","__export__.crm_team_61_8dc82ae3","__export__.res_users_7_ace94875","Locked","1596.0"
"__export__.sale_order_150637_cef47070","D150623","__export__.res_users_14_42108d61","2026-06-05 08:24:18","__export__.res_partner_1204_0e526973","","Fully Invoiced","2026-06-05 08:20:25","True","__export__.crm_team_230_30056844","__export__.res_users_14_42108d61","Locked","576.85"
"__export__.sale_order_150638_739f4ba9","D150624","__export__.res_users_10_962e2fe2","2026-06-05 08:24:28","__export__.res_partner_1572_87bf5297","","Fully Invoiced","2026-06-05 08:19:21","True","__export__.crm_team_232_fa62cff8","__export__.res_users_10_962e2fe2","Locked","256.76"
"__export__.sale_order_150634_ccabb16a","D150620","__export__.res_users_14_42108d61","2026-06-05 08:19:12","__export__.res_partner_2050_3666fbb2","","Fully Invoiced","2026-06-05 08:16:28","True","__export__.crm_team_96_8d48bd6a","__export__.res_users_14_42108d61","Locked","593.55"
"__export__.sale_order_150594_af070ce2","D150580","__export__.res_users_22_942f71e3","2026-06-04 23:17:31","__export__.res_partner_2226_073d5a5a","","Fully Invoiced","2026-06-05 08:16:02","True","__export__.crm_team_227_ffd73472","__export__.res_users_10_962e2fe2","Locked","180.85"
"__export__.sale_order_150633_e925003e","D150619","__export__.res_users_10_962e2fe2","2026-06-05 08:18:20","__export__.res_partner_2519_9b3545b1","","Fully Invoiced","2026-06-05 08:15:08","True","__export__.crm_team_231_ec27440e","__export__.res_users_10_962e2fe2","Locked","451.98"
"__export__.sale_order_150593_6715da9d","D150579","__export__.res_users_22_942f71e3","2026-06-04 23:15:26","__export__.res_partner_1216_828e12b8","","Fully Invoiced","2026-06-05 08:15:02","True","__export__.crm_team_39_ffc4074f","__export__.res_users_22_942f71e3","Locked","22.5"
"__export__.sale_order_150632_1040f17e","D150618","__export__.res_users_22_942f71e3","2026-06-05 08:17:28","__export__.res_partner_1032_6906330b","","Fully Invoiced","2026-06-05 08:14:58","True","__export__.crm_team_163_c20aff5a","__export__.res_users_7_ace94875","Locked","595.74"
"__export__.sale_order_150636_0ce419df","D150622","__export__.res_users_30_f31202ea","2026-06-05 08:22:45","__export__.res_partner_1141_61bb0f22","","Fully Invoiced","2026-06-05 08:14:15","True","__export__.crm_team_96_8d48bd6a","__export__.res_users_7_ace94875","Locked","448.39"
"__export__.sale_order_150631_c1ce17d5","D150617","__export__.res_users_22_942f71e3","2026-06-05 08:14:49","__export__.res_partner_748_a0244e8f","","Fully Invoiced","2026-06-05 08:14:15","True","__export__.crm_team_159_d09f9755","__export__.res_users_7_ace94875","Locked","78.4"
"__export__.sale_order_150592_a1e6bd36","D150578","__export__.res_users_22_942f71e3","2026-06-04 23:14:18","__export__.res_partner_1003_ca286395","","Fully Invoiced","2026-06-05 08:13:26","True","__export__.crm_team_39_ffc4074f","__export__.res_users_10_962e2fe2","Locked","80.0"
"__export__.sale_order_150629_bbe76734","D150615","__export__.res_users_22_942f71e3","2026-06-05 08:14:00","__export__.res_partner_1019_04d73dd9","","Fully Invoiced","2026-06-05 08:13:20","True","__export__.crm_team_159_d09f9755","__export__.res_users_7_ace94875","Locked","88.3"
"__export__.sale_order_150627_284bbd12","D150613","__export__.res_users_10_962e2fe2","2026-06-05 08:13:57","__export__.res_partner_1324_6d2ce121","","Fully Invoiced","2026-06-05 08:12:50","True","__export__.crm_team_96_8d48bd6a","__export__.res_users_10_962e2fe2","Locked","75.0"
"__export__.sale_order_150630_1d1a8644","D150616","__export__.res_users_14_42108d61","2026-06-05 08:14:15","__export__.res_partner_1953_c997dcd9","","Fully Invoiced","2026-06-05 08:12:30","True","__export__.crm_team_79_8cb35e83","__export__.res_users_14_42108d61","Locked","259.45"
"__export__.sale_order_150628_5d24aff8","D150614","__export__.res_users_10_962e2fe2","2026-06-05 08:13:58","__export__.res_partner_945_acf591c0","","Fully Invoiced","2026-06-05 08:12:24","True","__export__.crm_team_96_8d48bd6a","__export__.res_users_10_962e2fe2","Locked","93.85"
"__export__.sale_order_150626_98c457cb","D150612","__export__.res_users_22_942f71e3","2026-06-05 08:13:07","__export__.res_partner_1170_d47a6860","","Fully Invoiced","2026-06-05 08:12:24","True","__export__.crm_team_229_a2ef141e","__export__.res_users_22_942f71e3","Locked","121.85"
"__export__.sale_order_150591_87ca0ec2","D150577","__export__.res_users_22_942f71e3","2026-06-04 23:13:14","__export__.res_partner_1220_7b1e037c","","Fully Invoiced","2026-06-05 08:12:22","True","__export__.crm_team_51_075d42c1","__export__.res_users_22_942f71e3","Locked","51.2"
"__export__.sale_order_150590_5e6d6f73","D150576","__export__.res_users_22_942f71e3","2026-06-04 23:11:46","__export__.res_partner_768_72edcbdb","","Fully Invoiced","2026-06-05 08:11:14","True","__export__.crm_team_39_ffc4074f","__export__.res_users_22_942f71e3","Locked","185.35"
"__export__.sale_order_150624_2ab1a07f","D150610","__export__.res_users_14_42108d61","2026-06-05 08:12:02","__export__.res_partner_2348_759e8a9a","","Fully Invoiced","2026-06-05 08:10:30","True","__export__.crm_team_161_8055857d","__export__.res_users_14_42108d61","Locked","297.9"
"__export__.sale_order_150622_99cfb31c","D150608","__export__.res_users_7_ace94875","2026-06-05 08:09:30","__export__.res_partner_2057_b196e088","","Fully Invoiced","2026-06-05 08:09:08","True","__export__.crm_team_79_8cb35e83","__export__.res_users_7_ace94875","Locked","65.35"
"__export__.sale_order_150625_ee184a5f","D150611","__export__.res_users_10_962e2fe2","2026-06-05 08:12:22","__export__.res_partner_707_b92d9a31","","Fully Invoiced","2026-06-05 08:08:51","True","__export__.crm_team_229_a2ef141e","__export__.res_users_10_962e2fe2","Locked","504.82"
"__export__.sale_order_150589_0e119c0c","D150575","__export__.res_users_22_942f71e3","2026-06-04 23:10:07","__export__.res_partner_866_7023b017","","Fully Invoiced","2026-06-05 08:08:43","True","__export__.crm_team_227_ffd73472","__export__.res_users_8_fb87432d","Locked","249.55"
"__export__.sale_order_150620_a3ffe330","D150606","__export__.res_users_10_962e2fe2","2026-06-05 08:08:50","__export__.res_partner_2266_132955fa","","Fully Invoiced","2026-06-05 08:07:57","True","__export__.crm_team_51_075d42c1","__export__.res_users_10_962e2fe2","Locked","192.2"
"__export__.sale_order_150588_a7234c13","D150574","__export__.res_users_22_942f71e3","2026-06-04 23:08:19","__export__.res_partner_1042_4b562afb","","Fully Invoiced","2026-06-05 08:07:51","True","__export__.crm_team_79_8cb35e83","__export__.res_users_22_942f71e3","Locked","153.35"
"__export__.sale_order_150587_9b51a5c5","D150573","__export__.res_users_22_942f71e3","2026-06-04 23:07:42","__export__.res_partner_1222_205defba","","Fully Invoiced","2026-06-05 08:06:50","True","__export__.crm_team_39_ffc4074f","__export__.res_users_22_942f71e3","Locked","37.0"
"__export__.sale_order_150619_8c40a4e3","D150605","__export__.res_users_7_ace94875","2026-06-05 08:08:05","__export__.res_partner_976_61ad322d","","Fully Invoiced","2026-06-05 08:06:38","True","__export__.crm_team_161_8055857d","__export__.res_users_7_ace94875","Locked","225.1"
"__export__.sale_order_150621_c6a3d6e6","D150607","__export__.res_users_14_42108d61","2026-06-05 08:08:50","__export__.res_partner_2478_0a6bc6a3","","Fully Invoiced","2026-06-05 08:06:33","True","__export__.crm_team_78_db60447e","__export__.res_users_14_42108d61","Locked","395.54"
"__export__.sale_order_150616_556d6e4b","D150602","__export__.res_users_22_942f71e3","2026-06-05 08:05:55","__export__.res_partner_2259_982a2137","已给","Fully Invoiced","2026-06-05 08:05:19","True","__export__.crm_team_69_17e53434","__export__.res_users_22_942f71e3","Locked","24.52"
"__export__.sale_order_150586_e2cf56e7","D150572","__export__.res_users_22_942f71e3","2026-06-04 23:06:04","__export__.res_partner_941_349707c0","","Fully Invoiced","2026-06-05 08:05:14","True","__export__.crm_team_96_8d48bd6a","__export__.res_users_14_42108d61","Locked","65.0"
"__export__.sale_order_150618_d5d2e8b9","D150604","__export__.res_users_10_962e2fe2","2026-06-05 08:06:45","__export__.res_partner_954_c4c0df31","已给","Fully Invoiced","2026-06-05 08:05:06","True","__export__.crm_team_69_17e53434","__export__.res_users_10_962e2fe2","Locked","333.5"
"__export__.sale_order_150617_c4c3215e","D150603","__export__.res_users_14_42108d61","2026-06-05 08:06:27","__export__.res_partner_858_0e5ada1d","","Fully Invoiced","2026-06-05 08:04:15","True","__export__.crm_team_79_8cb35e83","__export__.res_users_14_42108d61","Locked","266.7"
"__export__.sale_order_150615_4c1b6189","D150601","__export__.res_users_10_962e2fe2","2026-06-05 08:04:56","__export__.res_partner_2023_d499846c","已给","Fully Invoiced","2026-06-05 08:03:56","True","__export__.crm_team_69_17e53434","__export__.res_users_10_962e2fe2","Locked","95.45"
"__export__.sale_order_150623_2cf448e1","D150609","__export__.res_users_30_f31202ea","2026-06-05 08:11:34","__export__.res_partner_1071_44f86fd5","","Fully Invoiced","2026-06-05 08:02:48","True","__export__.crm_team_98_821e316c","__export__.res_users_27_ccf3d93e","Locked","393.0"
"__export__.sale_order_150614_ddf7bd97","D150600","__export__.res_users_10_962e2fe2","2026-06-05 08:03:44","__export__.res_partner_951_7495bf44","已给","Fully Invoiced","2026-06-05 08:02:43","True","__export__.crm_team_69_17e53434","__export__.res_users_10_962e2fe2","Locked","125.0"
"__export__.sale_order_150613_f9398312","D150599","__export__.res_users_14_42108d61","2026-06-05 08:02:49","__export__.res_partner_1994_4bb952c0","","Fully Invoiced","2026-06-05 08:01:50","True","__export__.crm_team_78_db60447e","__export__.res_users_14_42108d61","Locked","195.1"
"__export__.sale_order_150585_3d92f909","D150571","__export__.res_users_22_942f71e3","2026-06-04 23:01:49","__export__.res_partner_2029_983ad619","","Fully Invoiced","2026-06-05 08:01:37","True","__export__.crm_team_80_d86e22d9","__export__.res_users_22_942f71e3","Locked","3.25"
"__export__.sale_order_150584_5fde4649","D150570","__export__.res_users_22_942f71e3","2026-06-04 23:01:36","__export__.res_partner_1900_f609d842","","Fully Invoiced","2026-06-05 08:00:06","True","__export__.crm_team_80_d86e22d9","__export__.res_users_22_942f71e3","Locked","129.5"
"__export__.sale_order_150611_1698b792","D150597","__export__.res_users_14_42108d61","2026-06-05 08:01:38","__export__.res_partner_2509_d01aa094","","Fully Invoiced","2026-06-05 07:58:56","True","__export__.crm_team_302_0f8f613a","__export__.res_users_14_42108d61","Locked","336.75"
"__export__.sale_order_150612_c660955f","D150598","__export__.res_users_10_962e2fe2","2026-06-05 08:01:50","__export__.res_partner_2052_563650ad","已给","Fully Invoiced","2026-06-05 07:57:32","True","__export__.crm_team_69_17e53434","__export__.res_users_10_962e2fe2","Locked","108.3"
"__export__.sale_order_150482_1518dbb5","D150468","__export__.res_users_22_942f71e3","2026-06-04 07:56:16","__export__.res_partner_2441_2e21c209","","Fully Invoiced","2026-06-05 07:55:40","True","__export__.crm_team_51_075d42c1","__export__.res_users_28_e1e8c9ed","Locked","134.08"
"__export__.sale_order_150610_d32e72da","D150596","__export__.res_users_14_42108d61","2026-06-05 07:58:55","__export__.res_partner_1079_f42ddf2f","","Fully Invoiced","2026-06-05 07:54:15","True","__export__.crm_team_275_339b1b1f","__export__.res_users_14_42108d61","Locked","810.78"
"__export__.sale_order_150609_4c1f0ae5","D150595","__export__.res_users_10_962e2fe2","2026-06-05 07:57:16","__export__.res_partner_2500_54e25243","","Fully Invoiced","2026-06-05 07:54:11","True","__export__.crm_team_39_ffc4074f","__export__.res_users_10_962e2fe2","Locked","189.5"
"__export__.sale_order_150608_cffd6db1","D150594","__export__.res_users_14_42108d61","2026-06-05 07:54:13","__export__.res_partner_2536_e53ff52d","","Fully Invoiced","2026-06-05 07:51:53","True","__export__.crm_team_302_0f8f613a","__export__.res_users_14_42108d61","Locked","227.6"
"__export__.sale_order_150606_eef661ac","D150592","__export__.res_users_10_962e2fe2","2026-06-05 07:52:25","__export__.res_partner_2526_65f4da72","Chengdu Hotpot D1","Fully Invoiced","2026-06-05 07:51:50","True","__export__.crm_team_161_8055857d","__export__.res_users_10_962e2fe2","Locked","40.0"
"__export__.sale_order_150607_f913cf87","D150593","__export__.res_users_10_962e2fe2","2026-06-05 07:53:28","__export__.res_partner_2522_4ddc00ff","","Fully Invoiced","2026-06-05 07:50:17","True","__export__.crm_team_227_ffd73472","__export__.res_users_10_962e2fe2","Locked","37.0"
"__export__.sale_order_150596_7ac4e81c","D150582","__export__.res_users_22_942f71e3","2026-06-04 23:48:52","__export__.res_partner_1125_8ced4c04","mr chen","Fully Invoiced","2026-06-05 07:47:53","True","__export__.crm_team_98_821e316c","__export__.res_users_27_ccf3d93e","Locked","24.85"
"__export__.sale_order_150605_ecc4ddb8","D150591","__export__.res_users_14_42108d61","2026-06-05 07:50:46","__export__.res_partner_1820_6043d6fd","","Fully Invoiced","2026-06-05 07:47:07","True","__export__.crm_team_302_0f8f613a","__export__.res_users_14_42108d61","Locked","689.05"
"__export__.sale_order_150604_ecfa4823","D150590","__export__.res_users_14_42108d61","2026-06-05 07:46:20","__export__.res_partner_696_930a1ccb","","Fully Invoiced","2026-06-05 07:42:34","True","__export__.crm_team_228_ec7099f7","__export__.res_users_14_42108d61","Locked","471.35"
"__export__.sale_order_150603_e9aa6fe2","D150589","__export__.res_users_14_42108d61","2026-06-05 07:42:09","__export__.res_partner_1781_a043f483","","Fully Invoiced","2026-06-05 07:39:15","True","__export__.crm_team_79_8cb35e83","__export__.res_users_10_962e2fe2","Locked","470.5"
"__export__.sale_order_150602_91100747","D150588","__export__.res_users_14_42108d61","2026-06-05 07:39:13","__export__.res_partner_1930_95ef299e","","To Invoice","2026-06-05 07:31:17","True","__export__.crm_team_275_339b1b1f","__export__.res_users_14_42108d61","Locked","1311.31"
"__export__.sale_order_150601_ecc68566","D150587","__export__.res_users_14_42108d61","2026-06-05 07:31:02","__export__.res_partner_902_081ecc25","","Fully Invoiced","2026-06-05 07:28:38","True","__export__.crm_team_59_95d20efd","__export__.res_users_14_42108d61","Locked","447.56"
"__export__.sale_order_150600_2b8c29f1","D150586","__export__.res_users_14_42108d61","2026-06-05 07:28:26","__export__.res_partner_1845_ce74c057","","Fully Invoiced","2026-06-05 07:28:02","True","__export__.crm_team_39_ffc4074f","__export__.res_users_14_42108d61","Locked","38.0"
"__export__.sale_order_150599_83f2da5e","D150585","__export__.res_users_14_42108d61","2026-06-05 07:27:41","__export__.res_partner_2419_e2111cb0","","Fully Invoiced","2026-06-05 07:26:32","True","__export__.crm_team_78_db60447e","__export__.res_users_14_42108d61","Locked","134.95"
"__export__.sale_order_150598_bd7bc59b","D150584","__export__.res_users_14_42108d61","2026-06-05 07:26:00","__export__.res_partner_1830_408e614c","","Fully Invoiced","2026-06-05 07:25:03","True","__export__.crm_team_161_8055857d","__export__.res_users_14_42108d61","Locked","216.45"
"__export__.sale_order_150595_a5436699","D150581","__export__.res_users_22_942f71e3","2026-06-04 23:36:30","__export__.res_partner_2464_6b8b8041","all cancelled","Fully Invoiced","2026-06-04 23:18:13","True","sales_team.team_sales_department","__export__.res_users_7_ace94875","Locked","189.3"
"__export__.sale_order_150465_b8d119ce","D150451","__export__.res_users_30_f31202ea","2026-06-04 00:38:48","__export__.res_partner_2531_e0e03692","","Fully Invoiced","2026-06-04 22:32:51","True","__export__.crm_team_277_1848bdf1","__export__.res_users_22_942f71e3","Locked","119.9"
"__export__.sale_order_150450_2f31cc00","D150436","__export__.res_users_30_f31202ea","2026-06-04 00:07:19","__export__.res_partner_944_15617010","","Fully Invoiced","2026-06-04 22:27:04","True","__export__.crm_team_279_8648531b","__export__.res_users_27_ccf3d93e","Locked","445.47"
"__export__.sale_order_150464_f8d39b9f","D150450","__export__.res_users_30_f31202ea","2026-06-04 00:29:01","__export__.res_partner_1960_8b4f2e40","","Fully Invoiced","2026-06-04 22:26:21","True","__export__.crm_team_96_8d48bd6a","__export__.res_users_27_ccf3d93e","Locked","184.8"
"__export__.sale_order_150463_64b66522","D150449","__export__.res_users_30_f31202ea","2026-06-04 00:26:11","__export__.res_partner_1108_dbb0377a","","Fully Invoiced","2026-06-04 22:22:50","True","__export__.crm_team_96_8d48bd6a","__export__.res_users_27_ccf3d93e","Locked","51.75"
"__export__.sale_order_150422_9b44f9dc","D150408","__export__.res_users_30_f31202ea","2026-06-03 23:26:57","__export__.res_partner_2248_133e600a","","Fully Invoiced","2026-06-04 22:21:09","True","__export__.crm_team_305_c2537a3b","__export__.res_users_27_ccf3d93e","Locked","76.4"
"__export__.sale_order_150462_083b1855","D150448","__export__.res_users_30_f31202ea","2026-06-04 00:25:24","__export__.res_partner_1277_608d179a","","Fully Invoiced","2026-06-04 22:20:20","True","__export__.crm_team_96_8d48bd6a","__export__.res_users_27_ccf3d93e","Locked","224.79"
"__export__.sale_order_150301_b9178c93","D150287","__export__.res_users_7_ace94875","2026-06-02 22:13:13","__export__.res_partner_1583_c3248aba","","Fully Invoiced","2026-06-04 22:11:35","True","__export__.crm_team_96_8d48bd6a","__export__.res_users_27_ccf3d93e","Locked","574.45"
"__export__.sale_order_150459_d779d870","D150445","__export__.res_users_30_f31202ea","2026-06-04 00:20:12","__export__.res_partner_1112_517360ff","","Fully Invoiced","2026-06-04 22:11:00","True","__export__.crm_team_177_f958c6ae","__export__.res_users_27_ccf3d93e","Locked","177.35"
"__export__.sale_order_150447_3474c92c","D150433","__export__.res_users_30_f31202ea","2026-06-04 00:03:44","__export__.res_partner_1134_4bddecaf","","Fully Invoiced","2026-06-04 21:51:26","True","__export__.crm_team_303_6d918a38","__export__.res_users_27_ccf3d93e","Locked","177.19"
"__export__.sale_order_150444_a13fb733","D150430","__export__.res_users_30_f31202ea","2026-06-03 23:59:12","__export__.res_partner_2359_cec452b3","","Fully Invoiced","2026-06-04 21:50:02","True","__export__.crm_team_278_1a2d18d7","__export__.res_users_28_e1e8c9ed","Locked","154.7"
"__export__.sale_order_150421_c697476c","D150407","__export__.res_users_30_f31202ea","2026-06-03 22:49:54","__export__.res_partner_2465_44cc3e52","","Fully Invoiced","2026-06-04 21:44:09","True","__export__.crm_team_51_075d42c1","__export__.res_users_28_e1e8c9ed","Locked","298.87"
"__export__.sale_order_150420_4211c427","D150406","__export__.res_users_30_f31202ea","2026-06-03 22:43:31","__export__.res_partner_891_c0cc8e85","","Fully Invoiced","2026-06-04 21:41:44","True","__export__.crm_team_303_6d918a38","__export__.res_users_14_42108d61","Locked","106.2"
"__export__.sale_order_150292_def519ef","D150278","__export__.res_users_14_42108d61","2026-06-02 21:41:49","__export__.res_partner_1921_ec460d91","","Fully Invoiced","2026-06-04 21:40:51","True","__export__.crm_team_80_d86e22d9","__export__.res_users_14_42108d61","Locked","246.49"
"__export__.sale_order_150419_5e82134d","D150405","__export__.res_users_30_f31202ea","2026-06-03 22:39:06","__export__.res_partner_726_55339f90","","Fully Invoiced","2026-06-04 21:33:48","True","__export__.crm_team_109_1a8b3a5d","__export__.res_users_27_ccf3d93e","Locked","327.2"
"__export__.sale_order_150418_c66702cb","D150404","__export__.res_users_30_f31202ea","2026-06-03 22:30:45","__export__.res_partner_1262_0a3fddb8","","Fully Invoiced","2026-06-04 21:23:21","True","__export__.crm_team_231_ec27440e","__export__.res_users_27_ccf3d93e","Locked","291.45"
"__export__.sale_order_150458_2d10d569","D150444","__export__.res_users_30_f31202ea","2026-06-04 00:18:55","__export__.res_partner_1104_ea5715ce","","Fully Invoiced","2026-06-04 21:10:44","True","__export__.crm_team_177_f958c6ae","__export__.res_users_27_ccf3d93e","Locked","471.23"
"__export__.sale_order_150452_23e1961b","D150438","__export__.res_users_30_f31202ea","2026-06-04 00:10:37","__export__.res_partner_1325_09e84271","","Fully Invoiced","2026-06-04 21:00:38","True","__export__.crm_team_279_8648531b","__export__.res_users_27_ccf3d93e","Locked","48.4"
"__export__.sale_order_150417_5a8457c6","D150403","__export__.res_users_8_fb87432d","2026-06-03 20:14:18","__export__.res_partner_974_bde34019","","Fully Invoiced","2026-06-04 20:07:48","True","__export__.crm_team_98_821e316c","__export__.res_users_18_297f6f55","Locked","355.95"
"__export__.sale_order_150416_1aecc48e","D150402","__export__.res_users_8_fb87432d","2026-06-03 20:07:32","__export__.res_partner_971_b9945320","","Fully Invoiced","2026-06-04 20:05:00","True","__export__.crm_team_172_e403f408","__export__.res_users_18_297f6f55","Locked","445.22"
"__export__.sale_order_150415_23187b2f","D150401","__export__.res_users_8_fb87432d","2026-06-03 20:04:02","__export__.res_partner_884_82cd1d83","","Fully Invoiced","2026-06-04 20:00:40","True","__export__.crm_team_61_8dc82ae3","__export__.res_users_8_fb87432d","Locked","554.41"
"__export__.sale_order_150414_29570010","D150400","__export__.res_users_8_fb87432d","2026-06-03 19:45:17","__export__.res_partner_1074_53257163","","Fully Invoiced","2026-06-04 19:39:53","True","__export__.crm_team_61_8dc82ae3","__export__.res_users_8_fb87432d","Locked","734.75"
"__export__.sale_order_150413_c9f501bc","D150399","__export__.res_users_22_942f71e3","2026-06-03 18:02:03","__export__.res_partner_1143_18bb08c9","","Fully Invoiced","2026-06-04 18:00:34","True","__export__.crm_team_98_821e316c","__export__.res_users_22_942f71e3","Locked","399.1"
"__export__.sale_order_150412_85c93e8a","D150398","__export__.res_users_22_942f71e3","2026-06-03 17:58:33","__export__.res_partner_1125_8ced4c04","","Fully Invoiced","2026-06-04 17:57:05","True","__export__.crm_team_305_c2537a3b","__export__.res_users_27_ccf3d93e","Locked","288.4"
"__export__.sale_order_150411_a17cbc8d","D150397","__export__.res_users_22_942f71e3","2026-06-03 17:56:19","__export__.res_partner_917_5e44cd7e","","Fully Invoiced","2026-06-04 17:55:44","True","__export__.crm_team_79_8cb35e83","__export__.res_users_22_942f71e3","Locked","226.25"
"__export__.sale_order_150410_eef2d54a","D150396","__export__.res_users_22_942f71e3","2026-06-03 17:53:51","__export__.res_partner_1883_886a4733","","Fully Invoiced","2026-06-04 17:52:54","True","__export__.crm_team_279_8648531b","__export__.res_users_22_942f71e3","Locked","112.6"
"__export__.sale_order_150409_1ec0d666","D150395","__export__.res_users_22_942f71e3","2026-06-03 17:52:38","__export__.res_partner_880_6e2f3d5b","","Fully Invoiced","2026-06-04 17:51:55","True","__export__.crm_team_194_9303e72c","__export__.res_users_22_942f71e3","Locked","141.9"
"__export__.sale_order_150408_b84a339d","D150394","__export__.res_users_22_942f71e3","2026-06-03 17:51:44","__export__.res_partner_952_6c7d6535","","Fully Invoiced","2026-06-04 17:49:27","True","__export__.crm_team_98_821e316c","__export__.res_users_22_942f71e3","Locked","594.15"
"__export__.sale_order_150407_c01a964b","D150393","__export__.res_users_22_942f71e3","2026-06-03 17:49:16","__export__.res_partner_1187_1fc9bbda","","Fully Invoiced","2026-06-04 17:48:58","True","__export__.crm_team_194_9303e72c","__export__.res_users_22_942f71e3","Locked","62.2"
"__export__.sale_order_150406_913bbe21","D150392","__export__.res_users_22_942f71e3","2026-06-03 17:48:39","__export__.res_partner_1099_28fa9bc1","","Fully Invoiced","2026-06-04 17:47:33","True","__export__.crm_team_80_d86e22d9","__export__.res_users_22_942f71e3","Locked","301.15"
"__export__.sale_order_150405_c4142795","D150391","__export__.res_users_22_942f71e3","2026-06-03 17:44:31","__export__.res_partner_2218_6c64adc3","","Fully Invoiced","2026-06-04 17:43:53","True","__export__.crm_team_109_1a8b3a5d","__export__.res_users_10_962e2fe2","Locked","197.83"
"__export__.sale_order_150404_bbe8ef09","D150390","__export__.res_users_22_942f71e3","2026-06-03 17:43:33","__export__.res_partner_1036_c336a2ab","","Fully Invoiced","2026-06-04 17:43:00","True","__export__.crm_team_302_0f8f613a","__export__.res_users_7_ace94875","Locked","266.1"
"__export__.sale_order_150403_e0c2fd90","D150389","__export__.res_users_22_942f71e3","2026-06-03 17:42:50","__export__.res_partner_1809_c8a0a275","","Fully Invoiced","2026-06-04 17:41:36","True","__export__.crm_team_61_8dc82ae3","__export__.res_users_10_962e2fe2","Locked","168.45"
"__export__.sale_order_150400_c81cf833","D150386","__export__.res_users_22_942f71e3","2026-06-03 17:36:47","__export__.res_partner_1096_7e33899c","","Fully Invoiced","2026-06-04 17:33:29","True","__export__.crm_team_96_8d48bd6a","__export__.res_users_22_942f71e3","Locked","180.1"
"__export__.sale_order_150402_b5d8abf6","D150388","__export__.res_users_22_942f71e3","2026-06-03 17:40:54","__export__.res_partner_1136_1bc987b5","","Fully Invoiced","2026-06-04 17:32:58","True","__export__.crm_team_51_075d42c1","__export__.res_users_22_942f71e3","Locked","121.5"
"__export__.sale_order_150401_8bc4aacb","D150387","__export__.res_users_22_942f71e3","2026-06-03 17:38:26","__export__.res_partner_875_f4e31f7c","","Fully Invoiced","2026-06-04 17:32:58","True","__export__.crm_team_229_a2ef141e","__export__.res_users_22_942f71e3","Locked","133.25"
"__export__.sale_order_150399_b0eb91aa","D150385","__export__.res_users_22_942f71e3","2026-06-03 17:36:40","__export__.res_partner_2507_6f453c60","","Fully Invoiced","2026-06-04 17:32:39","True","__export__.crm_team_229_a2ef141e","__export__.res_users_22_942f71e3","Locked","305.03"
"__export__.sale_order_150398_fc8b1dc8","D150384","__export__.res_users_22_942f71e3","2026-06-03 17:32:06","__export__.res_partner_1219_d7c375eb","","Fully Invoiced","2026-06-04 17:30:37","True","__export__.crm_team_296_40815358","__export__.res_users_27_ccf3d93e","Locked","99.7"
"__export__.sale_order_150561_a147d774","D150547","__export__.res_users_14_42108d61","2026-06-04 22:06:56","__export__.res_partner_1957_a443459e","","Nothing to Invoice","2026-06-04 17:25:38","True","sales_team.team_sales_department","__export__.res_users_14_42108d61","Sales Order",""
"__export__.sale_order_150554_31e8dce3","D150540","__export__.res_users_14_42108d61","2026-06-04 16:45:48","__export__.res_partner_2288_e2464fcc","此单取消！！！","Fully Invoiced","2026-06-04 16:44:44","True","sales_team.team_sales_department","__export__.res_users_14_42108d61","Locked","283.29"
"__export__.sale_order_150396_3fd8c432","D150382","__export__.res_users_14_42108d61","2026-06-03 16:05:25","__export__.res_partner_1605_23fe07b3","","Fully Invoiced","2026-06-04 15:58:50","True","__export__.crm_team_229_a2ef141e","__export__.res_users_14_42108d61","Locked","240.9"
"__export__.sale_order_150395_58c058fe","D150381","__export__.res_users_14_42108d61","2026-06-03 16:05:20","__export__.res_partner_2408_5be7b4e4","","Fully Invoiced","2026-06-04 15:58:43","True","__export__.crm_team_229_a2ef141e","__export__.res_users_14_42108d61","Locked","197.48"
"__export__.sale_order_150394_6bafabdc","D150380","__export__.res_users_22_942f71e3","2026-06-03 15:46:36","__export__.res_partner_1314_3d560c4c","","Fully Invoiced","2026-06-04 15:41:51","True","__export__.crm_team_229_a2ef141e","__export__.res_users_22_942f71e3","Locked","396.4"
"__export__.sale_order_150391_b73c8809","D150377","__export__.res_users_14_42108d61","2026-06-03 15:35:24","__export__.res_partner_2555_ba76af6c","","Fully Invoiced","2026-06-04 15:34:54","True","__export__.crm_team_232_fa62cff8","__export__.res_users_14_42108d61","Locked","412.55"
"__export__.sale_order_150393_5ffafb3b","D150379","__export__.res_users_22_942f71e3","2026-06-03 15:40:57","__export__.res_partner_2039_dfeba2bb","","Fully Invoiced","2026-06-04 15:32:00","True","__export__.crm_team_51_075d42c1","__export__.res_users_22_942f71e3","Locked","56.45"
"__export__.sale_order_150392_236dd900","D150378","__export__.res_users_22_942f71e3","2026-06-03 15:40:19","__export__.res_partner_1927_754098d4","","Fully Invoiced","2026-06-04 15:28:43","True","__export__.crm_team_51_075d42c1","__export__.res_users_22_942f71e3","Locked","171.6"
"__export__.sale_order_150389_d22352cf","D150375","__export__.res_users_22_942f71e3","2026-06-03 15:30:51","__export__.res_partner_764_32a91eab","","Fully Invoiced","2026-06-04 15:27:42","True","__export__.crm_team_229_a2ef141e","__export__.res_users_22_942f71e3","Locked","257.77"
"__export__.sale_order_150388_3043dfd1","D150374","__export__.res_users_22_942f71e3","2026-06-03 15:27:01","__export__.res_partner_831_4c93b992","","Fully Invoiced","2026-06-04 15:21:52","True","__export__.crm_team_96_8d48bd6a","__export__.res_users_22_942f71e3","Locked","385.88"
"__export__.sale_order_150387_d8f5e24c","D150373","__export__.res_users_22_942f71e3","2026-06-03 15:21:33","__export__.res_partner_1748_4df4ef19","","Fully Invoiced","2026-06-04 15:19:14","True","__export__.crm_team_51_075d42c1","__export__.res_users_18_297f6f55","Locked","158.75"
"__export__.sale_order_150386_708132eb","D150372","__export__.res_users_22_942f71e3","2026-06-03 15:16:22","__export__.res_partner_1620_ba7293b5","","Fully Invoiced","2026-06-04 15:15:10","True","__export__.crm_team_111_3c32966d","__export__.res_users_22_942f71e3","Locked","383.75"
"__export__.sale_order_150382_f4fb5634","D150368","__export__.res_users_7_ace94875","2026-06-03 15:04:25","__export__.res_partner_2513_a46f719e","","Fully Invoiced","2026-06-04 15:02:54","True","__export__.crm_team_194_9303e72c","__export__.res_users_7_ace94875","Locked","285.65"
"__export__.sale_order_150383_b4b07b56","D150369","__export__.res_users_22_942f71e3","2026-06-03 15:06:22","__export__.res_partner_1893_1e0e95aa","","Fully Invoiced","2026-06-04 15:00:57","True","__export__.crm_team_276_22e06523","__export__.res_users_22_942f71e3","Locked","185.75"
"__export__.sale_order_150139_cc8d29ad","D150125","__export__.res_users_7_ace94875","2026-06-01 14:53:25","__export__.res_partner_703_689677ed","","Fully Invoiced","2026-06-04 14:52:57","True","__export__.crm_team_306_f21cf977","__export__.res_users_22_942f71e3","Locked","51.0"
"__export__.sale_order_150380_52525290","D150366","__export__.res_users_22_942f71e3","2026-06-03 14:42:43","__export__.res_partner_1109_907527cb","","Fully Invoiced","2026-06-04 14:31:18","True","__export__.crm_team_61_8dc82ae3","__export__.res_users_18_297f6f55","Locked","151.23"
"__export__.sale_order_150379_6d7b992f","D150365","__export__.res_users_22_942f71e3","2026-06-03 14:30:02","__export__.res_partner_2515_0037f4bb","","Fully Invoiced","2026-06-04 14:26:05","True","__export__.crm_team_96_8d48bd6a","__export__.res_users_22_942f71e3","Locked","343.82"
"__export__.sale_order_150136_49e77652","D150122","__export__.res_users_7_ace94875","2026-06-01 14:48:45","__export__.res_partner_2403_75ca4747","","Fully Invoiced","2026-06-04 14:21:39","True","__export__.crm_team_112_5a7d7484","__export__.res_users_28_e1e8c9ed","Locked","621.67"
"__export__.sale_order_150378_e34cf60b","D150364","__export__.res_users_22_942f71e3","2026-06-03 14:22:05","__export__.res_partner_763_ccfd8876","","Fully Invoiced","2026-06-04 14:19:44","True","__export__.crm_team_231_ec27440e","__export__.res_users_22_942f71e3","Locked","393.1"
"__export__.sale_order_150542_aafac7cb","D150528","__export__.res_users_10_962e2fe2","2026-06-04 14:15:49","__export__.res_partner_1828_7af1e2fb","","Fully Invoiced","2026-06-04 14:15:38","True","__export__.crm_team_69_17e53434","__export__.res_users_27_ccf3d93e","Locked","17.55"
"__export__.sale_order_150541_281c2cc7","D150527","__export__.res_users_10_962e2fe2","2026-06-04 14:09:09","__export__.res_partner_2279_95c95e6b","","Fully Invoiced","2026-06-04 14:06:36","True","__export__.crm_team_69_17e53434","__export__.res_users_10_962e2fe2","Locked","36.65"
"__export__.sale_order_150540_99a83f6f","D150526","__export__.res_users_22_942f71e3","2026-06-04 13:52:28","__export__.res_partner_754_1de45ea0","","Fully Invoiced","2026-06-04 13:50:57","True","__export__.crm_team_69_17e53434","__export__.res_users_22_942f71e3","Locked","212.15"
"__export__.sale_order_150539_394a8588","D150525","__export__.res_users_22_942f71e3","2026-06-04 13:44:55","__export__.res_partner_1881_931f180a","","Fully Invoiced","2026-06-04 13:44:34","True","__export__.crm_team_69_17e53434","__export__.res_users_8_fb87432d","Locked","690.0"
"__export__.sale_order_150375_f5e2e88f","D150361","__export__.res_users_10_962e2fe2","2026-06-03 13:43:07","__export__.res_partner_1038_4eae3e17","warehouse","Fully Invoiced","2026-06-04 13:42:37","True","__export__.crm_team_275_339b1b1f","__export__.res_users_10_962e2fe2","Locked","295.5"
"__export__.sale_order_150536_13488a9e","D150522","__export__.res_users_22_942f71e3","2026-06-04 13:04:34","__export__.res_partner_1109_907527cb","","Fully Invoiced","2026-06-04 13:04:18","True","__export__.crm_team_98_821e316c","__export__.res_users_18_297f6f55","Locked","6.35"
"__export__.sale_order_150535_43f5e9ca","D150521","__export__.res_users_10_962e2fe2","2026-06-04 12:19:33","__export__.res_partner_2237_a8825dd6","","Fully Invoiced","2026-06-04 12:17:01","True","__export__.crm_team_69_17e53434","__export__.res_users_10_962e2fe2","Locked","500.71"
"__export__.sale_order_150377_2ec6f727","D150363","__export__.res_users_30_f31202ea","2026-06-03 14:15:46","__export__.res_partner_927_2a5972fe","","Fully Invoiced","2026-06-04 12:06:14","True","__export__.crm_team_171_58fa18ab","__export__.res_users_7_ace94875","Locked","358.32"
"__export__.sale_order_150530_95a1ba78","D150516","__export__.res_users_22_942f71e3","2026-06-04 12:04:47","__export__.res_partner_2051_6af4c1a8","","Fully Invoiced","2026-06-04 12:03:46","True","__export__.crm_team_98_821e316c","__export__.res_users_22_942f71e3","Locked","74.63"
"__export__.sale_order_150531_b15eed5d","D150517","__export__.res_users_30_f31202ea","2026-06-04 12:06:42","__export__.res_partner_1184_6e0a68be","","Fully Invoiced","2026-06-04 11:58:55","True","__export__.crm_team_69_17e53434","__export__.res_users_14_42108d61","Locked","26.5"
"__export__.sale_order_150529_0a354621","D150515","__export__.res_users_30_f31202ea","2026-06-04 11:51:18","__export__.res_partner_1104_ea5715ce","","Fully Invoiced","2026-06-04 11:48:34","True","__export__.crm_team_102_350bf834","__export__.res_users_27_ccf3d93e","Locked","52.28"
"__export__.sale_order_150528_e2e82be4","D150514","__export__.res_users_22_942f71e3","2026-06-04 11:45:22","__export__.res_partner_1136_1bc987b5","","Fully Invoiced","2026-06-04 11:44:44","True","__export__.crm_team_98_821e316c","__export__.res_users_22_942f71e3","Locked","94.5"
"__export__.sale_order_150371_f04eb15f","D150357","__export__.res_users_22_942f71e3","2026-06-03 11:40:14","__export__.res_partner_1635_f5b27113","","Fully Invoiced","2026-06-04 11:36:51","True","__export__.crm_team_278_1a2d18d7","__export__.res_users_10_962e2fe2","Locked","391.54"
"__export__.sale_order_150526_03d31bf6","D150512","__export__.res_users_10_962e2fe2","2026-06-04 11:28:58","__export__.res_partner_1614_5e3c6e0a","","Fully Invoiced","2026-06-04 11:27:52","True","__export__.crm_team_277_1848bdf1","__export__.res_users_10_962e2fe2","Locked","202.7"
"__export__.sale_order_150370_9f5f7d66","D150356","__export__.res_users_7_ace94875","2026-06-03 11:24:34","__export__.res_partner_1959_7be6f073","","Fully Invoiced","2026-06-04 11:20:06","True","__export__.crm_team_275_339b1b1f","__export__.res_users_7_ace94875","Locked","841.95"
"__export__.sale_order_150525_01590b60","D150511","__export__.res_users_22_942f71e3","2026-06-04 11:20:36","__export__.res_partner_1913_0b4fe26f","","Fully Invoiced","2026-06-04 11:19:53","True","__export__.crm_team_61_8dc82ae3","__export__.res_users_14_42108d61","Locked","82.0"
"__export__.sale_order_150524_513a8ca2","D150510","__export__.res_users_10_962e2fe2","2026-06-04 11:17:53","__export__.res_partner_1765_68d5fb5a","以系统为准","Fully Invoiced","2026-06-04 11:17:13","True","__export__.crm_team_112_5a7d7484","__export__.res_users_10_962e2fe2","Locked","110.0"
"__export__.sale_order_150523_f7cfd2ec","D150509","__export__.res_users_7_ace94875","2026-06-04 11:11:57","__export__.res_partner_1881_931f180a","","Fully Invoiced","2026-06-04 11:09:09","True","__export__.crm_team_69_17e53434","__export__.res_users_8_fb87432d","Locked","1864.3"
"__export__.sale_order_150366_dff892d0","D150352","__export__.res_users_14_42108d61","2026-06-03 11:01:12","__export__.res_partner_1313_4ce22376","","Fully Invoiced","2026-06-04 11:00:35","True","__export__.crm_team_302_0f8f613a","__export__.res_users_14_42108d61","Locked","1190.95"
"__export__.sale_order_150365_aadd3a27","D150351","__export__.res_users_14_42108d61","2026-06-03 10:57:41","__export__.res_partner_2018_fd633089","","Fully Invoiced","2026-06-04 10:52:29","True","__export__.crm_team_279_8648531b","__export__.res_users_14_42108d61","Locked","347.94"
"__export__.sale_order_150521_30aab76a","D150507","__export__.res_users_30_f31202ea","2026-06-04 10:51:01","__export__.res_partner_2531_e0e03692","","Fully Invoiced","2026-06-04 10:49:16","True","__export__.crm_team_277_1848bdf1","__export__.res_users_22_942f71e3","Locked","1.2"
"__export__.sale_order_150522_dfb980c3","D150508","__export__.res_users_10_962e2fe2","2026-06-04 11:08:42","__export__.res_partner_1608_3c12a18b","","Fully Invoiced","2026-06-04 10:47:48","True","__export__.crm_team_230_30056844","__export__.res_users_10_962e2fe2","Locked","259.45"
"__export__.sale_order_150520_905fd976","D150506","__export__.res_users_10_962e2fe2","2026-06-04 10:21:35","__export__.res_partner_1912_c1e91db3","","Fully Invoiced","2026-06-04 10:20:20","True","__export__.crm_team_96_8d48bd6a","__export__.res_users_10_962e2fe2","Locked","51.0"
"__export__.sale_order_150519_9bdc5cd3","D150505","__export__.res_users_10_962e2fe2","2026-06-04 10:15:45","__export__.res_partner_2476_b71daae1","","Fully Invoiced","2026-06-04 10:15:17","True","__export__.crm_team_69_17e53434","__export__.res_users_7_ace94875","Locked","80.85"
"__export__.sale_order_150518_1272a9a0","D150504","__export__.res_users_10_962e2fe2","2026-06-04 10:12:34","__export__.res_partner_1577_224dd31f","awei","Fully Invoiced","2026-06-04 10:12:05","True","__export__.crm_team_69_17e53434","__export__.res_users_10_962e2fe2","Locked","31.5"
"__export__.sale_order_150517_d10d72d4","D150503","__export__.res_users_14_42108d61","2026-06-04 10:11:11","__export__.res_partner_714_6e0d102d","","Fully Invoiced","2026-06-04 10:10:55","True","__export__.crm_team_230_30056844","__export__.res_users_14_42108d61","Locked","1852.06"
"__export__.sale_order_150516_896d6266","D150502","__export__.res_users_10_962e2fe2","2026-06-04 10:01:02","__export__.res_partner_2468_e2144f10","","Fully Invoiced","2026-06-04 10:00:51","True","__export__.crm_team_69_17e53434","__export__.res_users_10_962e2fe2","Locked","43.5"
"__export__.sale_order_150515_7741219f","D150501","__export__.res_users_22_942f71e3","2026-06-04 09:56:43","__export__.res_partner_1074_53257163","","Fully Invoiced","2026-06-04 09:51:50","True","__export__.crm_team_61_8dc82ae3","__export__.res_users_8_fb87432d","Locked","36.5"
"__export__.sale_order_150356_d26ea9d4","D150342","__export__.res_users_10_962e2fe2","2026-06-03 09:49:02","__export__.res_partner_818_8185df11","RO不要确认","Fully Invoiced","2026-06-04 09:48:37","True","__export__.crm_team_59_95d20efd","__export__.res_users_10_962e2fe2","Locked","870.0"
"__export__.sale_order_150513_c9be4f5d","D150499","__export__.res_users_14_42108d61","2026-06-04 09:47:34","__export__.res_partner_1994_4bb952c0","","Fully Invoiced","2026-06-04 09:47:10","True","__export__.crm_team_79_8cb35e83","__export__.res_users_14_42108d61","Locked","8.85"
"__export__.sale_order_150512_9645b7fe","D150498","__export__.res_users_22_942f71e3","2026-06-04 09:40:38","__export__.res_partner_1577_224dd31f","","Fully Invoiced","2026-06-04 09:40:21","True","__export__.crm_team_69_17e53434","__export__.res_users_22_942f71e3","Locked","15.0"
"__export__.sale_order_150514_29ac337d","D150500","__export__.res_users_14_42108d61","2026-06-04 09:48:08","__export__.res_partner_1570_48b936ad","","Fully Invoiced","2026-06-04 09:34:00","True","__export__.crm_team_112_5a7d7484","__export__.res_users_14_42108d61","Locked","34.5"
"__export__.sale_order_150510_649f7791","D150496","__export__.res_users_22_942f71e3","2026-06-04 09:35:59","__export__.res_partner_752_b29ee5f8","","Fully Invoiced","2026-06-04 09:33:21","True","__export__.crm_team_69_17e53434","__export__.res_users_22_942f71e3","Locked","57.32"
"__export__.sale_order_150511_79dc3aff","D150497","__export__.res_users_30_f31202ea","2026-06-04 09:39:50","__export__.res_partner_2445_325b9e1e","","Fully Invoiced","2026-06-04 09:27:40","True","__export__.crm_team_277_1848bdf1","__export__.res_users_30_f31202ea","Locked","297.79"
"__export__.sale_order_150239_988707da","D150225","__export__.res_users_14_42108d61","2026-06-02 09:26:30","__export__.res_partner_2545_1403fe60","","Fully Invoiced","2026-06-04 09:25:03","True","__export__.crm_team_232_fa62cff8","__export__.res_users_14_42108d61","Locked","418.88"
"__export__.sale_order_150455_103e750a","D150441","__export__.res_users_22_942f71e3","2026-06-04 00:13:50","__export__.res_partner_2527_2937bc92","","Fully Invoiced","2026-06-04 09:13:12","True","__export__.crm_team_109_1a8b3a5d","__export__.res_users_10_962e2fe2","Locked","213.97"
"__export__.sale_order_150509_6a91265f","D150495","__export__.res_users_14_42108d61","2026-06-04 09:00:51","__export__.res_partner_1570_48b936ad","","Fully Invoiced","2026-06-04 09:00:36","True","__export__.crm_team_112_5a7d7484","__export__.res_users_14_42108d61","Locked","685.31"
"__export__.sale_order_150230_e55a56c0","D150216","__export__.res_users_22_942f71e3","2026-06-02 08:57:59","__export__.res_partner_877_489800fb","","Fully Invoiced","2026-06-04 08:55:08","True","__export__.crm_team_162_05a89d8e","__export__.res_users_22_942f71e3","Locked","365.64"
"__export__.sale_order_150446_23ea7ee1","D150432","__export__.res_users_22_942f71e3","2026-06-04 00:02:07","__export__.res_partner_1625_93c49a57","","Fully Invoiced","2026-06-04 08:54:41","True","__export__.crm_team_172_e403f408","__export__.res_users_22_942f71e3","Locked","368.1"
"__export__.sale_order_150443_5dbb4731","D150429","__export__.res_users_22_942f71e3","2026-06-03 23:54:31","__export__.res_partner_1173_d8002d22","","Fully Invoiced","2026-06-04 08:53:52","True","__export__.crm_team_194_9303e72c","__export__.res_users_22_942f71e3","Locked","116.8"
"__export__.sale_order_150442_3908bd9f","D150428","__export__.res_users_22_942f71e3","2026-06-03 23:53:43","__export__.res_partner_879_f0cbfa10","","Fully Invoiced","2026-06-04 08:52:29","True","__export__.crm_team_275_339b1b1f","__export__.res_users_22_942f71e3","Locked","67.4"
"__export__.sale_order_150440_b4f44e3d","D150426","__export__.res_users_22_942f71e3","2026-06-03 23:51:47","__export__.res_partner_1222_205defba","","Fully Invoiced","2026-06-04 08:51:03","True","__export__.crm_team_39_ffc4074f","__export__.res_users_22_942f71e3","Locked","14.0"
"__export__.sale_order_150439_9239fc3e","D150425","__export__.res_users_22_942f71e3","2026-06-03 23:49:46","__export__.res_partner_1003_ca286395","","Fully Invoiced","2026-06-04 08:49:24","True","__export__.crm_team_39_ffc4074f","__export__.res_users_10_962e2fe2","Locked","85.5"
"__export__.sale_order_150438_2bcf7854","D150424","__export__.res_users_22_942f71e3","2026-06-03 23:48:47","__export__.res_partner_1926_d33bf2c8","","Fully Invoiced","2026-06-04 08:48:08","True","__export__.crm_team_295_a4e9ead7","__export__.res_users_22_942f71e3","Locked","120.5"
"__export__.sale_order_150508_fa7fe5df","D150494","__export__.res_users_22_942f71e3","2026-06-04 08:53:55","__export__.res_partner_1577_224dd31f","仓库出货","Fully Invoiced","2026-06-04 08:43:54","True","__export__.crm_team_69_17e53434","__export__.res_users_22_942f71e3","Locked","119.5"
"__export__.sale_order_150431_95481bfa","D150417","__export__.res_users_22_942f71e3","2026-06-03 23:43:57","__export__.res_partner_1576_8c8f7051","","Fully Invoiced","2026-06-04 08:43:36","True","__export__.crm_team_227_ffd73472","__export__.res_users_22_942f71e3","Locked","67.07"
"__export__.sale_order_150436_b92fef46","D150422","__export__.res_users_22_942f71e3","2026-06-03 23:47:44","__export__.res_partner_1202_b6f07a60","","Fully Invoiced","2026-06-04 08:43:27","True","__export__.crm_team_305_c2537a3b","__export__.res_users_22_942f71e3","Locked","220.1"
"__export__.sale_order_150507_6e3856f8","D150493","__export__.res_users_22_942f71e3","2026-06-04 08:42:51","__export__.res_partner_2281_fa118497","","Fully Invoiced","2026-06-04 08:42:42","True","__export__.crm_team_51_075d42c1","__export__.res_users_22_942f71e3","Locked","23.35"
"__export__.sale_order_150466_b4348051","D150452","__export__.res_users_22_942f71e3","2026-06-04 00:42:11","__export__.res_partner_1846_53c72dc8","","Fully Invoiced","2026-06-04 08:41:00","True","__export__.crm_team_59_95d20efd","__export__.res_users_22_942f71e3","Locked","560.0"
"__export__.sale_order_150430_baecc9f2","D150416","__export__.res_users_22_942f71e3","2026-06-03 23:43:18","__export__.res_partner_1320_2e40e707","","Fully Invoiced","2026-06-04 08:40:39","True","__export__.crm_team_298_0b4d52ae","__export__.res_users_22_942f71e3","Locked","579.34"
"__export__.sale_order_150428_6b82c2c9","D150414","__export__.res_users_22_942f71e3","2026-06-03 23:39:43","__export__.res_partner_1577_224dd31f","","Fully Invoiced","2026-06-04 08:38:42","True","__export__.crm_team_227_ffd73472","__export__.res_users_22_942f71e3","Locked","121.5"
"__export__.sale_order_150506_ea396386","D150492","__export__.res_users_14_42108d61","2026-06-04 08:37:39","__export__.res_partner_683_122aef26","","Fully Invoiced","2026-06-04 08:36:03","True","__export__.crm_team_96_8d48bd6a","__export__.res_users_14_42108d61","Locked","594.8"
"__export__.sale_order_150349_8b6ded74","D150335","__export__.res_users_30_f31202ea","2026-06-03 08:39:47","__export__.res_partner_2202_f5145eed","","Fully Invoiced","2026-06-04 08:31:51","True","__export__.crm_team_173_1afa093c","__export__.res_users_27_ccf3d93e","Locked","328.11"
"__export__.sale_order_150505_2f7a7083","D150491","__export__.res_users_7_ace94875","2026-06-04 08:30:39","__export__.res_partner_1233_2c030497","","Fully Invoiced","2026-06-04 08:30:27","True","__export__.crm_team_177_f958c6ae","__export__.res_users_22_942f71e3","Locked","58.0"
"__export__.sale_order_150504_f1134b66","D150490","__export__.res_users_7_ace94875","2026-06-04 08:30:19","__export__.res_partner_1613_aa1ade4b","","Fully Invoiced","2026-06-04 08:29:48","True","__export__.crm_team_177_f958c6ae","__export__.res_users_22_942f71e3","Locked","69.75"
"__export__.sale_order_150503_45339039","D150489","__export__.res_users_7_ace94875","2026-06-04 08:29:31","__export__.res_partner_780_52c72777","","Fully Invoiced","2026-06-04 08:28:42","True","__export__.crm_team_229_a2ef141e","__export__.res_users_18_297f6f55","Locked","182.0"
"__export__.sale_order_150344_c5736b85","D150330","__export__.res_users_30_f31202ea","2026-06-03 08:31:33","__export__.res_partner_1963_b8d8980e","","Fully Invoiced","2026-06-04 08:25:16","True","__export__.crm_team_173_1afa093c","__export__.res_users_27_ccf3d93e","Locked","340.48"
"__export__.sale_order_150502_0aff2b8c","D150488","__export__.res_users_10_962e2fe2","2026-06-04 08:25:31","__export__.res_partner_1779_3bcf046f","","Fully Invoiced","2026-06-04 08:23:47","True","__export__.crm_team_277_1848bdf1","__export__.res_users_10_962e2fe2","Locked","467.75"
"__export__.sale_order_150501_4b591245","D150487","__export__.res_users_14_42108d61","2026-06-04 08:24:29","__export__.res_partner_1582_2a53fed0","","Fully Invoiced","2026-06-04 08:23:38","True","__export__.crm_team_276_22e06523","__export__.res_users_14_42108d61","Locked","219.0"
"__export__.sale_order_150461_f73ed2b8","D150447","__export__.res_users_22_942f71e3","2026-06-04 00:24:55","__export__.res_partner_1781_a043f483","","Fully Invoiced","2026-06-04 08:23:04","True","__export__.crm_team_79_8cb35e83","__export__.res_users_10_962e2fe2","Locked","535.0"
"__export__.sale_order_150460_5c3f6640","D150446","__export__.res_users_22_942f71e3","2026-06-04 00:20:38","__export__.res_partner_1920_af46e472","","Fully Invoiced","2026-06-04 08:17:52","True","__export__.crm_team_173_1afa093c","__export__.res_users_22_942f71e3","Locked","395.24"
"__export__.sale_order_150499_8e170ea0","D150485","__export__.res_users_10_962e2fe2","2026-06-04 08:18:19","__export__.res_partner_2499_4880f096","","Fully Invoiced","2026-06-04 08:16:46","True","__export__.crm_team_276_22e06523","__export__.res_users_7_ace94875","Locked","438.85"
"__export__.sale_order_150457_a6aeb8b2","D150443","__export__.res_users_22_942f71e3","2026-06-04 00:17:28","__export__.res_partner_1318_c98a4b7c","","Fully Invoiced","2026-06-04 08:15:34","True","__export__.crm_team_39_ffc4074f","__export__.res_users_22_942f71e3","Locked","285.05"
"__export__.sale_order_150498_3b0b3d0d","D150484","__export__.res_users_14_42108d61","2026-06-04 08:15:40","__export__.res_partner_2094_36cea150","","Fully Invoiced","2026-06-04 08:15:13","True","__export__.crm_team_96_8d48bd6a","__export__.res_users_14_42108d61","Locked","15.88"
"__export__.sale_order_150497_800022d1","D150483","__export__.res_users_10_962e2fe2","2026-06-04 08:15:09","__export__.res_partner_1210_a86b05c2","","Fully Invoiced","2026-06-04 08:13:53","True","__export__.crm_team_231_ec27440e","__export__.res_users_27_ccf3d93e","Locked","306.7"
"__export__.sale_order_150454_69823365","D150440","__export__.res_users_22_942f71e3","2026-06-04 00:13:06","__export__.res_partner_866_7023b017","","Fully Invoiced","2026-06-04 08:12:40","True","__export__.crm_team_227_ffd73472","__export__.res_users_8_fb87432d","Locked","110.05"
"__export__.sale_order_150496_3da8863e","D150482","__export__.res_users_14_42108d61","2026-06-04 08:14:38","__export__.res_partner_859_c1e0c4b2","","Fully Invoiced","2026-06-04 08:11:06","True","__export__.crm_team_96_8d48bd6a","__export__.res_users_14_42108d61","Locked","1410.35"
"__export__.sale_order_150500_f7b3e535","D150486","__export__.res_users_10_962e2fe2","2026-06-04 08:23:28","__export__.res_partner_790_fcc5b5d9","","Fully Invoiced","2026-06-04 08:10:18","True","__export__.crm_team_277_1848bdf1","__export__.res_users_10_962e2fe2","Locked","306.0"
"__export__.sale_order_150495_723002bf","D150481","__export__.res_users_30_f31202ea","2026-06-04 08:13:55","__export__.res_partner_2559_61491fca","","Fully Invoiced","2026-06-04 08:09:14","True","__export__.crm_team_278_1a2d18d7","__export__.res_users_30_f31202ea","Locked","204.2"
"__export__.sale_order_150493_67bc2d9a","D150479","__export__.res_users_10_962e2fe2","2026-06-04 08:10:16","__export__.res_partner_2030_f52dada3","","Fully Invoiced","2026-06-04 08:09:03","True","__export__.crm_team_171_58fa18ab","__export__.res_users_10_962e2fe2","Locked","43.4"
"__export__.sale_order_150494_a850e5a7","D150480","__export__.res_users_14_42108d61","2026-06-04 08:10:39","__export__.res_partner_1294_703558f9","","Fully Invoiced","2026-06-04 08:09:01","True","__export__.crm_team_109_1a8b3a5d","__export__.res_users_14_42108d61","Locked","343.9"
"__export__.sale_order_150492_6e36c4da","D150478","__export__.res_users_10_962e2fe2","2026-06-04 08:10:14","__export__.res_partner_1772_ba6b3399","","Fully Invoiced","2026-06-04 08:08:03","True","__export__.crm_team_171_58fa18ab","__export__.res_users_10_962e2fe2","Locked","97.1"
"__export__.sale_order_150491_44b74a46","D150477","__export__.res_users_22_942f71e3","2026-06-04 08:08:13","__export__.res_partner_2319_7b8044dc","","Fully Invoiced","2026-06-04 08:07:00","True","__export__.crm_team_305_c2537a3b","__export__.res_users_7_ace94875","Locked","210.5"
"__export__.sale_order_150489_950fd6c4","D150475","__export__.res_users_10_962e2fe2","2026-06-04 08:07:56","__export__.res_partner_766_97fcda57","","Fully Invoiced","2026-06-04 08:06:26","True","__export__.crm_team_297_46343bff","__export__.res_users_10_962e2fe2","Locked","117.55"
"__export__.sale_order_150451_cfa0241b","D150437","__export__.res_users_22_942f71e3","2026-06-04 00:08:05","__export__.res_partner_1774_75410d84","","Fully Invoiced","2026-06-04 08:06:07","True","__export__.crm_team_96_8d48bd6a","__export__.res_users_18_297f6f55","Locked","86.4"
"__export__.sale_order_150490_8bf8ed1d","D150476","__export__.res_users_10_962e2fe2","2026-06-04 08:07:57","__export__.res_partner_966_906c2cfc","","Fully Invoiced","2026-06-04 08:05:53","True","__export__.crm_team_297_46343bff","__export__.res_users_10_962e2fe2","Locked","117.7"
"__export__.sale_order_150449_a8cda2d0","D150435","__export__.res_users_22_942f71e3","2026-06-04 00:06:02","__export__.res_partner_1042_4b562afb","","Fully Invoiced","2026-06-04 08:05:23","True","__export__.crm_team_39_ffc4074f","__export__.res_users_22_942f71e3","Locked","66.1"
"__export__.sale_order_150448_fa7b9658","D150434","__export__.res_users_22_942f71e3","2026-06-04 00:04:59","__export__.res_partner_768_72edcbdb","","Fully Invoiced","2026-06-04 08:04:26","True","__export__.crm_team_39_ffc4074f","__export__.res_users_22_942f71e3","Locked","90.5"
"__export__.sale_order_150488_5618b442","D150474","__export__.res_users_10_962e2fe2","2026-06-04 08:05:52","__export__.res_partner_2256_0deee3a1","","Fully Invoiced","2026-06-04 08:04:08","True","__export__.crm_team_304_3a77ed67","__export__.res_users_10_962e2fe2","Locked","526.3"
"__export__.sale_order_150487_550cea00","D150473","__export__.res_users_22_942f71e3","2026-06-04 08:04:49","__export__.res_partner_946_bccadc5d","","Fully Invoiced","2026-06-04 08:03:31","True","__export__.crm_team_276_22e06523","__export__.res_users_10_962e2fe2","Locked","247.1"
"__export__.sale_order_150486_2a137c3f","D150472","__export__.res_users_10_962e2fe2","2026-06-04 08:03:57","__export__.res_partner_1912_c1e91db3","","Fully Invoiced","2026-06-04 08:02:27","True","__export__.crm_team_96_8d48bd6a","__export__.res_users_10_962e2fe2","Locked","289.36"
"__export__.sale_order_150322_697c5c03","D150308","__export__.res_users_7_ace94875","2026-06-03 08:00:53","__export__.res_partner_2488_b119da23","","Fully Invoiced","2026-06-04 08:00:22","True","__export__.crm_team_194_9303e72c","__export__.res_users_7_ace94875","Locked","103.45"
"__export__.sale_order_150485_313e807e","D150471","__export__.res_users_10_962e2fe2","2026-06-04 08:01:31","__export__.res_partner_2034_67972f02","","Fully Invoiced","2026-06-04 07:59:55","True","__export__.crm_team_194_9303e72c","__export__.res_users_10_962e2fe2","Locked","118.95"
"__export__.sale_order_150445_2740aa49","D150431","__export__.res_users_22_942f71e3","2026-06-04 00:00:11","__export__.res_partner_2063_4f237b67","","Fully Invoiced","2026-06-04 07:58:42","True","__export__.crm_team_303_6d918a38","__export__.res_users_8_fb87432d","Locked","284.87"
"__export__.sale_order_150484_7825723d","D150470","__export__.res_users_22_942f71e3","2026-06-04 07:59:07","__export__.res_partner_1634_e8b1f7be","","Fully Invoiced","2026-06-04 07:56:28","True","__export__.crm_team_297_46343bff","__export__.res_users_28_e1e8c9ed","Locked","342.88"
"__export__.sale_order_150483_8c729be6","D150469","__export__.res_users_14_42108d61","2026-06-04 07:57:43","__export__.res_partner_1913_0b4fe26f","","Fully Invoiced","2026-06-04 07:55:14","True","__export__.crm_team_61_8dc82ae3","__export__.res_users_14_42108d61","Locked","567.08"
"__export__.sale_order_150481_4d3d8913","D150467","__export__.res_users_10_962e2fe2","2026-06-04 07:55:29","__export__.res_partner_1567_920f121d","","Fully Invoiced","2026-06-04 07:55:02","True","__export__.crm_team_227_ffd73472","__export__.res_users_10_962e2fe2","Locked","346.5"
"__export__.sale_order_150480_2bf602ea","D150466","__export__.res_users_7_ace94875","2026-06-04 07:54:39","__export__.res_partner_2087_b0d7e8dc","aroma  COD","Fully Invoiced","2026-06-04 07:53:31","True","__export__.crm_team_306_f21cf977","__export__.res_users_22_942f71e3","Locked","74.0"
"__export__.sale_order_150479_57809870","D150465","__export__.res_users_22_942f71e3","2026-06-04 07:54:38","__export__.res_partner_2334_f01a5da2","","Fully Invoiced","2026-06-04 07:53:25","True","__export__.crm_team_110_3f98a3be","__export__.res_users_10_962e2fe2","Locked","185.11"
"__export__.sale_order_150478_45c76232","D150464","__export__.res_users_7_ace94875","2026-06-04 07:53:22","__export__.res_partner_703_689677ed","","Fully Invoiced","2026-06-04 07:51:46","True","__export__.crm_team_306_f21cf977","__export__.res_users_22_942f71e3","Locked","363.0"
"__export__.sale_order_150477_c56c0f41","D150463","__export__.res_users_14_42108d61","2026-06-04 07:48:55","__export__.res_partner_1647_f302a0a9","","Fully Invoiced","2026-06-04 07:48:15","True","__export__.crm_team_296_40815358","__export__.res_users_14_42108d61","Locked","121.05"
"__export__.sale_order_150476_32c28e6d","D150462","__export__.res_users_14_42108d61","2026-06-04 07:47:45","__export__.res_partner_2414_e36e6f88","","Fully Invoiced","2026-06-04 07:44:44","True","__export__.crm_team_306_f21cf977","__export__.res_users_14_42108d61","Locked","402.5"
"__export__.sale_order_150475_ca1fa9e1","D150461","__export__.res_users_14_42108d61","2026-06-04 07:44:01","__export__.res_partner_1880_eee7a2f7","放微商带单子","Fully Invoiced","2026-06-04 07:43:03","True","__export__.crm_team_59_95d20efd","__export__.res_users_14_42108d61","Locked","242.85"
"__export__.sale_order_150474_6c6bfd6a","D150460","__export__.res_users_14_42108d61","2026-06-04 07:37:08","__export__.res_partner_2525_9137babf","","Fully Invoiced","2026-06-04 07:36:29","True","__export__.crm_team_79_8cb35e83","__export__.res_users_14_42108d61","Locked","155.5"
"__export__.sale_order_150473_6d863835","D150459","__export__.res_users_14_42108d61","2026-06-04 07:35:49","__export__.res_partner_1994_4bb952c0","","Fully Invoiced","2026-06-04 07:33:56","True","__export__.crm_team_79_8cb35e83","__export__.res_users_14_42108d61","Locked","319.15"
"__export__.sale_order_150472_9aed2484","D150458","__export__.res_users_14_42108d61","2026-06-04 07:32:49","__export__.res_partner_1991_a2810e90","","Fully Invoiced","2026-06-04 07:30:17","True","__export__.crm_team_112_5a7d7484","__export__.res_users_14_42108d61","Locked","829.0"
"__export__.sale_order_150471_f076e53b","D150457","__export__.res_users_14_42108d61","2026-06-04 07:29:11","__export__.res_partner_1079_f42ddf2f","","Fully Invoiced","2026-06-04 07:25:08","True","__export__.crm_team_112_5a7d7484","__export__.res_users_14_42108d61","Locked","692.74"
"__export__.sale_order_150470_88e215d6","D150456","__export__.res_users_14_42108d61","2026-06-04 07:24:04","__export__.res_partner_2526_65f4da72","","Fully Invoiced","2026-06-04 07:23:33","True","__export__.crm_team_295_a4e9ead7","__export__.res_users_10_962e2fe2","Locked","189.5"
"__export__.sale_order_150469_6090a6b4","D150455","__export__.res_users_14_42108d61","2026-06-04 07:23:30","__export__.res_partner_1845_ce74c057","","Fully Invoiced","2026-06-04 07:22:51","True","__export__.crm_team_39_ffc4074f","__export__.res_users_14_42108d61","Locked","90.35"
"__export__.sale_order_150467_f32b3232","D150453","__export__.res_users_14_42108d61","2026-06-04 07:22:24","__export__.res_partner_902_081ecc25","","Fully Invoiced","2026-06-04 07:21:34","True","__export__.crm_team_59_95d20efd","__export__.res_users_14_42108d61","Locked","157.34"
"__export__.sale_order_150317_3eaf5349","D150303","__export__.res_users_14_42108d61","2026-06-03 07:21:56","__export__.res_partner_1570_48b936ad","","Fully Invoiced","2026-06-04 07:21:18","True","__export__.crm_team_110_3f98a3be","__export__.res_users_14_42108d61","Locked","212.5"
"__export__.sale_order_150456_8e16e5bf","D150442","__export__.res_users_22_942f71e3","2026-06-04 00:15:27","__export__.res_partner_1243_048493f3","","Fully Invoiced","2026-06-04 07:14:54","True","__export__.crm_team_51_075d42c1","__export__.res_users_22_942f71e3","Locked","89.95"
"__export__.sale_order_150453_52cd1706","D150439","__export__.res_users_22_942f71e3","2026-06-04 00:12:23","__export__.res_partner_701_130ac044","","Fully Invoiced","2026-06-04 07:10:08","True","__export__.crm_team_306_f21cf977","__export__.res_users_14_42108d61","Locked","389.7"
"__export__.sale_order_150441_9a9e59fe","D150427","__export__.res_users_7_ace94875","2026-06-03 23:53:36","__export__.res_partner_918_2f7fb42e","","Fully Invoiced","2026-06-04 03:52:35","True","__export__.crm_team_110_3f98a3be","__export__.res_users_27_ccf3d93e","Locked","416.7"
"__export__.sale_order_150434_df737597","D150420","__export__.res_users_7_ace94875","2026-06-03 23:46:05","__export__.res_partner_749_a964f4ef","","Fully Invoiced","2026-06-04 03:45:30","True","__export__.crm_team_298_0b4d52ae","__export__.res_users_7_ace94875","Locked","59.1"
"__export__.sale_order_150433_49701f81","D150419","__export__.res_users_7_ace94875","2026-06-03 23:45:24","__export__.res_partner_1020_60fc6f31","","Fully Invoiced","2026-06-04 03:44:49","True","__export__.crm_team_298_0b4d52ae","__export__.res_users_7_ace94875","Locked","107.9"
"__export__.sale_order_150429_d5a30c8b","D150415","__export__.res_users_7_ace94875","2026-06-03 23:42:37","__export__.res_partner_2335_deaccdc9","","Fully Invoiced","2026-06-04 03:39:52","True","__export__.crm_team_275_339b1b1f","__export__.res_users_7_ace94875","Locked","945.13"
"__export__.sale_order_150426_b83db222","D150412","__export__.res_users_7_ace94875","2026-06-03 23:37:09","__export__.res_partner_704_e43cdf12","","Fully Invoiced","2026-06-04 03:36:07","True","__export__.crm_team_295_a4e9ead7","__export__.res_users_27_ccf3d93e","Locked","41.05"
"__export__.sale_order_150425_2d9a1c63","D150411","__export__.res_users_7_ace94875","2026-06-03 23:34:02","__export__.res_partner_1162_84b0db9d","","Fully Invoiced","2026-06-04 03:32:08","True","__export__.crm_team_295_a4e9ead7","__export__.res_users_7_ace94875","Locked","184.75"
"__export__.sale_order_150424_77e1e608","D150410","__export__.res_users_7_ace94875","2026-06-03 23:31:56","__export__.res_partner_2057_b196e088","","Fully Invoiced","2026-06-04 03:31:29","True","__export__.crm_team_79_8cb35e83","__export__.res_users_7_ace94875","Locked","52.5"
"__export__.sale_order_150423_a3523dd1","D150409","__export__.res_users_7_ace94875","2026-06-03 23:31:25","__export__.res_partner_1626_60b65b7e","","Fully Invoiced","2026-06-04 03:30:55","True","__export__.crm_team_227_ffd73472","__export__.res_users_7_ace94875","Locked","61.25"
"__export__.sale_order_150437_def29405","D150423","__export__.res_users_7_ace94875","2026-06-03 23:48:25","__export__.res_partner_1144_2c5b9b2c","","Fully Invoiced","2026-06-04 02:47:48","True","__export__.crm_team_298_0b4d52ae","__export__.res_users_18_297f6f55","Locked","225.28"
"__export__.sale_order_150435_cead06b9","D150421","__export__.res_users_7_ace94875","2026-06-03 23:47:33","__export__.res_partner_839_998b05c9","","Fully Invoiced","2026-06-04 02:46:35","True","__export__.crm_team_305_c2537a3b","__export__.res_users_28_e1e8c9ed","Locked","171.5"
"__export__.sale_order_150432_e5c1bdea","D150418","__export__.res_users_7_ace94875","2026-06-03 23:44:26","__export__.res_partner_2250_b574857b","","Fully Invoiced","2026-06-04 02:43:10","True","__export__.crm_team_109_1a8b3a5d","__export__.res_users_7_ace94875","Locked","150.05"
"__export__.sale_order_150427_bc77550f","D150413","__export__.res_users_7_ace94875","2026-06-03 23:39:26","__export__.res_partner_789_0ae6dd9e","","Fully Invoiced","2026-06-04 02:38:17","True","__export__.crm_team_296_40815358","__export__.res_users_7_ace94875","Locked","489.43"
"__export__.sale_order_150309_49823fc4","D150295","__export__.res_users_22_942f71e3","2026-06-02 23:05:49","__export__.res_partner_1781_a043f483","","Fully Invoiced","2026-06-03 22:57:39","True","__export__.crm_team_228_ec7099f7","__export__.res_users_10_962e2fe2","Locked","346.0"
"__export__.sale_order_150308_596823f1","D150294","__export__.res_users_22_942f71e3","2026-06-02 22:57:26","__export__.res_partner_1576_8c8f7051","","Fully Invoiced","2026-06-03 22:52:17","True","__export__.crm_team_275_339b1b1f","__export__.res_users_22_942f71e3","Locked","287.18"
"__export__.sale_order_150307_f96c82bd","D150293","__export__.res_users_22_942f71e3","2026-06-02 22:50:44","__export__.res_partner_1003_ca286395","","Fully Invoiced","2026-06-03 22:50:12","True","__export__.crm_team_78_db60447e","__export__.res_users_10_962e2fe2","Locked","161.85"
"__export__.sale_order_150304_8b96d35c","D150290","__export__.res_users_7_ace94875","2026-06-02 22:20:22","__export__.res_partner_1122_31d3bdf9","","Fully Invoiced","2026-06-03 22:19:08","True","__export__.crm_team_98_821e316c","__export__.res_users_18_297f6f55","Locked","39.0"
"__export__.sale_order_150303_cc9d273c","D150289","__export__.res_users_7_ace94875","2026-06-02 22:18:59","__export__.res_partner_1130_6112d97e","","Fully Invoiced","2026-06-03 22:17:49","True","__export__.crm_team_98_821e316c","__export__.res_users_18_297f6f55","Locked","173.99"
"__export__.sale_order_150302_c5237e80","D150288","__export__.res_users_7_ace94875","2026-06-02 22:17:11","__export__.res_partner_1313_4ce22376","","Fully Invoiced","2026-06-03 22:15:56","True","__export__.crm_team_275_339b1b1f","__export__.res_users_7_ace94875","Locked","464.3"
"__export__.sale_order_150306_45ff90ae","D150292","__export__.res_users_30_f31202ea","2026-06-02 22:36:47","__export__.res_partner_2044_ef062926","","Fully Invoiced","2026-06-03 22:09:44","True","__export__.crm_team_173_1afa093c","__export__.res_users_27_ccf3d93e","Locked","221.24"
"__export__.sale_order_150305_209643e1","D150291","__export__.res_users_30_f31202ea","2026-06-02 22:36:27","__export__.res_partner_1828_7af1e2fb","","Fully Invoiced","2026-06-03 22:06:17","True","__export__.crm_team_173_1afa093c","__export__.res_users_27_ccf3d93e","Locked","192.48"
"__export__.sale_order_150300_91bbc03e","D150286","__export__.res_users_22_942f71e3","2026-06-02 22:02:23","__export__.res_partner_1577_224dd31f","","Fully Invoiced","2026-06-03 22:01:38","True","__export__.crm_team_43_6092e23f","__export__.res_users_22_942f71e3","Locked","48.65"
"__export__.sale_order_150298_bc944d01","D150284","__export__.res_users_22_942f71e3","2026-06-02 22:00:22","__export__.res_partner_768_72edcbdb","","Fully Invoiced","2026-06-03 21:59:49","True","__export__.crm_team_78_db60447e","__export__.res_users_22_942f71e3","Locked","61.0"
"__export__.sale_order_150299_4d2a3803","D150285","__export__.res_users_30_f31202ea","2026-06-02 22:02:02","__export__.res_partner_2566_0a567560","","Fully Invoiced","2026-06-03 21:58:58","True","__export__.crm_team_277_1848bdf1","__export__.res_users_30_f31202ea","Locked","36.95"
"__export__.sale_order_150297_bf9a38b2","D150283","__export__.res_users_22_942f71e3","2026-06-02 21:58:53","__export__.res_partner_1938_203b31c8","","Fully Invoiced","2026-06-03 21:58:13","True","__export__.crm_team_303_6d918a38","__export__.res_users_27_ccf3d93e","Locked","222.05"
"__export__.sale_order_150296_67dbd344","D150282","__export__.res_users_22_942f71e3","2026-06-02 21:57:09","__export__.res_partner_2276_0cc5de73","","Fully Invoiced","2026-06-03 21:54:06","True","__export__.crm_team_96_8d48bd6a","__export__.res_users_10_962e2fe2","Locked","403.81"
"__export__.sale_order_150294_3b625033","D150280","__export__.res_users_22_942f71e3","2026-06-02 21:53:51","__export__.res_partner_1042_4b562afb","","Fully Invoiced","2026-06-03 21:53:31","True","__export__.crm_team_78_db60447e","__export__.res_users_22_942f71e3","Locked","54.85"
"__export__.sale_order_150293_f682eee7","D150279","__export__.res_users_22_942f71e3","2026-06-02 21:53:24","__export__.res_partner_1182_245cfb4b","","Fully Invoiced","2026-06-03 21:53:09","True","__export__.crm_team_80_d86e22d9","__export__.res_users_22_942f71e3","Locked","49.1"
"__export__.sale_order_150154_f65c67f7","D150140","__export__.res_users_14_42108d61","2026-06-01 20:43:06","__export__.res_partner_2316_f148451d","","Fully Invoiced","2026-06-03 20:42:22","True","__export__.crm_team_278_1a2d18d7","__export__.res_users_14_42108d61","Locked","834.39"
"__export__.sale_order_150153_d7b8f4c8","D150139","__export__.res_users_14_42108d61","2026-06-01 20:37:24","__export__.res_partner_2025_49c6eb0a","","Fully Invoiced","2026-06-03 20:36:11","True","__export__.crm_team_277_1848bdf1","__export__.res_users_14_42108d61","Locked","417.38"
"__export__.sale_order_150172_412866d9","D150158","__export__.res_users_8_fb87432d","2026-06-01 22:31:37","__export__.res_partner_1637_f09bc375","","Fully Invoiced","2026-06-03 20:30:36","True","__export__.crm_team_96_8d48bd6a","__export__.res_users_18_297f6f55","Locked","375.83"
"__export__.sale_order_150291_05a85947","D150277","__export__.res_users_14_42108d61","2026-06-02 20:06:39","__export__.res_partner_1869_c2b3c1c3","","Fully Invoiced","2026-06-03 20:05:51","True","__export__.crm_team_78_db60447e","__export__.res_users_14_42108d61","Locked","95.0"
"__export__.sale_order_150290_14fe450e","D150276","__export__.res_users_14_42108d61","2026-06-02 20:05:32","__export__.res_partner_2309_ef552f8d","","Fully Invoiced","2026-06-03 19:37:58","True","__export__.crm_team_278_1a2d18d7","__export__.res_users_14_42108d61","Locked","34.0"
"__export__.sale_order_150288_72c4e10e","D150274","__export__.res_users_22_942f71e3","2026-06-02 19:15:27","__export__.res_partner_1855_cb9cd4f0","","Fully Invoiced","2026-06-03 19:14:50","True","__export__.crm_team_177_f958c6ae","__export__.res_users_22_942f71e3","Locked","145.25"
"__export__.sale_order_150289_d59a62c0","D150275","__export__.res_users_22_942f71e3","2026-06-02 19:16:06","__export__.res_partner_2139_9b3c4a32","","Fully Invoiced","2026-06-03 19:14:47","True","__export__.crm_team_177_f958c6ae","__export__.res_users_10_962e2fe2","Locked","82.5"
"__export__.sale_order_150287_7483c870","D150273","__export__.res_users_22_942f71e3","2026-06-02 19:14:37","__export__.res_partner_878_d6f1bc08","","Fully Invoiced","2026-06-03 19:13:08","True","__export__.crm_team_163_c20aff5a","__export__.res_users_10_962e2fe2","Locked","234.76"
"__export__.sale_order_150286_741d24a8","D150272","__export__.res_users_22_942f71e3","2026-06-02 19:12:52","__export__.res_partner_1007_ea60f1d5","","Fully Invoiced","2026-06-03 19:11:57","True","__export__.crm_team_163_c20aff5a","__export__.res_users_7_ace94875","Locked","108.1"
"__export__.sale_order_150284_48d7b42d","D150270","__export__.res_users_22_942f71e3","2026-06-02 19:08:51","__export__.res_partner_2439_4f2c50b2","","Fully Invoiced","2026-06-03 19:00:25","True","__export__.crm_team_231_ec27440e","__export__.res_users_22_942f71e3","Locked","307.0"
"__export__.sale_order_150283_0cfda1b3","D150269","__export__.res_users_22_942f71e3","2026-06-02 19:06:16","__export__.res_partner_1185_72a27e84","","Fully Invoiced","2026-06-03 19:00:24","True","__export__.crm_team_229_a2ef141e","__export__.res_users_22_942f71e3","Locked","174.12"
"__export__.sale_order_150285_96357e3a","D150271","__export__.res_users_22_942f71e3","2026-06-02 19:11:29","__export__.res_partner_1276_3d2b8258","","Fully Invoiced","2026-06-03 19:00:22","True","__export__.crm_team_102_350bf834","__export__.res_users_22_942f71e3","Locked","515.35"
"__export__.sale_order_150282_1fe69caf","D150268","__export__.res_users_22_942f71e3","2026-06-02 19:04:06","__export__.res_partner_1056_6ffac8c3","","Fully Invoiced","2026-06-03 18:59:51","True","__export__.crm_team_229_a2ef141e","__export__.res_users_22_942f71e3","Locked","267.4"
"__export__.sale_order_150280_1ad0ab45","D150266","__export__.res_users_14_42108d61","2026-06-02 18:58:48","__export__.res_partner_2255_4623fdf7","","Fully Invoiced","2026-06-03 18:57:22","True","__export__.crm_team_298_0b4d52ae","__export__.res_users_14_42108d61","Locked","63.45"
"__export__.sale_order_150279_b8666a5b","D150265","__export__.res_users_14_42108d61","2026-06-02 18:49:34","__export__.res_partner_2255_4623fdf7","","Fully Invoiced","2026-06-03 18:46:55","True","__export__.crm_team_298_0b4d52ae","__export__.res_users_14_42108d61","Locked","491.95"
"__export__.sale_order_150281_9a8a5fb9","D150267","__export__.res_users_14_42108d61","2026-06-02 18:58:51","__export__.res_partner_1943_4723f40d","","Fully Invoiced","2026-06-03 18:44:15","True","__export__.crm_team_298_0b4d52ae","__export__.res_users_14_42108d61","Locked","429.71"
"__export__.sale_order_150278_de0a1fd3","D150264","__export__.res_users_14_42108d61","2026-06-02 18:35:06","__export__.res_partner_2446_8e921426","","Fully Invoiced","2026-06-03 18:33:30","True","__export__.crm_team_276_22e06523","__export__.res_users_14_42108d61","Locked","249.78"
"__export__.sale_order_150277_d8452cc5","D150263","__export__.res_users_22_942f71e3","2026-06-02 16:41:17","__export__.res_partner_868_bf11b692","","Fully Invoiced","2026-06-03 16:38:38","True","__export__.crm_team_231_ec27440e","__export__.res_users_22_942f71e3","Locked","326.9"
"__export__.sale_order_150276_ce0f4802","D150262","__export__.res_users_22_942f71e3","2026-06-02 16:26:17","__export__.res_partner_1902_ccd0273d","","Fully Invoiced","2026-06-03 16:23:07","True","__export__.crm_team_303_6d918a38","__export__.res_users_22_942f71e3","Locked","363.12"
"__export__.sale_order_150275_7ea12101","D150261","__export__.res_users_14_42108d61","2026-06-02 15:40:39","__export__.res_partner_1574_240fc290","","Fully Invoiced","2026-06-03 15:20:09","True","__export__.crm_team_297_46343bff","__export__.res_users_14_42108d61","Locked","478.05"
"__export__.sale_order_150140_b892fb8f","D150126","__export__.res_users_7_ace94875","2026-06-01 14:57:09","__export__.res_partner_2513_a46f719e","","Fully Invoiced","2026-06-03 14:55:55","True","__export__.crm_team_80_d86e22d9","__export__.res_users_7_ace94875","Locked","643.13"
"__export__.sale_order_150141_bb921915","D150127","__export__.res_users_10_962e2fe2","2026-06-01 15:08:37","__export__.res_partner_1186_0ccffa35","","Fully Invoiced","2026-06-03 14:52:00","True","__export__.crm_team_230_30056844","__export__.res_users_10_962e2fe2","Locked","915.18"
"__export__.sale_order_150273_223f436c","D150259","__export__.res_users_10_962e2fe2","2026-06-02 15:04:04","__export__.res_partner_959_1e34588d","","Fully Invoiced","2026-06-03 14:50:15","True","__export__.crm_team_166_27995bab","__export__.res_users_18_297f6f55","Locked","74.1"
"__export__.sale_order_150272_a6bfbf19","D150258","__export__.res_users_10_962e2fe2","2026-06-02 15:04:01","__export__.res_partner_1686_0cbef6c2","","Fully Invoiced","2026-06-03 14:29:19","True","__export__.crm_team_166_27995bab","__export__.res_users_18_297f6f55","Locked","1063.72"
"__export__.sale_order_150135_6ce155e3","D150121","__export__.res_users_14_42108d61","2026-06-01 14:29:02","__export__.res_partner_1957_a443459e","","Fully Invoiced","2026-06-03 14:20:21","True","__export__.crm_team_229_a2ef141e","__export__.res_users_14_42108d61","Locked","219.0"
"__export__.sale_order_150270_0af36903","D150256","__export__.res_users_10_962e2fe2","2026-06-02 14:24:18","__export__.res_partner_2233_bc9a97b7","","Fully Invoiced","2026-06-03 14:18:52","True","__export__.crm_team_98_821e316c","__export__.res_users_18_297f6f55","Locked","498.26"
"__export__.sale_order_150268_4b2954c3","D150254","__export__.res_users_10_962e2fe2","2026-06-02 14:18:16","__export__.res_partner_1641_c1da5d96","","Fully Invoiced","2026-06-03 14:14:02","True","__export__.crm_team_96_8d48bd6a","__export__.res_users_18_297f6f55","Locked","24.07"
"__export__.sale_order_150376_35a14348","D150362","__export__.res_users_7_ace94875","2026-06-03 14:09:02","__export__.res_partner_2513_a46f719e","","Fully Invoiced","2026-06-03 14:08:29","True","__export__.crm_team_102_350bf834","__export__.res_users_7_ace94875","Locked","46.0"
"__export__.sale_order_150269_2207f2e1","D150255","__export__.res_users_10_962e2fe2","2026-06-02 14:18:17","__export__.res_partner_1640_e34ad7cc","","Fully Invoiced","2026-06-03 14:08:18","True","__export__.crm_team_96_8d48bd6a","__export__.res_users_18_297f6f55","Locked","298.21"
"__export__.sale_order_150267_f35d04e5","D150253","__export__.res_users_10_962e2fe2","2026-06-02 14:12:59","__export__.res_partner_1643_349679bb","","Fully Invoiced","2026-06-03 14:07:09","True","__export__.crm_team_98_821e316c","__export__.res_users_18_297f6f55","Locked","300.83"
"__export__.sale_order_150264_9c4ac137","D150250","__export__.res_users_7_ace94875","2026-06-02 13:19:45","__export__.res_partner_2401_1157210c","","Fully Invoiced","2026-06-03 13:19:32","True","__export__.crm_team_78_db60447e","__export__.res_users_7_ace94875","Locked","52.5"
"__export__.sale_order_150263_7dd167f3","D150249","__export__.res_users_7_ace94875","2026-06-02 13:17:53","__export__.res_partner_1846_53c72dc8","","Fully Invoiced","2026-06-03 13:17:34","True","__export__.crm_team_59_95d20efd","__export__.res_users_7_ace94875","Locked","1596.0"
"__export__.sale_order_150262_7ac69a02","D150248","__export__.res_users_7_ace94875","2026-06-02 13:17:21","__export__.res_partner_1936_b7be73f8","","Fully Invoiced","2026-06-03 13:13:57","True","__export__.crm_team_304_3a77ed67","__export__.res_users_27_ccf3d93e","Locked","595.85"
"__export__.sale_order_150173_a9b3f4f5","D150159","__export__.res_users_8_fb87432d","2026-06-01 22:32:36","__export__.res_partner_2165_b8e621d5","","Fully Invoiced","2026-06-03 12:31:57","True","__export__.crm_team_96_8d48bd6a","__export__.res_users_18_297f6f55","Locked","280.53"
"__export__.sale_order_150164_90a542a1","D150150","__export__.res_users_8_fb87432d","2026-06-01 22:20:48","__export__.res_partner_988_d8939c6f","","Fully Invoiced","2026-06-03 12:19:07","True","__export__.crm_team_163_c20aff5a","__export__.res_users_18_297f6f55","Locked","316.5"
"__export__.sale_order_150260_af49b7b6","D150246","__export__.res_users_10_962e2fe2","2026-06-02 12:12:13","__export__.res_partner_907_99000eb5","","Fully Invoiced","2026-06-03 12:11:48","True","__export__.crm_team_78_db60447e","__export__.res_users_10_962e2fe2","Locked","37.5"
"__export__.sale_order_150259_fd03af3d","D150245","__export__.res_users_7_ace94875","2026-06-02 12:10:17","__export__.res_partner_692_5b156858","","Fully Invoiced","2026-06-03 12:10:03","True","__export__.crm_team_159_d09f9755","__export__.res_users_22_942f71e3","Locked","28.0"
"__export__.sale_order_149720_4c66d00b","D149706","__export__.res_users_7_ace94875","2026-05-28 12:03:47","__export__.res_partner_2558_9df50a1e","","Fully Invoiced","2026-06-03 12:03:04","True","__export__.crm_team_303_6d918a38","__export__.res_users_7_ace94875","Locked","173.63"
"__export__.sale_order_150372_a54e3ce2","D150358","__export__.res_users_22_942f71e3","2026-06-03 12:00:03","__export__.res_partner_941_349707c0","","Fully Invoiced","2026-06-03 11:59:44","True","__export__.crm_team_162_05a89d8e","__export__.res_users_14_42108d61","Locked","17.0"
"__export__.sale_order_150118_50bcfab2","D150104","__export__.res_users_7_ace94875","2026-06-01 11:39:33","__export__.res_partner_2041_ee3f7fe6","","Fully Invoiced","2026-06-03 11:36:02","True","__export__.crm_team_304_3a77ed67","__export__.res_users_7_ace94875","Locked","886.23"
"__export__.sale_order_150368_e952d0fa","D150354","__export__.res_users_22_942f71e3","2026-06-03 11:16:02","__export__.res_partner_941_349707c0","","Fully Invoiced","2026-06-03 11:14:59","True","__export__.crm_team_162_05a89d8e","__export__.res_users_14_42108d61","Locked","452.85"
"__export__.sale_order_150367_03790bc4","D150353","__export__.res_users_14_42108d61","2026-06-03 11:15:20","__export__.res_partner_1996_02dfe9a1","","Fully Invoiced","2026-06-03 11:14:51","True","__export__.crm_team_304_3a77ed67","__export__.res_users_14_42108d61","Locked",""
"__export__.sale_order_150251_803ebdf5","D150237","__export__.res_users_7_ace94875","2026-06-02 11:10:42","__export__.res_partner_1310_273e440d","","Fully Invoiced","2026-06-03 11:04:24","True","__export__.crm_team_231_ec27440e","__export__.res_users_27_ccf3d93e","Locked","531.33"
"__export__.sale_order_150249_a5218de5","D150235","__export__.res_users_14_42108d61","2026-06-02 10:51:50","__export__.res_partner_2255_4623fdf7","","Fully Invoiced","2026-06-03 10:51:06","True","__export__.crm_team_298_0b4d52ae","__export__.res_users_14_42108d61","Locked","98.72"
"__export__.sale_order_150363_c1e2c4a5","D150349","__export__.res_users_14_42108d61","2026-06-03 10:48:55","__export__.res_partner_2050_3666fbb2","","Fully Invoiced","2026-06-03 10:48:28","True","__export__.crm_team_162_05a89d8e","__export__.res_users_14_42108d61","Locked","47.0"
"__export__.sale_order_150364_00704714","D150350","__export__.res_users_30_f31202ea","2026-06-03 10:53:37","__export__.res_partner_1766_b5865f7b","","Fully Invoiced","2026-06-03 10:45:53","True","__export__.crm_team_162_05a89d8e","__export__.res_users_27_ccf3d93e","Locked","357.55"
"__export__.sale_order_150246_8d2e2d58","D150232","__export__.res_users_10_962e2fe2","2026-06-02 10:44:39","__export__.res_partner_1597_d10f2147","","Fully Invoiced","2026-06-03 10:35:39","True","__export__.crm_team_69_17e53434","__export__.res_users_10_962e2fe2","Locked","1573.52"
"__export__.sale_order_150362_348dd4f5","D150348","__export__.res_users_30_f31202ea","2026-06-03 10:34:36","__export__.res_partner_2565_53a13714","","Fully Invoiced","2026-06-03 10:33:59","True","__export__.crm_team_302_0f8f613a","__export__.res_users_30_f31202ea","Locked",""
"__export__.sale_order_150360_9cdad3bc","D150346","__export__.res_users_14_42108d61","2026-06-03 10:27:22","__export__.res_partner_2308_0e48bd49","","Fully Invoiced","2026-06-03 10:27:03","True","__export__.crm_team_277_1848bdf1","__export__.res_users_14_42108d61","Locked","51.66"
"__export__.sale_order_150358_8443d44f","D150344","__export__.res_users_7_ace94875","2026-06-03 10:26:19","__export__.res_partner_2052_563650ad","","Fully Invoiced","2026-06-03 10:26:06","True","__export__.crm_team_275_339b1b1f","__export__.res_users_7_ace94875","Locked","27.0"
"__export__.sale_order_150359_277ebf5b","D150345","__export__.res_users_22_942f71e3","2026-06-03 10:26:44","__export__.res_partner_1275_1bace639","","Fully Invoiced","2026-06-03 10:23:27","True","__export__.crm_team_162_05a89d8e","__export__.res_users_22_942f71e3","Locked","222.65"
"__export__.sale_order_150357_6067b884","D150343","__export__.res_users_10_962e2fe2","2026-06-03 10:18:41","__export__.res_partner_2522_4ddc00ff","","Fully Invoiced","2026-06-03 10:17:05","True","__export__.crm_team_69_17e53434","__export__.res_users_10_962e2fe2","Locked","209.5"
"__export__.sale_order_150011_e047bbad","D149997","__export__.res_users_18_297f6f55","2026-06-01 00:12:37","__export__.res_partner_972_b5826848","","Fully Invoiced","2026-06-03 10:07:30","True","__export__.crm_team_96_8d48bd6a","__export__.res_users_18_297f6f55","Locked","519.45"
"__export__.sale_order_150245_0ba77e13","D150231","__export__.res_users_7_ace94875","2026-06-02 10:08:19","__export__.res_partner_2565_53a13714","","Fully Invoiced","2026-06-03 10:06:06","True","__export__.crm_team_305_c2537a3b","__export__.res_users_7_ace94875","Locked","355.04"
"__export__.sale_order_150244_95f3ae72","D150230","__export__.res_users_10_962e2fe2","2026-06-02 10:02:45","__export__.res_partner_2380_06b09d04","","Fully Invoiced","2026-06-03 10:02:01","True","__export__.crm_team_173_1afa093c","__export__.res_users_10_962e2fe2","Locked","510.0"
"__export__.sale_order_150355_071847b5","D150341","__export__.res_users_7_ace94875","2026-06-03 09:44:30","__export__.res_partner_2052_563650ad","","Fully Invoiced","2026-06-03 09:43:39","True","__export__.crm_team_275_339b1b1f","__export__.res_users_7_ace94875","Locked","69.5"
"__export__.sale_order_150354_c1fcf934","D150340","__export__.res_users_22_942f71e3","2026-06-03 09:29:00","__export__.res_partner_1777_fc02ee70","","Fully Invoiced","2026-06-03 09:25:15","True","__export__.crm_team_98_821e316c","__export__.res_users_10_962e2fe2","Locked","105.12"
"__export__.sale_order_150237_6d12ca02","D150223","__export__.res_users_14_42108d61","2026-06-02 09:19:36","__export__.res_partner_2421_5ad3698c","","Fully Invoiced","2026-06-03 09:19:12","True","__export__.crm_team_305_c2537a3b","__export__.res_users_14_42108d61","Locked","13.95"
"__export__.sale_order_150352_134f4d17","D150338","__export__.res_users_22_942f71e3","2026-06-03 09:12:58","__export__.res_partner_902_081ecc25","","Fully Invoiced","2026-06-03 09:12:49","True","__export__.crm_team_79_8cb35e83","__export__.res_users_22_942f71e3","Locked","24.0"
"__export__.sale_order_150099_ca0b0ad3","D150085","__export__.res_users_14_42108d61","2026-06-01 08:57:16","__export__.res_partner_1659_79eeabb8","","Fully Invoiced","2026-06-03 08:55:36","True","__export__.crm_team_277_1848bdf1","__export__.res_users_14_42108d61","Locked","750.09"
"__export__.sale_order_150351_830cf87c","D150337","__export__.res_users_14_42108d61","2026-06-03 08:49:11","__export__.res_partner_2255_4623fdf7","","Fully Invoiced","2026-06-03 08:48:34","True","__export__.crm_team_5_bc4839e4","__export__.res_users_14_42108d61","Locked","42.63"
"__export__.sale_order_150350_ee67ee6f","D150336","__export__.res_users_22_942f71e3","2026-06-03 08:47:19","__export__.res_partner_1577_224dd31f","仓库出货","Fully Invoiced","2026-06-03 08:44:38","True","__export__.crm_team_69_17e53434","__export__.res_users_22_942f71e3","Locked","246.15"
"__export__.sale_order_150348_79e3dc62","D150334","__export__.res_users_22_942f71e3","2026-06-03 08:33:40","__export__.res_partner_902_081ecc25","","Fully Invoiced","2026-06-03 08:33:22","True","__export__.crm_team_79_8cb35e83","__export__.res_users_22_942f71e3","Locked","12.0"
"__export__.sale_order_150224_ccff76ad","D150210","__export__.res_users_10_962e2fe2","2026-06-02 08:38:54","__export__.res_partner_2461_67186b5c","","Fully Invoiced","2026-06-03 08:33:09","True","__export__.crm_team_230_30056844","__export__.res_users_27_ccf3d93e","Locked","970.11"
"__export__.sale_order_150221_b5b92584","D150207","__export__.res_users_10_962e2fe2","2026-06-02 08:30:03","__export__.res_partner_1555_a56443ac","","Fully Invoiced","2026-06-03 08:28:07","True","__export__.crm_team_173_1afa093c","__export__.res_users_22_942f71e3","Locked","108.49"
"__export__.sale_order_150347_fbe7382e","D150333","__export__.res_users_10_962e2fe2","2026-06-03 08:33:37","__export__.res_partner_818_8185df11","RO不要确认","Nothing to Invoice","2026-06-03 08:25:14","True","__export__.crm_team_79_8cb35e83","__export__.res_users_10_962e2fe2","Quotation","667.22"
"__export__.sale_order_150343_7a6f9653","D150329","__export__.res_users_10_962e2fe2","2026-06-03 08:25:12","__export__.res_partner_945_acf591c0","","Fully Invoiced","2026-06-03 08:24:22","True","__export__.crm_team_159_d09f9755","__export__.res_users_10_962e2fe2","Locked","110.3"
"__export__.sale_order_150342_c434a3e8","D150328","__export__.res_users_22_942f71e3","2026-06-03 08:25:05","__export__.res_partner_836_c4aef084","","Fully Invoiced","2026-06-03 08:22:45","True","__export__.crm_team_177_f958c6ae","__export__.res_users_22_942f71e3","Locked","559.5"
"__export__.sale_order_150341_f583e2f2","D150327","__export__.res_users_10_962e2fe2","2026-06-03 08:23:11","__export__.res_partner_1619_5e75f1be","","Fully Invoiced","2026-06-03 08:20:33","True","__export__.crm_team_98_821e316c","__export__.res_users_18_297f6f55","Locked","29.5"
"__export__.sale_order_150340_60e212bd","D150326","__export__.res_users_10_962e2fe2","2026-06-03 08:23:10","__export__.res_partner_1598_0cbe8637","","Fully Invoiced","2026-06-03 08:20:19","True","__export__.crm_team_98_821e316c","__export__.res_users_18_297f6f55","Locked","195.71"
"__export__.sale_order_150339_0b1937b4","D150325","__export__.res_users_22_942f71e3","2026-06-03 08:22:07","__export__.res_partner_779_e2009285","","Fully Invoiced","2026-06-03 08:19:52","True","__export__.crm_team_229_a2ef141e","__export__.res_users_22_942f71e3","Locked","227.64"
"__export__.sale_order_150338_a95d9981","D150324","__export__.res_users_10_962e2fe2","2026-06-03 08:20:18","__export__.res_partner_1646_736a1e69","","Fully Invoiced","2026-06-03 08:18:19","True","__export__.crm_team_98_821e316c","__export__.res_users_18_297f6f55","Locked","193.01"
"__export__.sale_order_150345_dd158e52","D150331","__export__.res_users_14_42108d61","2026-06-03 08:32:02","__export__.res_partner_1580_114248c1","","Fully Invoiced","2026-06-03 08:14:48","True","__export__.crm_team_173_1afa093c","__export__.res_users_14_42108d61","Locked","210.05"
"__export__.sale_order_150337_68d78ec9","D150323","__export__.res_users_10_962e2fe2","2026-06-03 08:17:07","__export__.res_partner_725_23f27d2e","","Fully Invoiced","2026-06-03 08:13:06","True","__export__.crm_team_96_8d48bd6a","__export__.res_users_18_297f6f55","Locked","133.03"
"__export__.sale_order_150336_90d060c1","D150322","__export__.res_users_10_962e2fe2","2026-06-03 08:16:49","__export__.res_partner_732_02a744cf","","Fully Invoiced","2026-06-03 08:12:59","True","__export__.crm_team_96_8d48bd6a","__export__.res_users_18_297f6f55","Locked","227.62"
"__export__.sale_order_150332_e926bd92","D150318","__export__.res_users_14_42108d61","2026-06-03 08:10:19","__export__.res_partner_2311_2af7f00d","","Fully Invoiced","2026-06-03 08:08:40","True","__export__.crm_team_296_40815358","__export__.res_users_14_42108d61","Locked","322.01"
"__export__.sale_order_150334_743397a8","D150320","__export__.res_users_10_962e2fe2","2026-06-03 08:12:13","__export__.res_partner_733_7f04a2b5","","Fully Invoiced","2026-06-03 08:07:38","True","__export__.crm_team_165_f4c61875","__export__.res_users_18_297f6f55","Locked","672.81"
"__export__.sale_order_150335_d8f488d8","D150321","__export__.res_users_7_ace94875","2026-06-03 08:14:17","__export__.res_partner_1189_466aee06","","Fully Invoiced","2026-06-03 08:07:01","True","__export__.crm_team_98_821e316c","__export__.res_users_18_297f6f55","Locked","119.47"
"__export__.sale_order_150310_e54a2a79","D150296","__export__.res_users_22_942f71e3","2026-06-02 23:09:19","__export__.res_partner_1343_4cd7555f","","Fully Invoiced","2026-06-03 08:06:18","True","__export__.crm_team_159_d09f9755","__export__.res_users_22_942f71e3","Locked","107.0"
"__export__.sale_order_150051_7451db74","D150037","__export__.res_users_14_42108d61","2026-06-01 08:08:22","__export__.res_partner_1996_02dfe9a1","","Fully Invoiced","2026-06-03 08:05:35","True","__export__.crm_team_305_c2537a3b","__export__.res_users_14_42108d61","Locked","408.77"
"__export__.sale_order_150333_c047336f","D150319","__export__.res_users_10_962e2fe2","2026-06-03 08:12:11","__export__.res_partner_925_9533fa54","","Fully Invoiced","2026-06-03 08:05:32","True","__export__.crm_team_165_f4c61875","__export__.res_users_18_297f6f55","Locked","230.55"
"__export__.sale_order_150330_d0baf0b1","D150316","__export__.res_users_7_ace94875","2026-06-03 08:06:40","__export__.res_partner_2528_3c630577","","Fully Invoiced","2026-06-03 08:05:23","True","__export__.crm_team_294_b0da6099","__export__.res_users_7_ace94875","Locked","120.3"
"__export__.sale_order_150329_d5334372","D150315","__export__.res_users_10_962e2fe2","2026-06-03 08:05:27","__export__.res_partner_874_2fe3c6b7","","Fully Invoiced","2026-06-03 08:05:14","True","__export__.crm_team_78_db60447e","__export__.res_users_10_962e2fe2","Locked","57.67"
"__export__.sale_order_150331_4cbefd54","D150317","__export__.res_users_22_942f71e3","2026-06-03 08:08:51","__export__.res_partner_1638_c4f8759e","","Fully Invoiced","2026-06-03 08:05:02","True","__export__.crm_team_98_821e316c","__export__.res_users_18_297f6f55","Locked","692.12"
"__export__.sale_order_150326_1fa5bacd","D150312","__export__.res_users_10_962e2fe2","2026-06-03 08:04:19","__export__.res_partner_1596_3194d941","","Fully Invoiced","2026-06-03 08:03:36","True","__export__.crm_team_294_b0da6099","__export__.res_users_10_962e2fe2","Locked","105.36"
"__export__.sale_order_150325_d3a3f3b1","D150311","__export__.res_users_14_42108d61","2026-06-03 08:03:44","__export__.res_partner_2313_a79188fd","","Fully Invoiced","2026-06-03 08:03:11","True","__export__.crm_team_278_1a2d18d7","__export__.res_users_14_42108d61","Locked","468.05"
"__export__.sale_order_150328_135f2e29","D150314","__export__.res_users_7_ace94875","2026-06-03 08:04:51","__export__.res_partner_702_52a425d1","","Fully Invoiced","2026-06-03 08:01:44","True","__export__.crm_team_275_339b1b1f","__export__.res_users_8_fb87432d","Locked","661.75"
"__export__.sale_order_150327_27a16daf","D150313","__export__.res_users_22_942f71e3","2026-06-03 08:04:43","__export__.res_partner_1268_23010732","","Fully Invoiced","2026-06-03 08:01:15","True","__export__.crm_team_159_d09f9755","__export__.res_users_10_962e2fe2","Locked","186.8"
"__export__.sale_order_150323_bf54002c","D150309","__export__.res_users_7_ace94875","2026-06-03 08:01:35","__export__.res_partner_1616_533a6f33","","Fully Invoiced","2026-06-03 08:01:02","True","__export__.crm_team_275_339b1b1f","__export__.res_users_7_ace94875","Locked","201.4"
"__export__.sale_order_150324_63a05bf5","D150310","__export__.res_users_14_42108d61","2026-06-03 08:02:51","__export__.res_partner_2267_98083fbf","","Fully Invoiced","2026-06-03 08:00:23","True","__export__.crm_team_296_40815358","__export__.res_users_14_42108d61","Locked","153.0"
"__export__.sale_order_149821_381d8688","D149807","__export__.res_users_14_42108d61","2026-05-29 08:00:46","__export__.res_partner_2534_e3526e96","","Fully Invoiced","2026-06-03 08:00:05","True","__export__.crm_team_276_22e06523","__export__.res_users_14_42108d61","Locked","99.51"
"__export__.sale_order_150321_bd49671e","D150307","__export__.res_users_14_42108d61","2026-06-03 07:59:15","__export__.res_partner_1908_ea3dae73","","Fully Invoiced","2026-06-03 07:57:27","True","__export__.crm_team_276_22e06523","__export__.res_users_14_42108d61","Locked","98.71"
"__export__.sale_order_150320_66b57506","D150306","__export__.res_users_14_42108d61","2026-06-03 07:54:00","__export__.res_partner_2213_fec8fb03","","Fully Invoiced","2026-06-03 07:53:19","True","__export__.crm_team_296_40815358","__export__.res_users_14_42108d61","Locked","25.55"
"__export__.sale_order_150318_ac9498bf","D150304","__export__.res_users_14_42108d61","2026-06-03 07:42:08","__export__.res_partner_2308_0e48bd49","","Fully Invoiced","2026-06-03 07:41:43","True","__export__.crm_team_276_22e06523","__export__.res_users_14_42108d61","Locked","131.24"
"__export__.sale_order_150316_47bf06ca","D150302","__export__.res_users_14_42108d61","2026-06-03 05:13:09","__export__.res_partner_2050_3666fbb2","","Fully Invoiced","2026-06-03 05:11:59","True","__export__.crm_team_162_05a89d8e","__export__.res_users_14_42108d61","Locked","314.1"
"__export__.sale_order_150315_1776b537","D150301","__export__.res_users_14_42108d61","2026-06-03 05:11:39","__export__.res_partner_1994_4bb952c0","","Fully Invoiced","2026-06-03 05:11:14","True","__export__.crm_team_228_ec7099f7","__export__.res_users_14_42108d61","Locked","232.3"
"__export__.sale_order_150313_0fbe4960","D150299","__export__.res_users_14_42108d61","2026-06-03 05:11:09","__export__.res_partner_858_0e5ada1d","","Fully Invoiced","2026-06-03 05:07:50","True","__export__.crm_team_79_8cb35e83","__export__.res_users_14_42108d61","Locked","437.56"
"__export__.sale_order_150314_45c08d23","D150300","__export__.res_users_14_42108d61","2026-06-03 05:11:12","__export__.res_partner_1830_408e614c","","Fully Invoiced","2026-06-03 04:58:53","True","__export__.crm_team_295_a4e9ead7","__export__.res_users_14_42108d61","Locked","346.5"
"__export__.sale_order_150312_3fbc0b5d","D150298","__export__.res_users_14_42108d61","2026-06-03 04:58:32","__export__.res_partner_1820_6043d6fd","","Fully Invoiced","2026-06-03 04:52:37","True","__export__.crm_team_295_a4e9ead7","__export__.res_users_14_42108d61","Locked","412.3"
"__export__.sale_order_150311_0352a972","D150297","__export__.res_users_14_42108d61","2026-06-03 04:52:20","__export__.res_partner_902_081ecc25","","Fully Invoiced","2026-06-03 04:51:13","True","__export__.crm_team_78_db60447e","__export__.res_users_14_42108d61","Locked","174.0"
"__export__.sale_order_150163_2141c13d","D150149","__export__.res_users_7_ace94875","2026-06-01 21:52:48","__export__.res_partner_2462_884eb14e","","Fully Invoiced","2026-06-02 21:52:13","True","__export__.crm_team_227_ffd73472","__export__.res_users_28_e1e8c9ed","Locked","129.1"
"__export__.sale_order_150162_5c687ee0","D150148","__export__.res_users_7_ace94875","2026-06-01 21:51:55","__export__.res_partner_2422_1f2be714","","Fully Invoiced","2026-06-02 21:51:21","True","__export__.crm_team_276_22e06523","__export__.res_users_7_ace94875","Locked","47.4"
"__export__.sale_order_150161_0f578c0a","D150147","__export__.res_users_7_ace94875","2026-06-01 21:26:39","__export__.res_partner_2057_b196e088","","Fully Invoiced","2026-06-02 21:25:39","True","__export__.crm_team_61_8dc82ae3","__export__.res_users_7_ace94875","Locked","91.5"
"__export__.sale_order_150160_687b87a1","D150146","__export__.res_users_7_ace94875","2026-06-01 21:25:33","__export__.res_partner_1626_60b65b7e","","Fully Invoiced","2026-06-02 21:25:00","True","__export__.crm_team_227_ffd73472","__export__.res_users_7_ace94875","Locked","59.1"
"__export__.sale_order_150159_dc4b651c","D150145","__export__.res_users_7_ace94875","2026-06-01 21:24:42","__export__.res_partner_1162_84b0db9d","","Fully Invoiced","2026-06-02 21:23:35","True","__export__.crm_team_275_339b1b1f","__export__.res_users_7_ace94875","Locked","248.4"
"__export__.sale_order_150158_0d5e5dcd","D150144","__export__.res_users_7_ace94875","2026-06-01 21:21:01","__export__.res_partner_2029_983ad619","","Fully Invoiced","2026-06-02 21:20:16","True","__export__.crm_team_276_22e06523","__export__.res_users_22_942f71e3","Locked","109.26"
"__export__.sale_order_150157_2105dfc5","D150143","__export__.res_users_7_ace94875","2026-06-01 21:20:04","__export__.res_partner_1900_f609d842","","Fully Invoiced","2026-06-02 21:18:24","True","__export__.crm_team_276_22e06523","__export__.res_users_22_942f71e3","Locked","403.75"
"__export__.sale_order_150156_6a4a1453","D150142","__export__.res_users_7_ace94875","2026-06-01 21:16:15","__export__.res_partner_1237_e8a3ce1f","","Fully Invoiced","2026-06-02 21:12:40","True","__export__.crm_team_295_a4e9ead7","__export__.res_users_7_ace94875","Locked","747.22"
"__export__.sale_order_150155_3f0a117a","D150141","__export__.res_users_7_ace94875","2026-06-01 21:03:45","__export__.res_partner_1809_c8a0a275","","Fully Invoiced","2026-06-02 21:03:09","True","__export__.crm_team_101_78f106ba","__export__.res_users_10_962e2fe2","Locked","59.5"
"__export__.sale_order_150176_d5d905e1","D150162","__export__.res_users_8_fb87432d","2026-06-01 22:41:08","__export__.res_partner_1170_d47a6860","","Fully Invoiced","2026-06-02 20:39:54","True","__export__.crm_team_229_a2ef141e","__export__.res_users_22_942f71e3","Locked","143.25"
"__export__.sale_order_150170_c4b7029d","D150156","__export__.res_users_8_fb87432d","2026-06-01 22:29:32","__export__.res_partner_1218_e07a11df","","Fully Invoiced","2026-06-02 20:28:49","True","__export__.crm_team_51_075d42c1","__export__.res_users_22_942f71e3","Locked","147.25"
"__export__.sale_order_150167_61a1deb8","D150153","__export__.res_users_8_fb87432d","2026-06-01 22:24:00","__export__.res_partner_747_4ecd91bc","","Fully Invoiced","2026-06-02 20:23:22","True","__export__.crm_team_232_fa62cff8","__export__.res_users_7_ace94875","Locked","54.0"
"__export__.sale_order_150165_cbeeb1b6","D150151","__export__.res_users_8_fb87432d","2026-06-01 22:22:09","__export__.res_partner_2190_84d97c3f","","Fully Invoiced","2026-06-02 20:21:00","True","__export__.crm_team_303_6d918a38","__export__.res_users_22_942f71e3","Locked","178.6"
"__export__.sale_order_150150_cf75661a","D150136","__export__.res_users_10_962e2fe2","2026-06-01 16:57:33","__export__.res_partner_956_89e96401","","Fully Invoiced","2026-06-02 16:56:35","True","__export__.crm_team_51_075d42c1","__export__.res_users_10_962e2fe2","Sales Order","280.0"
"__export__.sale_order_150151_4df0bb76","D150137","__export__.res_users_10_962e2fe2","2026-06-01 16:57:34","__export__.res_partner_956_89e96401","","Fully Invoiced","2026-06-02 16:54:29","True","__export__.crm_team_51_075d42c1","__export__.res_users_10_962e2fe2","Locked","52.0"
"__export__.sale_order_150152_2b3c20c4","D150138","__export__.res_users_10_962e2fe2","2026-06-01 16:57:40","__export__.res_partner_1899_c541e1ae","","Fully Invoiced","2026-06-02 16:53:40","True","__export__.crm_team_51_075d42c1","__export__.res_users_10_962e2fe2","Locked","121.0"
"__export__.sale_order_150149_f8dc827a","D150135","__export__.res_users_10_962e2fe2","2026-06-01 16:13:52","__export__.res_partner_1285_cf2b8103","","Fully Invoiced","2026-06-02 16:11:43","True","__export__.crm_team_305_c2537a3b","__export__.res_users_10_962e2fe2","Locked","203.85"
"__export__.sale_order_150148_418dfbec","D150134","__export__.res_users_10_962e2fe2","2026-06-01 16:04:35","__export__.res_partner_2468_e2144f10","已给","Fully Invoiced","2026-06-02 16:04:20","True","__export__.crm_team_69_17e53434","__export__.res_users_10_962e2fe2","Locked","37.5"
"__export__.sale_order_150146_7fb30999","D150132","__export__.res_users_10_962e2fe2","2026-06-01 15:51:40","__export__.res_partner_2131_ca622633","","Fully Invoiced","2026-06-02 15:51:27","True","__export__.crm_team_229_a2ef141e","__export__.res_users_10_962e2fe2","Locked","14.49"
"__export__.sale_order_150147_c330cecd","D150133","__export__.res_users_10_962e2fe2","2026-06-01 15:51:41","__export__.res_partner_707_b92d9a31","","Fully Invoiced","2026-06-02 15:46:49","True","__export__.crm_team_229_a2ef141e","__export__.res_users_10_962e2fe2","Locked","177.25"
"__export__.sale_order_150145_c70109ab","D150131","__export__.res_users_10_962e2fe2","2026-06-01 15:46:48","__export__.res_partner_1610_31b1ef64","","Fully Invoiced","2026-06-02 15:44:10","True","__export__.crm_team_295_a4e9ead7","__export__.res_users_7_ace94875","Locked","677.8"
"__export__.sale_order_150144_28f296ed","D150130","__export__.res_users_10_962e2fe2","2026-06-01 15:43:04","__export__.res_partner_1165_dac64342","","Fully Invoiced","2026-06-02 15:41:54","True","__export__.crm_team_303_6d918a38","__export__.res_users_10_962e2fe2","Locked","90.0"
"__export__.sale_order_150143_1e929e43","D150129","__export__.res_users_7_ace94875","2026-06-01 15:37:14","__export__.res_partner_866_7023b017","","Fully Invoiced","2026-06-02 15:36:55","True","__export__.crm_team_227_ffd73472","__export__.res_users_8_fb87432d","Locked","10.0"
"__export__.sale_order_150274_a031a86e","D150260","__export__.res_users_27_ccf3d93e","2026-06-02 15:10:59","__export__.res_partner_752_b29ee5f8","","Fully Invoiced","2026-06-02 15:08:53","True","__export__.crm_team_69_17e53434","__export__.res_users_27_ccf3d93e","Locked","96.5"
"__export__.sale_order_150138_51f76038","D150124","__export__.res_users_7_ace94875","2026-06-01 14:51:45","__export__.res_partner_2523_69da4468","","Fully Invoiced","2026-06-02 14:50:32","True","__export__.crm_team_276_22e06523","__export__.res_users_14_42108d61","Locked","98.1"
"__export__.sale_order_150137_2185bef5","D150123","__export__.res_users_10_962e2fe2","2026-06-01 14:48:57","__export__.res_partner_2519_9b3545b1","","Fully Invoiced","2026-06-02 14:47:23","True","__export__.crm_team_231_ec27440e","__export__.res_users_10_962e2fe2","Locked","136.2"
"__export__.sale_order_150271_fad14363","D150257","__export__.res_users_7_ace94875","2026-06-02 14:43:00","__export__.res_partner_752_b29ee5f8","pricelist","Nothing to Invoice","2026-06-02 14:21:36","False","sales_team.team_sales_department","__export__.res_users_7_ace94875","Quotation","1222.38"
"__export__.sale_order_150134_9e337023","D150120","__export__.res_users_14_42108d61","2026-06-01 14:04:40","__export__.res_partner_2410_2ed9a75d","","Fully Invoiced","2026-06-02 14:04:14","True","__export__.crm_team_228_ec7099f7","__export__.res_users_28_e1e8c9ed","Sales Order","299.0"
"__export__.sale_order_150266_b153b2a4","D150252","__export__.res_users_14_42108d61","2026-06-02 13:47:01","__export__.res_partner_752_b29ee5f8","","Fully Invoiced","2026-06-02 13:45:39","True","__export__.crm_team_69_17e53434","__export__.res_users_14_42108d61","Locked","59.1"
"__export__.sale_order_150265_92869276","D150251","__export__.res_users_14_42108d61","2026-06-02 13:29:27","__export__.res_partner_1204_0e526973","","Fully Invoiced","2026-06-02 13:29:11","True","__export__.crm_team_230_30056844","__export__.res_users_14_42108d61","Locked","8.5"
"__export__.sale_order_150129_3d616c27","D150115","__export__.res_users_14_42108d61","2026-06-01 13:09:49","__export__.res_partner_1844_cb1a3c17","","Fully Invoiced","2026-06-02 13:09:20","True","__export__.crm_team_61_8dc82ae3","__export__.res_users_14_42108d61","Locked","266.25"
"__export__.sale_order_150175_693a6c36","D150161","__export__.res_users_8_fb87432d","2026-06-01 22:39:44","__export__.res_partner_1558_b4bd7d3c","","Fully Invoiced","2026-06-02 12:38:03","True","__export__.crm_team_278_1a2d18d7","__export__.res_users_8_fb87432d","Locked","214.8"
"__export__.sale_order_150261_c6e3fa4a","D150247","__export__.res_users_10_962e2fe2","2026-06-02 12:33:46","__export__.res_partner_718_eef01ed3","","Fully Invoiced","2026-06-02 12:33:30","True","__export__.crm_team_69_17e53434","__export__.res_users_10_962e2fe2","Locked","18.95"
"__export__.sale_order_150174_3ca556bb","D150160","__export__.res_users_8_fb87432d","2026-06-01 22:37:43","__export__.res_partner_2062_392da815","","Fully Invoiced","2026-06-02 12:32:51","True","__export__.crm_team_278_1a2d18d7","__export__.res_users_8_fb87432d","Locked","1439.09"
"__export__.sale_order_150171_5759c63f","D150157","__export__.res_users_8_fb87432d","2026-06-01 22:30:14","__export__.res_partner_1042_4b562afb","","Fully Invoiced","2026-06-02 12:29:45","True","__export__.crm_team_302_0f8f613a","__export__.res_users_8_fb87432d","Locked","158.0"
"__export__.sale_order_150169_7da6aa16","D150155","__export__.res_users_8_fb87432d","2026-06-01 22:28:35","__export__.res_partner_2464_6b8b8041","","Fully Invoiced","2026-06-02 12:27:09","True","__export__.crm_team_231_ec27440e","__export__.res_users_7_ace94875","Locked","95.85"
"__export__.sale_order_150168_b8ec88d0","D150154","__export__.res_users_8_fb87432d","2026-06-01 22:26:57","__export__.res_partner_1242_ea55c42a","","Fully Invoiced","2026-06-02 12:25:17","True","__export__.crm_team_229_a2ef141e","__export__.res_users_27_ccf3d93e","Locked","118.95"
"__export__.sale_order_150166_97db0d1b","D150152","__export__.res_users_8_fb87432d","2026-06-01 22:23:15","__export__.res_partner_1018_7a4e2980","","Fully Invoiced","2026-06-02 12:22:42","True","__export__.crm_team_232_fa62cff8","__export__.res_users_7_ace94875","Locked","105.9"
"__export__.sale_order_150257_cc61c8a5","D150243","__export__.res_users_7_ace94875","2026-06-02 11:54:45","__export__.res_partner_718_eef01ed3","","Fully Invoiced","2026-06-02 11:54:32","True","__export__.crm_team_69_17e53434","__export__.res_users_7_ace94875","Locked","35.1"
"__export__.sale_order_150258_30dbbb3b","D150244","__export__.res_users_14_42108d61","2026-06-02 11:54:48","__export__.res_partner_1956_e2faafea","","Fully Invoiced","2026-06-02 11:54:02","True","__export__.crm_team_304_3a77ed67","__export__.res_users_14_42108d61","Locked","28.5"
"__export__.sale_order_150256_40bf8ac1","D150242","__export__.res_users_14_42108d61","2026-06-02 11:52:00","__export__.res_partner_1816_25501dc0","","Fully Invoiced","2026-06-02 11:51:14","False","__export__.crm_team_304_3a77ed67","__export__.res_users_14_42108d61","Locked","34.5"
"__export__.sale_order_150255_ccd67e56","D150241","__export__.res_users_7_ace94875","2026-06-02 11:46:02","__export__.res_partner_1881_931f180a","","Fully Invoiced","2026-06-02 11:44:07","True","__export__.crm_team_69_17e53434","__export__.res_users_8_fb87432d","Locked","3265.3"
"__export__.sale_order_150248_71e45f53","D150234","__export__.res_users_14_42108d61","2026-06-02 10:48:40","__export__.res_partner_2563_bf1a8785","","Fully Invoiced","2026-06-02 10:46:05","True","__export__.crm_team_277_1848bdf1","__export__.res_users_14_42108d61","Locked","16.95"
"__export__.sale_order_150112_eeacb90a","D150098","__export__.res_users_7_ace94875","2026-06-01 10:27:45","__export__.res_partner_2512_8ed6bf07","","Fully Invoiced","2026-06-02 10:26:35","True","__export__.crm_team_295_a4e9ead7","__export__.res_users_7_ace94875","Locked","719.5"
"__export__.sale_order_150111_9ba60179","D150097","__export__.res_users_10_962e2fe2","2026-06-01 10:22:12","__export__.res_partner_874_2fe3c6b7","","Fully Invoiced","2026-06-02 10:21:52","True","__export__.crm_team_301_cac40131","__export__.res_users_10_962e2fe2","Locked","59.0"
"__export__.sale_order_150243_355092fc","D150229","__export__.res_users_22_942f71e3","2026-06-02 09:44:49","__export__.res_partner_866_7023b017","","Fully Invoiced","2026-06-02 09:43:27","True","__export__.crm_team_228_ec7099f7","__export__.res_users_8_fb87432d","Locked","97.0"
"__export__.sale_order_150241_a92ff368","D150227","__export__.res_users_22_942f71e3","2026-06-02 09:37:21","__export__.res_partner_1577_224dd31f","","Fully Invoiced","2026-06-02 09:36:58","True","__export__.crm_team_69_17e53434","__export__.res_users_22_942f71e3","Locked","72.5"
"__export__.sale_order_150240_712a0559","D150226","__export__.res_users_14_42108d61","2026-06-02 09:30:47","__export__.res_partner_1816_25501dc0","","Fully Invoiced","2026-06-02 09:29:19","False","__export__.crm_team_304_3a77ed67","__export__.res_users_14_42108d61","Locked","88.0"
"__export__.sale_order_150238_bae8d7a5","D150224","__export__.res_users_14_42108d61","2026-06-02 09:22:52","__export__.res_partner_2290_5cd4b535","","Fully Invoiced","2026-06-02 09:22:11","True","__export__.crm_team_277_1848bdf1","__export__.res_users_14_42108d61","Locked","46.5"
"__export__.sale_order_150236_fbe3ec91","D150222","__export__.res_users_14_42108d61","2026-06-02 09:18:40","__export__.res_partner_902_081ecc25","","Fully Invoiced","2026-06-02 09:17:10","True","__export__.crm_team_302_0f8f613a","__export__.res_users_14_42108d61","Locked","99.9"
"__export__.sale_order_150235_e4ef9327","D150221","__export__.res_users_14_42108d61","2026-06-02 09:16:27","__export__.res_partner_1612_dc52c27d","","Fully Invoiced","2026-06-02 09:13:07","True","__export__.crm_team_307_99b774f0","__export__.res_users_7_ace94875","Locked","487.36"
"__export__.sale_order_150104_15a03a97","D150090","__export__.res_users_14_42108d61","2026-06-01 09:13:48","__export__.res_partner_2563_bf1a8785","","Fully Invoiced","2026-06-02 09:09:07","True","__export__.crm_team_277_1848bdf1","__export__.res_users_14_42108d61","Sales Order","992.26"
"__export__.sale_order_150234_79bf971f","D150220","__export__.res_users_22_942f71e3","2026-06-02 09:08:32","__export__.res_partner_1881_931f180a","","Fully Invoiced","2026-06-02 09:08:23","True","__export__.crm_team_69_17e53434","__export__.res_users_8_fb87432d","Locked","23.5"
"__export__.sale_order_150233_31290fd7","D150219","__export__.res_users_14_42108d61","2026-06-02 09:08:12","__export__.res_partner_1816_25501dc0","","Fully Invoiced","2026-06-02 09:06:49","True","__export__.crm_team_307_99b774f0","__export__.res_users_14_42108d61","Locked","467.5"
"__export__.sale_order_150232_d2c81d8f","D150218","__export__.res_users_7_ace94875","2026-06-02 09:02:13","__export__.res_partner_1306_509b32e3","","Fully Invoiced","2026-06-02 09:01:22","True","__export__.crm_team_306_f21cf977","__export__.res_users_8_fb87432d","Locked","114.56"
"__export__.sale_order_150242_f8f1fe5d","D150228","__export__.res_users_10_962e2fe2","2026-06-02 09:42:59","__export__.res_partner_818_8185df11","","Fully Invoiced","2026-06-02 08:59:07","True","__export__.crm_team_302_0f8f613a","__export__.res_users_10_962e2fe2","Locked","606.53"
"__export__.sale_order_150231_65c7b5a8","D150217","__export__.res_users_14_42108d61","2026-06-02 09:00:18","__export__.res_partner_1956_e2faafea","","Fully Invoiced","2026-06-02 08:54:44","True","__export__.crm_team_306_f21cf977","__export__.res_users_14_42108d61","Locked","462.6"
"__export__.sale_order_150229_79eed45c","D150215","__export__.res_users_22_942f71e3","2026-06-02 08:49:33","__export__.res_partner_1881_931f180a","","Fully Invoiced","2026-06-02 08:49:01","True","__export__.crm_team_69_17e53434","__export__.res_users_8_fb87432d","Locked","39.0"
"__export__.sale_order_150228_5770e940","D150214","__export__.res_users_22_942f71e3","2026-06-02 08:45:16","__export__.res_partner_1881_931f180a","","Fully Invoiced","2026-06-02 08:44:35","True","__export__.crm_team_69_17e53434","__export__.res_users_8_fb87432d","Locked","97.0"
"__export__.sale_order_150226_3d17592d","D150212","__export__.res_users_22_942f71e3","2026-06-02 08:44:29","__export__.res_partner_2389_15da0f1a","","Fully Invoiced","2026-06-02 08:43:46","True","__export__.crm_team_51_075d42c1","__export__.res_users_10_962e2fe2","Locked","58.0"
"__export__.sale_order_150095_d474103d","D150081","__export__.res_users_22_942f71e3","2026-06-01 08:44:46","__export__.res_partner_1858_03931cf0","","Fully Invoiced","2026-06-02 08:43:46","True","__export__.crm_team_51_075d42c1","__export__.res_users_22_942f71e3","Locked","129.2"
"__export__.sale_order_150225_e901de0c","D150211","__export__.res_users_22_942f71e3","2026-06-02 08:42:31","__export__.res_partner_1577_224dd31f","仓库出货","Fully Invoiced","2026-06-02 08:41:19","True","__export__.crm_team_69_17e53434","__export__.res_users_22_942f71e3","Locked","359.7"
"__export__.sale_order_150227_fe50adf4","D150213","__export__.res_users_10_962e2fe2","2026-06-02 08:44:45","__export__.res_partner_7_0dba4ff7","报价表ash","Nothing to Invoice","2026-06-02 08:39:36","False","sales_team.team_sales_department","base.user_admin","Quotation","431.9"
"__export__.sale_order_150223_f0b98291","D150209","__export__.res_users_14_42108d61","2026-06-02 08:38:30","__export__.res_partner_2352_a590ab32","","Fully Invoiced","2026-06-02 08:37:52","True","__export__.crm_team_277_1848bdf1","__export__.res_users_14_42108d61","Locked","278.81"
"__export__.sale_order_150222_4ed0d661","D150208","__export__.res_users_10_962e2fe2","2026-06-02 08:32:21","__export__.res_partner_1128_64cbbe68","","Fully Invoiced","2026-06-02 08:32:05","True","__export__.crm_team_228_ec7099f7","__export__.res_users_10_962e2fe2","Locked","49.0"
"__export__.sale_order_150219_a3a188d5","D150205","__export__.res_users_14_42108d61","2026-06-02 08:28:54","__export__.res_partner_1864_a87d3f99","","Fully Invoiced","2026-06-02 08:28:19","True","__export__.crm_team_302_0f8f613a","__export__.res_users_14_42108d61","Locked","387.25"
"__export__.sale_order_150220_17d504a9","D150206","__export__.res_users_22_942f71e3","2026-06-02 08:29:16","__export__.res_partner_777_34183bd5","","Fully Invoiced","2026-06-02 08:27:53","True","__export__.crm_team_303_6d918a38","__export__.res_users_27_ccf3d93e","Locked","129.85"
"__export__.sale_order_150218_ce0a741c","D150204","__export__.res_users_10_962e2fe2","2026-06-02 08:28:03","__export__.res_partner_1985_347e98dc","","Fully Invoiced","2026-06-02 08:25:33","True","__export__.crm_team_305_c2537a3b","__export__.res_users_10_962e2fe2","Locked","170.5"
"__export__.sale_order_150217_a3366454","D150203","__export__.res_users_22_942f71e3","2026-06-02 08:27:36","__export__.res_partner_1953_c997dcd9","","Fully Invoiced","2026-06-02 08:24:55","True","__export__.crm_team_294_b0da6099","__export__.res_users_14_42108d61","Locked","153.7"
"__export__.sale_order_150215_f215b55d","D150201","__export__.res_users_22_942f71e3","2026-06-02 08:24:34","__export__.res_partner_800_a1949b1d","","Fully Invoiced","2026-06-02 08:23:24","True","__export__.crm_team_98_821e316c","__export__.res_users_22_942f71e3","Locked","374.07"
"__export__.sale_order_150216_ab7f2fc5","D150202","__export__.res_users_10_962e2fe2","2026-06-02 08:25:31","__export__.res_partner_1822_47f33935","","Fully Invoiced","2026-06-02 08:22:39","True","__export__.crm_team_51_075d42c1","__export__.res_users_14_42108d61","Locked","105.75"
"__export__.sale_order_150213_db0903c3","D150199","__export__.res_users_7_ace94875","2026-06-02 08:22:55","__export__.res_partner_1664_ec566841","","Fully Invoiced","2026-06-02 08:22:25","True","__export__.crm_team_303_6d918a38","__export__.res_users_27_ccf3d93e","Locked","229.85"
"__export__.sale_order_150214_bf57a067","D150200","__export__.res_users_22_942f71e3","2026-06-02 08:23:09","__export__.res_partner_1258_90945fa0","","Fully Invoiced","2026-06-02 08:22:11","True","__export__.crm_team_232_fa62cff8","__export__.res_users_14_42108d61","Locked","171.9"
"__export__.sale_order_150212_2d9da6c8","D150198","__export__.res_users_10_962e2fe2","2026-06-02 08:22:37","__export__.res_partner_920_5db42f04","","Fully Invoiced","2026-06-02 08:20:24","True","__export__.crm_team_98_821e316c","__export__.res_users_14_42108d61","Locked","328.75"
"__export__.sale_order_150210_b60e4381","D150196","__export__.res_users_10_962e2fe2","2026-06-02 08:20:23","__export__.res_partner_850_df312edf","","Fully Invoiced","2026-06-02 08:18:58","True","__export__.crm_team_231_ec27440e","__export__.res_users_10_962e2fe2","Locked","246.79"
"__export__.sale_order_150066_12656e39","D150052","__export__.res_users_7_ace94875","2026-06-01 08:19:38","__export__.res_partner_2026_b3659e1c","","Fully Invoiced","2026-06-02 08:18:46","True","__export__.crm_team_232_fa62cff8","__export__.res_users_7_ace94875","Locked","583.64"
"__export__.sale_order_150208_a9fbe08b","D150194","__export__.res_users_14_42108d61","2026-06-02 08:18:08","__export__.res_partner_1599_e6df6ec0","","Fully Invoiced","2026-06-02 08:17:27","True","__export__.crm_team_98_821e316c","__export__.res_users_14_42108d61","Locked","206.5"
"__export__.sale_order_150209_5e2e8b76","D150195","__export__.res_users_22_942f71e3","2026-06-02 08:19:52","__export__.res_partner_2476_b71daae1","","Fully Invoiced","2026-06-02 08:16:51","True","__export__.crm_team_304_3a77ed67","__export__.res_users_7_ace94875","Locked","607.96"
"__export__.sale_order_150211_e88e57fb","D150197","__export__.res_users_7_ace94875","2026-06-02 08:20:23","__export__.res_partner_2007_3eaeff71","","Fully Invoiced","2026-06-02 08:15:39","True","__export__.crm_team_295_a4e9ead7","__export__.res_users_14_42108d61","Locked","768.82"
"__export__.sale_order_150206_3d3ac163","D150192","__export__.res_users_14_42108d61","2026-06-02 08:15:37","__export__.res_partner_1832_bd27ef4d","","Fully Invoiced","2026-06-02 08:14:20","True","__export__.crm_team_294_b0da6099","__export__.res_users_14_42108d61","Locked","184.75"
"__export__.sale_order_150205_c095d719","D150191","__export__.res_users_22_942f71e3","2026-06-02 08:14:41","__export__.res_partner_2001_f7fddbf4","","Fully Invoiced","2026-06-02 08:14:10","True","__export__.crm_team_294_b0da6099","__export__.res_users_22_942f71e3","Locked","170.3"
"__export__.sale_order_150204_d9fc591b","D150190","__export__.res_users_14_42108d61","2026-06-02 08:14:18","__export__.res_partner_1832_bd27ef4d","","Fully Invoiced","2026-06-02 08:13:58","True","__export__.crm_team_294_b0da6099","__export__.res_users_14_42108d61","Locked","89.95"
"__export__.sale_order_150207_3ca8a70a","D150193","__export__.res_users_10_962e2fe2","2026-06-02 08:16:22","__export__.res_partner_1567_920f121d","","Fully Invoiced","2026-06-02 08:13:19","True","__export__.crm_team_228_ec7099f7","__export__.res_users_10_962e2fe2","Locked","108.5"
"__export__.sale_order_150203_a385fa18","D150189","__export__.res_users_14_42108d61","2026-06-02 08:11:29","__export__.res_partner_911_2142e30f","","Fully Invoiced","2026-06-02 08:10:23","True","__export__.crm_team_231_ec27440e","__export__.res_users_14_42108d61","Locked","282.75"
"__export__.sale_order_150054_dc2b78e0","D150040","__export__.res_users_7_ace94875","2026-06-01 08:09:53","__export__.res_partner_704_e43cdf12","","Fully Invoiced","2026-06-02 08:08:59","True","__export__.crm_team_275_339b1b1f","__export__.res_users_27_ccf3d93e","Locked","272.9"
"__export__.sale_order_150202_a5654de8","D150188","__export__.res_users_22_942f71e3","2026-06-02 08:10:42","__export__.res_partner_1071_44f86fd5","early","Fully Invoiced","2026-06-02 08:08:43","True","__export__.crm_team_98_821e316c","__export__.res_users_27_ccf3d93e","Locked","573.2"
"__export__.sale_order_150200_18edcd07","D150186","__export__.res_users_14_42108d61","2026-06-02 08:08:38","__export__.res_partner_1078_df762d67","","Fully Invoiced","2026-06-02 08:07:06","True","__export__.crm_team_228_ec7099f7","__export__.res_users_14_42108d61","Locked","1304.5"
"__export__.sale_order_150199_319c93ac","D150185","__export__.res_users_22_942f71e3","2026-06-02 08:07:36","__export__.res_partner_2219_5346f762","","Fully Invoiced","2026-06-02 08:07:00","True","__export__.crm_team_303_6d918a38","__export__.res_users_10_962e2fe2","Locked","110.35"
"__export__.sale_order_150198_bcb648ec","D150184","__export__.res_users_22_942f71e3","2026-06-02 08:01:43","__export__.res_partner_1577_224dd31f","","Fully Invoiced","2026-06-02 08:01:16","True","__export__.crm_team_227_ffd73472","__export__.res_users_22_942f71e3","Locked","47.5"
"__export__.sale_order_150201_067124be","D150187","__export__.res_users_14_42108d61","2026-06-02 08:08:55","__export__.res_partner_2290_5cd4b535","","Fully Invoiced","2026-06-02 08:00:49","True","__export__.crm_team_276_22e06523","__export__.res_users_14_42108d61","Locked","398.3"
"__export__.sale_order_150197_013b4298","D150183","__export__.res_users_7_ace94875","2026-06-02 08:00:47","__export__.res_partner_2226_073d5a5a","","Fully Invoiced","2026-06-02 08:00:07","True","__export__.crm_team_228_ec7099f7","__export__.res_users_10_962e2fe2","Locked","307.06"
"__export__.sale_order_150196_aca48f26","D150182","__export__.res_users_7_ace94875","2026-06-02 07:59:01","__export__.res_partner_1616_533a6f33","","Fully Invoiced","2026-06-02 07:58:29","True","__export__.crm_team_227_ffd73472","__export__.res_users_7_ace94875","Locked","107.45"
"__export__.sale_order_150195_3bd06442","D150181","__export__.res_users_14_42108d61","2026-06-02 07:58:04","__export__.res_partner_2500_54e25243","","Fully Invoiced","2026-06-02 07:56:27","True","__export__.crm_team_302_0f8f613a","__export__.res_users_10_962e2fe2","Locked","290.75"
"__export__.sale_order_150194_1d47d1d4","D150180","__export__.res_users_14_42108d61","2026-06-02 07:55:57","__export__.res_partner_1204_0e526973","","Fully Invoiced","2026-06-02 07:53:13","True","__export__.crm_team_230_30056844","__export__.res_users_14_42108d61","Locked","405.4"
"__export__.sale_order_150193_b4859338","D150179","__export__.res_users_14_42108d61","2026-06-02 07:53:11","__export__.res_partner_2525_9137babf","","Fully Invoiced","2026-06-02 07:51:33","True","__export__.crm_team_295_a4e9ead7","__export__.res_users_14_42108d61","Locked","259.0"
"__export__.sale_order_150191_e82d47ea","D150177","__export__.res_users_14_42108d61","2026-06-02 07:50:03","__export__.res_partner_866_7023b017","","Fully Invoiced","2026-06-02 07:48:40","True","__export__.crm_team_227_ffd73472","__export__.res_users_8_fb87432d","Locked","220.85"
"__export__.sale_order_150190_aaa3ec1e","D150176","__export__.res_users_14_42108d61","2026-06-02 07:48:22","__export__.res_partner_1587_3c619347","","Fully Invoiced","2026-06-02 07:46:28","True","__export__.crm_team_228_ec7099f7","__export__.res_users_14_42108d61","Locked","673.31"
"__export__.sale_order_150189_1c42462e","D150175","__export__.res_users_14_42108d61","2026-06-02 07:46:20","__export__.res_partner_1869_c2b3c1c3","","Fully Invoiced","2026-06-02 07:45:42","True","__export__.crm_team_301_cac40131","__export__.res_users_14_42108d61","Locked","142.5"
"__export__.sale_order_150188_f5bc9300","D150174","__export__.res_users_14_42108d61","2026-06-02 07:45:34","__export__.res_partner_2478_0a6bc6a3","","Fully Invoiced","2026-06-02 07:44:01","True","__export__.crm_team_61_8dc82ae3","__export__.res_users_14_42108d61","Locked","625.33"
"__export__.sale_order_150187_55453d0e","D150173","__export__.res_users_14_42108d61","2026-06-02 07:43:10","__export__.res_partner_2509_d01aa094","","Fully Invoiced","2026-06-02 07:41:47","True","__export__.crm_team_275_339b1b1f","__export__.res_users_14_42108d61","Locked","121.85"
"__export__.sale_order_150186_13e0059d","D150172","__export__.res_users_14_42108d61","2026-06-02 07:37:29","__export__.res_partner_1003_ca286395","","Fully Invoiced","2026-06-02 07:35:45","True","__export__.crm_team_301_cac40131","__export__.res_users_10_962e2fe2","Locked","106.04"
"__export__.sale_order_150185_74614dbd","D150171","__export__.res_users_14_42108d61","2026-06-02 07:34:42","__export__.res_partner_1994_4bb952c0","","Fully Invoiced","2026-06-02 07:33:57","True","__export__.crm_team_61_8dc82ae3","__export__.res_users_14_42108d61","Locked","360.95"
"__export__.sale_order_150184_12772d19","D150170","__export__.res_users_14_42108d61","2026-06-02 07:33:52","__export__.res_partner_1222_205defba","","Fully Invoiced","2026-06-02 07:33:25","True","__export__.crm_team_301_cac40131","__export__.res_users_14_42108d61","Locked","44.95"
"__export__.sale_order_150183_917aa95a","D150169","__export__.res_users_14_42108d61","2026-06-02 07:33:22","__export__.res_partner_768_72edcbdb","","Fully Invoiced","2026-06-02 07:31:48","True","__export__.crm_team_301_cac40131","__export__.res_users_14_42108d61","Locked","168.65"
"__export__.sale_order_150182_787a9146","D150168","__export__.res_users_14_42108d61","2026-06-02 07:31:37","__export__.res_partner_1216_828e12b8","","Fully Invoiced","2026-06-02 07:31:20","True","__export__.crm_team_301_cac40131","__export__.res_users_14_42108d61","Locked","59.0"
"__export__.sale_order_150181_95b22f9a","D150167","__export__.res_users_14_42108d61","2026-06-02 07:31:10","__export__.res_partner_696_930a1ccb","","Fully Invoiced","2026-06-02 07:29:11","True","__export__.crm_team_228_ec7099f7","__export__.res_users_14_42108d61","Locked","295.85"
"__export__.sale_order_150180_8d04c1fa","D150166","__export__.res_users_14_42108d61","2026-06-02 07:28:28","__export__.res_partner_1781_a043f483","","Fully Invoiced","2026-06-02 07:27:42","True","__export__.crm_team_61_8dc82ae3","__export__.res_users_10_962e2fe2","Locked","221.58"
"__export__.sale_order_150179_5f05ddfc","D150165","__export__.res_users_14_42108d61","2026-06-02 07:27:27","__export__.res_partner_1576_8c8f7051","","Fully Invoiced","2026-06-02 07:26:27","True","__export__.crm_team_227_ffd73472","__export__.res_users_14_42108d61","Locked","251.3"
"__export__.sale_order_150178_331bdfbd","D150164","__export__.res_users_14_42108d61","2026-06-02 07:26:18","__export__.res_partner_1845_ce74c057","","Fully Invoiced","2026-06-02 07:24:34","True","__export__.crm_team_301_cac40131","__export__.res_users_14_42108d61","Locked","134.0"
"__export__.sale_order_150177_d52fa7d3","D150163","__export__.res_users_22_942f71e3","2026-06-02 06:50:01","__export__.res_partner_743_530f71ec","已给","Fully Invoiced","2026-06-02 06:42:03","True","__export__.crm_team_69_17e53434","__export__.res_users_22_942f71e3","Locked","1556.79"
"__export__.sale_order_149990_58a5e133","D149976","__export__.res_users_7_ace94875","2026-05-31 23:00:50","__export__.res_partner_918_2f7fb42e","","Fully Invoiced","2026-06-01 22:59:36","True","__export__.crm_team_110_3f98a3be","__export__.res_users_27_ccf3d93e","Locked","331.65"
"__export__.sale_order_150003_c6c73fb0","D149989","__export__.res_users_22_942f71e3","2026-05-31 23:56:26","__export__.res_partner_1222_205defba","","Fully Invoiced","2026-06-01 22:59:28","True","__export__.crm_team_39_ffc4074f","__export__.res_users_22_942f71e3","Locked","37.0"
"__export__.sale_order_150010_46d3bec1","D149996","__export__.res_users_22_942f71e3","2026-06-01 00:11:09","__export__.res_partner_1019_04d73dd9","","Fully Invoiced","2026-06-01 22:59:25","True","__export__.crm_team_171_58fa18ab","__export__.res_users_7_ace94875","Locked","115.1"
"__export__.sale_order_150012_7f393029","D149998","__export__.res_users_22_942f71e3","2026-06-01 00:13:18","__export__.res_partner_1173_d8002d22","","Fully Invoiced","2026-06-01 22:59:24","True","__export__.crm_team_159_d09f9755","__export__.res_users_22_942f71e3","Locked","143.85"
"__export__.sale_order_150013_e0c0db3d","D149999","__export__.res_users_22_942f71e3","2026-06-01 00:19:46","__export__.res_partner_2527_2937bc92","","Fully Invoiced","2026-06-01 22:59:23","True","__export__.crm_team_109_1a8b3a5d","__export__.res_users_10_962e2fe2","Locked","184.78"
"__export__.sale_order_150023_6d5f0660","D150009","__export__.res_users_22_942f71e3","2026-06-01 00:37:18","__export__.res_partner_1125_8ced4c04","","Fully Invoiced","2026-06-01 22:59:22","True","__export__.crm_team_306_f21cf977","__export__.res_users_27_ccf3d93e","Locked","426.2"
"__export__.sale_order_150002_8f80d2d0","D149988","__export__.res_users_22_942f71e3","2026-05-31 23:52:51","__export__.res_partner_1576_8c8f7051","","Fully Invoiced","2026-06-01 22:58:59","True","__export__.crm_team_227_ffd73472","__export__.res_users_22_942f71e3","Locked","188.5"
"__export__.sale_order_150001_5e022f9f","D149987","__export__.res_users_22_942f71e3","2026-05-31 23:44:18","__export__.res_partner_2466_86473cec","","Fully Invoiced","2026-06-01 22:58:52","True","__export__.crm_team_231_ec27440e","__export__.res_users_28_e1e8c9ed","Locked","155.27"
"__export__.sale_order_150025_be7c8124","D150011","__export__.res_users_22_942f71e3","2026-06-01 00:39:22","__export__.res_partner_1020_60fc6f31","","Fully Invoiced","2026-06-01 22:58:48","True","__export__.crm_team_298_0b4d52ae","__export__.res_users_7_ace94875","Locked","158.6"
"__export__.sale_order_150026_0b68e3ce","D150012","__export__.res_users_22_942f71e3","2026-06-01 00:42:49","__export__.res_partner_749_a964f4ef","","Fully Invoiced","2026-06-01 22:58:47","True","__export__.crm_team_298_0b4d52ae","__export__.res_users_7_ace94875","Locked","27.8"
"__export__.sale_order_150027_f474f5f5","D150013","__export__.res_users_22_942f71e3","2026-06-01 00:51:55","__export__.res_partner_2531_e0e03692","","Fully Invoiced","2026-06-01 22:58:46","True","__export__.crm_team_232_fa62cff8","__export__.res_users_22_942f71e3","Locked","329.86"
"__export__.sale_order_150000_a651fc5a","D149986","__export__.res_users_22_942f71e3","2026-05-31 23:38:24","__export__.res_partner_1634_e8b1f7be","","Fully Invoiced","2026-06-01 22:56:00","True","__export__.crm_team_231_ec27440e","__export__.res_users_28_e1e8c9ed","Locked","202.86"
"__export__.sale_order_149989_9d3d1246","D149975","__export__.res_users_7_ace94875","2026-05-31 22:57:43","__export__.res_partner_1959_7be6f073","","Fully Invoiced","2026-06-01 22:54:54","True","__export__.crm_team_275_339b1b1f","__export__.res_users_7_ace94875","Locked","1050.12"
"__export__.sale_order_149986_9064ec9f","D149972","__export__.res_users_7_ace94875","2026-05-31 22:54:39","__export__.res_partner_819_b17977bb","","Fully Invoiced","2026-06-01 22:53:50","True","__export__.crm_team_302_0f8f613a","__export__.res_users_7_ace94875","Locked","108.5"
"__export__.sale_order_149987_ac280f50","D149973","__export__.res_users_22_942f71e3","2026-05-31 22:54:51","__export__.res_partner_2559_61491fca","","Fully Invoiced","2026-06-01 22:51:34","True","__export__.crm_team_154_3a2ad666","__export__.res_users_22_942f71e3","Locked","388.39"
"__export__.sale_order_149985_ce25ede9","D149971","__export__.res_users_7_ace94875","2026-05-31 22:53:06","__export__.res_partner_2335_deaccdc9","","Fully Invoiced","2026-06-01 22:50:40","True","__export__.crm_team_275_339b1b1f","__export__.res_users_7_ace94875","Locked","874.1"
"__export__.sale_order_149983_e9c6b08b","D149969","__export__.res_users_7_ace94875","2026-05-31 22:49:32","__export__.res_partner_1313_4ce22376","","Fully Invoiced","2026-06-01 22:47:26","True","__export__.crm_team_61_8dc82ae3","__export__.res_users_7_ace94875","Locked","1351.1"
"__export__.sale_order_149984_d7dda337","D149970","__export__.res_users_22_942f71e3","2026-05-31 22:49:48","__export__.res_partner_2445_325b9e1e","","Fully Invoiced","2026-06-01 22:45:41","True","__export__.crm_team_154_3a2ad666","__export__.res_users_22_942f71e3","Locked","692.12"
"__export__.sale_order_149982_2c9e117c","D149968","__export__.res_users_7_ace94875","2026-05-31 22:46:23","__export__.res_partner_1141_61bb0f22","","Fully Invoiced","2026-06-01 22:44:14","True","__export__.crm_team_96_8d48bd6a","__export__.res_users_7_ace94875","Locked","495.25"
"__export__.sale_order_149981_619b8088","D149967","__export__.res_users_22_942f71e3","2026-05-31 22:45:27","__export__.res_partner_1261_8d4f158c","","Fully Invoiced","2026-06-01 22:37:21","True","__export__.crm_team_173_1afa093c","__export__.res_users_22_942f71e3","Locked","309.7"
"__export__.sale_order_149979_91c20b72","D149965","__export__.res_users_7_ace94875","2026-05-31 22:43:11","__export__.res_partner_2239_187fc3fe","","Fully Invoiced","2026-06-01 22:37:03","True","__export__.crm_team_230_30056844","__export__.res_users_7_ace94875","Locked","905.73"
"__export__.sale_order_149975_abef4a16","D149961","__export__.res_users_7_ace94875","2026-05-31 22:36:40","__export__.res_partner_2250_b574857b","","Fully Invoiced","2026-06-01 22:35:20","True","__export__.crm_team_109_1a8b3a5d","__export__.res_users_7_ace94875","Locked","413.64"
"__export__.sale_order_149976_0926b6b1","D149962","__export__.res_users_22_942f71e3","2026-05-31 22:37:15","__export__.res_partner_2500_54e25243","","Fully Invoiced","2026-06-01 22:33:01","True","__export__.crm_team_39_ffc4074f","__export__.res_users_10_962e2fe2","Locked","75.0"
"__export__.sale_order_149974_5ed339ab","D149960","__export__.res_users_7_ace94875","2026-05-31 22:34:32","__export__.res_partner_2319_7b8044dc","","Fully Invoiced","2026-06-01 22:32:42","True","__export__.crm_team_304_3a77ed67","__export__.res_users_7_ace94875","Locked","423.45"
"__export__.sale_order_149973_b7b6bb4c","D149959","__export__.res_users_7_ace94875","2026-05-31 22:32:08","__export__.res_partner_1178_4660d857","","Fully Invoiced","2026-06-01 22:31:23","True","__export__.crm_team_136_d1985d03","__export__.res_users_7_ace94875","Locked","1660.28"
"__export__.sale_order_149972_fc155c47","D149958","__export__.res_users_7_ace94875","2026-05-31 22:30:56","__export__.res_partner_2054_971c1abd","","Fully Invoiced","2026-06-01 22:30:06","True","__export__.crm_team_96_8d48bd6a","__export__.res_users_28_e1e8c9ed","Locked","141.5"
"__export__.sale_order_149966_6d8c1965","D149952","__export__.res_users_22_942f71e3","2026-05-31 22:19:58","__export__.res_partner_1323_b204c0eb","","Fully Invoiced","2026-06-01 22:19:46","True","__export__.crm_team_299_61b03594","__export__.res_users_18_297f6f55","Locked","50.5"
"__export__.sale_order_149965_0d39d259","D149951","__export__.res_users_22_942f71e3","2026-05-31 22:19:41","__export__.res_partner_1102_68cf62c2","","Fully Invoiced","2026-06-01 22:16:22","True","__export__.crm_team_299_61b03594","__export__.res_users_18_297f6f55","Locked","113.5"
"__export__.sale_order_149968_c757d28c","D149954","__export__.res_users_7_ace94875","2026-05-31 22:22:47","__export__.res_partner_2238_509cf283","","Fully Invoiced","2026-06-01 22:14:16","True","__export__.crm_team_162_05a89d8e","__export__.res_users_7_ace94875","Locked","1350.97"
"__export__.sale_order_149960_01a0b0b9","D149946","__export__.res_users_7_ace94875","2026-05-31 22:13:55","__export__.res_partner_1162_84b0db9d","","Fully Invoiced","2026-06-01 22:11:59","True","__export__.crm_team_101_78f106ba","__export__.res_users_7_ace94875","Locked","226.8"
"__export__.sale_order_149959_8331eb94","D149945","__export__.res_users_7_ace94875","2026-05-31 22:11:48","__export__.res_partner_1154_18a9631e","","Fully Invoiced","2026-06-01 22:11:16","True","__export__.crm_team_173_1afa093c","__export__.res_users_27_ccf3d93e","Locked","78.0"
"__export__.sale_order_149958_bb8e6f54","D149944","__export__.res_users_7_ace94875","2026-05-31 22:11:02","__export__.res_partner_2057_b196e088","","Fully Invoiced","2026-06-01 22:10:04","True","__export__.crm_team_79_8cb35e83","__export__.res_users_7_ace94875","Locked","5.7"
"__export__.sale_order_149957_882fce25","D149943","__export__.res_users_7_ace94875","2026-05-31 22:10:00","__export__.res_partner_1626_60b65b7e","","Fully Invoiced","2026-06-01 22:09:36","True","__export__.crm_team_227_ffd73472","__export__.res_users_7_ace94875","Locked","30.85"
"__export__.sale_order_149956_90db55e9","D149942","__export__.res_users_7_ace94875","2026-05-31 22:08:52","__export__.res_partner_2298_abf86138","","Fully Invoiced","2026-06-01 22:08:13","True","__export__.crm_team_302_0f8f613a","__export__.res_users_7_ace94875","Locked","291.0"
"__export__.sale_order_149954_5ac28553","D149940","__export__.res_users_7_ace94875","2026-05-31 22:07:14","__export__.res_partner_2299_11a1b7c5","","Fully Invoiced","2026-06-01 22:05:44","True","__export__.crm_team_78_db60447e","__export__.res_users_7_ace94875","Locked","364.08"
"__export__.sale_order_150005_ec69dddf","D149991","__export__.res_users_18_297f6f55","2026-06-01 00:00:06","__export__.res_partner_1748_4df4ef19","","Fully Invoiced","2026-06-01 21:57:46","True","__export__.crm_team_51_075d42c1","__export__.res_users_18_297f6f55","Locked","87.6"
"__export__.sale_order_149955_fe4de391","D149941","__export__.res_users_22_942f71e3","2026-05-31 22:08:07","__export__.res_partner_1007_ea60f1d5","","Fully Invoiced","2026-06-01 21:52:32","True","__export__.crm_team_173_1afa093c","__export__.res_users_7_ace94875","Locked","422.91"
"__export__.sale_order_149953_4990365b","D149939","__export__.res_users_22_942f71e3","2026-05-31 21:52:20","__export__.res_partner_1809_c8a0a275","","Fully Invoiced","2026-06-01 21:49:36","True","__export__.crm_team_51_075d42c1","__export__.res_users_10_962e2fe2","Locked","94.15"
"__export__.sale_order_149952_eda8589b","D149938","__export__.res_users_22_942f71e3","2026-05-31 21:39:24","__export__.res_partner_1320_2e40e707","","Fully Invoiced","2026-06-01 21:32:49","True","__export__.crm_team_298_0b4d52ae","__export__.res_users_22_942f71e3","Locked","483.06"
"__export__.sale_order_149963_00e83327","D149949","__export__.res_users_22_942f71e3","2026-05-31 22:15:19","__export__.res_partner_1883_886a4733","","Fully Invoiced","2026-06-01 21:32:39","True","__export__.crm_team_153_0eee99e2","__export__.res_users_22_942f71e3","Locked","90.4"
"__export__.sale_order_149951_00100146","D149937","__export__.res_users_22_942f71e3","2026-05-31 21:32:28","__export__.res_partner_866_7023b017","","Fully Invoiced","2026-06-01 21:31:48","True","__export__.crm_team_227_ffd73472","__export__.res_users_8_fb87432d","Locked","20.3"
"__export__.sale_order_149950_175b9330","D149936","__export__.res_users_22_942f71e3","2026-05-31 21:24:01","__export__.res_partner_2203_a475d102","已给","Fully Invoiced","2026-06-01 21:05:47","True","__export__.crm_team_69_17e53434","__export__.res_users_22_942f71e3","Locked","1554.55"
"__export__.sale_order_149949_292f3bdf","D149935","__export__.res_users_22_942f71e3","2026-05-31 21:05:01","__export__.res_partner_768_72edcbdb","","Fully Invoiced","2026-06-01 21:04:36","True","__export__.crm_team_39_ffc4074f","__export__.res_users_22_942f71e3","Locked","56.5"
"__export__.sale_order_149948_d595ea87","D149934","__export__.res_users_22_942f71e3","2026-05-31 21:03:43","__export__.res_partner_2465_44cc3e52","","Fully Invoiced","2026-06-01 21:02:35","True","__export__.crm_team_51_075d42c1","__export__.res_users_28_e1e8c9ed","Locked","222.5"
"__export__.sale_order_149947_04a1251e","D149933","__export__.res_users_22_942f71e3","2026-05-31 21:01:42","__export__.res_partner_1318_c98a4b7c","","Fully Invoiced","2026-06-01 21:01:05","True","__export__.crm_team_39_ffc4074f","__export__.res_users_22_942f71e3","Locked","199.45"
"__export__.sale_order_149946_e268db70","D149932","__export__.res_users_22_942f71e3","2026-05-31 21:00:42","__export__.res_partner_1562_6fc4e4d6","","Fully Invoiced","2026-06-01 20:57:19","True","__export__.crm_team_250_4cae7256","__export__.res_users_22_942f71e3","Locked","208.9"
"__export__.sale_order_149945_7d0b2d17","D149931","__export__.res_users_22_942f71e3","2026-05-31 20:54:33","__export__.res_partner_1042_4b562afb","","Fully Invoiced","2026-06-01 20:54:15","True","__export__.crm_team_59_95d20efd","__export__.res_users_22_942f71e3","Locked","107.85"
"__export__.sale_order_149944_6986d4c9","D149930","__export__.res_users_22_942f71e3","2026-05-31 20:50:42","__export__.res_partner_1235_cf6f105f","","Fully Invoiced","2026-06-01 20:49:56","True","__export__.crm_team_110_3f98a3be","__export__.res_users_27_ccf3d93e","Locked","86.75"
"__export__.sale_order_149943_65fe2742","D149929","__export__.res_users_22_942f71e3","2026-05-31 20:49:34","__export__.res_partner_1326_e85f9f0f","","Fully Invoiced","2026-06-01 20:46:49","True","__export__.crm_team_96_8d48bd6a","__export__.res_users_27_ccf3d93e","Locked","243.7"
"__export__.sale_order_149942_d6bf2471","D149928","__export__.res_users_22_942f71e3","2026-05-31 20:46:31","__export__.res_partner_1123_68f38c82","","Fully Invoiced","2026-06-01 20:44:21","True","__export__.crm_team_78_db60447e","__export__.res_users_27_ccf3d93e","Locked","221.4"
"__export__.sale_order_149941_44c8dd37","D149927","__export__.res_users_22_942f71e3","2026-05-31 20:44:10","__export__.res_partner_1187_1fc9bbda","","Fully Invoiced","2026-06-01 20:41:38","True","__export__.crm_team_159_d09f9755","__export__.res_users_22_942f71e3","Locked","80.6"
"__export__.sale_order_149940_e3147405","D149926","__export__.res_users_22_942f71e3","2026-05-31 20:41:27","__export__.res_partner_1773_05afc1fd","","Fully Invoiced","2026-06-01 20:40:30","True","__export__.crm_team_276_22e06523","__export__.res_users_22_942f71e3","Locked","132.4"
"__export__.sale_order_149939_b286bc11","D149925","__export__.res_users_22_942f71e3","2026-05-31 20:39:09","__export__.res_partner_1620_ba7293b5","","Fully Invoiced","2026-06-01 20:36:35","True","__export__.crm_team_171_58fa18ab","__export__.res_users_22_942f71e3","Locked","254.53"
"__export__.sale_order_149938_4190ef59","D149924","__export__.res_users_22_942f71e3","2026-05-31 20:36:02","__export__.res_partner_763_ccfd8876","","Fully Invoiced","2026-06-01 20:27:58","True","__export__.crm_team_102_350bf834","__export__.res_users_22_942f71e3","Locked","231.23"
"__export__.sale_order_149937_7c6af8dc","D149923","__export__.res_users_22_942f71e3","2026-05-31 20:25:27","__export__.res_partner_2218_6c64adc3","","Fully Invoiced","2026-06-01 20:18:53","True","__export__.crm_team_250_4cae7256","__export__.res_users_10_962e2fe2","Locked","198.0"
"__export__.sale_order_149936_f3fa7143","D149922","__export__.res_users_22_942f71e3","2026-05-31 20:18:44","__export__.res_partner_726_55339f90","","Fully Invoiced","2026-06-01 20:17:51","True","__export__.crm_team_109_1a8b3a5d","__export__.res_users_27_ccf3d93e","Locked","226.61"
"__export__.sale_order_149935_7861f457","D149921","__export__.res_users_22_942f71e3","2026-05-31 20:17:37","__export__.res_partner_1243_048493f3","","Fully Invoiced","2026-06-01 20:17:15","True","__export__.crm_team_51_075d42c1","__export__.res_users_22_942f71e3","Locked","66.35"
"__export__.sale_order_149934_7600fe8c","D149920","__export__.res_users_22_942f71e3","2026-05-31 20:17:12","__export__.res_partner_1099_28fa9bc1","","Fully Invoiced","2026-06-01 20:15:20","True","__export__.crm_team_278_1a2d18d7","__export__.res_users_22_942f71e3","Locked","187.01"
"__export__.sale_order_149933_1bba30f3","D149919","__export__.res_users_22_942f71e3","2026-05-31 20:12:04","__export__.res_partner_2039_dfeba2bb","","Fully Invoiced","2026-06-01 20:10:56","True","__export__.crm_team_51_075d42c1","__export__.res_users_22_942f71e3","Locked","42.55"
"__export__.sale_order_149932_31ede65a","D149918","__export__.res_users_22_942f71e3","2026-05-31 20:11:09","__export__.res_partner_1927_754098d4","","Fully Invoiced","2026-06-01 20:10:06","True","__export__.crm_team_51_075d42c1","__export__.res_users_22_942f71e3","Locked","122.75"
"__export__.sale_order_149931_94458b31","D149917","__export__.res_users_22_942f71e3","2026-05-31 20:06:52","__export__.res_partner_2553_e1e16865","","Fully Invoiced","2026-06-01 20:06:23","True","__export__.crm_team_299_61b03594","__export__.res_users_22_942f71e3","Locked","104.5"
"__export__.sale_order_149930_49253e10","D149916","__export__.res_users_22_942f71e3","2026-05-31 20:03:19","__export__.res_partner_1893_1e0e95aa","","Fully Invoiced","2026-06-01 20:01:36","True","__export__.crm_team_134_5d6888e6","__export__.res_users_22_942f71e3","Locked","136.65"
"__export__.sale_order_149929_91370df3","D149915","__export__.res_users_22_942f71e3","2026-05-31 20:00:27","__export__.res_partner_866_7023b017","","Fully Invoiced","2026-06-01 20:00:00","True","__export__.crm_team_227_ffd73472","__export__.res_users_8_fb87432d","Locked","263.2"
"__export__.sale_order_149928_527942ff","D149914","__export__.res_users_22_942f71e3","2026-05-31 19:59:48","__export__.res_partner_815_b205f784","","Fully Invoiced","2026-06-01 19:58:34","True","__export__.crm_team_163_c20aff5a","__export__.res_users_22_942f71e3","Locked","143.11"
"__export__.sale_order_149927_d4fae466","D149913","__export__.res_users_22_942f71e3","2026-05-31 19:58:10","__export__.res_partner_1143_18bb08c9","","Fully Invoiced","2026-06-01 19:55:01","True","__export__.crm_team_98_821e316c","__export__.res_users_22_942f71e3","Locked","441.5"
"__export__.sale_order_149926_58fb16e6","D149912","__export__.res_users_22_942f71e3","2026-05-31 19:53:51","__export__.res_partner_1577_224dd31f","","Fully Invoiced","2026-06-01 19:52:43","True","__export__.crm_team_227_ffd73472","__export__.res_users_22_942f71e3","Locked","137.8"
"__export__.sale_order_149922_f8829e70","D149908","__export__.res_users_22_942f71e3","2026-05-31 17:19:49","__export__.res_partner_2231_fb06ad4b","","Fully Invoiced","2026-06-01 17:18:57","True","__export__.crm_team_111_3c32966d","__export__.res_users_22_942f71e3","Locked","115.9"
"__export__.sale_order_149925_132841eb","D149911","__export__.res_users_22_942f71e3","2026-05-31 17:23:53","__export__.res_partner_831_4c93b992","","Fully Invoiced","2026-06-01 17:03:38","True","__export__.crm_team_278_1a2d18d7","__export__.res_users_22_942f71e3","Locked","376.7"
"__export__.sale_order_149924_5f90920c","D149910","__export__.res_users_22_942f71e3","2026-05-31 17:22:54","__export__.res_partner_831_4c93b992","","Fully Invoiced","2026-06-01 17:03:37","True","__export__.crm_team_278_1a2d18d7","__export__.res_users_22_942f71e3","Locked","478.47"
"__export__.sale_order_149923_5901f203","D149909","__export__.res_users_22_942f71e3","2026-05-31 17:22:52","__export__.res_partner_831_4c93b992","","Fully Invoiced","2026-06-01 17:03:34","True","__export__.crm_team_278_1a2d18d7","__export__.res_users_22_942f71e3","Locked","155.85"
"__export__.sale_order_149921_27c4ca2f","D149907","__export__.res_users_22_942f71e3","2026-05-31 17:18:11","__export__.res_partner_962_3604a165","","Fully Invoiced","2026-06-01 17:03:33","True","__export__.crm_team_98_821e316c","__export__.res_users_22_942f71e3","Locked","445.15"
"__export__.sale_order_149919_b5b9224e","D149905","__export__.res_users_8_fb87432d","2026-05-31 17:01:23","__export__.res_partner_918_2f7fb42e","","Fully Invoiced","2026-06-01 17:00:57","True","__export__.crm_team_110_3f98a3be","__export__.res_users_27_ccf3d93e","Locked",""
"__export__.sale_order_149917_e29fa47e","D149903","__export__.res_users_22_942f71e3","2026-05-31 16:59:49","__export__.res_partner_2246_c39e7a34","","Fully Invoiced","2026-06-01 16:58:14","True","__export__.crm_team_51_075d42c1","__export__.res_users_22_942f71e3","Locked","71.25"
"__export__.sale_order_149920_c1bb7ab9","D149906","__export__.res_users_22_942f71e3","2026-05-31 17:03:10","__export__.res_partner_1136_1bc987b5","","Fully Invoiced","2026-06-01 16:58:12","True","__export__.crm_team_51_075d42c1","__export__.res_users_22_942f71e3","Locked","357.05"
"__export__.sale_order_149918_6e7a0060","D149904","__export__.res_users_22_942f71e3","2026-05-31 16:59:55","__export__.res_partner_1117_6884394d","","Fully Invoiced","2026-06-01 16:58:11","True","__export__.crm_team_51_075d42c1","__export__.res_users_22_942f71e3","Locked","18.0"
"__export__.sale_order_149916_0548daea","D149902","__export__.res_users_22_942f71e3","2026-05-31 16:58:07","__export__.res_partner_1568_38bd8bd7","","Fully Invoiced","2026-06-01 16:56:33","True","__export__.crm_team_171_58fa18ab","__export__.res_users_22_942f71e3","Locked","304.73"
"__export__.sale_order_150142_b85a7e45","D150128","__export__.res_users_22_942f71e3","2026-06-01 15:23:31","__export__.res_partner_2218_6c64adc3","","Fully Invoiced","2026-06-01 15:22:07","True","__export__.crm_team_111_3c32966d","__export__.res_users_10_962e2fe2","Locked","20.0"
"__export__.sale_order_150004_161f7c05","D149990","__export__.res_users_18_297f6f55","2026-05-31 23:57:14","__export__.res_partner_1047_0fe22c29","","Fully Invoiced","2026-06-01 13:50:06","True","__export__.crm_team_80_d86e22d9","__export__.res_users_27_ccf3d93e","Locked","50.5"
"__export__.sale_order_150131_8eece34c","D150117","__export__.res_users_14_42108d61","2026-06-01 13:31:27","__export__.res_partner_941_349707c0","","Fully Invoiced","2026-06-01 13:29:47","True","__export__.crm_team_96_8d48bd6a","__export__.res_users_14_42108d61","Locked",""
"__export__.sale_order_150130_7a52d9af","D150116","__export__.res_users_22_942f71e3","2026-06-01 13:15:07","__export__.res_partner_927_2a5972fe","","Fully Invoiced","2026-06-01 13:13:19","True","__export__.crm_team_111_3c32966d","__export__.res_users_7_ace94875","Locked","33.35"
"__export__.sale_order_150128_dbffdc4c","D150114","__export__.res_users_10_962e2fe2","2026-06-01 12:42:52","__export__.res_partner_1693_6f1cd34d","","Fully Invoiced","2026-06-01 12:42:16","True","__export__.crm_team_277_1848bdf1","__export__.res_users_27_ccf3d93e","Locked","25.5"
"__export__.sale_order_150127_5a23a8a3","D150113","__export__.res_users_14_42108d61","2026-06-01 12:42:24","__export__.res_partner_723_b6aff6bf","","Fully Invoiced","2026-06-01 12:41:44","True","__export__.crm_team_96_8d48bd6a","__export__.res_users_14_42108d61","Locked","26.5"
"__export__.sale_order_150126_e18be0a2","D150112","__export__.res_users_14_42108d61","2026-06-01 12:15:32","__export__.res_partner_752_b29ee5f8","","Fully Invoiced","2026-06-01 12:10:53","True","__export__.crm_team_69_17e53434","__export__.res_users_14_42108d61","Locked","141.76"
"__export__.sale_order_150125_de58538b","D150111","__export__.res_users_22_942f71e3","2026-06-01 11:58:12","__export__.res_partner_1073_2afb2f6f","","Fully Invoiced","2026-06-01 11:56:55","True","__export__.crm_team_69_17e53434","__export__.res_users_10_962e2fe2","Locked","409.55"
"__export__.sale_order_150124_4f2193e4","D150110","__export__.res_users_10_962e2fe2","2026-06-01 11:49:13","__export__.res_partner_1614_5e3c6e0a","","Fully Invoiced","2026-06-01 11:45:28","True","__export__.crm_team_137_eeba10e5","__export__.res_users_10_962e2fe2","Locked","644.93"
"__export__.sale_order_150120_40bfd754","D150106","__export__.res_users_14_42108d61","2026-06-01 11:42:47","__export__.res_partner_941_349707c0","","Fully Invoiced","2026-06-01 11:42:11","True","__export__.crm_team_96_8d48bd6a","__export__.res_users_14_42108d61","Locked","55.0"
"__export__.sale_order_150122_6d830534","D150108","__export__.res_users_10_962e2fe2","2026-06-01 11:44:58","__export__.res_partner_790_fcc5b5d9","","Fully Invoiced","2026-06-01 11:41:55","True","__export__.crm_team_137_eeba10e5","__export__.res_users_10_962e2fe2","Locked","144.5"
"__export__.sale_order_150119_fe6923f3","D150105","__export__.res_users_10_962e2fe2","2026-06-01 11:40:48","__export__.res_partner_1779_3bcf046f","","Fully Invoiced","2026-06-01 11:37:36","True","__export__.crm_team_137_eeba10e5","__export__.res_users_10_962e2fe2","Locked","187.4"
"__export__.sale_order_150117_bf808329","D150103","__export__.res_users_10_962e2fe2","2026-06-01 11:33:24","__export__.res_partner_2499_4880f096","","Fully Invoiced","2026-06-01 11:32:17","True","__export__.crm_team_137_eeba10e5","__export__.res_users_7_ace94875","Locked","131.0"
"__export__.sale_order_150116_421bf456","D150102","__export__.res_users_10_962e2fe2","2026-06-01 11:22:52","__export__.res_partner_1332_ccfc6a83","","Fully Invoiced","2026-06-01 11:21:50","True","__export__.crm_team_69_17e53434","__export__.res_users_10_962e2fe2","Locked","100.35"
"__export__.sale_order_150115_7f3ccb9f","D150101","__export__.res_users_14_42108d61","2026-06-01 11:22:01","__export__.res_partner_1075_51f5f6f0","","Fully Invoiced","2026-06-01 11:21:36","True","__export__.crm_team_297_46343bff","__export__.res_users_14_42108d61","Locked","46.5"
"__export__.sale_order_150114_35ccfaea","D150100","__export__.res_users_22_942f71e3","2026-06-01 11:14:35","__export__.res_partner_781_c26c6452","","Fully Invoiced","2026-06-01 11:11:56","True","__export__.crm_team_102_350bf834","__export__.res_users_22_942f71e3","Locked","332.42"
"__export__.sale_order_150113_714b0a5f","D150099","__export__.res_users_14_42108d61","2026-06-01 10:49:07","__export__.res_partner_2555_ba76af6c","","Fully Invoiced","2026-06-01 10:48:06","True","__export__.crm_team_102_350bf834","__export__.res_users_14_42108d61","Locked","139.5"
"__export__.sale_order_150022_d615214e","D150008","__export__.res_users_18_297f6f55","2026-06-01 00:36:26","__export__.res_partner_1281_f77cf15c","","Fully Invoiced","2026-06-01 10:35:55","True","__export__.crm_team_163_c20aff5a","__export__.res_users_28_e1e8c9ed","Locked","135.35"
"__export__.sale_order_150021_53e450ea","D150007","__export__.res_users_18_297f6f55","2026-06-01 00:35:07","__export__.res_partner_2063_4f237b67","","Fully Invoiced","2026-06-01 10:34:39","True","__export__.crm_team_303_6d918a38","__export__.res_users_8_fb87432d","Locked","293.59"
"__export__.sale_order_150020_cbc11cc5","D150006","__export__.res_users_18_297f6f55","2026-06-01 00:34:29","__export__.res_partner_891_c0cc8e85","","Fully Invoiced","2026-06-01 10:33:59","True","__export__.crm_team_303_6d918a38","__export__.res_users_14_42108d61","Locked","146.9"
"__export__.sale_order_150019_147a4469","D150005","__export__.res_users_18_297f6f55","2026-06-01 00:33:31","__export__.res_partner_974_bde34019","","Fully Invoiced","2026-06-01 10:29:45","True","__export__.crm_team_98_821e316c","__export__.res_users_18_297f6f55","Locked","641.98"
"__export__.sale_order_150017_8829c3fa","D150003","__export__.res_users_18_297f6f55","2026-06-01 00:27:21","__export__.res_partner_971_b9945320","","Fully Invoiced","2026-06-01 10:25:30","True","__export__.crm_team_250_4cae7256","__export__.res_users_18_297f6f55","Locked","461.47"
"__export__.sale_order_150016_31aad588","D150002","__export__.res_users_18_297f6f55","2026-06-01 00:25:13","__export__.res_partner_1103_926e4c12","","Fully Invoiced","2026-06-01 10:24:12","True","__export__.crm_team_299_61b03594","__export__.res_users_18_297f6f55","Locked","107.2"
"__export__.sale_order_150015_0887b748","D150001","__export__.res_users_18_297f6f55","2026-06-01 00:23:53","__export__.res_partner_1649_7cdf014b","","Fully Invoiced","2026-06-01 10:23:03","True","__export__.crm_team_229_a2ef141e","__export__.res_users_27_ccf3d93e","Locked","294.85"
"__export__.sale_order_150009_5ddb6af6","D149995","__export__.res_users_18_297f6f55","2026-06-01 00:05:56","__export__.res_partner_1109_907527cb","","Fully Invoiced","2026-06-01 10:04:52","True","__export__.crm_team_51_075d42c1","__export__.res_users_18_297f6f55","Locked","113.1"
"__export__.sale_order_150008_73b5f141","D149994","__export__.res_users_18_297f6f55","2026-06-01 00:04:04","__export__.res_partner_976_61ad322d","","Fully Invoiced","2026-06-01 10:03:50","True","__export__.crm_team_160_bd232578","__export__.res_users_18_297f6f55","Locked","45.0"
"__export__.sale_order_150007_e35954e5","D149993","__export__.res_users_18_297f6f55","2026-06-01 00:03:02","__export__.res_partner_976_61ad322d","","Fully Invoiced","2026-06-01 10:01:32","True","__export__.crm_team_160_bd232578","__export__.res_users_18_297f6f55","Locked","278.55"
"__export__.sale_order_150006_0758d502","D149992","__export__.res_users_18_297f6f55","2026-06-01 00:01:06","__export__.res_partner_1763_7c6cd96b","","Fully Invoiced","2026-06-01 10:00:22","True","__export__.crm_team_232_fa62cff8","__export__.res_users_10_962e2fe2","Locked","136.61"
"__export__.sale_order_149991_a6264ca4","D149977","__export__.res_users_14_42108d61","2026-05-31 23:03:47","__export__.res_partner_2232_5eb6c569","","Fully Invoiced","2026-06-01 09:59:19","True","__export__.crm_team_136_d1985d03","__export__.res_users_14_42108d61","Locked","1023.56"
"__export__.sale_order_150109_d2e22201","D150095","__export__.res_users_22_942f71e3","2026-06-01 09:56:35","__export__.res_partner_752_b29ee5f8","","Fully Invoiced","2026-06-01 09:56:21","True","__export__.crm_team_69_17e53434","__export__.res_users_22_942f71e3","Locked","5.85"
"__export__.sale_order_149988_a2149912","D149974","__export__.res_users_14_42108d61","2026-05-31 22:57:16","__export__.res_partner_1079_f42ddf2f","","Fully Invoiced","2026-06-01 09:48:44","True","__export__.crm_team_112_5a7d7484","__export__.res_users_14_42108d61","Locked","1060.24"
"__export__.sale_order_150108_eea07772","D150094","__export__.res_users_10_962e2fe2","2026-06-01 09:47:14","__export__.res_partner_1912_c1e91db3","","Fully Invoiced","2026-06-01 09:46:24","True","__export__.crm_team_277_1848bdf1","__export__.res_users_10_962e2fe2","Locked","31.0"
"__export__.sale_order_149980_589ccc76","D149966","__export__.res_users_14_42108d61","2026-05-31 22:43:33","__export__.res_partner_1991_a2810e90","","Fully Invoiced","2026-06-01 09:40:28","True","__export__.crm_team_112_5a7d7484","__export__.res_users_14_42108d61","Locked","611.3"
"__export__.sale_order_150107_63faa30c","D150093","__export__.res_users_22_942f71e3","2026-06-01 09:39:19","__export__.res_partner_2051_6af4c1a8","","Fully Invoiced","2026-06-01 09:38:39","True","__export__.crm_team_98_821e316c","__export__.res_users_22_942f71e3","Locked","66.94"
"__export__.sale_order_149978_de9b8bfb","D149964","__export__.res_users_14_42108d61","2026-05-31 22:39:41","__export__.res_partner_1837_354db69f","","Fully Invoiced","2026-06-01 09:38:03","True","__export__.crm_team_78_db60447e","__export__.res_users_14_42108d61","Locked","215.55"
"__export__.sale_order_149977_206144a4","D149963","__export__.res_users_14_42108d61","2026-05-31 22:37:49","__export__.res_partner_1994_4bb952c0","","Fully Invoiced","2026-06-01 09:36:52","True","__export__.crm_team_79_8cb35e83","__export__.res_users_14_42108d61","Locked","239.45"
"__export__.sale_order_150106_2bf21377","D150092","__export__.res_users_22_942f71e3","2026-06-01 09:35:27","__export__.res_partner_2279_95c95e6b","","Fully Invoiced","2026-06-01 09:34:02","True","__export__.crm_team_302_0f8f613a","__export__.res_users_10_962e2fe2","Locked","348.1"
"__export__.sale_order_149999_5a1c18ce","D149985","__export__.res_users_14_42108d61","2026-05-31 23:35:06","__export__.res_partner_858_0e5ada1d","","Fully Invoiced","2026-06-01 09:33:07","True","__export__.crm_team_59_95d20efd","__export__.res_users_14_42108d61","Locked","229.87"
"__export__.sale_order_149998_e3febf8b","D149984","__export__.res_users_14_42108d61","2026-05-31 23:32:50","__export__.res_partner_1159_a59e4c3e","","Fully Invoiced","2026-06-01 09:31:04","True","__export__.crm_team_61_8dc82ae3","__export__.res_users_14_42108d61","Sales Order","301.9"
"__export__.sale_order_149971_4466b81b","D149957","__export__.res_users_14_42108d61","2026-05-31 22:30:31","__export__.res_partner_2555_ba76af6c","","Fully Invoiced","2026-06-01 09:27:20","True","__export__.crm_team_80_d86e22d9","__export__.res_users_14_42108d61","Locked","480.61"
"__export__.sale_order_149970_8f22f56b","D149956","__export__.res_users_14_42108d61","2026-05-31 22:27:15","__export__.res_partner_1838_9a673e84","","Fully Invoiced","2026-06-01 09:26:13","True","__export__.crm_team_172_e403f408","__export__.res_users_14_42108d61","Locked","340.3"
"__export__.sale_order_149969_ec347c52","D149955","__export__.res_users_14_42108d61","2026-05-31 22:26:11","__export__.res_partner_1216_828e12b8","","Fully Invoiced","2026-06-01 09:25:26","True","__export__.crm_team_39_ffc4074f","__export__.res_users_14_42108d61","Locked","38.5"
"__export__.sale_order_149997_4b8c22be","D149983","__export__.res_users_14_42108d61","2026-05-31 23:26:42","__export__.res_partner_1184_6e0a68be","","Fully Invoiced","2026-06-01 09:24:52","True","__export__.crm_team_96_8d48bd6a","__export__.res_users_14_42108d61","Locked","339.76"
"__export__.sale_order_149967_9aa0df85","D149953","__export__.res_users_14_42108d61","2026-05-31 22:20:10","__export__.res_partner_1075_51f5f6f0","","Fully Invoiced","2026-06-01 09:19:04","True","__export__.crm_team_296_40815358","__export__.res_users_14_42108d61","Locked","195.35"
"__export__.sale_order_149996_33b41945","D149982","__export__.res_users_14_42108d61","2026-05-31 23:21:05","__export__.res_partner_2536_e53ff52d","","Fully Invoiced","2026-06-01 09:16:05","True","__export__.crm_team_160_bd232578","__export__.res_users_14_42108d61","Locked","382.63"
"__export__.sale_order_149964_209ea439","D149950","__export__.res_users_14_42108d61","2026-05-31 22:19:00","__export__.res_partner_2406_156bbf35","","Fully Invoiced","2026-06-01 09:15:56","True","__export__.crm_team_177_f958c6ae","__export__.res_users_14_42108d61","Locked","424.58"
"__export__.sale_order_149961_25f72415","D149947","__export__.res_users_14_42108d61","2026-05-31 22:14:36","__export__.res_partner_2028_9fa04bc8","","Fully Invoiced","2026-06-01 09:13:05","True","__export__.crm_team_96_8d48bd6a","__export__.res_users_14_42108d61","Locked","337.85"
"__export__.sale_order_149962_1b589d6d","D149948","__export__.res_users_14_42108d61","2026-05-31 22:15:01","__export__.res_partner_723_b6aff6bf","","Fully Invoiced","2026-06-01 09:11:38","True","__export__.crm_team_96_8d48bd6a","__export__.res_users_14_42108d61","Locked","323.44"
"__export__.sale_order_149995_e371ae02","D149981","__export__.res_users_14_42108d61","2026-05-31 23:15:26","__export__.res_partner_2547_8f7ed1f4","","Fully Invoiced","2026-06-01 09:10:42","True","__export__.crm_team_289_72f3a502","__export__.res_users_14_42108d61","Locked","329.45"
"__export__.sale_order_150101_b45d9d36","D150087","__export__.res_users_22_942f71e3","2026-06-01 09:10:02","__export__.res_partner_880_6e2f3d5b","","Fully Invoiced","2026-06-01 09:08:29","True","__export__.crm_team_159_d09f9755","__export__.res_users_22_942f71e3","Locked","167.75"
"__export__.sale_order_149994_e08eab14","D149980","__export__.res_users_14_42108d61","2026-05-31 23:10:36","__export__.res_partner_1003_ca286395","","Fully Invoiced","2026-06-01 09:08:27","True","__export__.crm_team_39_ffc4074f","__export__.res_users_10_962e2fe2","Locked","279.4"
"__export__.sale_order_149992_9d9ebc94","D149978","__export__.res_users_14_42108d61","2026-05-31 23:08:22","__export__.res_partner_1781_a043f483","","Fully Invoiced","2026-06-01 09:06:05","True","__export__.crm_team_79_8cb35e83","__export__.res_users_10_962e2fe2","Locked","239.0"
"__export__.sale_order_150100_6f7face1","D150086","__export__.res_users_7_ace94875","2026-06-01 09:06:25","__export__.res_partner_1881_931f180a","","Fully Invoiced","2026-06-01 09:05:03","True","__export__.crm_team_69_17e53434","__export__.res_users_8_fb87432d","Locked","91.8"
"__export__.sale_order_150098_22400d4c","D150084","__export__.res_users_14_42108d61","2026-06-01 08:52:08","__export__.res_partner_859_c1e0c4b2","","Fully Invoiced","2026-06-01 08:49:38","True","__export__.crm_team_277_1848bdf1","__export__.res_users_14_42108d61","Locked","840.78"
"__export__.sale_order_150097_bf257021","D150083","__export__.res_users_14_42108d61","2026-06-01 08:47:39","__export__.res_partner_1106_ece6556a","","Fully Invoiced","2026-06-01 08:45:46","True","__export__.crm_team_177_f958c6ae","__export__.res_users_14_42108d61","Locked","718.41"
"__export__.sale_order_150096_fd3bba3e","D150082","__export__.res_users_7_ace94875","2026-06-01 08:45:01","__export__.res_partner_2458_a35b8347","","Fully Invoiced","2026-06-01 08:43:59","True","__export__.crm_team_134_5d6888e6","__export__.res_users_28_e1e8c9ed","Locked","211.35"
"__export__.sale_order_150094_f69fdb97","D150080","__export__.res_users_14_42108d61","2026-06-01 08:43:33","__export__.res_partner_2289_dca3de59","","Fully Invoiced","2026-06-01 08:41:57","True","__export__.crm_team_303_6d918a38","__export__.res_users_14_42108d61","Locked","442.18"
"__export__.sale_order_150089_588b7895","D150075","__export__.res_users_14_42108d61","2026-06-01 08:41:33","__export__.res_partner_2429_c1d41fbc","","Fully Invoiced","2026-06-01 08:40:40","True","__export__.crm_team_80_d86e22d9","__export__.res_users_14_42108d61","Locked","474.5"
"__export__.sale_order_150088_8c660f20","D150074","__export__.res_users_14_42108d61","2026-06-01 08:38:58","__export__.res_partner_1913_0b4fe26f","","Fully Invoiced","2026-06-01 08:37:15","True","__export__.crm_team_51_075d42c1","__export__.res_users_14_42108d61","Locked","310.97"
"__export__.sale_order_149906_623945dd","D149892","__export__.res_users_14_42108d61","2026-05-30 08:37:48","__export__.res_partner_2281_fa118497","","Fully Invoiced","2026-06-01 08:36:52","True","__export__.crm_team_51_075d42c1","__export__.res_users_22_942f71e3","Locked","193.42"
"__export__.sale_order_150086_ab224e6f","D150072","__export__.res_users_22_942f71e3","2026-06-01 08:34:48","__export__.res_partner_1577_224dd31f","仓库出货","Fully Invoiced","2026-06-01 08:34:35","True","__export__.crm_team_69_17e53434","__export__.res_users_22_942f71e3","Locked","48.0"
"__export__.sale_order_150085_9b590825","D150071","__export__.res_users_14_42108d61","2026-06-01 08:33:53","__export__.res_partner_1647_f302a0a9","","Fully Invoiced","2026-06-01 08:32:48","True","__export__.crm_team_229_a2ef141e","__export__.res_users_14_42108d61","Locked","98.5"
"__export__.sale_order_150087_52b37560","D150073","__export__.res_users_10_962e2fe2","2026-06-01 08:37:18","__export__.res_partner_2499_4880f096","","Fully Invoiced","2026-06-01 08:32:05","True","__export__.crm_team_134_5d6888e6","__export__.res_users_7_ace94875","Locked","539.65"
"__export__.sale_order_150084_714547d0","D150070","__export__.res_users_10_962e2fe2","2026-06-01 08:31:42","__export__.res_partner_2414_e36e6f88","","Fully Invoiced","2026-06-01 08:29:38","True","__export__.crm_team_306_f21cf977","__export__.res_users_10_962e2fe2","Locked","378.56"
"__export__.sale_order_150083_95865a09","D150069","__export__.res_users_14_42108d61","2026-06-01 08:30:20","__export__.res_partner_2019_28edbd45","","Fully Invoiced","2026-06-01 08:29:04","True","__export__.crm_team_98_821e316c","__export__.res_users_14_42108d61","Locked","421.64"
"__export__.sale_order_150082_fe8305df","D150068","__export__.res_users_22_942f71e3","2026-06-01 08:29:59","__export__.res_partner_927_2a5972fe","","Fully Invoiced","2026-06-01 08:28:30","True","__export__.crm_team_172_e403f408","__export__.res_users_7_ace94875","Locked","329.89"
"__export__.sale_order_150081_6ed744b2","D150067","__export__.res_users_7_ace94875","2026-06-01 08:29:14","__export__.res_partner_789_0ae6dd9e","","Fully Invoiced","2026-06-01 08:28:05","True","__export__.crm_team_229_a2ef141e","__export__.res_users_7_ace94875","Locked","397.95"
"__export__.sale_order_150080_7489da60","D150066","__export__.res_users_7_ace94875","2026-06-01 08:27:57","__export__.res_partner_1693_6f1cd34d","","Fully Invoiced","2026-06-01 08:27:03","True","__export__.crm_team_276_22e06523","__export__.res_users_27_ccf3d93e","Locked","181.1"
"__export__.sale_order_150077_7ae19315","D150063","__export__.res_users_10_962e2fe2","2026-06-01 08:26:08","__export__.res_partner_1764_7a5ca96a","","Fully Invoiced","2026-06-01 08:25:59","True","__export__.crm_team_59_95d20efd","__export__.res_users_10_962e2fe2","Locked","65.0"
"__export__.sale_order_150079_edc94ad3","D150065","__export__.res_users_7_ace94875","2026-06-01 08:26:52","__export__.res_partner_1277_608d179a","","Fully Invoiced","2026-06-01 08:25:34","True","__export__.crm_team_276_22e06523","__export__.res_users_27_ccf3d93e","Locked","279.1"
"__export__.sale_order_150076_fd20a852","D150062","__export__.res_users_7_ace94875","2026-06-01 08:25:27","__export__.res_partner_2108_de116fbe","","Fully Invoiced","2026-06-01 08:24:53","True","__export__.crm_team_278_1a2d18d7","__export__.res_users_27_ccf3d93e","Locked","69.85"
"__export__.sale_order_150075_121ea0a6","D150061","__export__.res_users_7_ace94875","2026-06-01 08:24:49","__export__.res_partner_1802_7606530d","","Fully Invoiced","2026-06-01 08:24:24","True","__export__.crm_team_278_1a2d18d7","__export__.res_users_27_ccf3d93e","Locked","74.25"
"__export__.sale_order_150078_37169402","D150064","__export__.res_users_14_42108d61","2026-06-01 08:26:52","__export__.res_partner_1579_d86b0c07","","Fully Invoiced","2026-06-01 08:23:36","True","__export__.crm_team_137_eeba10e5","__export__.res_users_14_42108d61","Locked","1107.0"
"__export__.sale_order_150074_5764c843","D150060","__export__.res_users_7_ace94875","2026-06-01 08:24:15","__export__.res_partner_1325_09e84271","","Fully Invoiced","2026-06-01 08:23:23","True","__export__.crm_team_153_0eee99e2","__export__.res_users_27_ccf3d93e","Locked","30.5"
"__export__.sale_order_150073_9ca83fec","D150059","__export__.res_users_7_ace94875","2026-06-01 08:23:17","__export__.res_partner_944_15617010","","Fully Invoiced","2026-06-01 08:22:24","True","__export__.crm_team_153_0eee99e2","__export__.res_users_27_ccf3d93e","Locked","320.77"
"__export__.sale_order_150071_74a4da0c","D150057","__export__.res_users_10_962e2fe2","2026-06-01 08:23:09","__export__.res_partner_766_97fcda57","","Fully Invoiced","2026-06-01 08:22:17","True","__export__.crm_team_297_46343bff","__export__.res_users_10_962e2fe2","Locked","134.75"
"__export__.sale_order_150072_db02469e","D150058","__export__.res_users_10_962e2fe2","2026-06-01 08:23:11","__export__.res_partner_966_906c2cfc","","Fully Invoiced","2026-06-01 08:22:05","True","__export__.crm_team_297_46343bff","__export__.res_users_10_962e2fe2","Locked","138.6"
"__export__.sale_order_150070_54ce0baf","D150056","__export__.res_users_7_ace94875","2026-06-01 08:22:11","__export__.res_partner_1284_d8c29618","","Fully Invoiced","2026-06-01 08:20:55","True","__export__.crm_team_153_0eee99e2","__export__.res_users_27_ccf3d93e","Sales Order","464.66"
"__export__.sale_order_150069_37d3893d","D150055","__export__.res_users_10_962e2fe2","2026-06-01 08:21:58","__export__.res_partner_1997_e2b69718","","Fully Invoiced","2026-06-01 08:20:24","True","__export__.crm_team_159_d09f9755","__export__.res_users_10_962e2fe2","Sales Order","195.01"
"__export__.sale_order_150068_d233fc39","D150054","__export__.res_users_7_ace94875","2026-06-01 08:20:36","__export__.res_partner_839_998b05c9","","Fully Invoiced","2026-06-01 08:20:17","True","__export__.crm_team_305_c2537a3b","__export__.res_users_28_e1e8c9ed","Locked","115.5"
"__export__.sale_order_150067_aed5fbbb","D150053","__export__.res_users_10_962e2fe2","2026-06-01 08:20:14","__export__.res_partner_1596_3194d941","","Fully Invoiced","2026-06-01 08:19:42","True","__export__.crm_team_289_72f3a502","__export__.res_users_10_962e2fe2","Locked","51.5"
"__export__.sale_order_150064_b7c615e9","D150050","__export__.res_users_7_ace94875","2026-06-01 08:18:31","__export__.res_partner_2248_133e600a","","Fully Invoiced","2026-06-01 08:17:18","True","__export__.crm_team_305_c2537a3b","__export__.res_users_27_ccf3d93e","Locked","154.8"
"__export__.sale_order_150062_afdce9c4","D150048","__export__.res_users_14_42108d61","2026-06-01 08:17:44","__export__.res_partner_902_081ecc25","","Fully Invoiced","2026-06-01 08:16:15","True","__export__.crm_team_59_95d20efd","__export__.res_users_14_42108d61","Locked","715.31"
"__export__.sale_order_150061_9d38d45a","D150047","__export__.res_users_7_ace94875","2026-06-01 08:17:10","__export__.res_partner_1852_2c4e8c79","","Fully Invoiced","2026-06-01 08:16:15","True","__export__.crm_team_305_c2537a3b","__export__.res_users_27_ccf3d93e","Locked","307.35"
"__export__.sale_order_150065_1e067462","D150051","__export__.res_users_10_962e2fe2","2026-06-01 08:19:24","__export__.res_partner_2256_0deee3a1","","Fully Invoiced","2026-06-01 08:15:55","True","__export__.crm_team_303_6d918a38","__export__.res_users_10_962e2fe2","Locked","373.7"
"__export__.sale_order_150060_7043a882","D150046","__export__.res_users_7_ace94875","2026-06-01 08:15:46","__export__.res_partner_2502_7b92f574","","Fully Invoiced","2026-06-01 08:13:32","True","__export__.crm_team_299_61b03594","__export__.res_users_7_ace94875","Sales Order","347.97"
"__export__.sale_order_150059_bc7e34c9","D150045","__export__.res_users_10_962e2fe2","2026-06-01 08:12:50","__export__.res_partner_1912_c1e91db3","","Fully Invoiced","2026-06-01 08:10:46","True","__export__.crm_team_277_1848bdf1","__export__.res_users_10_962e2fe2","Locked","464.75"
"__export__.sale_order_150057_64bdbbcc","D150043","__export__.res_users_14_42108d61","2026-06-01 08:10:49","__export__.res_partner_2489_89b4d108","","Fully Invoiced","2026-06-01 08:10:33","True","__export__.crm_team_299_61b03594","__export__.res_users_14_42108d61","Locked","230.65"
"__export__.sale_order_150058_97194c15","D150044","__export__.res_users_7_ace94875","2026-06-01 08:12:41","__export__.res_partner_2012_f514a226","","Fully Invoiced","2026-06-01 08:10:30","True","__export__.crm_team_296_40815358","__export__.res_users_7_ace94875","Locked","366.53"
"__export__.sale_order_150055_34f8c8c8","D150041","__export__.res_users_10_962e2fe2","2026-06-01 08:10:10","__export__.res_partner_2030_f52dada3","","Fully Invoiced","2026-06-01 08:09:30","True","__export__.crm_team_172_e403f408","__export__.res_users_10_962e2fe2","Locked","66.5"
"__export__.sale_order_150056_f1949836","D150042","__export__.res_users_10_962e2fe2","2026-06-01 08:10:12","__export__.res_partner_1772_ba6b3399","","Fully Invoiced","2026-06-01 08:09:10","True","__export__.crm_team_172_e403f408","__export__.res_users_10_962e2fe2","Locked","54.4"
"__export__.sale_order_150052_84f5b6ab","D150038","__export__.res_users_10_962e2fe2","2026-06-01 08:08:27","__export__.res_partner_945_acf591c0","","Fully Invoiced","2026-06-01 08:08:02","True","__export__.crm_team_96_8d48bd6a","__export__.res_users_10_962e2fe2","Locked","105.25"
"__export__.sale_order_150053_8e964946","D150039","__export__.res_users_22_942f71e3","2026-06-01 08:09:29","__export__.res_partner_786_4ca3c046","","Fully Invoiced","2026-06-01 08:08:00","True","__export__.crm_team_96_8d48bd6a","__export__.res_users_7_ace94875","Locked","450.08"
"__export__.sale_order_150049_ef2ae057","D150035","__export__.res_users_22_942f71e3","2026-06-01 08:07:27","__export__.res_partner_941_349707c0","","Fully Invoiced","2026-06-01 08:06:49","True","__export__.crm_team_96_8d48bd6a","__export__.res_users_14_42108d61","Locked","60.6"
"__export__.sale_order_150048_f3921f9d","D150034","__export__.res_users_22_942f71e3","2026-06-01 08:06:39","__export__.res_partner_991_2b9a995e","","Fully Invoiced","2026-06-01 08:06:19","True","__export__.crm_team_163_c20aff5a","__export__.res_users_14_42108d61","Locked","76.35"
"__export__.sale_order_150050_f8ee8c16","D150036","__export__.res_users_10_962e2fe2","2026-06-01 08:07:37","__export__.res_partner_818_8185df11","RO不要确认","Nothing to Invoice","2026-06-01 08:04:47","True","__export__.crm_team_59_95d20efd","__export__.res_users_10_962e2fe2","Quotation","686.96"
"__export__.sale_order_150046_4e5e9995","D150032","__export__.res_users_14_42108d61","2026-06-01 08:03:41","__export__.res_partner_1582_2a53fed0","","Fully Invoiced","2026-06-01 08:02:07","True","__export__.crm_team_134_5d6888e6","__export__.res_users_14_42108d61","Locked","191.08"
"__export__.sale_order_150045_04a7daae","D150031","__export__.res_users_22_942f71e3","2026-06-01 08:02:04","__export__.res_partner_694_169613ff","","Fully Invoiced","2026-06-01 08:01:47","True","__export__.crm_team_163_c20aff5a","__export__.res_users_22_942f71e3","Locked","134.35"
"__export__.sale_order_150043_b040c45e","D150029","__export__.res_users_14_42108d61","2026-06-01 07:56:26","__export__.res_partner_2050_3666fbb2","","Fully Invoiced","2026-06-01 07:55:52","True","__export__.crm_team_96_8d48bd6a","__export__.res_users_14_42108d61","Locked","356.45"
"__export__.sale_order_150044_c01a00bf","D150030","__export__.res_users_10_962e2fe2","2026-06-01 07:59:47","__export__.res_partner_1332_ccfc6a83","已给","Fully Invoiced","2026-06-01 07:53:09","True","__export__.crm_team_69_17e53434","__export__.res_users_10_962e2fe2","Locked","448.25"
"__export__.sale_order_150047_447b7052","D150033","__export__.res_users_14_42108d61","2026-06-01 08:04:55","__export__.res_partner_1294_703558f9","","Fully Invoiced","2026-06-01 07:52:41","True","__export__.crm_team_109_1a8b3a5d","__export__.res_users_14_42108d61","Locked","98.65"
"__export__.sale_order_150042_4b39ebea","D150028","__export__.res_users_10_962e2fe2","2026-06-01 07:53:06","__export__.res_partner_874_2fe3c6b7","","Fully Invoiced","2026-06-01 07:52:07","True","__export__.crm_team_39_ffc4074f","__export__.res_users_10_962e2fe2","Locked","36.45"
"__export__.sale_order_150040_1a2c5679","D150026","__export__.res_users_7_ace94875","2026-06-01 07:52:15","__export__.res_partner_1616_533a6f33","","Fully Invoiced","2026-06-01 07:51:48","True","__export__.crm_team_228_ec7099f7","__export__.res_users_7_ace94875","Locked","254.85"
"__export__.sale_order_150041_d445c505","D150027","__export__.res_users_22_942f71e3","2026-06-01 07:52:48","__export__.res_partner_703_689677ed","","Fully Invoiced","2026-06-01 07:50:14","True","__export__.crm_team_295_a4e9ead7","__export__.res_users_22_942f71e3","Locked","716.5"
"__export__.sale_order_150038_4c95e362","D150024","__export__.res_users_14_42108d61","2026-06-01 07:50:58","__export__.res_partner_2526_65f4da72","","Fully Invoiced","2026-06-01 07:49:46","True","__export__.crm_team_289_72f3a502","__export__.res_users_10_962e2fe2","Locked","285.5"
"__export__.sale_order_150037_8276d6a5","D150023","__export__.res_users_14_42108d61","2026-06-01 07:48:47","__export__.res_partner_2522_4ddc00ff","","Fully Invoiced","2026-06-01 07:48:03","True","__export__.crm_team_228_ec7099f7","__export__.res_users_10_962e2fe2","Locked","240.0"
"__export__.sale_order_150036_0d3da4a4","D150022","__export__.res_users_14_42108d61","2026-06-01 07:47:50","__export__.res_partner_2268_b4296ff0","","Fully Invoiced","2026-06-01 07:46:20","True","__export__.crm_team_295_a4e9ead7","__export__.res_users_14_42108d61","Locked","649.3"
"__export__.sale_order_150039_7742aebc","D150025","__export__.res_users_7_ace94875","2026-06-01 07:51:31","__export__.res_partner_702_52a425d1","","Fully Invoiced","2026-06-01 07:45:22","True","__export__.crm_team_61_8dc82ae3","__export__.res_users_8_fb87432d","Locked","812.0"
"__export__.sale_order_150035_d0bb972e","D150021","__export__.res_users_14_42108d61","2026-06-01 07:44:34","__export__.res_partner_2510_f6a1dc97","","Fully Invoiced","2026-06-01 07:41:07","True","__export__.crm_team_79_8cb35e83","__export__.res_users_14_42108d61","Locked","519.35"
"__export__.sale_order_150034_9a166b13","D150020","__export__.res_users_14_42108d61","2026-06-01 07:37:11","__export__.res_partner_1930_95ef299e","","Fully Invoiced","2026-06-01 07:34:59","True","__export__.crm_team_295_a4e9ead7","__export__.res_users_14_42108d61","Locked","524.56"
"__export__.sale_order_150033_7e19cc1d","D150019","__export__.res_users_14_42108d61","2026-06-01 07:33:57","__export__.res_partner_2505_7bafa4be","","Fully Invoiced","2026-06-01 07:31:01","True","__export__.crm_team_295_a4e9ead7","__export__.res_users_14_42108d61","Locked","576.7"
"__export__.sale_order_150032_0f8c37aa","D150018","__export__.res_users_14_42108d61","2026-06-01 07:30:41","__export__.res_partner_1820_6043d6fd","","Fully Invoiced","2026-06-01 07:27:26","True","__export__.crm_team_302_0f8f613a","__export__.res_users_14_42108d61","Locked","729.05"
"__export__.sale_order_150031_92fd89a2","D150017","__export__.res_users_14_42108d61","2026-06-01 07:27:10","__export__.res_partner_2419_e2111cb0","","Fully Invoiced","2026-06-01 07:25:51","True","__export__.crm_team_78_db60447e","__export__.res_users_14_42108d61","Locked","207.51"
"__export__.sale_order_150029_c078eb04","D150015","__export__.res_users_14_42108d61","2026-06-01 07:21:20","__export__.res_partner_1845_ce74c057","","Fully Invoiced","2026-06-01 07:20:12","True","__export__.crm_team_39_ffc4074f","__export__.res_users_14_42108d61","Locked","123.5"
"__export__.sale_order_150028_fba5876c","D150014","__export__.res_users_14_42108d61","2026-06-01 07:18:39","__export__.res_partner_907_99000eb5","","Fully Invoiced","2026-06-01 07:18:09","True","__export__.crm_team_39_ffc4074f","__export__.res_users_14_42108d61","Locked","53.0"
"__export__.sale_order_150024_04fedec5","D150010","__export__.res_users_18_297f6f55","2026-06-01 00:38:41","__export__.res_partner_1202_b6f07a60","","Fully Invoiced","2026-06-01 04:36:45","True","__export__.crm_team_305_c2537a3b","__export__.res_users_22_942f71e3","Locked","368.18"
"__export__.sale_order_150018_c177ce4f","D150004","__export__.res_users_18_297f6f55","2026-06-01 00:28:25","__export__.res_partner_1096_7e33899c","","Fully Invoiced","2026-06-01 04:27:41","True","__export__.crm_team_276_22e06523","__export__.res_users_22_942f71e3","Locked","44.0"
"__export__.sale_order_150014_d26db0b7","D150000","__export__.res_users_18_297f6f55","2026-06-01 00:22:48","__export__.res_partner_1990_c219b4d6","","Fully Invoiced","2026-06-01 04:21:36","True","__export__.crm_team_96_8d48bd6a","__export__.res_users_10_962e2fe2","Locked","254.05"
"__export__.sale_order_149993_0b57ba08","D149979","__export__.res_users_7_ace94875","2026-05-31 23:08:29","__export__.res_partner_1008_4287ea11","","Fully Invoiced","2026-06-01 03:07:00","True","__export__.crm_team_61_8dc82ae3","__export__.res_users_7_ace94875","Locked","398.14"
"__export__.sale_order_149879_3e609d6e","D149865","__export__.res_users_22_942f71e3","2026-05-29 22:49:16","__export__.res_partner_1577_224dd31f","","Fully Invoiced","2026-05-30 22:48:03","True","__export__.crm_team_43_6092e23f","__export__.res_users_22_942f71e3","Locked","192.6"
"__export__.sale_order_149878_f462bb04","D149864","__export__.res_users_22_942f71e3","2026-05-29 22:46:18","__export__.res_partner_1003_ca286395","","Fully Invoiced","2026-05-30 22:45:25","True","__export__.crm_team_49_ed5dc1d0","__export__.res_users_10_962e2fe2","Locked","129.0"
"__export__.sale_order_149877_0bee2c27","D149863","__export__.res_users_22_942f71e3","2026-05-29 22:45:16","__export__.res_partner_858_0e5ada1d","TASTY C650 样品一定要给","Fully Invoiced","2026-05-30 22:41:00","True","__export__.crm_team_96_8d48bd6a","__export__.res_users_14_42108d61","Locked","466.5"
"__export__.sale_order_149876_00d33c88","D149862","__export__.res_users_22_942f71e3","2026-05-29 22:39:43","__export__.res_partner_2500_54e25243","","Fully Invoiced","2026-05-30 22:39:10","True","__export__.crm_team_49_ed5dc1d0","__export__.res_users_10_962e2fe2","Locked","67.0"
"__export__.sale_order_149875_2cae00e6","D149861","__export__.res_users_22_942f71e3","2026-05-29 22:38:54","__export__.res_partner_768_72edcbdb","","Fully Invoiced","2026-05-30 22:37:26","True","__export__.crm_team_49_ed5dc1d0","__export__.res_users_22_942f71e3","Locked","315.5"
"__export__.sale_order_149874_e6603920","D149860","__export__.res_users_22_942f71e3","2026-05-29 22:36:37","__export__.res_partner_1042_4b562afb","","Fully Invoiced","2026-05-30 22:34:49","True","__export__.crm_team_96_8d48bd6a","__export__.res_users_22_942f71e3","Locked","178.17"
"__export__.sale_order_149873_a1dee63e","D149859","__export__.res_users_22_942f71e3","2026-05-29 22:34:24","__export__.res_partner_878_d6f1bc08","","Fully Invoiced","2026-05-30 22:32:36","True","__export__.crm_team_96_8d48bd6a","__export__.res_users_10_962e2fe2","Locked","375.22"
"__export__.sale_order_149872_0204b316","D149858","__export__.res_users_22_942f71e3","2026-05-29 22:32:09","__export__.res_partner_866_7023b017","","Fully Invoiced","2026-05-30 22:30:53","True","__export__.crm_team_161_8055857d","__export__.res_users_8_fb87432d","Locked","365.2"
"__export__.sale_order_149871_3ef12f9f","D149857","__export__.res_users_22_942f71e3","2026-05-29 22:30:34","__export__.res_partner_1318_c98a4b7c","","Fully Invoiced","2026-05-30 22:17:44","True","__export__.crm_team_49_ed5dc1d0","__export__.res_users_22_942f71e3","Locked","222.0"
"__export__.sale_order_149882_4bef4d92","D149868","__export__.res_users_18_297f6f55","2026-05-29 23:39:54","__export__.res_partner_2062_392da815","","Fully Invoiced","2026-05-30 21:28:49","True","__export__.crm_team_96_8d48bd6a","__export__.res_users_8_fb87432d","Locked","335.0"
"__export__.sale_order_149870_bfa6cc38","D149856","__export__.res_users_14_42108d61","2026-05-29 20:56:16","__export__.res_partner_974_bde34019","","Fully Invoiced","2026-05-30 20:55:58","True","__export__.crm_team_101_78f106ba","__export__.res_users_18_297f6f55","Locked","58.6"
"__export__.sale_order_149861_f8290a1c","D149847","__export__.res_users_14_42108d61","2026-05-29 13:04:41","__export__.res_partner_1850_f0cc69bf","","Fully Invoiced","2026-05-30 13:01:29","True","__export__.crm_team_162_05a89d8e","__export__.res_users_14_42108d61","Locked","768.8"
"__export__.sale_order_149859_2902405e","D149845","__export__.res_users_14_42108d61","2026-05-29 12:55:58","__export__.res_partner_1123_68f38c82","","Fully Invoiced","2026-05-30 12:53:58","True","__export__.crm_team_96_8d48bd6a","__export__.res_users_27_ccf3d93e","Locked","72.5"
"__export__.sale_order_149915_b44b62dd","D149901","__export__.res_users_22_942f71e3","2026-05-30 11:51:43","__export__.res_partner_1577_224dd31f","","Fully Invoiced","2026-05-30 11:51:29","True","__export__.crm_team_69_17e53434","__export__.res_users_22_942f71e3","Locked","45.5"
"__export__.sale_order_149914_1c8f3616","D149900","__export__.res_users_22_942f71e3","2026-05-30 11:26:53","__export__.res_partner_971_b9945320","","Fully Invoiced","2026-05-30 11:26:32","True","__export__.crm_team_69_17e53434","__export__.res_users_18_297f6f55","Locked","41.5"
"__export__.sale_order_149913_a40f7ee7","D149899","__export__.res_users_22_942f71e3","2026-05-30 10:48:51","__export__.res_partner_2279_95c95e6b","","Fully Invoiced","2026-05-30 10:48:09","True","__export__.crm_team_69_17e53434","__export__.res_users_10_962e2fe2","Locked","76.59"
"__export__.sale_order_149912_6d00f1f3","D149898","__export__.res_users_22_942f71e3","2026-05-30 10:29:52","__export__.res_partner_866_7023b017","","Fully Invoiced","2026-05-30 10:29:36","True","__export__.crm_team_162_05a89d8e","__export__.res_users_8_fb87432d","Locked","34.0"
"__export__.sale_order_149848_fc13dfbd","D149834","__export__.res_users_10_962e2fe2","2026-05-29 09:49:26","__export__.res_partner_874_2fe3c6b7","","Fully Invoiced","2026-05-30 09:48:10","True","__export__.crm_team_49_ed5dc1d0","__export__.res_users_10_962e2fe2","Locked","72.5"
"__export__.sale_order_149911_e54c742a","D149897","__export__.res_users_22_942f71e3","2026-05-30 09:08:17","__export__.res_partner_1008_4287ea11","","Fully Invoiced","2026-05-30 09:07:32","True","__export__.crm_team_162_05a89d8e","__export__.res_users_7_ace94875","Locked","27.0"
"__export__.sale_order_149910_e954e56c","D149896","__export__.res_users_14_42108d61","2026-05-30 09:06:40","__export__.res_partner_2385_e546677e","","Fully Invoiced","2026-05-30 09:06:17","True","__export__.crm_team_96_8d48bd6a","__export__.res_users_14_42108d61","Locked","26.0"
"__export__.sale_order_149909_7190d0cd","D149895","__export__.res_users_22_942f71e3","2026-05-30 09:06:38","__export__.res_partner_902_081ecc25","","Fully Invoiced","2026-05-30 09:06:03","True","__export__.crm_team_96_8d48bd6a","__export__.res_users_22_942f71e3","Locked","18.0"
"__export__.sale_order_149885_bc2351a2","D149871","__export__.res_users_22_942f71e3","2026-05-29 23:59:21","__export__.res_partner_2462_884eb14e","","Fully Invoiced","2026-05-30 08:58:45","True","__export__.crm_team_159_d09f9755","__export__.res_users_28_e1e8c9ed","Locked","70.38"
"__export__.sale_order_149884_3f459dc2","D149870","__export__.res_users_22_942f71e3","2026-05-29 23:52:58","__export__.res_partner_1781_a043f483","","Fully Invoiced","2026-05-30 08:49:35","True","__export__.crm_team_59_95d20efd","__export__.res_users_10_962e2fe2","Locked","481.59"
"__export__.sale_order_149883_c13aa684","D149869","__export__.res_users_22_942f71e3","2026-05-29 23:49:21","__export__.res_partner_2226_073d5a5a","","Fully Invoiced","2026-05-30 08:48:49","True","__export__.crm_team_159_d09f9755","__export__.res_users_10_962e2fe2","Locked","274.95"
"__export__.sale_order_149907_88014f8c","D149893","__export__.res_users_22_942f71e3","2026-05-30 08:45:56","__export__.res_partner_1577_224dd31f","仓库出货","Fully Invoiced","2026-05-30 08:42:02","True","__export__.crm_team_69_17e53434","__export__.res_users_22_942f71e3","Locked","375.66"
"__export__.sale_order_149905_b0b14940","D149891","__export__.res_users_22_942f71e3","2026-05-30 08:37:05","__export__.res_partner_1216_828e12b8","","Fully Invoiced","2026-05-30 08:36:28","True","__export__.crm_team_96_8d48bd6a","__export__.res_users_22_942f71e3","Locked","34.0"
"__export__.sale_order_149904_a274e7e5","D149890","__export__.res_users_10_962e2fe2","2026-05-30 08:36:45","__export__.res_partner_2052_563650ad","","Fully Invoiced","2026-05-30 08:36:17","True","__export__.crm_team_69_17e53434","__export__.res_users_10_962e2fe2","Locked","107.0"
"__export__.sale_order_149903_12fbcef0","D149889","__export__.res_users_7_ace94875","2026-05-30 08:28:32","__export__.res_partner_1881_931f180a","","Fully Invoiced","2026-05-30 08:28:03","True","__export__.crm_team_69_17e53434","__export__.res_users_8_fb87432d","Locked","130.65"
"__export__.sale_order_149902_cd95dd33","D149888","__export__.res_users_10_962e2fe2","2026-05-30 08:25:21","__export__.res_partner_818_8185df11","RO不要确认","Nothing to Invoice","2026-05-30 08:22:10","True","__export__.crm_team_96_8d48bd6a","__export__.res_users_10_962e2fe2","Quotation","527.79"
"__export__.sale_order_149901_d6bf8ee0","D149887","__export__.res_users_10_962e2fe2","2026-05-30 08:20:17","__export__.res_partner_874_2fe3c6b7","","Fully Invoiced","2026-05-30 08:19:14","True","__export__.crm_team_96_8d48bd6a","__export__.res_users_10_962e2fe2","Locked","109.0"
"__export__.sale_order_149900_54d35c12","D149886","__export__.res_users_10_962e2fe2","2026-05-30 08:18:42","__export__.res_partner_1567_920f121d","","Fully Invoiced","2026-05-30 08:18:00","True","__export__.crm_team_162_05a89d8e","__export__.res_users_10_962e2fe2","Locked","149.5"
"__export__.sale_order_149881_2be0b95d","D149867","__export__.res_users_22_942f71e3","2026-05-29 23:14:19","__export__.res_partner_1008_4287ea11","","Fully Invoiced","2026-05-30 08:13:08","True","__export__.crm_team_59_95d20efd","__export__.res_users_7_ace94875","Locked","454.49"
"__export__.sale_order_149880_35ab26d2","D149866","__export__.res_users_22_942f71e3","2026-05-29 23:13:01","__export__.res_partner_1994_4bb952c0","","Fully Invoiced","2026-05-30 08:08:11","True","__export__.crm_team_96_8d48bd6a","__export__.res_users_14_42108d61","Locked","390.15"
"__export__.sale_order_149899_bbef44c4","D149885","__export__.res_users_22_942f71e3","2026-05-30 07:55:27","__export__.res_partner_718_eef01ed3","","Fully Invoiced","2026-05-30 07:55:11","True","__export__.crm_team_69_17e53434","__export__.res_users_22_942f71e3","Locked","15.0"
"__export__.sale_order_149898_35c366c7","D149884","__export__.res_users_14_42108d61","2026-05-30 07:50:39","__export__.res_partner_1837_354db69f","","Fully Invoiced","2026-05-30 07:48:25","True","__export__.crm_team_96_8d48bd6a","__export__.res_users_14_42108d61","Locked","473.2"
"__export__.sale_order_149896_812a2e1b","D149882","__export__.res_users_7_ace94875","2026-05-30 07:45:37","__export__.res_partner_1576_8c8f7051","","Fully Invoiced","2026-05-30 07:43:09","True","__export__.crm_team_162_05a89d8e","__export__.res_users_7_ace94875","Locked","271.2"
"__export__.sale_order_149895_a597e764","D149881","__export__.res_users_14_42108d61","2026-05-30 07:43:59","__export__.res_partner_1926_d33bf2c8","","Fully Invoiced","2026-05-30 07:40:42","True","__export__.crm_team_163_c20aff5a","__export__.res_users_14_42108d61","Locked","177.7"
"__export__.sale_order_149894_276d148c","D149880","__export__.res_users_14_42108d61","2026-05-30 07:39:53","__export__.res_partner_902_081ecc25","","Fully Invoiced","2026-05-30 07:37:20","True","__export__.crm_team_96_8d48bd6a","__export__.res_users_14_42108d61","Locked","195.46"
"__export__.sale_order_149893_9c3c094d","D149879","__export__.res_users_14_42108d61","2026-05-30 07:36:58","__export__.res_partner_1869_c2b3c1c3","","Fully Invoiced","2026-05-30 07:36:03","True","__export__.crm_team_49_ed5dc1d0","__export__.res_users_14_42108d61","Locked","171.29"
"__export__.sale_order_149892_8b4b128f","D149878","__export__.res_users_14_42108d61","2026-05-30 07:36:01","__export__.res_partner_1845_ce74c057","","Fully Invoiced","2026-05-30 07:34:23","True","__export__.crm_team_49_ed5dc1d0","__export__.res_users_14_42108d61","Locked","229.5"
"__export__.sale_order_149891_9063721a","D149877","__export__.res_users_7_ace94875","2026-05-30 07:35:53","__export__.res_partner_1162_84b0db9d","","Fully Invoiced","2026-05-30 07:33:40","True","__export__.crm_team_161_8055857d","__export__.res_users_7_ace94875","Locked","425.75"
"__export__.sale_order_149889_29eb79ab","D149875","__export__.res_users_7_ace94875","2026-05-30 07:33:32","__export__.res_partner_2057_b196e088","","Fully Invoiced","2026-05-30 07:33:08","True","__export__.crm_team_96_8d48bd6a","__export__.res_users_7_ace94875","Locked","32.0"
"__export__.sale_order_149888_f75ef2c7","D149874","__export__.res_users_7_ace94875","2026-05-30 07:33:04","__export__.res_partner_1626_60b65b7e","","Fully Invoiced","2026-05-30 07:32:43","True","__export__.crm_team_159_d09f9755","__export__.res_users_7_ace94875","Locked","9.75"
"__export__.sale_order_149887_c5f84489","D149873","__export__.res_users_7_ace94875","2026-05-30 07:32:28","__export__.res_partner_702_52a425d1","","Fully Invoiced","2026-05-30 07:31:51","True","__export__.crm_team_159_d09f9755","__export__.res_users_8_fb87432d","Locked","293.92"
"__export__.sale_order_149886_b414c03b","D149872","__export__.res_users_7_ace94875","2026-05-30 07:31:44","__export__.res_partner_1616_533a6f33","","Fully Invoiced","2026-05-30 07:30:56","True","__export__.crm_team_161_8055857d","__export__.res_users_7_ace94875","Locked","183.35"
"__export__.sale_order_149890_e2866649","D149876","__export__.res_users_14_42108d61","2026-05-30 07:33:56","__export__.res_partner_1830_408e614c","","Fully Invoiced","2026-05-30 07:29:18","True","__export__.crm_team_163_c20aff5a","__export__.res_users_14_42108d61","Locked","658.39"
"__export__.sale_order_149761_028282c0","D149747","__export__.res_users_7_ace94875","2026-05-28 23:01:07","__export__.res_partner_1221_eff557ff","","Fully Invoiced","2026-05-29 22:54:12","True","__export__.crm_team_96_8d48bd6a","__export__.res_users_7_ace94875","Locked","720.97"
"__export__.sale_order_149760_6489c51e","D149746","__export__.res_users_7_ace94875","2026-05-28 22:53:32","__export__.res_partner_752_b29ee5f8","wings","Fully Invoiced","2026-05-29 22:53:05","True","__export__.crm_team_161_8055857d","__export__.res_users_7_ace94875","Sales Order",""
"__export__.sale_order_149758_703632c7","D149744","__export__.res_users_7_ace94875","2026-05-28 22:35:49","__export__.res_partner_1313_4ce22376","","Fully Invoiced","2026-05-29 22:32:57","True","__export__.crm_team_161_8055857d","__export__.res_users_7_ace94875","Locked","1394.5"
"__export__.sale_order_149757_e4efe545","D149743","__export__.res_users_7_ace94875","2026-05-28 22:31:42","__export__.res_partner_1162_84b0db9d","","Fully Invoiced","2026-05-29 22:30:00","True","__export__.crm_team_289_72f3a502","__export__.res_users_7_ace94875","Locked","450.5"
"__export__.sale_order_149756_da20ca20","D149742","__export__.res_users_7_ace94875","2026-05-28 22:28:50","__export__.res_partner_2238_509cf283","","Fully Invoiced","2026-05-29 22:25:29","True","__export__.crm_team_304_3a77ed67","__export__.res_users_7_ace94875","Locked","885.0"
"__export__.sale_order_149755_97e4c927","D149741","__export__.res_users_7_ace94875","2026-05-28 22:25:13","__export__.res_partner_1626_60b65b7e","","Fully Invoiced","2026-05-29 22:23:37","True","__export__.crm_team_227_ffd73472","__export__.res_users_7_ace94875","Locked","79.6"
"__export__.sale_order_149754_e82eb917","D149740","__export__.res_users_7_ace94875","2026-05-28 22:23:33","__export__.res_partner_2057_b196e088","","Fully Invoiced","2026-05-29 22:23:13","True","__export__.crm_team_79_8cb35e83","__export__.res_users_7_ace94875","Locked","52.15"
"__export__.sale_order_149753_7e5d97ba","D149739","__export__.res_users_7_ace94875","2026-05-28 22:22:55","__export__.res_partner_1281_f77cf15c","","Fully Invoiced","2026-05-29 22:22:40","True","__export__.crm_team_305_c2537a3b","__export__.res_users_28_e1e8c9ed","Locked",""
"__export__.sale_order_149752_503d862c","D149738","__export__.res_users_7_ace94875","2026-05-28 22:22:28","__export__.res_partner_2298_abf86138","","Fully Invoiced","2026-05-29 22:21:27","True","__export__.crm_team_302_0f8f613a","__export__.res_users_7_ace94875","Locked","366.68"
"__export__.sale_order_149751_61f3e6cb","D149737","__export__.res_users_7_ace94875","2026-05-28 22:21:23","__export__.res_partner_2299_11a1b7c5","","Fully Invoiced","2026-05-29 22:20:26","True","__export__.crm_team_78_db60447e","__export__.res_users_7_ace94875","Locked","521.0"
"__export__.sale_order_149750_15121df4","D149736","__export__.res_users_7_ace94875","2026-05-28 22:20:14","__export__.res_partner_2410_2ed9a75d","","Fully Invoiced","2026-05-29 22:18:52","True","__export__.crm_team_228_ec7099f7","__export__.res_users_28_e1e8c9ed","Locked","234.66"
"__export__.sale_order_149749_69dc9020","D149735","__export__.res_users_7_ace94875","2026-05-28 22:18:29","__export__.res_partner_1979_d55d74cf","","Fully Invoiced","2026-05-29 22:16:38","True","__export__.crm_team_288_272a2474","__export__.res_users_7_ace94875","Locked","153.6"
"__export__.sale_order_149792_ab2ca200","D149778","__export__.res_users_18_297f6f55","2026-05-28 23:50:57","__export__.res_partner_1990_c219b4d6","","Fully Invoiced","2026-05-29 21:50:08","True","__export__.crm_team_96_8d48bd6a","__export__.res_users_10_962e2fe2","Locked","111.95"
"__export__.sale_order_149791_1dfbaa1e","D149777","__export__.res_users_18_297f6f55","2026-05-28 23:49:59","__export__.res_partner_747_4ecd91bc","","Fully Invoiced","2026-05-29 21:49:42","True","__export__.crm_team_229_a2ef141e","__export__.res_users_7_ace94875","Locked","68.0"
"__export__.sale_order_149745_94207799","D149731","__export__.res_users_10_962e2fe2","2026-05-28 21:50:10","__export__.res_partner_956_89e96401","","Fully Invoiced","2026-05-29 21:46:50","True","__export__.crm_team_51_075d42c1","__export__.res_users_10_962e2fe2","Locked","223.65"
"__export__.sale_order_149744_74a74017","D149730","__export__.res_users_10_962e2fe2","2026-05-28 21:50:02","__export__.res_partner_1899_c541e1ae","","Fully Invoiced","2026-05-29 21:46:41","True","__export__.crm_team_51_075d42c1","__export__.res_users_10_962e2fe2","Locked","30.75"
"__export__.sale_order_149784_a11f0f9c","D149770","__export__.res_users_18_297f6f55","2026-05-28 23:42:36","__export__.res_partner_2062_392da815","","Fully Invoiced","2026-05-29 21:40:36","True","__export__.crm_team_173_1afa093c","__export__.res_users_8_fb87432d","Locked","818.77"
"__export__.sale_order_149782_61765e1f","D149768","__export__.res_users_18_297f6f55","2026-05-28 23:37:39","__export__.res_partner_988_d8939c6f","","Fully Invoiced","2026-05-29 21:36:48","True","__export__.crm_team_232_fa62cff8","__export__.res_users_18_297f6f55","Locked","135.4"
"__export__.sale_order_149781_20d85bfb","D149767","__export__.res_users_18_297f6f55","2026-05-28 23:36:17","__export__.res_partner_720_95666fe8","","Fully Invoiced","2026-05-29 21:33:45","True","__export__.crm_team_229_a2ef141e","__export__.res_users_27_ccf3d93e","Locked","66.8"
"__export__.sale_order_149743_a1a9eb5c","D149729","__export__.res_users_14_42108d61","2026-05-28 21:22:39","__export__.res_partner_1075_51f5f6f0","","Fully Invoiced","2026-05-29 21:07:43","True","__export__.crm_team_290_b4e2eca7","__export__.res_users_14_42108d61","Locked","240.84"
"__export__.sale_order_149742_bb92a7cb","D149728","__export__.res_users_10_962e2fe2","2026-05-28 20:33:38","__export__.res_partner_997_1abc595b","","Fully Invoiced","2026-05-29 20:30:28","True","__export__.crm_team_291_de9693d0","__export__.res_users_7_ace94875","Locked","661.42"
"__export__.sale_order_149741_003069a2","D149727","__export__.res_users_10_962e2fe2","2026-05-28 20:28:39","__export__.res_partner_818_8185df11","RO不要确认","Nothing to Invoice","2026-05-29 20:26:26","True","__export__.crm_team_59_95d20efd","__export__.res_users_10_962e2fe2","Quotation","458.2"
"__export__.sale_order_149740_54c5d1cf","D149726","__export__.res_users_10_962e2fe2","2026-05-28 20:24:55","__export__.res_partner_768_72edcbdb","","Fully Invoiced","2026-05-29 20:23:24","True","__export__.crm_team_39_ffc4074f","__export__.res_users_10_962e2fe2","Locked","49.5"
"__export__.sale_order_149739_1fc27f4a","D149725","__export__.res_users_10_962e2fe2","2026-05-28 20:21:08","__export__.res_partner_2023_d499846c","已给","Fully Invoiced","2026-05-29 20:20:50","True","__export__.crm_team_69_17e53434","__export__.res_users_10_962e2fe2","Locked","108.0"
"__export__.sale_order_149737_cf01cd8b","D149723","__export__.res_users_10_962e2fe2","2026-05-28 20:16:56","__export__.res_partner_1611_726cf95c","","Fully Invoiced","2026-05-29 20:11:53","True","__export__.crm_team_102_350bf834","__export__.res_users_7_ace94875","Locked","807.08"
"__export__.sale_order_149738_6a562bfa","D149724","__export__.res_users_10_962e2fe2","2026-05-28 20:19:12","__export__.res_partner_954_c4c0df31","已给","Fully Invoiced","2026-05-29 20:09:23","True","__export__.crm_team_69_17e53434","__export__.res_users_10_962e2fe2","Locked","375.0"
"__export__.sale_order_149736_54ca3238","D149722","__export__.res_users_10_962e2fe2","2026-05-28 20:10:57","__export__.res_partner_1603_68c3be70","","Fully Invoiced","2026-05-29 20:07:55","True","__export__.crm_team_303_6d918a38","__export__.res_users_10_962e2fe2","Locked","139.9"
"__export__.sale_order_149735_d242bccf","D149721","__export__.res_users_8_fb87432d","2026-05-28 19:18:48","__export__.res_partner_1109_907527cb","","Fully Invoiced","2026-05-29 19:18:19","True","__export__.crm_team_101_78f106ba","__export__.res_users_18_297f6f55","Locked","23.0"
"__export__.sale_order_149734_7d69fee0","D149720","__export__.res_users_8_fb87432d","2026-05-28 18:04:52","__export__.res_partner_703_689677ed","","Fully Invoiced","2026-05-29 18:04:26","True","__export__.crm_team_275_339b1b1f","__export__.res_users_22_942f71e3","Locked",""
"__export__.sale_order_149586_dc9dc9d1","D149572","__export__.res_users_14_42108d61","2026-05-27 17:55:43","__export__.res_partner_2288_e2464fcc","","Fully Invoiced","2026-05-29 17:54:21","True","__export__.crm_team_231_ec27440e","__export__.res_users_14_42108d61","Locked","383.13"
"__export__.sale_order_149733_3ef6727e","D149719","__export__.res_users_8_fb87432d","2026-05-28 16:41:08","__export__.res_partner_1074_53257163","","Fully Invoiced","2026-05-29 16:40:49","True","__export__.crm_team_101_78f106ba","__export__.res_users_8_fb87432d","Locked","11.8"
"__export__.sale_order_149867_52e74702","D149853","__export__.res_users_10_962e2fe2","2026-05-29 16:08:09","__export__.res_partner_2364_24378e58","","Fully Invoiced","2026-05-29 16:07:55","True","__export__.crm_team_69_17e53434","__export__.res_users_8_fb87432d","Locked","38.95"
"__export__.sale_order_149868_2fae7c70","D149854","__export__.res_users_10_962e2fe2","2026-05-29 16:08:55","__export__.res_partner_1961_c3cd4405","","Fully Invoiced","2026-05-29 16:07:02","True","__export__.crm_team_69_17e53434","__export__.res_users_8_fb87432d","Locked","149.8"
"__export__.sale_order_149453_2344261e","D149439","__export__.res_users_8_fb87432d","2026-05-26 15:36:04","__export__.res_partner_1846_53c72dc8","","Fully Invoiced","2026-05-29 15:35:09","True","__export__.crm_team_61_8dc82ae3","__export__.res_users_8_fb87432d","Locked","1596.0"
"__export__.sale_order_149732_83c5c480","D149718","__export__.res_users_7_ace94875","2026-05-28 15:15:37","__export__.res_partner_2239_187fc3fe","","Fully Invoiced","2026-05-29 15:12:47","True","__export__.crm_team_275_339b1b1f","__export__.res_users_7_ace94875","Locked","988.07"
"__export__.sale_order_149865_b6a8b8cc","D149851","__export__.res_users_22_942f71e3","2026-05-29 14:33:51","__export__.res_partner_1577_224dd31f","","Fully Invoiced","2026-05-29 14:33:38","True","__export__.crm_team_69_17e53434","__export__.res_users_22_942f71e3","Locked","151.5"
"__export__.sale_order_149790_cb21f25a","D149776","__export__.res_users_18_297f6f55","2026-05-28 23:49:38","__export__.res_partner_1018_7a4e2980","","Fully Invoiced","2026-05-29 13:49:01","True","__export__.crm_team_229_a2ef141e","__export__.res_users_7_ace94875","Locked","123.8"
"__export__.sale_order_149789_84741dcb","D149775","__export__.res_users_18_297f6f55","2026-05-28 23:48:48","__export__.res_partner_1014_b4811845","","Fully Invoiced","2026-05-29 13:47:30","True","__export__.crm_team_96_8d48bd6a","__export__.res_users_22_942f71e3","Locked","116.55"
"__export__.sale_order_149788_cc9176e2","D149774","__export__.res_users_18_297f6f55","2026-05-28 23:47:18","__export__.res_partner_1103_926e4c12","","Fully Invoiced","2026-05-29 13:46:48","True","__export__.crm_team_303_6d918a38","__export__.res_users_18_297f6f55","Locked","71.95"
"__export__.sale_order_149787_b4dd6d5b","D149773","__export__.res_users_18_297f6f55","2026-05-28 23:46:38","__export__.res_partner_2156_ba2f749b","","Fully Invoiced","2026-05-29 13:45:34","True","__export__.crm_team_96_8d48bd6a","__export__.res_users_10_962e2fe2","Locked","80.16"
"__export__.sale_order_149786_b4ceeea5","D149772","__export__.res_users_18_297f6f55","2026-05-28 23:44:58","__export__.res_partner_1268_23010732","","Fully Invoiced","2026-05-29 13:44:39","True","__export__.crm_team_96_8d48bd6a","__export__.res_users_10_962e2fe2","Locked","91.15"
"__export__.sale_order_149785_ce33e05a","D149771","__export__.res_users_18_297f6f55","2026-05-28 23:43:52","__export__.res_partner_1558_b4bd7d3c","","Fully Invoiced","2026-05-29 13:43:00","True","__export__.crm_team_173_1afa093c","__export__.res_users_8_fb87432d","Locked","257.48"
"__export__.sale_order_149783_74f35531","D149769","__export__.res_users_18_297f6f55","2026-05-28 23:40:25","__export__.res_partner_1220_7b1e037c","","Fully Invoiced","2026-05-29 13:40:00","True","__export__.crm_team_51_075d42c1","__export__.res_users_22_942f71e3","Locked","70.1"
"__export__.sale_order_149864_367de35a","D149850","__export__.res_users_27_ccf3d93e","2026-05-29 13:33:22","__export__.res_partner_2364_24378e58","小王来取","Fully Invoiced","2026-05-29 13:33:22","True","__export__.crm_team_69_17e53434","__export__.res_users_8_fb87432d","Locked","602.65"
"__export__.sale_order_149863_a60a542c","D149849","__export__.res_users_27_ccf3d93e","2026-05-29 13:23:08","__export__.res_partner_2502_7b92f574","","Fully Invoiced","2026-05-29 13:21:56","True","__export__.crm_team_69_17e53434","__export__.res_users_7_ace94875","Locked","15.0"
"__export__.sale_order_149564_fb52f1c3","D149550","__export__.res_users_10_962e2fe2","2026-05-27 13:22:14","__export__.res_partner_1559_7f2ffb8d","已给","Fully Invoiced","2026-05-29 13:20:17","True","__export__.crm_team_69_17e53434","__export__.res_users_10_962e2fe2","Locked","519.84"
"__export__.sale_order_149862_6dbc005e","D149848","__export__.res_users_10_962e2fe2","2026-05-29 13:08:45","__export__.res_partner_1737_0ab6a16f","个人义卖","Fully Invoiced","2026-05-29 13:07:48","True","__export__.crm_team_69_17e53434","__export__.res_users_10_962e2fe2","Locked","62.5"
"__export__.sale_order_149860_b1340044","D149846","__export__.res_users_22_942f71e3","2026-05-29 13:01:45","__export__.res_partner_752_b29ee5f8","","Fully Invoiced","2026-05-29 13:01:03","True","__export__.crm_team_69_17e53434","__export__.res_users_22_942f71e3","Sales Order","121.88"
"__export__.sale_order_149858_077d71de","D149844","__export__.res_users_14_42108d61","2026-05-29 12:47:46","__export__.res_partner_1079_f42ddf2f","","Fully Invoiced","2026-05-29 12:46:27","True","__export__.crm_team_5_bc4839e4","__export__.res_users_14_42108d61","Locked","30.5"
"__export__.sale_order_149727_e4fc0244","D149713","__export__.res_users_14_42108d61","2026-05-28 12:46:21","__export__.res_partner_1570_48b936ad","","Fully Invoiced","2026-05-29 12:45:36","True","__export__.crm_team_275_339b1b1f","__export__.res_users_14_42108d61","Locked","350.0"
"__export__.sale_order_149726_4eff8b81","D149712","__export__.res_users_22_942f71e3","2026-05-28 12:46:17","__export__.res_partner_2259_982a2137","已给","Fully Invoiced","2026-05-29 12:36:10","True","__export__.crm_team_69_17e53434","__export__.res_users_22_942f71e3","Sales Order","513.85"
"__export__.sale_order_149725_8b7ca45f","D149711","__export__.res_users_10_962e2fe2","2026-05-28 12:29:40","__export__.res_partner_874_2fe3c6b7","","Fully Invoiced","2026-05-29 12:28:14","True","__export__.crm_team_39_ffc4074f","__export__.res_users_10_962e2fe2","Locked","23.0"
"__export__.sale_order_149723_de258c20","D149709","__export__.res_users_10_962e2fe2","2026-05-28 12:22:48","__export__.res_partner_2551_dcb3618a","已给","Fully Invoiced","2026-05-29 12:21:41","True","__export__.crm_team_69_17e53434","__export__.res_users_10_962e2fe2","Locked","700.0"
"__export__.sale_order_149721_10fe6298","D149707","__export__.res_users_7_ace94875","2026-05-28 12:18:13","__export__.res_partner_2523_69da4468","","Fully Invoiced","2026-05-29 12:17:44","True","__export__.crm_team_80_d86e22d9","__export__.res_users_14_42108d61","Locked","58.4"
"__export__.sale_order_149722_5977656d","D149708","__export__.res_users_7_ace94875","2026-05-28 12:19:15","__export__.res_partner_1178_4660d857","已给","Fully Invoiced","2026-05-29 12:15:28","True","__export__.crm_team_61_8dc82ae3","__export__.res_users_7_ace94875","Locked","1404.0"
"__export__.sale_order_149719_39da4ef7","D149705","__export__.res_users_10_962e2fe2","2026-05-28 12:03:07","__export__.res_partner_951_7495bf44","已给","Fully Invoiced","2026-05-29 11:59:37","True","__export__.crm_team_69_17e53434","__export__.res_users_10_962e2fe2","Locked","686.34"
"__export__.sale_order_149718_f4f82da8","D149704","__export__.res_users_10_962e2fe2","2026-05-28 11:58:51","__export__.res_partner_2023_d499846c","已给","Fully Invoiced","2026-05-29 11:56:21","True","__export__.crm_team_69_17e53434","__export__.res_users_10_962e2fe2","Locked","175.45"
"__export__.sale_order_149857_89594312","D149843","__export__.res_users_27_ccf3d93e","2026-05-29 11:57:16","__export__.res_partner_1766_b5865f7b","","Fully Invoiced","2026-05-29 11:53:48","True","__export__.crm_team_230_30056844","__export__.res_users_27_ccf3d93e","Locked","126.65"
"__export__.sale_order_149856_3fdba59e","D149842","__export__.res_users_14_42108d61","2026-05-29 11:56:34","__export__.res_partner_2219_5346f762","","Fully Invoiced","2026-05-29 11:43:20","True","__export__.crm_team_304_3a77ed67","__export__.res_users_10_962e2fe2","Locked","39.32"
"__export__.sale_order_149855_b912ccd3","D149841","__export__.res_users_22_942f71e3","2026-05-29 11:27:18","__export__.res_partner_2007_3eaeff71","","Fully Invoiced","2026-05-29 11:26:53","True","__export__.crm_team_291_de9693d0","__export__.res_users_14_42108d61","Locked","68.5"
"__export__.sale_order_149854_7f7b7b5a","D149840","__export__.res_users_22_942f71e3","2026-05-29 11:18:06","__export__.res_partner_699_d930a679","","Fully Invoiced","2026-05-29 11:17:41","True","__export__.crm_team_69_17e53434","__export__.res_users_22_942f71e3","Sales Order","19.5"
"__export__.sale_order_149714_5b8209c5","D149700","__export__.res_users_22_942f71e3","2026-05-28 11:06:31","__export__.res_partner_692_5b156858","","Fully Invoiced","2026-05-29 11:06:18","True","__export__.crm_team_96_8d48bd6a","__export__.res_users_22_942f71e3","Locked","20.0"
"__export__.sale_order_149713_8f56589e","D149699","__export__.res_users_7_ace94875","2026-05-28 11:06:14","__export__.res_partner_2502_7b92f574","","Fully Invoiced","2026-05-29 11:03:08","True","__export__.crm_team_304_3a77ed67","__export__.res_users_7_ace94875","Locked","748.4"
"__export__.sale_order_149711_8045611a","D149697","__export__.res_users_7_ace94875","2026-05-28 11:00:27","__export__.res_partner_2512_8ed6bf07","","Fully Invoiced","2026-05-29 10:58:01","True","__export__.crm_team_275_339b1b1f","__export__.res_users_7_ace94875","Locked","643.8"
"__export__.sale_order_149853_06fabef9","D149839","__export__.res_users_10_962e2fe2","2026-05-29 10:49:35","__export__.res_partner_2506_fed154c9","","Fully Invoiced","2026-05-29 10:46:29","True","__export__.crm_team_69_17e53434","__export__.res_users_10_962e2fe2","Sales Order","436.54"
"__export__.sale_order_149852_536d9af6","D149838","__export__.res_users_10_962e2fe2","2026-05-29 10:39:27","__export__.res_partner_818_8185df11","","Fully Invoiced","2026-05-29 10:39:06","True","__export__.crm_team_161_8055857d","__export__.res_users_10_962e2fe2","Locked","19.95"
"__export__.sale_order_149851_5734ed66","D149837","__export__.res_users_10_962e2fe2","2026-05-29 10:14:59","__export__.res_partner_951_7495bf44","","Fully Invoiced","2026-05-29 10:14:36","True","__export__.crm_team_69_17e53434","__export__.res_users_10_962e2fe2","Locked","42.97"
"__export__.sale_order_149850_d788043b","D149836","__export__.res_users_14_42108d61","2026-05-29 10:01:25","__export__.res_partner_1930_95ef299e","","Fully Invoiced","2026-05-29 10:00:49","True","__export__.crm_team_275_339b1b1f","__export__.res_users_14_42108d61","Locked","32.0"
"__export__.sale_order_149849_212c3b70","D149835","__export__.res_users_22_942f71e3","2026-05-29 09:57:47","__export__.res_partner_2023_d499846c","","Fully Invoiced","2026-05-29 09:57:01","True","__export__.crm_team_69_17e53434","__export__.res_users_22_942f71e3","Locked","31.95"
"__export__.sale_order_149763_2e209670","D149749","__export__.res_users_14_42108d61","2026-05-28 23:03:23","__export__.res_partner_2352_a590ab32","","Fully Invoiced","2026-05-29 09:43:27","True","__export__.crm_team_102_350bf834","__export__.res_users_14_42108d61","Locked","464.83"
"__export__.sale_order_149759_b7a7036b","D149745","__export__.res_users_14_42108d61","2026-05-28 22:39:00","__export__.res_partner_2554_2a140201","","Fully Invoiced","2026-05-29 09:37:59","True","__export__.crm_team_161_8055857d","__export__.res_users_14_42108d61","Locked","170.45"
"__export__.sale_order_149847_604f837f","D149833","__export__.res_users_10_962e2fe2","2026-05-29 09:35:59","__export__.res_partner_2052_563650ad","","Fully Invoiced","2026-05-29 09:35:31","True","__export__.crm_team_69_17e53434","__export__.res_users_10_962e2fe2","Locked","108.5"
"__export__.sale_order_149846_6b810309","D149832","__export__.res_users_22_942f71e3","2026-05-29 09:26:19","__export__.res_partner_902_081ecc25","","Fully Invoiced","2026-05-29 09:26:05","True","__export__.crm_team_59_95d20efd","__export__.res_users_22_942f71e3","Locked","38.0"
"__export__.sale_order_149780_d6066d25","D149766","__export__.res_users_14_42108d61","2026-05-28 23:29:33","__export__.res_partner_2547_8f7ed1f4","","Fully Invoiced","2026-05-29 09:26:03","True","__export__.crm_team_289_72f3a502","__export__.res_users_14_42108d61","Locked","481.55"
"__export__.sale_order_149779_7609f494","D149765","__export__.res_users_14_42108d61","2026-05-28 23:25:58","__export__.res_partner_1222_205defba","","Fully Invoiced","2026-05-29 09:25:34","True","__export__.crm_team_39_ffc4074f","__export__.res_users_14_42108d61","Locked","27.0"
"__export__.sale_order_149777_9a59f22f","D149763","__export__.res_users_14_42108d61","2026-05-28 23:24:42","__export__.res_partner_2509_d01aa094","","Fully Invoiced","2026-05-29 09:23:12","True","__export__.crm_team_288_272a2474","__export__.res_users_14_42108d61","Locked","190.05"
"__export__.sale_order_149776_dd52505a","D149762","__export__.res_users_14_42108d61","2026-05-28 23:22:51","__export__.res_partner_2478_0a6bc6a3","","Fully Invoiced","2026-05-29 09:20:46","True","__export__.crm_team_79_8cb35e83","__export__.res_users_14_42108d61","Locked","567.9"
"__export__.sale_order_149775_da31221c","D149761","__export__.res_users_14_42108d61","2026-05-28 23:20:45","__export__.res_partner_2510_f6a1dc97","","Fully Invoiced","2026-05-29 09:19:12","True","__export__.crm_team_78_db60447e","__export__.res_users_14_42108d61","Locked","323.15"
"__export__.sale_order_149774_abd1c0b4","D149760","__export__.res_users_14_42108d61","2026-05-28 23:19:02","__export__.res_partner_2348_759e8a9a","","Fully Invoiced","2026-05-29 09:16:59","True","__export__.crm_team_289_72f3a502","__export__.res_users_14_42108d61","Locked","372.0"
"__export__.sale_order_149748_a4c9129e","D149734","__export__.res_users_14_42108d61","2026-05-28 22:16:35","__export__.res_partner_1184_6e0a68be","","Fully Invoiced","2026-05-29 09:15:47","True","__export__.crm_team_96_8d48bd6a","__export__.res_users_14_42108d61","Locked","98.2"
"__export__.sale_order_149773_202e1d92","D149759","__export__.res_users_14_42108d61","2026-05-28 23:16:02","__export__.res_partner_1576_8c8f7051","","Fully Invoiced","2026-05-29 09:14:36","True","__export__.crm_team_227_ffd73472","__export__.res_users_14_42108d61","Locked","171.85"
"__export__.sale_order_149845_3278f660","D149831","__export__.res_users_22_942f71e3","2026-05-29 09:14:48","__export__.res_partner_1928_fbc97e44","","Fully Invoiced","2026-05-29 09:13:55","True","__export__.crm_team_230_30056844","__export__.res_users_27_ccf3d93e","Locked","62.0"
"__export__.sale_order_149772_1e42c45d","D149758","__export__.res_users_14_42108d61","2026-05-28 23:14:15","__export__.res_partner_1781_a043f483","","Fully Invoiced","2026-05-29 09:13:28","True","__export__.crm_team_79_8cb35e83","__export__.res_users_10_962e2fe2","Locked","120.0"
"__export__.sale_order_149771_dc285acc","D149757","__export__.res_users_14_42108d61","2026-05-28 23:13:11","__export__.res_partner_696_930a1ccb","","Fully Invoiced","2026-05-29 09:12:18","True","__export__.crm_team_228_ec7099f7","__export__.res_users_14_42108d61","Locked","219.15"
"__export__.sale_order_149770_332630f0","D149756","__export__.res_users_14_42108d61","2026-05-28 23:12:02","__export__.res_partner_1042_4b562afb","","Fully Invoiced","2026-05-29 09:11:31","True","__export__.crm_team_59_95d20efd","__export__.res_users_14_42108d61","Locked","93.06"
"__export__.sale_order_149844_d27fadd0","D149830","__export__.res_users_22_942f71e3","2026-05-29 09:11:52","__export__.res_partner_2464_6b8b8041","","Fully Invoiced","2026-05-29 09:10:15","True","__export__.crm_team_230_30056844","__export__.res_users_7_ace94875","Locked","225.9"
"__export__.sale_order_149769_94872305","D149755","__export__.res_users_14_42108d61","2026-05-28 23:10:42","__export__.res_partner_1820_6043d6fd","","Fully Invoiced","2026-05-29 09:07:59","True","__export__.crm_team_302_0f8f613a","__export__.res_users_14_42108d61","Locked","572.4"
"__export__.sale_order_149767_7197b04c","D149753","__export__.res_users_14_42108d61","2026-05-28 23:07:27","__export__.res_partner_866_7023b017","","Fully Invoiced","2026-05-29 09:06:42","True","__export__.crm_team_228_ec7099f7","__export__.res_users_8_fb87432d","Locked","313.9"
"__export__.sale_order_149746_98db35e6","D149732","__export__.res_users_14_42108d61","2026-05-28 22:06:17","__export__.res_partner_2028_9fa04bc8","","Fully Invoiced","2026-05-29 09:05:31","True","__export__.crm_team_96_8d48bd6a","__export__.res_users_14_42108d61","Locked","172.03"
"__export__.sale_order_149765_a7b157df","D149751","__export__.res_users_14_42108d61","2026-05-28 23:06:19","__export__.res_partner_1994_4bb952c0","","Fully Invoiced","2026-05-29 09:05:00","True","__export__.crm_team_79_8cb35e83","__export__.res_users_14_42108d61","Locked","333.45"
"__export__.sale_order_149747_a9bb7a35","D149733","__export__.res_users_14_42108d61","2026-05-28 22:06:32","__export__.res_partner_723_b6aff6bf","","Fully Invoiced","2026-05-29 09:04:16","True","__export__.crm_team_96_8d48bd6a","__export__.res_users_14_42108d61","Locked","248.41"
"__export__.sale_order_149843_86571452","D149829","__export__.res_users_22_942f71e3","2026-05-29 08:52:50","__export__.res_partner_748_a0244e8f","","Fully Invoiced","2026-05-29 08:52:19","True","__export__.crm_team_291_de9693d0","__export__.res_users_7_ace94875","Locked","71.0"
"__export__.sale_order_149842_986c24cf","D149828","__export__.res_users_22_942f71e3","2026-05-29 08:52:39","__export__.res_partner_1019_04d73dd9","","Fully Invoiced","2026-05-29 08:51:58","True","__export__.crm_team_291_de9693d0","__export__.res_users_7_ace94875","Locked","87.8"
"__export__.sale_order_149841_85161570","D149827","__export__.res_users_22_942f71e3","2026-05-29 08:43:55","__export__.res_partner_1577_224dd31f","仓库出货","Fully Invoiced","2026-05-29 08:43:10","True","__export__.crm_team_69_17e53434","__export__.res_users_22_942f71e3","Locked","88.15"
"__export__.sale_order_149840_b293b0a3","D149826","__export__.res_users_7_ace94875","2026-05-29 08:35:07","__export__.res_partner_2553_e1e16865","","Fully Invoiced","2026-05-29 08:34:14","True","__export__.crm_team_303_6d918a38","__export__.res_users_7_ace94875","Locked","60.85"
"__export__.sale_order_149838_39f783d9","D149824","__export__.res_users_22_942f71e3","2026-05-29 08:31:31","__export__.res_partner_1032_6906330b","","Fully Invoiced","2026-05-29 08:28:59","True","__export__.crm_team_291_de9693d0","__export__.res_users_7_ace94875","Locked","455.25"
"__export__.sale_order_149837_0920ef32","D149823","__export__.res_users_14_42108d61","2026-05-29 08:31:29","__export__.res_partner_1775_66b13be4","","Fully Invoiced","2026-05-29 08:27:39","True","__export__.crm_team_51_075d42c1","__export__.res_users_14_42108d61","Locked","86.13"
"__export__.sale_order_149793_33349fca","D149779","__export__.res_users_22_942f71e3","2026-05-29 01:48:24","__export__.res_partner_2203_a475d102","已给","Fully Invoiced","2026-05-29 08:27:10","True","__export__.crm_team_69_17e53434","__export__.res_users_22_942f71e3","Locked","1551.05"
"__export__.sale_order_149836_daa10f96","D149822","__export__.res_users_27_ccf3d93e","2026-05-29 08:27:34","__export__.res_partner_2029_983ad619","","Fully Invoiced","2026-05-29 08:26:01","True","__export__.crm_team_80_d86e22d9","__export__.res_users_22_942f71e3","Locked","89.25"
"__export__.sale_order_149835_9892836d","D149821","__export__.res_users_14_42108d61","2026-05-29 08:26:56","__export__.res_partner_2290_5cd4b535","","Fully Invoiced","2026-05-29 08:24:39","True","__export__.crm_team_80_d86e22d9","__export__.res_users_14_42108d61","Locked","312.35"
"__export__.sale_order_149834_2f1a3d4e","D149820","__export__.res_users_14_42108d61","2026-05-29 08:16:33","__export__.res_partner_1599_e6df6ec0","","Fully Invoiced","2026-05-29 08:16:02","True","__export__.crm_team_51_075d42c1","__export__.res_users_14_42108d61","Locked","89.85"
"__export__.sale_order_149833_865ce417","D149819","__export__.res_users_22_942f71e3","2026-05-29 08:11:51","__export__.res_partner_1258_90945fa0","","Fully Invoiced","2026-05-29 08:10:43","True","__export__.crm_team_232_fa62cff8","__export__.res_users_14_42108d61","Locked","163.0"
"__export__.sale_order_149832_0c3d9cbe","D149818","__export__.res_users_14_42108d61","2026-05-29 08:09:31","__export__.res_partner_1822_47f33935","","Fully Invoiced","2026-05-29 08:09:06","True","__export__.crm_team_51_075d42c1","__export__.res_users_14_42108d61","Locked","229.5"
"__export__.sale_order_149830_28c00018","D149816","__export__.res_users_22_942f71e3","2026-05-29 08:07:53","__export__.res_partner_1034_74111203","","Fully Invoiced","2026-05-29 08:07:12","True","__export__.crm_team_231_ec27440e","__export__.res_users_27_ccf3d93e","Locked","132.45"
"__export__.sale_order_149831_229c1df7","D149817","__export__.res_users_27_ccf3d93e","2026-05-29 08:08:57","__export__.res_partner_1900_f609d842","","Fully Invoiced","2026-05-29 08:06:26","True","__export__.crm_team_80_d86e22d9","__export__.res_users_22_942f71e3","Locked","134.86"
"__export__.sale_order_149829_73c20afa","D149815","__export__.res_users_14_42108d61","2026-05-29 08:06:16","__export__.res_partner_920_5db42f04","","Fully Invoiced","2026-05-29 08:05:43","True","__export__.crm_team_51_075d42c1","__export__.res_users_14_42108d61","Locked","227.64"
"__export__.sale_order_149828_7d27d8b6","D149814","__export__.res_users_10_962e2fe2","2026-05-29 08:06:04","__export__.res_partner_1572_87bf5297","","Fully Invoiced","2026-05-29 08:05:10","True","__export__.crm_team_231_ec27440e","__export__.res_users_10_962e2fe2","Locked","129.6"
"__export__.sale_order_149827_84149322","D149813","__export__.res_users_10_962e2fe2","2026-05-29 08:05:09","__export__.res_partner_1177_9fd4c60d","","Fully Invoiced","2026-05-29 08:03:57","True","__export__.crm_team_229_a2ef141e","__export__.res_users_22_942f71e3","Locked","91.08"
"__export__.sale_order_149826_2a36c476","D149812","__export__.res_users_22_942f71e3","2026-05-29 08:04:06","__export__.res_partner_2441_2e21c209","","Fully Invoiced","2026-05-29 08:02:53","True","__export__.crm_team_51_075d42c1","__export__.res_users_28_e1e8c9ed","Locked","120.76"
"__export__.sale_order_149658_7ca47e8b","D149644","__export__.res_users_14_42108d61","2026-05-28 08:03:45","__export__.res_partner_2012_f514a226","","Fully Invoiced","2026-05-29 08:01:35","True","__export__.crm_team_290_b4e2eca7","__export__.res_users_7_ace94875","Locked","215.72"
"__export__.sale_order_149825_32e5e5a0","D149811","__export__.res_users_22_942f71e3","2026-05-29 08:02:39","__export__.res_partner_815_b205f784","","Fully Invoiced","2026-05-29 08:01:15","True","__export__.crm_team_305_c2537a3b","__export__.res_users_22_942f71e3","Locked","207.4"
"__export__.sale_order_149822_e96e3542","D149808","__export__.res_users_10_962e2fe2","2026-05-29 08:01:26","__export__.res_partner_954_c4c0df31","已给","Fully Invoiced","2026-05-29 08:01:07","True","__export__.crm_team_69_17e53434","__export__.res_users_10_962e2fe2","Locked","48.5"
"__export__.sale_order_149823_ed38ac93","D149809","__export__.res_users_27_ccf3d93e","2026-05-29 08:01:55","__export__.res_partner_941_349707c0","","Fully Invoiced","2026-05-29 08:00:18","True","__export__.crm_team_96_8d48bd6a","__export__.res_users_14_42108d61","Locked","214.1"
"__export__.sale_order_149824_f057b129","D149810","__export__.res_users_7_ace94875","2026-05-29 08:02:21","__export__.res_partner_1123_68f38c82","","Fully Invoiced","2026-05-29 07:59:07","True","__export__.crm_team_78_db60447e","__export__.res_users_27_ccf3d93e","Locked","276.5"
"__export__.sale_order_149820_bba3da23","D149806","__export__.res_users_10_962e2fe2","2026-05-29 08:00:43","__export__.res_partner_1073_2afb2f6f","已给","Fully Invoiced","2026-05-29 07:58:49","True","__export__.crm_team_69_17e53434","__export__.res_users_10_962e2fe2","Locked","712.2"
"__export__.sale_order_149816_2369af07","D149802","__export__.res_users_22_942f71e3","2026-05-29 07:57:18","__export__.res_partner_2259_982a2137","已给","Fully Invoiced","2026-05-29 07:56:42","True","__export__.crm_team_69_17e53434","__export__.res_users_22_942f71e3","Locked","27.0"
"__export__.sale_order_149815_487a2934","D149801","__export__.res_users_22_942f71e3","2026-05-29 07:56:25","__export__.res_partner_1577_224dd31f","","Fully Invoiced","2026-05-29 07:55:58","True","__export__.crm_team_227_ffd73472","__export__.res_users_22_942f71e3","Locked","57.0"
"__export__.sale_order_149819_76c503c9","D149805","__export__.res_users_14_42108d61","2026-05-29 07:58:54","__export__.res_partner_1204_0e526973","","Fully Invoiced","2026-05-29 07:55:17","True","__export__.crm_team_230_30056844","__export__.res_users_14_42108d61","Locked","732.59"
"__export__.sale_order_149817_6acf66ac","D149803","__export__.res_users_10_962e2fe2","2026-05-29 07:58:29","__export__.res_partner_2519_9b3545b1","","Fully Invoiced","2026-05-29 07:55:00","True","__export__.crm_team_231_ec27440e","__export__.res_users_10_962e2fe2","Locked","263.3"
"__export__.sale_order_149813_2dd0b189","D149799","__export__.res_users_10_962e2fe2","2026-05-29 07:54:58","__export__.res_partner_2266_132955fa","","Fully Invoiced","2026-05-29 07:54:01","True","__export__.crm_team_51_075d42c1","__export__.res_users_10_962e2fe2","Locked","92.1"
"__export__.sale_order_149812_0b8991dc","D149798","__export__.res_users_14_42108d61","2026-05-29 07:54:34","__export__.res_partner_2007_3eaeff71","","Fully Invoiced","2026-05-29 07:53:34","True","__export__.crm_team_291_de9693d0","__export__.res_users_14_42108d61","Locked","378.55"
"__export__.sale_order_149814_f5bfb013","D149800","__export__.res_users_27_ccf3d93e","2026-05-29 07:56:06","__export__.res_partner_1326_e85f9f0f","","Fully Invoiced","2026-05-29 07:52:26","True","__export__.crm_team_96_8d48bd6a","__export__.res_users_27_ccf3d93e","Locked","475.39"
"__export__.sale_order_149810_f3c9c419","D149796","__export__.res_users_10_962e2fe2","2026-05-29 07:52:13","__export__.res_partner_2219_5346f762","","Fully Invoiced","2026-05-29 07:51:00","True","__export__.crm_team_303_6d918a38","__export__.res_users_10_962e2fe2","Locked","145.25"
"__export__.sale_order_149811_5af607c7","D149797","__export__.res_users_10_962e2fe2","2026-05-29 07:54:00","__export__.res_partner_707_b92d9a31","","Fully Invoiced","2026-05-29 07:50:58","True","__export__.crm_team_232_fa62cff8","__export__.res_users_10_962e2fe2","Locked","214.17"
"__export__.sale_order_149806_02adeaba","D149792","__export__.res_users_14_42108d61","2026-05-29 07:50:01","__export__.res_partner_1864_a87d3f99","","Fully Invoiced","2026-05-29 07:49:46","True","__export__.crm_team_59_95d20efd","__export__.res_users_14_42108d61","Locked","133.22"
"__export__.sale_order_149808_15877e7a","D149794","__export__.res_users_10_962e2fe2","2026-05-29 07:50:34","__export__.res_partner_1324_6d2ce121","","Fully Invoiced","2026-05-29 07:49:36","True","__export__.crm_team_96_8d48bd6a","__export__.res_users_10_962e2fe2","Locked","88.5"
"__export__.sale_order_149809_779ea4ad","D149795","__export__.res_users_10_962e2fe2","2026-05-29 07:50:36","__export__.res_partner_945_acf591c0","","Fully Invoiced","2026-05-29 07:48:44","True","__export__.crm_team_96_8d48bd6a","__export__.res_users_10_962e2fe2","Locked","139.15"
"__export__.sale_order_149804_c12adf6f","D149790","__export__.res_users_10_962e2fe2","2026-05-29 07:48:40","__export__.res_partner_1596_3194d941","","Fully Invoiced","2026-05-29 07:47:49","True","__export__.crm_team_288_272a2474","__export__.res_users_10_962e2fe2","Locked","107.95"
"__export__.sale_order_149807_e9b4ac4a","D149793","__export__.res_users_27_ccf3d93e","2026-05-29 07:50:26","__export__.res_partner_1071_44f86fd5","","Fully Invoiced","2026-05-29 07:46:57","True","__export__.crm_team_98_821e316c","__export__.res_users_27_ccf3d93e","Sales Order","389.1"
"__export__.sale_order_149805_9bbda0ae","D149791","__export__.res_users_14_42108d61","2026-05-29 07:49:27","__export__.res_partner_2050_3666fbb2","","Fully Invoiced","2026-05-29 07:46:33","True","__export__.crm_team_96_8d48bd6a","__export__.res_users_14_42108d61","Locked","765.4"
"__export__.sale_order_149803_0e171c61","D149789","__export__.res_users_14_42108d61","2026-05-29 07:41:23","__export__.res_partner_1079_f42ddf2f","","Fully Invoiced","2026-05-29 07:40:45","True","__export__.crm_team_275_339b1b1f","__export__.res_users_14_42108d61","Locked","1038.4"
"__export__.sale_order_149802_47eb4ded","D149788","__export__.res_users_14_42108d61","2026-05-29 07:40:30","__export__.res_partner_907_99000eb5","","Fully Invoiced","2026-05-29 07:39:20","True","__export__.crm_team_39_ffc4074f","__export__.res_users_14_42108d61","Locked","206.5"
"__export__.sale_order_149801_928d3ab1","D149787","__export__.res_users_14_42108d61","2026-05-29 07:38:40","__export__.res_partner_1003_ca286395","","Fully Invoiced","2026-05-29 07:38:18","True","__export__.crm_team_39_ffc4074f","__export__.res_users_10_962e2fe2","Locked","57.35"
"__export__.sale_order_149800_25a23ff7","D149786","__export__.res_users_14_42108d61","2026-05-29 07:38:10","__export__.res_partner_1930_95ef299e","","Fully Invoiced","2026-05-29 07:33:07","True","__export__.crm_team_275_339b1b1f","__export__.res_users_14_42108d61","Locked","783.81"
"__export__.sale_order_149799_926d3cc3","D149785","__export__.res_users_14_42108d61","2026-05-29 07:32:30","__export__.res_partner_2526_65f4da72","","Fully Invoiced","2026-05-29 07:32:06","True","__export__.crm_team_302_0f8f613a","__export__.res_users_10_962e2fe2","Locked","141.0"
"__export__.sale_order_149798_91c27f9e","D149784","__export__.res_users_14_42108d61","2026-05-29 07:32:01","__export__.res_partner_2522_4ddc00ff","","Fully Invoiced","2026-05-29 07:30:54","True","__export__.crm_team_227_ffd73472","__export__.res_users_10_962e2fe2","Locked","107.45"
"__export__.sale_order_149797_1d17393a","D149783","__export__.res_users_14_42108d61","2026-05-29 07:30:40","__export__.res_partner_902_081ecc25","","Fully Invoiced","2026-05-29 07:29:50","True","__export__.crm_team_59_95d20efd","__export__.res_users_14_42108d61","Locked","207.92"
"__export__.sale_order_149794_cdeeb46c","D149780","__export__.res_users_14_42108d61","2026-05-29 07:28:58","__export__.res_partner_2419_e2111cb0","","Fully Invoiced","2026-05-29 07:28:03","True","__export__.crm_team_78_db60447e","__export__.res_users_14_42108d61","Locked","190.92"
"__export__.sale_order_149768_236a5c7f","D149754","__export__.res_users_7_ace94875","2026-05-28 23:09:46","__export__.res_partner_1565_948a3c89","","Fully Invoiced","2026-05-29 03:07:44","True","__export__.crm_team_96_8d48bd6a","__export__.res_users_14_42108d61","Locked","350.59"
"__export__.sale_order_149766_62659ae0","D149752","__export__.res_users_7_ace94875","2026-05-28 23:06:55","__export__.res_partner_800_a1949b1d","","Fully Invoiced","2026-05-29 03:04:20","True","__export__.crm_team_98_821e316c","__export__.res_users_7_ace94875","Locked","619.35"
"__export__.sale_order_149762_5016fa18","D149748","__export__.res_users_7_ace94875","2026-05-28 23:02:47","__export__.res_partner_1141_61bb0f22","","Fully Invoiced","2026-05-29 03:01:16","True","__export__.crm_team_96_8d48bd6a","__export__.res_users_7_ace94875","Locked","428.9"
"__export__.sale_order_149764_01115d56","D149750","__export__.res_users_7_ace94875","2026-05-28 23:04:03","__export__.res_partner_2026_b3659e1c","","Fully Invoiced","2026-05-29 02:03:04","True","__export__.crm_team_229_a2ef141e","__export__.res_users_7_ace94875","Locked","421.83"
"__export__.sale_order_149796_33940303","D149782","__export__.res_users_14_42108d61","2026-05-29 07:29:48","__export__.res_partner_1845_ce74c057","此单取消!!!","Fully Invoiced","2026-05-28 23:32:54","True","sales_team.team_sales_department","__export__.res_users_14_42108d61","Locked","62.5"
"__export__.sale_order_149598_9f929eb2","D149584","__export__.res_users_27_ccf3d93e","2026-05-27 23:07:05","__export__.res_partner_879_f0cbfa10","","Fully Invoiced","2026-05-28 23:06:04","True","__export__.crm_team_275_339b1b1f","__export__.res_users_22_942f71e3","Locked","120.75"
"__export__.sale_order_149597_2c4642e3","D149583","__export__.res_users_27_ccf3d93e","2026-05-27 23:05:30","__export__.res_partner_726_55339f90","","Fully Invoiced","2026-05-28 23:03:48","True","__export__.crm_team_109_1a8b3a5d","__export__.res_users_27_ccf3d93e","Locked","98.84"
"__export__.sale_order_149596_7f1b91d5","D149582","__export__.res_users_27_ccf3d93e","2026-05-27 23:03:19","__export__.res_partner_2226_073d5a5a","","Fully Invoiced","2026-05-28 23:01:27","True","__export__.crm_team_227_ffd73472","__export__.res_users_10_962e2fe2","Locked","119.45"
"__export__.sale_order_149595_2aa51887","D149581","__export__.res_users_27_ccf3d93e","2026-05-27 23:01:04","__export__.res_partner_918_2f7fb42e","","Fully Invoiced","2026-05-28 22:56:29","True","__export__.crm_team_110_3f98a3be","__export__.res_users_27_ccf3d93e","Locked","361.98"
"__export__.sale_order_149594_71bb3d69","D149580","__export__.res_users_7_ace94875","2026-05-27 22:55:11","__export__.res_partner_789_0ae6dd9e","","Fully Invoiced","2026-05-28 22:53:07","True","__export__.crm_team_292_464da319","__export__.res_users_7_ace94875","Locked","443.9"
"__export__.sale_order_149593_3d11fbd6","D149579","__export__.res_users_27_ccf3d93e","2026-05-27 22:54:20","__export__.res_partner_1960_8b4f2e40","","Fully Invoiced","2026-05-28 22:52:49","True","__export__.crm_team_96_8d48bd6a","__export__.res_users_27_ccf3d93e","Locked","194.9"
"__export__.sale_order_149592_ca4728dc","D149578","__export__.res_users_7_ace94875","2026-05-27 22:51:06","__export__.res_partner_2462_884eb14e","","Fully Invoiced","2026-05-28 22:50:25","True","__export__.crm_team_227_ffd73472","__export__.res_users_28_e1e8c9ed","Locked","185.2"
"__export__.sale_order_149590_1a6f5c54","D149576","__export__.res_users_7_ace94875","2026-05-27 21:56:12","__export__.res_partner_2319_7b8044dc","","Fully Invoiced","2026-05-28 21:54:47","True","__export__.crm_team_304_3a77ed67","__export__.res_users_7_ace94875","Locked","353.78"
"__export__.sale_order_149589_b780a699","D149575","__export__.res_users_7_ace94875","2026-05-27 21:54:38","__export__.res_partner_704_e43cdf12","","Fully Invoiced","2026-05-28 21:54:01","True","__export__.crm_team_289_72f3a502","__export__.res_users_27_ccf3d93e","Locked","140.05"
"__export__.sale_order_149588_d0b23cc9","D149574","__export__.res_users_7_ace94875","2026-05-27 21:52:03","__export__.res_partner_2279_95c95e6b","","Fully Invoiced","2026-05-28 21:50:43","True","__export__.crm_team_289_72f3a502","__export__.res_users_10_962e2fe2","Locked","392.0"
"__export__.sale_order_149587_1eccd512","D149573","__export__.res_users_7_ace94875","2026-05-27 21:50:20","__export__.res_partner_1162_84b0db9d","","Fully Invoiced","2026-05-28 21:48:40","True","__export__.crm_team_289_72f3a502","__export__.res_users_7_ace94875","Locked","120.97"
"__export__.sale_order_149584_8c996c25","D149570","__export__.res_users_14_42108d61","2026-05-27 17:30:49","__export__.res_partner_714_6e0d102d","","Fully Invoiced","2026-05-28 17:30:18","True","__export__.crm_team_230_30056844","__export__.res_users_14_42108d61","Locked","1989.65"
"__export__.sale_order_149585_c1ea2bca","D149571","__export__.res_users_14_42108d61","2026-05-27 17:38:28","__export__.res_partner_1837_354db69f","","Fully Invoiced","2026-05-28 17:27:19","True","__export__.crm_team_78_db60447e","__export__.res_users_14_42108d61","Locked","246.14"
"__export__.sale_order_149472_3035428e","D149458","__export__.res_users_14_42108d61","2026-05-26 17:10:22","__export__.res_partner_1620_ba7293b5","","Fully Invoiced","2026-05-28 17:09:31","True","__export__.crm_team_111_3c32966d","__export__.res_users_22_942f71e3","Locked","369.63"
"__export__.sale_order_149581_23ec4b99","D149567","__export__.res_users_22_942f71e3","2026-05-27 16:12:22","__export__.res_partner_764_32a91eab","","Fully Invoiced","2026-05-28 16:04:00","True","__export__.crm_team_232_fa62cff8","__export__.res_users_22_942f71e3","Locked","298.89"
"__export__.sale_order_149580_54db2014","D149566","__export__.res_users_22_942f71e3","2026-05-27 16:08:19","__export__.res_partner_875_f4e31f7c","","Fully Invoiced","2026-05-28 15:55:08","True","__export__.crm_team_229_a2ef141e","__export__.res_users_22_942f71e3","Locked","252.5"
"__export__.sale_order_149583_d7368d73","D149569","__export__.res_users_22_942f71e3","2026-05-27 16:15:47","__export__.res_partner_831_4c93b992","","Fully Invoiced","2026-05-28 15:55:06","True","__export__.crm_team_96_8d48bd6a","__export__.res_users_22_942f71e3","Locked","289.95"
"__export__.sale_order_149582_9af2ec25","D149568","__export__.res_users_22_942f71e3","2026-05-27 16:13:48","__export__.res_partner_1136_1bc987b5","","Fully Invoiced","2026-05-28 15:55:06","True","__export__.crm_team_51_075d42c1","__export__.res_users_22_942f71e3","Locked","51.53"
"__export__.sale_order_149579_ab1668f7","D149565","__export__.res_users_22_942f71e3","2026-05-27 16:05:53","__export__.res_partner_1314_3d560c4c","","Fully Invoiced","2026-05-28 15:55:00","True","__export__.crm_team_229_a2ef141e","__export__.res_users_22_942f71e3","Locked","278.27"
"__export__.sale_order_149578_c6c1a7ef","D149564","__export__.res_users_22_942f71e3","2026-05-27 16:03:04","__export__.res_partner_2507_6f453c60","","Fully Invoiced","2026-05-28 15:54:59","True","__export__.crm_team_229_a2ef141e","__export__.res_users_22_942f71e3","Locked","330.18"
"__export__.sale_order_149577_9f991a39","D149563","__export__.res_users_22_942f71e3","2026-05-27 15:56:40","__export__.res_partner_2515_0037f4bb","","Fully Invoiced","2026-05-28 15:54:44","True","__export__.crm_team_96_8d48bd6a","__export__.res_users_22_942f71e3","Locked","226.87"
"__export__.sale_order_149576_8756dbb2","D149562","__export__.res_users_27_ccf3d93e","2026-05-27 15:47:51","__export__.res_partner_2039_dfeba2bb","","Fully Invoiced","2026-05-28 15:46:57","True","__export__.crm_team_51_075d42c1","__export__.res_users_22_942f71e3","Locked","79.05"
"__export__.sale_order_149575_8cf7ad2a","D149561","__export__.res_users_27_ccf3d93e","2026-05-27 15:45:56","__export__.res_partner_1927_754098d4","","Fully Invoiced","2026-05-28 15:44:36","True","__export__.crm_team_51_075d42c1","__export__.res_users_22_942f71e3","Locked","207.35"
"__export__.sale_order_149574_61214e7a","D149560","__export__.res_users_27_ccf3d93e","2026-05-27 15:41:40","__export__.res_partner_927_2a5972fe","","Fully Invoiced","2026-05-28 15:37:51","True","__export__.crm_team_172_e403f408","__export__.res_users_7_ace94875","Locked","274.72"
"__export__.sale_order_149573_e7411019","D149559","__export__.res_users_27_ccf3d93e","2026-05-27 15:35:18","__export__.res_partner_1112_517360ff","","Fully Invoiced","2026-05-28 15:34:26","True","__export__.crm_team_80_d86e22d9","__export__.res_users_27_ccf3d93e","Locked","115.35"
"__export__.sale_order_149571_9e5f9a33","D149557","__export__.res_users_8_fb87432d","2026-05-27 15:32:50","__export__.res_partner_1074_53257163","","Fully Invoiced","2026-05-28 15:30:04","True","__export__.crm_team_61_8dc82ae3","__export__.res_users_8_fb87432d","Locked","430.43"
"__export__.sale_order_149572_93f7f97c","D149558","__export__.res_users_27_ccf3d93e","2026-05-27 15:34:16","__export__.res_partner_1104_ea5715ce","","Fully Invoiced","2026-05-28 15:29:01","True","__export__.crm_team_80_d86e22d9","__export__.res_users_27_ccf3d93e","Locked","234.12"
"__export__.sale_order_149570_29c5073a","D149556","__export__.res_users_27_ccf3d93e","2026-05-27 15:27:52","__export__.res_partner_1325_09e84271","","Fully Invoiced","2026-05-28 15:26:17","True","__export__.crm_team_278_1a2d18d7","__export__.res_users_27_ccf3d93e","Locked","68.88"
"__export__.sale_order_149569_7aaf8fb5","D149555","__export__.res_users_27_ccf3d93e","2026-05-27 15:26:00","__export__.res_partner_944_15617010","","Fully Invoiced","2026-05-28 15:21:27","True","__export__.crm_team_278_1a2d18d7","__export__.res_users_27_ccf3d93e","Locked","463.53"
"__export__.sale_order_149568_76628bbc","D149554","__export__.res_users_27_ccf3d93e","2026-05-27 15:20:49","__export__.res_partner_1277_608d179a","","Fully Invoiced","2026-05-28 15:19:34","True","__export__.crm_team_96_8d48bd6a","__export__.res_users_27_ccf3d93e","Locked","281.5"
"__export__.sale_order_149731_c4ca0e46","D149717","__export__.res_users_22_942f71e3","2026-05-28 15:13:20","__export__.res_partner_1577_224dd31f","","Fully Invoiced","2026-05-28 15:11:40","True","__export__.crm_team_69_17e53434","__export__.res_users_22_942f71e3","Locked","1844.18"
"__export__.sale_order_149353_12958474","D149339","__export__.res_users_14_42108d61","2026-05-25 15:00:49","__export__.res_partner_683_122aef26","","Fully Invoiced","2026-05-28 14:58:45","True","__export__.crm_team_96_8d48bd6a","__export__.res_users_14_42108d61","Locked","542.38"
"__export__.sale_order_149730_90ebfc1f","D149716","__export__.res_users_10_962e2fe2","2026-05-28 14:54:33","__export__.res_partner_752_b29ee5f8","yanan付钱","Fully Invoiced","2026-05-28 14:53:58","True","__export__.crm_team_69_17e53434","__export__.res_users_10_962e2fe2","Locked","209.0"
"__export__.sale_order_149567_230aae43","D149553","__export__.res_users_27_ccf3d93e","2026-05-27 14:49:36","__export__.res_partner_1320_2e40e707","","Fully Invoiced","2026-05-28 14:45:55","True","__export__.crm_team_297_46343bff","__export__.res_users_22_942f71e3","Locked","365.13"
"__export__.sale_order_149729_85c100ab","D149715","__export__.res_users_27_ccf3d93e","2026-05-28 14:35:23","__export__.res_partner_723_b6aff6bf","","Fully Invoiced","2026-05-28 14:34:57","True","__export__.crm_team_69_17e53434","__export__.res_users_14_42108d61","Locked","21.82"
"__export__.sale_order_149728_69a38756","D149714","__export__.res_users_10_962e2fe2","2026-05-28 14:28:36","__export__.res_partner_2237_a8825dd6","","Fully Invoiced","2026-05-28 14:19:10","True","__export__.crm_team_69_17e53434","__export__.res_users_10_962e2fe2","Locked","469.32"
"__export__.sale_order_149345_d910d365","D149331","__export__.res_users_7_ace94875","2026-05-25 13:17:01","__export__.res_partner_688_3ca9b4ca","","Fully Invoiced","2026-05-28 13:14:16","True","__export__.crm_team_61_8dc82ae3","__export__.res_users_7_ace94875","Locked","1171.13"
"__export__.sale_order_149724_ac089dab","D149710","__export__.res_users_10_962e2fe2","2026-05-28 12:27:46","__export__.res_partner_1608_3c12a18b","","Fully Invoiced","2026-05-28 12:26:54","True","__export__.crm_team_230_30056844","__export__.res_users_10_962e2fe2","Locked","184.12"
"__export__.sale_order_149338_7b024a76","D149324","__export__.res_users_7_ace94875","2026-05-25 12:28:04","__export__.res_partner_2403_75ca4747","","Fully Invoiced","2026-05-28 12:26:39","True","__export__.crm_team_112_5a7d7484","__export__.res_users_28_e1e8c9ed","Locked","631.2"
"__export__.sale_order_149511_00d8b7ee","D149497","__export__.res_users_18_297f6f55","2026-05-27 02:27:47","__export__.res_partner_884_82cd1d83","","Fully Invoiced","2026-05-28 12:25:37","True","__export__.crm_team_61_8dc82ae3","__export__.res_users_8_fb87432d","Locked","929.59"
"__export__.sale_order_149561_cdd54b6a","D149547","__export__.res_users_7_ace94875","2026-05-27 11:55:37","__export__.res_partner_1583_c3248aba","","Fully Invoiced","2026-05-28 11:54:26","True","__export__.crm_team_96_8d48bd6a","__export__.res_users_27_ccf3d93e","Locked","485.64"
"__export__.sale_order_149560_4c5b45e8","D149546","__export__.res_users_7_ace94875","2026-05-27 11:53:32","__export__.res_partner_2202_f5145eed","","Fully Invoiced","2026-05-28 11:52:19","True","__export__.crm_team_173_1afa093c","__export__.res_users_27_ccf3d93e","Sales Order","348.1"
"__export__.sale_order_149559_50efeab9","D149545","__export__.res_users_7_ace94875","2026-05-27 11:52:10","__export__.res_partner_1963_b8d8980e","","Fully Invoiced","2026-05-28 11:51:20","True","__export__.crm_team_173_1afa093c","__export__.res_users_27_ccf3d93e","Locked","279.4"
"__export__.sale_order_149717_2a0eba67","D149703","__export__.res_users_8_fb87432d","2026-05-28 11:50:34","__export__.res_partner_957_4ee62bae","","Fully Invoiced","2026-05-28 11:49:58","True","__export__.crm_team_69_17e53434","__export__.res_users_18_297f6f55","Locked","35.7"
"__export__.sale_order_149716_9ab66886","D149702","__export__.res_users_22_942f71e3","2026-05-28 11:25:31","__export__.res_partner_1614_5e3c6e0a","","Fully Invoiced","2026-05-28 11:22:41","True","__export__.crm_team_277_1848bdf1","__export__.res_users_10_962e2fe2","Locked","316.8"
"__export__.sale_order_149712_f03666ae","D149698","__export__.res_users_22_942f71e3","2026-05-28 11:01:10","__export__.res_partner_1816_25501dc0","","Fully Invoiced","2026-05-28 11:00:51","True","__export__.crm_team_69_17e53434","__export__.res_users_14_42108d61","Locked","14.5"
"__export__.sale_order_149710_bda53a39","D149696","__export__.res_users_22_942f71e3","2026-05-28 10:55:12","__export__.res_partner_1816_25501dc0","","Fully Invoiced","2026-05-28 10:54:52","True","__export__.crm_team_69_17e53434","__export__.res_users_14_42108d61","Locked","146.5"
"__export__.sale_order_149715_b2535535","D149701","__export__.res_users_10_962e2fe2","2026-05-28 11:07:18","__export__.res_partner_1779_3bcf046f","","Fully Invoiced","2026-05-28 10:53:58","True","__export__.crm_team_277_1848bdf1","__export__.res_users_10_962e2fe2","Sales Order","392.95"
"__export__.sale_order_149446_c9d5bd62","D149432","__export__.res_users_7_ace94875","2026-05-26 10:57:12","__export__.res_partner_1959_7be6f073","","Fully Invoiced","2026-05-28 10:53:14","True","__export__.crm_team_275_339b1b1f","__export__.res_users_7_ace94875","Locked","900.79"
"__export__.sale_order_149626_6b3dba15","D149612","__export__.res_users_18_297f6f55","2026-05-28 00:52:55","__export__.res_partner_2531_e0e03692","","Fully Invoiced","2026-05-28 10:52:24","True","__export__.crm_team_277_1848bdf1","__export__.res_users_22_942f71e3","Locked","132.8"
"__export__.sale_order_149553_2c3f4987","D149539","__export__.res_users_22_942f71e3","2026-05-27 10:52:08","__export__.res_partner_877_489800fb","","Fully Invoiced","2026-05-28 10:50:42","True","__export__.crm_team_308_cd6f79e2","__export__.res_users_22_942f71e3","Locked","384.36"
"__export__.sale_order_149623_2065ef04","D149609","__export__.res_users_18_297f6f55","2026-05-28 00:49:38","__export__.res_partner_1243_048493f3","","Fully Invoiced","2026-05-28 10:49:10","True","__export__.crm_team_51_075d42c1","__export__.res_users_22_942f71e3","Locked","105.2"
"__export__.sale_order_149621_7073c870","D149607","__export__.res_users_18_297f6f55","2026-05-28 00:46:47","__export__.res_partner_2063_4f237b67","","Fully Invoiced","2026-05-28 10:44:17","True","__export__.crm_team_303_6d918a38","__export__.res_users_8_fb87432d","Locked","335.5"
"__export__.sale_order_149620_df2ed9ac","D149606","__export__.res_users_18_297f6f55","2026-05-28 00:43:12","__export__.res_partner_1187_1fc9bbda","","Fully Invoiced","2026-05-28 10:42:50","True","__export__.crm_team_290_b4e2eca7","__export__.res_users_22_942f71e3","Locked","114.6"
"__export__.sale_order_149619_d2001c4a","D149605","__export__.res_users_18_297f6f55","2026-05-28 00:42:40","__export__.res_partner_1042_4b562afb","","Fully Invoiced","2026-05-28 10:42:00","True","__export__.crm_team_78_db60447e","__export__.res_users_18_297f6f55","Locked","133.0"
"__export__.sale_order_149618_3881e5e1","D149604","__export__.res_users_18_297f6f55","2026-05-28 00:41:44","__export__.res_partner_974_bde34019","","Fully Invoiced","2026-05-28 10:39:55","True","__export__.crm_team_98_821e316c","__export__.res_users_18_297f6f55","Locked","443.15"
"__export__.sale_order_149617_32c12f62","D149603","__export__.res_users_18_297f6f55","2026-05-28 00:39:34","__export__.res_partner_1219_d7c375eb","","Fully Invoiced","2026-05-28 10:38:51","True","__export__.crm_team_293_a93771d4","__export__.res_users_27_ccf3d93e","Locked","206.45"
"__export__.sale_order_149709_3d89a4e9","D149695","__export__.res_users_22_942f71e3","2026-05-28 10:38:47","__export__.res_partner_2404_9b7da869","","Fully Invoiced","2026-05-28 10:38:23","True","__export__.crm_team_69_17e53434","__export__.res_users_10_962e2fe2","Locked","78.73"
"__export__.sale_order_149616_093a52e5","D149602","__export__.res_users_18_297f6f55","2026-05-28 00:38:45","__export__.res_partner_1774_75410d84","","Fully Invoiced","2026-05-28 10:38:22","True","__export__.crm_team_96_8d48bd6a","__export__.res_users_18_297f6f55","Locked","184.7"
"__export__.sale_order_149708_5372c2d4","D149694","__export__.res_users_22_942f71e3","2026-05-28 10:36:12","__export__.res_partner_763_ccfd8876","","Fully Invoiced","2026-05-28 10:35:49","True","__export__.crm_team_230_30056844","__export__.res_users_22_942f71e3","Locked","10.5"
"__export__.sale_order_149614_fb15fe60","D149600","__export__.res_users_18_297f6f55","2026-05-28 00:36:36","__export__.res_partner_891_c0cc8e85","","Fully Invoiced","2026-05-28 10:35:21","True","__export__.crm_team_303_6d918a38","__export__.res_users_14_42108d61","Locked","170.85"
"__export__.sale_order_149612_4c948ae6","D149598","__export__.res_users_18_297f6f55","2026-05-28 00:33:35","__export__.res_partner_1748_4df4ef19","","Fully Invoiced","2026-05-28 10:32:39","True","__export__.crm_team_51_075d42c1","__export__.res_users_18_297f6f55","Locked","154.0"
"__export__.sale_order_149706_66c7215f","D149692","__export__.res_users_22_942f71e3","2026-05-28 10:22:20","__export__.res_partner_902_081ecc25","","Fully Invoiced","2026-05-28 10:21:50","True","__export__.crm_team_59_95d20efd","__export__.res_users_22_942f71e3","Locked","24.0"
"__export__.sale_order_149705_fd696fc5","D149691","__export__.res_users_22_942f71e3","2026-05-28 10:21:29","__export__.res_partner_858_0e5ada1d","","Fully Invoiced","2026-05-28 10:21:07","True","__export__.crm_team_79_8cb35e83","__export__.res_users_14_42108d61","Locked","77.8"
"__export__.sale_order_149704_effbae09","D149690","__export__.res_users_27_ccf3d93e","2026-05-28 10:19:54","__export__.res_partner_1104_ea5715ce","","Fully Invoiced","2026-05-28 10:19:15","True","__export__.crm_team_102_350bf834","__export__.res_users_27_ccf3d93e","Locked","61.5"
"__export__.sale_order_149703_00261658","D149689","__export__.res_users_10_962e2fe2","2026-05-28 10:12:38","__export__.res_partner_2052_563650ad","","Fully Invoiced","2026-05-28 10:11:47","True","__export__.crm_team_69_17e53434","__export__.res_users_10_962e2fe2","Locked","119.8"
"__export__.sale_order_149707_39140bed","D149693","__export__.res_users_14_42108d61","2026-05-28 10:34:56","__export__.res_partner_2430_30adde35","","Fully Invoiced","2026-05-28 10:08:57","True","__export__.crm_team_230_30056844","__export__.res_users_14_42108d61","Locked","494.24"
"__export__.sale_order_149546_851824a3","D149532","__export__.res_users_10_962e2fe2","2026-05-27 09:59:54","__export__.res_partner_874_2fe3c6b7","","Fully Invoiced","2026-05-28 09:59:39","True","__export__.crm_team_39_ffc4074f","__export__.res_users_10_962e2fe2","Locked","62.5"
"__export__.sale_order_149504_155e0436","D149490","__export__.res_users_14_42108d61","2026-05-26 23:02:34","__export__.res_partner_2268_b4296ff0","","Fully Invoiced","2026-05-28 09:59:35","True","__export__.crm_team_295_a4e9ead7","__export__.res_users_14_42108d61","Locked","497.6"
"__export__.sale_order_149702_350064c8","D149688","__export__.res_users_10_962e2fe2","2026-05-28 10:11:44","__export__.res_partner_790_fcc5b5d9","","Fully Invoiced","2026-05-28 09:56:25","True","__export__.crm_team_277_1848bdf1","__export__.res_users_10_962e2fe2","Locked","316.62"
"__export__.sale_order_149611_beccc670","D149597","__export__.res_users_14_42108d61","2026-05-27 23:56:20","__export__.res_partner_2232_5eb6c569","","Fully Invoiced","2026-05-28 09:54:23","True","__export__.crm_team_112_5a7d7484","__export__.res_users_14_42108d61","Locked","595.5"
"__export__.sale_order_149610_207f2a07","D149596","__export__.res_users_14_42108d61","2026-05-27 23:52:21","__export__.res_partner_1930_95ef299e","","Fully Invoiced","2026-05-28 09:49:58","True","__export__.crm_team_295_a4e9ead7","__export__.res_users_14_42108d61","Locked","643.82"
"__export__.sale_order_149609_c9ff7376","D149595","__export__.res_users_14_42108d61","2026-05-27 23:49:56","__export__.res_partner_1079_f42ddf2f","","Fully Invoiced","2026-05-28 09:44:17","True","__export__.crm_team_112_5a7d7484","__export__.res_users_14_42108d61","Locked","621.19"
"__export__.sale_order_149701_00d1bff3","D149687","__export__.res_users_22_942f71e3","2026-05-28 09:41:40","__export__.res_partner_831_4c93b992","","Fully Invoiced","2026-05-28 09:41:27","True","__export__.crm_team_96_8d48bd6a","__export__.res_users_22_942f71e3","Locked","13.5"
"__export__.sale_order_149700_08fd5e7d","D149686","__export__.res_users_22_942f71e3","2026-05-28 09:40:51","__export__.res_partner_1809_c8a0a275","","Fully Invoiced","2026-05-28 09:40:25","True","__export__.crm_team_61_8dc82ae3","__export__.res_users_10_962e2fe2","Locked","17.0"
"__export__.sale_order_149608_4e9500a7","D149594","__export__.res_users_14_42108d61","2026-05-27 23:40:38","__export__.res_partner_1576_8c8f7051","","Fully Invoiced","2026-05-28 09:36:15","True","__export__.crm_team_227_ffd73472","__export__.res_users_14_42108d61","Locked","120.45"
"__export__.sale_order_149607_1a850adc","D149593","__export__.res_users_14_42108d61","2026-05-27 23:35:42","__export__.res_partner_2500_54e25243","","Fully Invoiced","2026-05-28 09:35:11","True","__export__.crm_team_39_ffc4074f","__export__.res_users_10_962e2fe2","Locked","30.0"
"__export__.sale_order_149606_ec245476","D149592","__export__.res_users_14_42108d61","2026-05-27 23:34:53","__export__.res_partner_768_72edcbdb","","Fully Invoiced","2026-05-28 09:34:10","True","__export__.crm_team_39_ffc4074f","__export__.res_users_14_42108d61","Locked","116.47"
"__export__.sale_order_149605_266e8235","D149591","__export__.res_users_14_42108d61","2026-05-27 23:33:32","__export__.res_partner_1994_4bb952c0","","Fully Invoiced","2026-05-28 09:31:04","True","__export__.crm_team_79_8cb35e83","__export__.res_users_14_42108d61","Locked","589.78"
"__export__.sale_order_149603_80cf1234","D149589","__export__.res_users_14_42108d61","2026-05-27 23:30:38","__export__.res_partner_1991_a2810e90","","Fully Invoiced","2026-05-28 09:28:28","True","__export__.crm_team_110_3f98a3be","__export__.res_users_14_42108d61","Locked","508.35"
"__export__.sale_order_149699_2331789e","D149685","__export__.res_users_10_962e2fe2","2026-05-28 09:26:51","__export__.res_partner_1764_7a5ca96a","","Fully Invoiced","2026-05-28 09:25:29","True","__export__.crm_team_59_95d20efd","__export__.res_users_10_962e2fe2","Locked","209.47"
"__export__.sale_order_149604_2efa2f94","D149590","__export__.res_users_14_42108d61","2026-05-27 23:31:03","__export__.res_partner_1781_a043f483","","Fully Invoiced","2026-05-28 09:25:02","True","__export__.crm_team_78_db60447e","__export__.res_users_10_962e2fe2","Locked","164.0"
"__export__.sale_order_149602_d7bec74c","D149588","__export__.res_users_14_42108d61","2026-05-27 23:24:45","__export__.res_partner_696_930a1ccb","","Fully Invoiced","2026-05-28 09:22:19","True","__export__.crm_team_228_ec7099f7","__export__.res_users_14_42108d61","Locked","426.6"
"__export__.sale_order_149698_d139a434","D149684","__export__.res_users_10_962e2fe2","2026-05-28 09:22:03","__export__.res_partner_874_2fe3c6b7","","Fully Invoiced","2026-05-28 09:20:55","True","__export__.crm_team_59_95d20efd","__export__.res_users_10_962e2fe2","Locked","75.17"
"__export__.sale_order_149601_ce57093a","D149587","__export__.res_users_14_42108d61","2026-05-27 23:20:18","__export__.res_partner_1913_0b4fe26f","","Fully Invoiced","2026-05-28 09:17:33","True","__export__.crm_team_61_8dc82ae3","__export__.res_users_14_42108d61","Locked","419.61"
"__export__.sale_order_149697_2a408d87","D149683","__export__.res_users_22_942f71e3","2026-05-28 09:19:18","__export__.res_partner_1262_0a3fddb8","","Fully Invoiced","2026-05-28 09:17:30","True","__export__.crm_team_232_fa62cff8","__export__.res_users_27_ccf3d93e","Locked","144.55"
"__export__.sale_order_149696_fff02dee","D149682","__export__.res_users_22_942f71e3","2026-05-28 09:09:37","__export__.res_partner_1809_c8a0a275","","Fully Invoiced","2026-05-28 09:07:36","True","__export__.crm_team_61_8dc82ae3","__export__.res_users_10_962e2fe2","Locked","205.8"
"__export__.sale_order_149506_130ca814","D149492","__export__.res_users_14_42108d61","2026-05-26 23:10:02","__export__.res_partner_2281_fa118497","","Fully Invoiced","2026-05-28 09:06:52","True","__export__.crm_team_51_075d42c1","__export__.res_users_22_942f71e3","Locked","130.35"
"__export__.sale_order_149695_02f814e2","D149681","__export__.res_users_10_962e2fe2","2026-05-28 08:57:39","__export__.res_partner_818_8185df11","RO不要确认","Nothing to Invoice","2026-05-28 08:52:11","False","__export__.crm_team_59_95d20efd","__export__.res_users_10_962e2fe2","Quotation","823.79"
"__export__.sale_order_149694_2926c3fe","D149680","__export__.res_users_22_942f71e3","2026-05-28 08:47:31","__export__.res_partner_1036_c336a2ab","","Fully Invoiced","2026-05-28 08:46:41","True","__export__.crm_team_289_72f3a502","__export__.res_users_7_ace94875","Locked","60.7"
"__export__.sale_order_149693_5ab10332","D149679","__export__.res_users_27_ccf3d93e","2026-05-28 08:46:23","__export__.res_partner_1134_4bddecaf","","Fully Invoiced","2026-05-28 08:45:29","True","__export__.crm_team_303_6d918a38","__export__.res_users_27_ccf3d93e","Locked","148.25"
"__export__.sale_order_149692_6c85f4a9","D149678","__export__.res_users_22_942f71e3","2026-05-28 08:37:38","__export__.res_partner_1577_224dd31f","仓库出货","Fully Invoiced","2026-05-28 08:36:51","True","__export__.crm_team_69_17e53434","__export__.res_users_22_942f71e3","Locked","56.41"
"__export__.sale_order_149689_88d04ade","D149675","__export__.res_users_7_ace94875","2026-05-28 08:32:54","__export__.res_partner_2458_a35b8347","","Fully Invoiced","2026-05-28 08:32:07","True","__export__.crm_team_277_1848bdf1","__export__.res_users_28_e1e8c9ed","Locked","699.4"
"__export__.sale_order_149687_b81ae3b1","D149673","__export__.res_users_14_42108d61","2026-05-28 08:31:54","__export__.res_partner_1173_d8002d22","","Fully Invoiced","2026-05-28 08:31:06","True","__export__.crm_team_290_b4e2eca7","__export__.res_users_22_942f71e3","Locked","116.9"
"__export__.sale_order_149688_e29fd5f6","D149674","__export__.res_users_10_962e2fe2","2026-05-28 08:32:01","__export__.res_partner_2499_4880f096","","Fully Invoiced","2026-05-28 08:29:32","True","__export__.crm_team_278_1a2d18d7","__export__.res_users_7_ace94875","Locked","650.61"
"__export__.sale_order_149690_34865f50","D149676","__export__.res_users_22_942f71e3","2026-05-28 08:33:15","__export__.res_partner_1635_f5b27113","","Fully Invoiced","2026-05-28 08:29:25","True","__export__.crm_team_162_05a89d8e","__export__.res_users_10_962e2fe2","Locked","431.56"
"__export__.sale_order_149685_3f3a2677","D149671","__export__.res_users_22_942f71e3","2026-05-28 08:28:59","__export__.res_partner_2051_6af4c1a8","","Fully Invoiced","2026-05-28 08:28:31","True","__export__.crm_team_98_821e316c","__export__.res_users_22_942f71e3","Locked","78.6"
"__export__.sale_order_149691_2e9973f8","D149677","__export__.res_users_27_ccf3d93e","2026-05-28 08:37:04","__export__.res_partner_1125_8ced4c04","","Fully Invoiced","2026-05-28 08:27:24","True","__export__.crm_team_306_f21cf977","__export__.res_users_27_ccf3d93e","Locked","425.99"
"__export__.sale_order_149684_b9a5d5d7","D149670","__export__.res_users_7_ace94875","2026-05-28 08:28:37","__export__.res_partner_1281_f77cf15c","","Fully Invoiced","2026-05-28 08:26:59","True","__export__.crm_team_308_cd6f79e2","__export__.res_users_28_e1e8c9ed","Locked","252.2"
"__export__.sale_order_149686_43beeecb","D149672","__export__.res_users_10_962e2fe2","2026-05-28 08:29:30","__export__.res_partner_1625_93c49a57","","Fully Invoiced","2026-05-28 08:26:11","True","__export__.crm_team_171_58fa18ab","__export__.res_users_22_942f71e3","Locked","462.45"
"__export__.sale_order_149683_49cab934","D149669","__export__.res_users_10_962e2fe2","2026-05-28 08:26:10","__export__.res_partner_1210_a86b05c2","","Fully Invoiced","2026-05-28 08:24:22","True","__export__.crm_team_231_ec27440e","__export__.res_users_27_ccf3d93e","Locked","369.15"
"__export__.sale_order_149682_53b02c59","D149668","__export__.res_users_7_ace94875","2026-05-28 08:23:17","__export__.res_partner_2250_b574857b","","Fully Invoiced","2026-05-28 08:21:38","True","__export__.crm_team_109_1a8b3a5d","__export__.res_users_7_ace94875","Locked","263.5"
"__export__.sale_order_149680_9791a8da","D149666","__export__.res_users_7_ace94875","2026-05-28 08:21:20","__export__.res_partner_780_52c72777","","Fully Invoiced","2026-05-28 08:20:29","True","__export__.crm_team_232_fa62cff8","__export__.res_users_18_297f6f55","Locked","97.5"
"__export__.sale_order_149681_e8e9c985","D149667","__export__.res_users_10_962e2fe2","2026-05-28 08:22:57","__export__.res_partner_2256_0deee3a1","","Fully Invoiced","2026-05-28 08:20:24","True","__export__.crm_team_303_6d918a38","__export__.res_users_10_962e2fe2","Locked","317.05"
"__export__.sale_order_149678_21a46f00","D149664","__export__.res_users_10_962e2fe2","2026-05-28 08:20:18","__export__.res_partner_2030_f52dada3","","Fully Invoiced","2026-05-28 08:19:30","True","__export__.crm_team_172_e403f408","__export__.res_users_10_962e2fe2","Locked","37.5"
"__export__.sale_order_149679_14ce6e7e","D149665","__export__.res_users_10_962e2fe2","2026-05-28 08:20:20","__export__.res_partner_1772_ba6b3399","","Fully Invoiced","2026-05-28 08:18:57","True","__export__.crm_team_172_e403f408","__export__.res_users_10_962e2fe2","Locked","52.16"
"__export__.sale_order_149676_540de22d","D149662","__export__.res_users_22_942f71e3","2026-05-28 08:19:14","__export__.res_partner_1099_28fa9bc1","","Fully Invoiced","2026-05-28 08:17:56","True","__export__.crm_team_80_d86e22d9","__export__.res_users_22_942f71e3","Locked","234.81"
"__export__.sale_order_149675_9668e038","D149661","__export__.res_users_10_962e2fe2","2026-05-28 08:18:55","__export__.res_partner_2527_2937bc92","","Fully Invoiced","2026-05-28 08:17:45","True","__export__.crm_team_109_1a8b3a5d","__export__.res_users_10_962e2fe2","Locked","217.47"
"__export__.sale_order_149674_f7503318","D149660","__export__.res_users_7_ace94875","2026-05-28 08:18:38","__export__.res_partner_1881_931f180a","","Fully Invoiced","2026-05-28 08:17:10","True","__export__.crm_team_69_17e53434","__export__.res_users_8_fb87432d","Sales Order","1626.5"
"__export__.sale_order_149672_6ebdc31d","D149658","__export__.res_users_10_962e2fe2","2026-05-28 08:16:56","__export__.res_partner_766_97fcda57","","Fully Invoiced","2026-05-28 08:15:23","True","__export__.crm_team_296_40815358","__export__.res_users_10_962e2fe2","Locked","120.7"
"__export__.sale_order_149673_abb77575","D149659","__export__.res_users_10_962e2fe2","2026-05-28 08:16:57","__export__.res_partner_966_906c2cfc","","Fully Invoiced","2026-05-28 08:15:04","True","__export__.crm_team_296_40815358","__export__.res_users_10_962e2fe2","Locked","120.03"
"__export__.sale_order_149669_182cbae0","D149655","__export__.res_users_14_42108d61","2026-05-28 08:14:12","__export__.res_partner_1233_2c030497","","Fully Invoiced","2026-05-28 08:13:37","True","__export__.crm_team_80_d86e22d9","__export__.res_users_22_942f71e3","Locked","39.35"
"__export__.sale_order_149670_e1548689","D149656","__export__.res_users_10_962e2fe2","2026-05-28 08:15:02","__export__.res_partner_946_bccadc5d","","Fully Invoiced","2026-05-28 08:13:00","True","__export__.crm_team_276_22e06523","__export__.res_users_10_962e2fe2","Locked","311.93"
"__export__.sale_order_149668_acb2af22","D149654","__export__.res_users_14_42108d61","2026-05-28 08:13:32","__export__.res_partner_1613_aa1ade4b","","Fully Invoiced","2026-05-28 08:12:57","True","__export__.crm_team_80_d86e22d9","__export__.res_users_22_942f71e3","Locked","100.25"
"__export__.sale_order_149671_e7397742","D149657","__export__.res_users_22_942f71e3","2026-05-28 08:15:10","__export__.res_partner_1143_18bb08c9","","Fully Invoiced","2026-05-28 08:12:36","True","__export__.crm_team_98_821e316c","__export__.res_users_22_942f71e3","Locked","348.53"
"__export__.sale_order_149666_657c3080","D149652","__export__.res_users_22_942f71e3","2026-05-28 08:12:25","__export__.res_partner_880_6e2f3d5b","","Fully Invoiced","2026-05-28 08:11:16","True","__export__.crm_team_290_b4e2eca7","__export__.res_users_22_942f71e3","Locked","172.65"
"__export__.sale_order_149600_1f8c3f75","D149586","__export__.res_users_27_ccf3d93e","2026-05-27 23:14:34","__export__.res_partner_1920_af46e472","","Fully Invoiced","2026-05-28 08:10:55","True","__export__.crm_team_173_1afa093c","__export__.res_users_22_942f71e3","Locked","272.3"
"__export__.sale_order_149667_33e37611","D149653","__export__.res_users_10_962e2fe2","2026-05-28 08:12:59","__export__.res_partner_2034_67972f02","","Fully Invoiced","2026-05-28 08:10:34","True","__export__.crm_team_290_b4e2eca7","__export__.res_users_10_962e2fe2","Locked","90.25"
"__export__.sale_order_149665_5e095f48","D149651","__export__.res_users_22_942f71e3","2026-05-28 08:10:46","__export__.res_partner_749_a964f4ef","","Fully Invoiced","2026-05-28 08:09:47","True","__export__.crm_team_296_40815358","__export__.res_users_7_ace94875","Locked","70.95"
"__export__.sale_order_149663_4afc4e5f","D149649","__export__.res_users_22_942f71e3","2026-05-28 08:09:44","__export__.res_partner_1020_60fc6f31","","Fully Invoiced","2026-05-28 08:07:58","True","__export__.crm_team_296_40815358","__export__.res_users_7_ace94875","Locked","188.47"
"__export__.sale_order_149599_566812b2","D149585","__export__.res_users_27_ccf3d93e","2026-05-27 23:08:44","__export__.res_partner_2248_133e600a","","Fully Invoiced","2026-05-28 08:07:28","True","__export__.crm_team_305_c2537a3b","__export__.res_users_27_ccf3d93e","Locked","152.9"
"__export__.sale_order_149664_2402ce4d","D149650","__export__.res_users_10_962e2fe2","2026-05-28 08:10:32","__export__.res_partner_1912_c1e91db3","","Fully Invoiced","2026-05-28 08:06:01","True","__export__.crm_team_96_8d48bd6a","__export__.res_users_10_962e2fe2","Locked","350.21"
"__export__.sale_order_149661_781a84d6","D149647","__export__.res_users_10_962e2fe2","2026-05-28 08:05:59","__export__.res_partner_874_2fe3c6b7","","Fully Invoiced","2026-05-28 08:05:44","True","__export__.crm_team_39_ffc4074f","__export__.res_users_10_962e2fe2","Locked","52.5"
"__export__.sale_order_149660_86ad6119","D149646","__export__.res_users_22_942f71e3","2026-05-28 08:05:45","__export__.res_partner_2218_6c64adc3","","Fully Invoiced","2026-05-28 08:04:32","True","__export__.crm_team_109_1a8b3a5d","__export__.res_users_10_962e2fe2","Locked","314.6"
"__export__.sale_order_149659_d3daf4f0","D149645","__export__.res_users_22_942f71e3","2026-05-28 08:04:14","__export__.res_partner_1893_1e0e95aa","","Fully Invoiced","2026-05-28 08:01:02","True","__export__.crm_team_276_22e06523","__export__.res_users_22_942f71e3","Locked","344.75"
"__export__.sale_order_149657_1c148cea","D149643","__export__.res_users_22_942f71e3","2026-05-28 07:59:49","__export__.res_partner_952_6c7d6535","","Fully Invoiced","2026-05-28 07:57:26","True","__export__.crm_team_98_821e316c","__export__.res_users_22_942f71e3","Locked","813.3"
"__export__.sale_order_149656_35ebd7b4","D149642","__export__.res_users_14_42108d61","2026-05-28 07:57:09","__export__.res_partner_1647_f302a0a9","","Fully Invoiced","2026-05-28 07:56:29","True","__export__.crm_team_292_464da319","__export__.res_users_14_42108d61","Locked","92.9"
"__export__.sale_order_149655_1c58c6e0","D149641","__export__.res_users_14_42108d61","2026-05-28 07:56:03","__export__.res_partner_2414_e36e6f88","","Fully Invoiced","2026-05-28 07:55:01","True","__export__.crm_team_306_f21cf977","__export__.res_users_14_42108d61","Locked","275.45"
"__export__.sale_order_149654_1c86d35e","D149640","__export__.res_users_22_942f71e3","2026-05-28 07:55:26","__export__.res_partner_2334_f01a5da2","","Fully Invoiced","2026-05-28 07:53:22","True","__export__.crm_team_110_3f98a3be","__export__.res_users_10_962e2fe2","Locked","84.2"
"__export__.sale_order_149652_ebc1e08c","D149638","__export__.res_users_22_942f71e3","2026-05-28 07:52:55","__export__.res_partner_1634_e8b1f7be","","Fully Invoiced","2026-05-28 07:51:09","True","__export__.crm_team_293_a93771d4","__export__.res_users_28_e1e8c9ed","Locked","232.8"
"__export__.sale_order_149651_9255c46e","D149637","__export__.res_users_14_42108d61","2026-05-28 07:52:00","__export__.res_partner_1579_d86b0c07","","Fully Invoiced","2026-05-28 07:51:07","True","__export__.crm_team_276_22e06523","__export__.res_users_14_42108d61","Locked","328.6"
"__export__.sale_order_149653_26969d1f","D149639","__export__.res_users_7_ace94875","2026-05-28 07:55:11","__export__.res_partner_703_689677ed","","Fully Invoiced","2026-05-28 07:50:28","True","__export__.crm_team_295_a4e9ead7","__export__.res_users_22_942f71e3","Locked","532.5"
"__export__.sale_order_149650_a11fd133","D149636","__export__.res_users_22_942f71e3","2026-05-28 07:50:51","__export__.res_partner_1105_88c4ce5e","","Fully Invoiced","2026-05-28 07:48:19","True","__export__.crm_team_102_350bf834","__export__.res_users_28_e1e8c9ed","Locked","1293.67"
"__export__.sale_order_149649_459e5523","D149635","__export__.res_users_7_ace94875","2026-05-28 07:49:41","__export__.res_partner_2335_deaccdc9","","Fully Invoiced","2026-05-28 07:47:11","True","__export__.crm_team_275_339b1b1f","__export__.res_users_7_ace94875","Locked","757.53"
"__export__.sale_order_149648_c43d055d","D149634","__export__.res_users_14_42108d61","2026-05-28 07:49:28","__export__.res_partner_859_c1e0c4b2","","Fully Invoiced","2026-05-28 07:45:51","True","__export__.crm_team_96_8d48bd6a","__export__.res_users_14_42108d61","Locked","1134.79"
"__export__.sale_order_149647_97decdfd","D149633","__export__.res_users_14_42108d61","2026-05-28 07:43:06","__export__.res_partner_701_130ac044","","Fully Invoiced","2026-05-28 07:41:37","True","__export__.crm_team_306_f21cf977","__export__.res_users_14_42108d61","Locked","333.45"
"__export__.sale_order_149646_01584803","D149632","__export__.res_users_14_42108d61","2026-05-28 07:41:19","__export__.res_partner_2536_e53ff52d","","Fully Invoiced","2026-05-28 07:40:36","True","__export__.crm_team_289_72f3a502","__export__.res_users_14_42108d61","Locked","166.35"
"__export__.sale_order_149645_d79ab2ff","D149631","__export__.res_users_14_42108d61","2026-05-28 07:40:12","__export__.res_partner_1294_703558f9","","Fully Invoiced","2026-05-28 07:38:40","True","__export__.crm_team_109_1a8b3a5d","__export__.res_users_14_42108d61","Locked","300.65"
"__export__.sale_order_149644_ace14ffe","D149630","__export__.res_users_14_42108d61","2026-05-28 07:38:28","__export__.res_partner_1582_2a53fed0","","Fully Invoiced","2026-05-28 07:37:06","True","__export__.crm_team_276_22e06523","__export__.res_users_14_42108d61","Locked","145.71"
"__export__.sale_order_149643_b585a472","D149629","__export__.res_users_14_42108d61","2026-05-28 07:36:48","__export__.res_partner_1216_828e12b8","","Fully Invoiced","2026-05-28 07:36:18","True","__export__.crm_team_39_ffc4074f","__export__.res_users_14_42108d61","Locked","42.0"
"__export__.sale_order_149641_b00d32ed","D149627","__export__.res_users_14_42108d61","2026-05-28 07:35:27","__export__.res_partner_858_0e5ada1d","","Fully Invoiced","2026-05-28 07:32:24","True","__export__.crm_team_79_8cb35e83","__export__.res_users_14_42108d61","Locked","720.8"
"__export__.sale_order_149640_16c85537","D149626","__export__.res_users_14_42108d61","2026-05-28 07:28:33","__export__.res_partner_902_081ecc25","","Fully Invoiced","2026-05-28 07:25:55","True","__export__.crm_team_59_95d20efd","__export__.res_users_14_42108d61","Locked","215.0"
"__export__.sale_order_149639_2e4a6c9c","D149625","__export__.res_users_22_942f71e3","2026-05-28 06:41:38","__export__.res_partner_2465_44cc3e52","","Fully Invoiced","2026-05-28 06:39:55","True","__export__.crm_team_51_075d42c1","__export__.res_users_28_e1e8c9ed","Locked","323.09"
"__export__.sale_order_149638_074dcd8d","D149624","__export__.res_users_22_942f71e3","2026-05-28 06:39:17","__export__.res_partner_2359_cec452b3","","Fully Invoiced","2026-05-28 06:37:59","True","__export__.crm_team_162_05a89d8e","__export__.res_users_28_e1e8c9ed","Locked","201.1"
"__export__.sale_order_149637_e45635ba","D149623","__export__.res_users_22_942f71e3","2026-05-28 06:37:51","__export__.res_partner_722_a1e752a4","","Fully Invoiced","2026-05-28 06:35:23","True","__export__.crm_team_162_05a89d8e","__export__.res_users_28_e1e8c9ed","Locked","505.16"
"__export__.sale_order_149636_0c03a489","D149622","__export__.res_users_22_942f71e3","2026-05-28 06:35:17","__export__.res_partner_839_998b05c9","","Fully Invoiced","2026-05-28 06:34:54","True","__export__.crm_team_305_c2537a3b","__export__.res_users_28_e1e8c9ed","Locked","121.11"
"__export__.sale_order_149635_cec18e4b","D149621","__export__.res_users_22_942f71e3","2026-05-28 06:33:44","__export__.res_partner_763_ccfd8876","","Fully Invoiced","2026-05-28 06:32:10","True","__export__.crm_team_231_ec27440e","__export__.res_users_22_942f71e3","Locked","789.7"
"__export__.sale_order_149634_56b43a59","D149620","__export__.res_users_22_942f71e3","2026-05-28 06:30:19","__export__.res_partner_1869_c2b3c1c3","","Fully Invoiced","2026-05-28 06:29:17","True","__export__.crm_team_39_ffc4074f","__export__.res_users_22_942f71e3","Locked","153.07"
"__export__.sale_order_149633_c9cbd272","D149619","__export__.res_users_22_942f71e3","2026-05-28 06:28:59","__export__.res_partner_1003_ca286395","","Fully Invoiced","2026-05-28 06:28:18","True","__export__.crm_team_39_ffc4074f","__export__.res_users_10_962e2fe2","Locked","162.5"
"__export__.sale_order_149632_462e3577","D149618","__export__.res_users_22_942f71e3","2026-05-28 06:23:52","__export__.res_partner_1036_c336a2ab","","Fully Invoiced","2026-05-28 06:19:33","True","__export__.crm_team_289_72f3a502","__export__.res_users_7_ace94875","Locked","267.55"
"__export__.sale_order_149631_6581a092","D149617","__export__.res_users_22_942f71e3","2026-05-28 06:19:27","__export__.res_partner_866_7023b017","","Fully Invoiced","2026-05-28 06:19:19","True","__export__.crm_team_228_ec7099f7","__export__.res_users_8_fb87432d","Locked","28.29"
"__export__.sale_order_149630_07af0b6b","D149616","__export__.res_users_22_942f71e3","2026-05-28 06:19:16","__export__.res_partner_866_7023b017","","Fully Invoiced","2026-05-28 06:18:25","True","__export__.crm_team_228_ec7099f7","__export__.res_users_8_fb87432d","Locked","306.05"
"__export__.sale_order_149629_69dd6b82","D149615","__export__.res_users_22_942f71e3","2026-05-28 06:18:02","__export__.res_partner_1577_224dd31f","","Fully Invoiced","2026-05-28 06:17:18","True","__export__.crm_team_227_ffd73472","__export__.res_users_22_942f71e3","Locked","30.0"
"__export__.sale_order_149628_64a318a0","D149614","__export__.res_users_18_297f6f55","2026-05-28 00:56:04","__export__.res_partner_917_5e44cd7e","","Fully Invoiced","2026-05-28 04:55:23","True","__export__.crm_team_79_8cb35e83","__export__.res_users_22_942f71e3","Locked","235.3"
"__export__.sale_order_149627_4f9f8d2d","D149613","__export__.res_users_18_297f6f55","2026-05-28 00:55:13","__export__.res_partner_971_b9945320","","Fully Invoiced","2026-05-28 04:53:40","True","__export__.crm_team_171_58fa18ab","__export__.res_users_18_297f6f55","Locked","334.68"
"__export__.sale_order_149625_8875f5a5","D149611","__export__.res_users_18_297f6f55","2026-05-28 00:52:09","__export__.res_partner_1202_b6f07a60","","Fully Invoiced","2026-05-28 04:50:51","True","__export__.crm_team_305_c2537a3b","__export__.res_users_22_942f71e3","Locked","207.25"
"__export__.sale_order_149624_e7957b7b","D149610","__export__.res_users_18_297f6f55","2026-05-28 00:50:41","__export__.res_partner_1883_886a4733","","Fully Invoiced","2026-05-28 04:49:45","True","__export__.crm_team_278_1a2d18d7","__export__.res_users_22_942f71e3","Locked","153.2"
"__export__.sale_order_149622_7ff05ea5","D149608","__export__.res_users_18_297f6f55","2026-05-28 00:48:12","__export__.res_partner_1096_7e33899c","","Fully Invoiced","2026-05-28 04:47:37","True","__export__.crm_team_96_8d48bd6a","__export__.res_users_22_942f71e3","Locked","168.1"
"__export__.sale_order_149615_39495a83","D149601","__export__.res_users_18_297f6f55","2026-05-28 00:37:54","__export__.res_partner_1109_907527cb","","Fully Invoiced","2026-05-28 04:36:51","True","__export__.crm_team_61_8dc82ae3","__export__.res_users_18_297f6f55","Locked","189.6"
"__export__.sale_order_149613_da65f41e","D149599","__export__.res_users_18_297f6f55","2026-05-28 00:34:31","__export__.res_partner_1144_2c5b9b2c","","Fully Invoiced","2026-05-28 04:33:48","True","__export__.crm_team_297_46343bff","__export__.res_users_18_297f6f55","Sales Order","365.87"
"__export__.sale_order_149505_7c772d2b","D149491","__export__.res_users_22_942f71e3","2026-05-26 23:06:09","__export__.res_partner_1577_224dd31f","","Fully Invoiced","2026-05-27 22:59:30","True","__export__.crm_team_43_6092e23f","__export__.res_users_22_942f71e3","Locked","44.5"
"__export__.sale_order_149385_329c0a3b","D149371","__export__.res_users_18_297f6f55","2026-05-25 22:52:31","__export__.res_partner_2165_b8e621d5","","Fully Invoiced","2026-05-27 22:52:10","True","__export__.crm_team_96_8d48bd6a","__export__.res_users_18_297f6f55","Locked","171.15"
"__export__.sale_order_149380_7191e1d4","D149366","__export__.res_users_18_297f6f55","2026-05-25 22:49:22","__export__.res_partner_1637_f09bc375","","Fully Invoiced","2026-05-27 22:47:59","True","__export__.crm_team_96_8d48bd6a","__export__.res_users_18_297f6f55","Locked","285.55"
"__export__.sale_order_149503_c0d1b203","D149489","__export__.res_users_22_942f71e3","2026-05-26 22:59:15","__export__.res_partner_1042_4b562afb","","Fully Invoiced","2026-05-27 22:46:52","True","__export__.crm_team_78_db60447e","__export__.res_users_22_942f71e3","Locked","59.85"
"__export__.sale_order_149497_66ee5621","D149483","__export__.res_users_22_942f71e3","2026-05-26 22:46:44","__export__.res_partner_1216_828e12b8","","Fully Invoiced","2026-05-27 22:46:33","True","__export__.crm_team_78_db60447e","__export__.res_users_22_942f71e3","Locked","16.85"
"__export__.sale_order_149378_5f1efaaf","D149364","__export__.res_users_18_297f6f55","2026-05-25 22:45:53","__export__.res_partner_1343_4cd7555f","","Fully Invoiced","2026-05-27 22:45:25","True","__export__.crm_team_290_b4e2eca7","__export__.res_users_22_942f71e3","Locked","178.13"
"__export__.sale_order_149496_f931f3ca","D149482","__export__.res_users_22_942f71e3","2026-05-26 22:42:21","__export__.res_partner_1182_245cfb4b","","Fully Invoiced","2026-05-27 22:40:33","True","__export__.crm_team_173_1afa093c","__export__.res_users_22_942f71e3","Locked","134.85"
"__export__.sale_order_149373_be5eca1f","D149359","__export__.res_users_18_297f6f55","2026-05-25 22:23:58","__export__.res_partner_988_d8939c6f","","Fully Invoiced","2026-05-27 22:21:37","True","__export__.crm_team_292_464da319","__export__.res_users_18_297f6f55","Locked","271.0"
"__export__.sale_order_149494_be7c0e79","D149480","__export__.res_users_7_ace94875","2026-05-26 22:07:13","__export__.res_partner_1162_84b0db9d","","Fully Invoiced","2026-05-27 22:06:18","True","__export__.crm_team_289_72f3a502","__export__.res_users_7_ace94875","Locked","115.55"
"__export__.sale_order_149493_c3e0c799","D149479","__export__.res_users_7_ace94875","2026-05-26 22:05:34","__export__.res_partner_2207_c988d32a","","Fully Invoiced","2026-05-27 22:04:49","True","__export__.crm_team_162_05a89d8e","__export__.res_users_27_ccf3d93e","Locked","266.0"
"__export__.sale_order_149492_4a08f54c","D149478","__export__.res_users_7_ace94875","2026-05-26 22:04:45","__export__.res_partner_1936_b7be73f8","","Fully Invoiced","2026-05-27 22:04:15","True","__export__.crm_team_162_05a89d8e","__export__.res_users_27_ccf3d93e","Locked","371.5"
"__export__.sale_order_149491_9db73509","D149477","__export__.res_users_7_ace94875","2026-05-26 22:03:35","__export__.res_partner_1313_4ce22376","","Fully Invoiced","2026-05-27 22:00:46","True","__export__.crm_team_275_339b1b1f","__export__.res_users_7_ace94875","Locked","583.4"
"__export__.sale_order_149363_5c36331e","D149349","__export__.res_users_14_42108d61","2026-05-25 21:20:23","__export__.res_partner_2316_f148451d","","Fully Invoiced","2026-05-27 21:13:03","True","__export__.crm_team_278_1a2d18d7","__export__.res_users_14_42108d61","Locked","893.87"
"__export__.sale_order_149490_37185472","D149476","__export__.res_users_14_42108d61","2026-05-26 18:59:12","__export__.res_partner_2301_779fc90b","","Fully Invoiced","2026-05-27 18:57:34","True","__export__.crm_team_276_22e06523","__export__.res_users_14_42108d61","Locked","598.88"
"__export__.sale_order_149489_af5a74b7","D149475","__export__.res_users_14_42108d61","2026-05-26 18:55:54","__export__.res_partner_2554_2a140201","","Fully Invoiced","2026-05-27 18:27:13","True","__export__.crm_team_289_72f3a502","__export__.res_users_14_42108d61","Locked","89.75"
"__export__.sale_order_149488_4314d94b","D149474","__export__.res_users_14_42108d61","2026-05-26 18:18:46","__export__.res_partner_2446_8e921426","","Fully Invoiced","2026-05-27 18:17:02","True","__export__.crm_team_276_22e06523","__export__.res_users_14_42108d61","Locked","433.73"
"__export__.sale_order_149485_97674dcc","D149471","__export__.res_users_22_942f71e3","2026-05-26 18:13:02","__export__.res_partner_1185_72a27e84","","Fully Invoiced","2026-05-27 18:10:48","True","__export__.crm_team_229_a2ef141e","__export__.res_users_22_942f71e3","Locked","158.03"
"__export__.sale_order_149484_f72ea610","D149470","__export__.res_users_14_42108d61","2026-05-26 18:10:03","__export__.res_partner_1574_240fc290","","Fully Invoiced","2026-05-27 18:04:05","True","__export__.crm_team_306_f21cf977","__export__.res_users_14_42108d61","Locked","334.5"
"__export__.sale_order_149481_a97b775f","D149467","__export__.res_users_22_942f71e3","2026-05-26 18:03:58","__export__.res_partner_2494_779894b2","","Fully Invoiced","2026-05-27 18:00:53","True","__export__.crm_team_173_1afa093c","__export__.res_users_22_942f71e3","Locked","52.75"
"__export__.sale_order_149487_52578b8f","D149473","__export__.res_users_14_42108d61","2026-05-26 18:16:02","__export__.res_partner_2255_4623fdf7","","Fully Invoiced","2026-05-27 18:00:39","True","__export__.crm_team_305_c2537a3b","__export__.res_users_14_42108d61","Locked","598.95"
"__export__.sale_order_149477_e3765ca2","D149463","__export__.res_users_22_942f71e3","2026-05-26 17:46:24","__export__.res_partner_868_bf11b692","","Fully Invoiced","2026-05-27 17:43:02","True","__export__.crm_team_231_ec27440e","__export__.res_users_22_942f71e3","Locked","148.35"
"__export__.sale_order_149478_84736366","D149464","__export__.res_users_22_942f71e3","2026-05-26 17:55:32","__export__.res_partner_1642_5a49170a","","Fully Invoiced","2026-05-27 17:40:00","True","__export__.crm_team_96_8d48bd6a","__export__.res_users_18_297f6f55","Locked","628.58"
"__export__.sale_order_149479_6d57b86b","D149465","__export__.res_users_22_942f71e3","2026-05-26 18:00:39","__export__.res_partner_1902_ccd0273d","","Fully Invoiced","2026-05-27 17:39:58","True","__export__.crm_team_159_d09f9755","__export__.res_users_22_942f71e3","Locked","404.45"
"__export__.sale_order_149480_d2a8f8e8","D149466","__export__.res_users_22_942f71e3","2026-05-26 18:03:32","__export__.res_partner_1276_3d2b8258","","Fully Invoiced","2026-05-27 17:39:57","True","__export__.crm_team_173_1afa093c","__export__.res_users_22_942f71e3","Locked","644.05"
"__export__.sale_order_149483_42979320","D149469","__export__.res_users_22_942f71e3","2026-05-26 18:09:00","__export__.res_partner_1129_63f76789","","Fully Invoiced","2026-05-27 17:39:55","True","__export__.crm_team_231_ec27440e","__export__.res_users_22_942f71e3","Locked",""
"__export__.sale_order_149482_624be908","D149468","__export__.res_users_22_942f71e3","2026-05-26 18:08:45","__export__.res_partner_2439_4f2c50b2","","Fully Invoiced","2026-05-27 17:39:54","True","__export__.crm_team_231_ec27440e","__export__.res_users_22_942f71e3","Locked","315.69"
"__export__.sale_order_149476_36812f55","D149462","__export__.res_users_22_942f71e3","2026-05-26 17:42:12","__export__.res_partner_2153_c45fc7ac","","Fully Invoiced","2026-05-27 17:39:52","True","__export__.crm_team_229_a2ef141e","__export__.res_users_22_942f71e3","Locked","16.5"
"__export__.sale_order_149475_1f8b9298","D149461","__export__.res_users_22_942f71e3","2026-05-26 17:41:30","__export__.res_partner_1056_6ffac8c3","","Fully Invoiced","2026-05-27 17:39:26","True","__export__.crm_team_229_a2ef141e","__export__.res_users_22_942f71e3","Locked","286.15"
"__export__.sale_order_149474_032a6774","D149460","__export__.res_users_18_297f6f55","2026-05-26 17:39:37","__export__.res_partner_1318_c98a4b7c","","Fully Invoiced","2026-05-27 17:39:24","True","__export__.crm_team_78_db60447e","__export__.res_users_18_297f6f55","Locked","49.7"
"__export__.sale_order_149473_53901d05","D149459","__export__.res_users_14_42108d61","2026-05-26 17:13:44","__export__.res_partner_1850_f0cc69bf","","Fully Invoiced","2026-05-27 17:12:41","True","__export__.crm_team_275_339b1b1f","__export__.res_users_14_42108d61","Locked","123.5"
"__export__.sale_order_149469_5dd978ae","D149455","__export__.res_users_18_297f6f55","2026-05-26 16:55:02","__export__.res_partner_1638_c4f8759e","","Fully Invoiced","2026-05-27 16:44:27","True","__export__.crm_team_98_821e316c","__export__.res_users_18_297f6f55","Locked","727.97"
"__export__.sale_order_149463_03674344","D149449","__export__.res_users_18_297f6f55","2026-05-26 16:41:58","__export__.res_partner_1938_203b31c8","","Fully Invoiced","2026-05-27 16:41:31","True","__export__.crm_team_159_d09f9755","__export__.res_users_27_ccf3d93e","Locked","108.75"
"__export__.sale_order_149486_bc0e1c3c","D149472","__export__.res_users_14_42108d61","2026-05-26 18:14:36","__export__.res_partner_1943_4723f40d","","Fully Invoiced","2026-05-27 16:38:40","True","__export__.crm_team_305_c2537a3b","__export__.res_users_14_42108d61","Locked","576.23"
"__export__.sale_order_149460_851b18e9","D149446","__export__.res_users_18_297f6f55","2026-05-26 16:32:08","__export__.res_partner_1602_9c916cb1","","Fully Invoiced","2026-05-27 16:31:32","True","__export__.crm_team_98_821e316c","__export__.res_users_18_297f6f55","Locked","95.35"
"__export__.sale_order_149459_fd365588","D149445","__export__.res_users_18_297f6f55","2026-05-26 16:31:16","__export__.res_partner_1189_466aee06","","Fully Invoiced","2026-05-27 16:30:33","True","__export__.crm_team_98_821e316c","__export__.res_users_18_297f6f55","Locked","226.46"
"__export__.sale_order_149464_bd0e12f4","D149450","__export__.res_users_18_297f6f55","2026-05-26 16:44:07","__export__.res_partner_1643_349679bb","","Fully Invoiced","2026-05-27 16:26:12","True","__export__.crm_team_98_821e316c","__export__.res_users_18_297f6f55","Locked","230.08"
"__export__.sale_order_149471_b8062f0c","D149457","__export__.res_users_18_297f6f55","2026-05-26 17:04:34","__export__.res_partner_925_9533fa54","","Fully Invoiced","2026-05-27 16:25:55","True","__export__.crm_team_167_01227436","__export__.res_users_18_297f6f55","Locked","197.9"
"__export__.sale_order_149468_ac05eeb4","D149454","__export__.res_users_18_297f6f55","2026-05-26 16:51:01","__export__.res_partner_1122_31d3bdf9","***BEST***","Fully Invoiced","2026-05-27 16:24:23","True","__export__.crm_team_98_821e316c","__export__.res_users_18_297f6f55","Locked","96.7"
"__export__.sale_order_149467_668b430f","D149453","__export__.res_users_18_297f6f55","2026-05-26 16:49:50","__export__.res_partner_1130_6112d97e","***BEST**","Fully Invoiced","2026-05-27 16:24:16","True","__export__.crm_team_98_821e316c","__export__.res_users_18_297f6f55","Locked","280.64"
"__export__.sale_order_149458_54017833","D149444","__export__.res_users_18_297f6f55","2026-05-26 16:29:45","__export__.res_partner_2233_bc9a97b7","","Fully Invoiced","2026-05-27 16:22:54","True","__export__.crm_team_98_821e316c","__export__.res_users_18_297f6f55","Locked","517.06"
"__export__.sale_order_149457_311cb285","D149443","__export__.res_users_18_297f6f55","2026-05-26 16:24:12","__export__.res_partner_1619_5e75f1be","","Fully Invoiced","2026-05-27 16:22:54","True","__export__.crm_team_98_821e316c","__export__.res_users_18_297f6f55","Locked","25.85"
"__export__.sale_order_149465_e330c8fd","D149451","__export__.res_users_18_297f6f55","2026-05-26 16:46:27","__export__.res_partner_1640_e34ad7cc","","Fully Invoiced","2026-05-27 16:22:52","True","__export__.crm_team_96_8d48bd6a","__export__.res_users_18_297f6f55","Locked","340.2"
"__export__.sale_order_149466_897feb9a","D149452","__export__.res_users_18_297f6f55","2026-05-26 16:47:56","__export__.res_partner_1641_c1da5d96","","Fully Invoiced","2026-05-27 16:22:51","True","__export__.crm_team_96_8d48bd6a","__export__.res_users_18_297f6f55","Locked","21.9"
"__export__.sale_order_149462_a7dcc3c2","D149448","__export__.res_users_18_297f6f55","2026-05-26 16:37:01","__export__.res_partner_725_23f27d2e","","Fully Invoiced","2026-05-27 16:22:50","True","__export__.crm_team_96_8d48bd6a","__export__.res_users_18_297f6f55","Locked","116.75"
"__export__.sale_order_149461_4cd08e78","D149447","__export__.res_users_18_297f6f55","2026-05-26 16:35:46","__export__.res_partner_732_02a744cf","","Fully Invoiced","2026-05-27 16:22:50","True","__export__.crm_team_96_8d48bd6a","__export__.res_users_18_297f6f55","Locked","322.36"
"__export__.sale_order_149470_3f23c3c7","D149456","__export__.res_users_18_297f6f55","2026-05-26 17:03:55","__export__.res_partner_733_7f04a2b5","","Fully Invoiced","2026-05-27 16:22:49","True","__export__.crm_team_167_01227436","__export__.res_users_18_297f6f55","Locked","596.26"
"__export__.sale_order_149456_02aaf82d","D149442","__export__.res_users_18_297f6f55","2026-05-26 16:23:47","__export__.res_partner_1598_0cbe8637","","Fully Invoiced","2026-05-27 16:22:24","True","__export__.crm_team_98_821e316c","__export__.res_users_18_297f6f55","Locked","259.98"
"__export__.sale_order_149455_f8c2883a","D149441","__export__.res_users_14_42108d61","2026-05-26 15:56:30","__export__.res_partner_2311_2af7f00d","","Fully Invoiced","2026-05-27 15:54:28","True","__export__.crm_team_306_f21cf977","__export__.res_users_14_42108d61","Locked","291.91"
"__export__.sale_order_149454_be02bfc3","D149440","__export__.res_users_14_42108d61","2026-05-26 15:51:38","__export__.res_partner_2313_a79188fd","","Fully Invoiced","2026-05-27 15:48:28","True","__export__.crm_team_278_1a2d18d7","__export__.res_users_14_42108d61","Locked","299.36"
"__export__.sale_order_149452_89accbfc","D149438","__export__.res_users_8_fb87432d","2026-05-26 15:30:28","__export__.res_partner_1846_53c72dc8","","Fully Invoiced","2026-05-27 15:25:39","True","__export__.crm_team_59_95d20efd","__export__.res_users_8_fb87432d","Locked","2184.0"
"__export__.sale_order_149355_97fc7c2f","D149341","__export__.res_users_7_ace94875","2026-05-25 15:05:42","__export__.res_partner_2041_ee3f7fe6","","Fully Invoiced","2026-05-27 15:01:02","True","__export__.crm_team_162_05a89d8e","__export__.res_users_7_ace94875","Locked","507.19"
"__export__.sale_order_149354_052939bb","D149340","__export__.res_users_7_ace94875","2026-05-25 15:00:55","__export__.res_partner_2041_ee3f7fe6","","Fully Invoiced","2026-05-27 14:41:48","True","__export__.crm_team_162_05a89d8e","__export__.res_users_7_ace94875","Locked","25.5"
"__export__.sale_order_149566_24cdea47","D149552","__export__.res_users_27_ccf3d93e","2026-05-27 14:34:33","__export__.res_partner_752_b29ee5f8","","Fully Invoiced","2026-05-27 14:34:01","True","__export__.crm_team_69_17e53434","__export__.res_users_27_ccf3d93e","Locked","39.35"
"__export__.sale_order_149565_650e51e3","D149551","__export__.res_users_27_ccf3d93e","2026-05-27 13:47:33","__export__.res_partner_786_4ca3c046","","Fully Invoiced","2026-05-27 13:47:12","True","__export__.crm_team_69_17e53434","__export__.res_users_7_ace94875","Locked","23.01"
"__export__.sale_order_149348_d0e02d81","D149334","__export__.res_users_14_42108d61","2026-05-25 13:46:47","__export__.res_partner_2025_49c6eb0a","","Fully Invoiced","2026-05-27 13:45:15","True","__export__.crm_team_277_1848bdf1","__export__.res_users_14_42108d61","Locked","606.61"
"__export__.sale_order_149451_e4a22b0e","D149437","__export__.res_users_14_42108d61","2026-05-26 13:42:31","__export__.res_partner_2217_6a625381","","Fully Invoiced","2026-05-27 13:42:09","True","__export__.crm_team_303_6d918a38","__export__.res_users_14_42108d61","Locked","32.0"
"__export__.sale_order_149450_6f82ceb3","D149436","__export__.res_users_14_42108d61","2026-05-26 13:42:07","__export__.res_partner_2217_6a625381","","Fully Invoiced","2026-05-27 13:40:43","True","__export__.crm_team_303_6d918a38","__export__.res_users_14_42108d61","Locked","265.5"
"__export__.sale_order_149240_23d45d39","D149226","__export__.res_users_18_297f6f55","2026-05-24 23:34:38","__export__.res_partner_972_b5826848","","Fully Invoiced","2026-05-27 13:33:40","True","__export__.crm_team_166_27995bab","__export__.res_users_18_297f6f55","Locked","923.05"
"__export__.sale_order_149448_32a0fb73","D149434","__export__.res_users_7_ace94875","2026-05-26 13:22:03","__export__.res_partner_1178_4660d857","","Fully Invoiced","2026-05-27 13:20:36","True","__export__.crm_team_59_95d20efd","__export__.res_users_7_ace94875","Locked","217.5"
"__export__.sale_order_149344_7433618d","D149330","__export__.res_users_7_ace94875","2026-05-25 12:38:36","__export__.res_partner_2513_a46f719e","","Fully Invoiced","2026-05-27 12:36:09","True","__export__.crm_team_102_350bf834","__export__.res_users_7_ace94875","Locked","1279.11"
"__export__.sale_order_149513_27f2a2c2","D149499","__export__.res_users_18_297f6f55","2026-05-27 02:29:04","__export__.res_partner_748_a0244e8f","","Fully Invoiced","2026-05-27 12:28:42","True","__export__.crm_team_80_d86e22d9","__export__.res_users_7_ace94875","Locked","48.3"
"__export__.sale_order_149512_0bc066ca","D149498","__export__.res_users_18_297f6f55","2026-05-27 02:28:36","__export__.res_partner_1019_04d73dd9","","Fully Invoiced","2026-05-27 12:28:21","True","__export__.crm_team_80_d86e22d9","__export__.res_users_7_ace94875","Locked","40.0"
"__export__.sale_order_149510_36e49104","D149496","__export__.res_users_18_297f6f55","2026-05-27 02:24:05","__export__.res_partner_2154_2de71b3f","","Fully Invoiced","2026-05-27 12:23:54","True","__export__.crm_team_229_a2ef141e","__export__.res_users_22_942f71e3","Locked","240.0"
"__export__.sale_order_149508_1b697781","D149494","__export__.res_users_18_297f6f55","2026-05-27 02:20:56","__export__.res_partner_878_d6f1bc08","","Fully Invoiced","2026-05-27 12:19:53","True","__export__.crm_team_292_464da319","__export__.res_users_10_962e2fe2","Locked","181.15"
"__export__.sale_order_149563_37f97f50","D149549","__export__.res_users_22_942f71e3","2026-05-27 12:12:02","__export__.res_partner_1018_7a4e2980","","Fully Invoiced","2026-05-27 12:11:21","True","__export__.crm_team_69_17e53434","__export__.res_users_7_ace94875","Locked","60.37"
"__export__.sale_order_149562_da399afa","D149548","__export__.res_users_10_962e2fe2","2026-05-27 11:58:12","__export__.res_partner_836_c4aef084","","Fully Invoiced","2026-05-27 11:57:57","True","__export__.crm_team_102_350bf834","__export__.res_users_22_942f71e3","Locked","27.0"
"__export__.sale_order_149558_22992b2e","D149544","__export__.res_users_27_ccf3d93e","2026-05-27 11:41:24","__export__.res_partner_752_b29ee5f8","","Fully Invoiced","2026-05-27 11:39:37","True","sales_team.team_sales_department","__export__.res_users_27_ccf3d93e","Locked","114.5"
"__export__.sale_order_149326_ee57052e","D149312","__export__.res_users_14_42108d61","2026-05-25 11:22:15","__export__.res_partner_1659_79eeabb8","","Fully Invoiced","2026-05-27 11:17:39","True","__export__.crm_team_277_1848bdf1","__export__.res_users_14_42108d61","Locked","645.18"
"__export__.sale_order_149392_036e1259","D149378","__export__.res_users_18_297f6f55","2026-05-26 01:17:57","__export__.res_partner_1686_0cbef6c2","","Fully Invoiced","2026-05-27 11:15:45","True","__export__.crm_team_165_f4c61875","__export__.res_users_18_297f6f55","Locked","596.02"
"__export__.sale_order_149447_a306f586","D149433","__export__.res_users_22_942f71e3","2026-05-26 11:14:12","__export__.res_partner_836_c4aef084","","Fully Invoiced","2026-05-27 11:12:13","True","__export__.crm_team_177_f958c6ae","__export__.res_users_22_942f71e3","Locked","757.19"
"__export__.sale_order_149556_c3c5e3ae","D149542","__export__.res_users_22_942f71e3","2026-05-27 11:11:39","__export__.res_partner_941_349707c0","","Fully Invoiced","2026-05-27 11:11:10","True","__export__.crm_team_291_de9693d0","__export__.res_users_14_42108d61","Locked","115.5"
"__export__.sale_order_149555_222539c5","D149541","__export__.res_users_14_42108d61","2026-05-27 11:08:45","__export__.res_partner_1996_02dfe9a1","","Fully Invoiced","2026-05-27 11:07:46","True","__export__.crm_team_162_05a89d8e","__export__.res_users_14_42108d61","Locked","25.83"
"__export__.sale_order_149554_9550c693","D149540","__export__.res_users_7_ace94875","2026-05-27 11:08:08","__export__.res_partner_752_b29ee5f8","cc asian delight","Fully Invoiced","2026-05-27 11:07:43","True","__export__.crm_team_277_1848bdf1","__export__.res_users_7_ace94875","Locked","27.0"
"__export__.sale_order_149445_e1524fad","D149431","__export__.res_users_7_ace94875","2026-05-26 10:52:57","__export__.res_partner_1310_273e440d","","Fully Invoiced","2026-05-27 10:51:30","True","__export__.crm_team_231_ec27440e","__export__.res_users_27_ccf3d93e","Locked","379.0"
"__export__.sale_order_149552_43fa38f0","D149538","__export__.res_users_22_942f71e3","2026-05-27 10:49:43","__export__.res_partner_699_d930a679","","Fully Invoiced","2026-05-27 10:49:31","True","__export__.crm_team_69_17e53434","__export__.res_users_22_942f71e3","Locked","18.5"
"__export__.sale_order_149551_669377d2","D149537","__export__.res_users_27_ccf3d93e","2026-05-27 10:37:28","__export__.res_partner_752_b29ee5f8","","Fully Invoiced","2026-05-27 10:36:53","True","__export__.crm_team_69_17e53434","__export__.res_users_27_ccf3d93e","Sales Order","41.85"
"__export__.sale_order_149549_677ea6f6","D149535","__export__.res_users_10_962e2fe2","2026-05-27 10:35:51","__export__.res_partner_2468_e2144f10","","Fully Invoiced","2026-05-27 10:35:40","True","__export__.crm_team_69_17e53434","__export__.res_users_10_962e2fe2","Locked","12.0"
"__export__.sale_order_149550_88986d55","D149536","__export__.res_users_22_942f71e3","2026-05-27 10:36:02","__export__.res_partner_2041_ee3f7fe6","","Fully Invoiced","2026-05-27 10:35:04","True","__export__.crm_team_162_05a89d8e","__export__.res_users_7_ace94875","Locked","51.0"
"__export__.sale_order_149548_959673a0","D149534","__export__.res_users_22_942f71e3","2026-05-27 10:32:18","__export__.res_partner_1275_1bace639","","Fully Invoiced","2026-05-27 10:30:55","True","__export__.crm_team_291_de9693d0","__export__.res_users_22_942f71e3","Locked","250.0"
"__export__.sale_order_149547_d2bbd177","D149533","__export__.res_users_27_ccf3d93e","2026-05-27 10:21:36","__export__.res_partner_1766_b5865f7b","","Fully Invoiced","2026-05-27 10:16:10","True","__export__.crm_team_291_de9693d0","__export__.res_users_27_ccf3d93e","Locked","152.1"
"__export__.sale_order_149502_0e335720","D149488","__export__.res_users_14_42108d61","2026-05-26 22:58:56","__export__.res_partner_768_72edcbdb","","Fully Invoiced","2026-05-27 09:58:15","True","__export__.crm_team_78_db60447e","__export__.res_users_14_42108d61","Locked","99.35"
"__export__.sale_order_149501_9017aae1","D149487","__export__.res_users_14_42108d61","2026-05-26 22:57:25","__export__.res_partner_2510_f6a1dc97","","Fully Invoiced","2026-05-27 09:54:52","True","__export__.crm_team_228_ec7099f7","__export__.res_users_14_42108d61","Locked","244.68"
"__export__.sale_order_149545_29e91a31","D149531","__export__.res_users_14_42108d61","2026-05-27 09:54:17","__export__.res_partner_2308_0e48bd49","","Fully Invoiced","2026-05-27 09:53:38","True","__export__.crm_team_277_1848bdf1","__export__.res_users_14_42108d61","Locked","139.4"
"__export__.sale_order_149500_eccdcd31","D149486","__export__.res_users_14_42108d61","2026-05-26 22:54:16","__export__.res_partner_2478_0a6bc6a3","","Fully Invoiced","2026-05-27 09:53:38","True","__export__.crm_team_228_ec7099f7","__export__.res_users_14_42108d61","Locked","246.25"
"__export__.sale_order_149499_8f2110e7","D149485","__export__.res_users_14_42108d61","2026-05-26 22:53:09","__export__.res_partner_1994_4bb952c0","","Fully Invoiced","2026-05-27 09:52:20","True","__export__.crm_team_228_ec7099f7","__export__.res_users_14_42108d61","Locked","177.5"
"__export__.sale_order_149391_1e85fb78","D149377","__export__.res_users_14_42108d61","2026-05-25 23:53:58","__export__.res_partner_2309_ef552f8d","","Fully Invoiced","2026-05-27 09:52:17","True","__export__.crm_team_278_1a2d18d7","__export__.res_users_14_42108d61","Locked","70.0"
"__export__.sale_order_149544_d4a2a4c7","D149530","__export__.res_users_22_942f71e3","2026-05-27 09:54:01","__export__.res_partner_2267_98083fbf","","Fully Invoiced","2026-05-27 09:51:57","True","__export__.crm_team_304_3a77ed67","__export__.res_users_22_942f71e3","Locked","12.0"
"__export__.sale_order_149498_b85e0f11","D149484","__export__.res_users_14_42108d61","2026-05-26 22:51:50","__export__.res_partner_2050_3666fbb2","","Fully Invoiced","2026-05-27 09:50:30","True","__export__.crm_team_291_de9693d0","__export__.res_users_14_42108d61","Locked","259.8"
"__export__.sale_order_149384_78948325","D149370","__export__.res_users_14_42108d61","2026-05-25 22:51:16","__export__.res_partner_1024_598a1b58","","Fully Invoiced","2026-05-27 09:48:56","True","__export__.crm_team_229_a2ef141e","__export__.res_users_14_42108d61","Locked","108.06"
"__export__.sale_order_149543_99685629","D149529","__export__.res_users_27_ccf3d93e","2026-05-27 09:50:24","__export__.res_partner_2461_67186b5c","质量好","Fully Invoiced","2026-05-27 09:46:33","True","__export__.crm_team_230_30056844","__export__.res_users_27_ccf3d93e","Locked","651.36"
"__export__.sale_order_149495_2e100e15","D149481","__export__.res_users_14_42108d61","2026-05-26 22:39:10","__export__.res_partner_2500_54e25243","","Fully Invoiced","2026-05-27 09:38:25","True","__export__.crm_team_78_db60447e","__export__.res_users_10_962e2fe2","Locked","245.5"
"__export__.sale_order_149438_95311a8d","D149424","__export__.res_users_14_42108d61","2026-05-26 09:36:14","__export__.res_partner_1908_ea3dae73","","Fully Invoiced","2026-05-27 09:32:05","True","__export__.crm_team_276_22e06523","__export__.res_users_14_42108d61","Locked","303.46"
"__export__.sale_order_149541_2ed0e16c","D149527","__export__.res_users_14_42108d61","2026-05-27 09:12:17","__export__.res_partner_2255_4623fdf7","","Fully Invoiced","2026-05-27 09:11:48","True","__export__.crm_team_304_3a77ed67","__export__.res_users_14_42108d61","Locked","17.5"
"__export__.sale_order_149507_49202758","D149493","__export__.res_users_14_42108d61","2026-05-26 23:13:34","__export__.res_partner_2267_98083fbf","","Fully Invoiced","2026-05-27 09:10:08","True","__export__.crm_team_303_6d918a38","__export__.res_users_14_42108d61","Locked","120.84"
"__export__.sale_order_149247_0da94721","D149233","__export__.res_users_14_42108d61","2026-05-25 00:02:20","__export__.res_partner_1996_02dfe9a1","","Fully Invoiced","2026-05-27 09:00:23","True","__export__.crm_team_162_05a89d8e","__export__.res_users_14_42108d61","Locked","736.27"
"__export__.sale_order_149540_c0126b43","D149526","__export__.res_users_22_942f71e3","2026-05-27 09:04:41","__export__.res_partner_1777_fc02ee70","","Fully Invoiced","2026-05-27 08:58:47","True","__export__.crm_team_98_821e316c","__export__.res_users_10_962e2fe2","Locked","157.35"
"__export__.sale_order_149303_abab670f","D149289","__export__.res_users_14_42108d61","2026-05-25 08:49:35","__export__.res_partner_1895_017c88e4","","Fully Invoiced","2026-05-27 08:48:28","True","__export__.crm_team_292_464da319","__export__.res_users_14_42108d61","Locked","251.95"
"__export__.sale_order_149539_302179e1","D149525","__export__.res_users_7_ace94875","2026-05-27 08:50:57","__export__.res_partner_752_b29ee5f8","COD phoenix house m4","Fully Invoiced","2026-05-27 08:48:24","True","__export__.crm_team_277_1848bdf1","__export__.res_users_7_ace94875","Locked","80.38"
"__export__.sale_order_149538_449b53d7","D149524","__export__.res_users_22_942f71e3","2026-05-27 08:35:04","__export__.res_partner_1577_224dd31f","仓库出货","Fully Invoiced","2026-05-27 08:34:16","True","__export__.crm_team_69_17e53434","__export__.res_users_22_942f71e3","Locked","7.6"
"__export__.sale_order_149542_a24a93a1","D149528","__export__.res_users_10_962e2fe2","2026-05-27 09:16:19","__export__.res_partner_818_8185df11","","Fully Invoiced","2026-05-27 08:31:07","True","__export__.crm_team_79_8cb35e83","__export__.res_users_10_962e2fe2","Locked","283.68"
"__export__.sale_order_149537_1c578ca5","D149523","__export__.res_users_10_962e2fe2","2026-05-27 08:30:53","__export__.res_partner_874_2fe3c6b7","","Fully Invoiced","2026-05-27 08:29:35","True","__export__.crm_team_79_8cb35e83","__export__.res_users_10_962e2fe2","Locked","143.14"
"__export__.sale_order_149536_5e208b8d","D149522","__export__.res_users_22_942f71e3","2026-05-27 08:19:55","__export__.res_partner_1018_7a4e2980","","Fully Invoiced","2026-05-27 08:19:20","True","__export__.crm_team_292_464da319","__export__.res_users_7_ace94875","Locked","33.5"
"__export__.sale_order_149535_fb64c281","D149521","__export__.res_users_22_942f71e3","2026-05-27 08:19:02","__export__.res_partner_2139_9b3c4a32","","Fully Invoiced","2026-05-27 08:18:35","True","__export__.crm_team_177_f958c6ae","__export__.res_users_10_962e2fe2","Locked","51.4"
"__export__.sale_order_149534_2f0fe910","D149520","__export__.res_users_22_942f71e3","2026-05-27 08:18:33","__export__.res_partner_1855_cb9cd4f0","","Fully Invoiced","2026-05-27 08:18:08","True","__export__.crm_team_177_f958c6ae","__export__.res_users_22_942f71e3","Locked","76.75"
"__export__.sale_order_149426_d8731eb8","D149412","__export__.res_users_22_942f71e3","2026-05-26 08:17:47","__export__.res_partner_1555_a56443ac","","Fully Invoiced","2026-05-27 08:16:47","True","__export__.crm_team_80_d86e22d9","__export__.res_users_22_942f71e3","Locked","213.4"
"__export__.sale_order_149533_50f68acc","D149519","__export__.res_users_10_962e2fe2","2026-05-27 08:11:02","__export__.res_partner_1186_0ccffa35","","Fully Invoiced","2026-05-27 08:08:28","True","__export__.crm_team_230_30056844","__export__.res_users_10_962e2fe2","Locked","819.44"
"__export__.sale_order_149530_9e074c87","D149516","__export__.res_users_22_942f71e3","2026-05-27 08:07:43","__export__.res_partner_2044_ef062926","","Fully Invoiced","2026-05-27 08:06:28","True","__export__.crm_team_80_d86e22d9","__export__.res_users_27_ccf3d93e","Locked","129.85"
"__export__.sale_order_149531_4c69d087","D149517","__export__.res_users_22_942f71e3","2026-05-27 08:07:46","__export__.res_partner_1828_7af1e2fb","","Fully Invoiced","2026-05-27 08:05:31","True","__export__.crm_team_80_d86e22d9","__export__.res_users_27_ccf3d93e","Locked","132.19"
"__export__.sale_order_149529_510c4219","D149515","__export__.res_users_10_962e2fe2","2026-05-27 08:04:59","__export__.res_partner_874_2fe3c6b7","","Fully Invoiced","2026-05-27 08:04:28","True","__export__.crm_team_78_db60447e","__export__.res_users_10_962e2fe2","Locked","86.72"
"__export__.sale_order_149528_45874404","D149514","__export__.res_users_14_42108d61","2026-05-27 08:04:55","__export__.res_partner_945_acf591c0","","Fully Invoiced","2026-05-27 08:03:40","True","__export__.crm_team_290_b4e2eca7","__export__.res_users_10_962e2fe2","Locked","112.45"
"__export__.sale_order_149527_a30c7800","D149513","__export__.res_users_22_942f71e3","2026-05-27 08:03:27","__export__.res_partner_2276_0cc5de73","","Fully Invoiced","2026-05-27 08:00:49","True","__export__.crm_team_96_8d48bd6a","__export__.res_users_10_962e2fe2","Locked","273.03"
"__export__.sale_order_149526_2b524ff3","D149512","__export__.res_users_22_942f71e3","2026-05-27 07:58:22","__export__.res_partner_957_4ee62bae","","Fully Invoiced","2026-05-27 07:57:23","True","__export__.crm_team_166_27995bab","__export__.res_users_18_297f6f55","Locked","99.0"
"__export__.sale_order_149525_d0629b5b","D149511","__export__.res_users_7_ace94875","2026-05-27 07:52:11","__export__.res_partner_2528_3c630577","","Fully Invoiced","2026-05-27 07:50:24","True","__export__.crm_team_289_72f3a502","__export__.res_users_7_ace94875","Locked","104.8"
"__export__.sale_order_149523_1241ade9","D149509","__export__.res_users_7_ace94875","2026-05-27 07:50:05","__export__.res_partner_1616_533a6f33","","Fully Invoiced","2026-05-27 07:49:37","True","__export__.crm_team_275_339b1b1f","__export__.res_users_7_ace94875","Locked","140.9"
"__export__.sale_order_149524_255629b4","D149510","__export__.res_users_14_42108d61","2026-05-27 07:50:46","__export__.res_partner_702_52a425d1","","Fully Invoiced","2026-05-27 07:45:41","True","__export__.crm_team_275_339b1b1f","__export__.res_users_8_fb87432d","Locked","431.5"
"__export__.sale_order_149532_ea069a47","D149518","__export__.res_users_14_42108d61","2026-05-27 08:08:06","__export__.res_partner_1268_23010732","","Fully Invoiced","2026-05-27 07:44:12","True","__export__.crm_team_290_b4e2eca7","__export__.res_users_10_962e2fe2","Locked","335.92"
"__export__.sale_order_149522_ee7c6434","D149508","__export__.res_users_14_42108d61","2026-05-27 07:44:06","__export__.res_partner_2255_4623fdf7","","Fully Invoiced","2026-05-27 07:43:30","True","__export__.crm_team_305_c2537a3b","__export__.res_users_14_42108d61","Locked","47.22"
"__export__.sale_order_149521_64df8423","D149507","__export__.res_users_14_42108d61","2026-05-27 07:41:29","__export__.res_partner_1781_a043f483","","Fully Invoiced","2026-05-27 07:40:25","True","__export__.crm_team_228_ec7099f7","__export__.res_users_10_962e2fe2","Locked","449.79"
"__export__.sale_order_149520_886973d7","D149506","__export__.res_users_14_42108d61","2026-05-27 07:40:23","__export__.res_partner_1820_6043d6fd","","Fully Invoiced","2026-05-27 07:37:16","True","__export__.crm_team_289_72f3a502","__export__.res_users_14_42108d61","Locked","517.95"
"__export__.sale_order_149519_ae43e4ee","D149505","__export__.res_users_14_42108d61","2026-05-27 07:37:07","__export__.res_partner_1576_8c8f7051","","Fully Invoiced","2026-05-27 07:36:04","True","__export__.crm_team_275_339b1b1f","__export__.res_users_14_42108d61","Locked","55.15"
"__export__.sale_order_149517_a7b25d7c","D149503","__export__.res_users_14_42108d61","2026-05-27 07:35:58","__export__.res_partner_902_081ecc25","","Fully Invoiced","2026-05-27 07:35:02","True","__export__.crm_team_78_db60447e","__export__.res_users_14_42108d61","Locked","60.54"
"__export__.sale_order_149516_7678cf42","D149502","__export__.res_users_14_42108d61","2026-05-27 07:34:45","__export__.res_partner_1830_408e614c","","Fully Invoiced","2026-05-27 07:33:12","True","__export__.crm_team_289_72f3a502","__export__.res_users_14_42108d61","Locked","433.0"
"__export__.sale_order_149518_79f14ab5","D149504","__export__.res_users_14_42108d61","2026-05-27 07:36:03","__export__.res_partner_1845_ce74c057","","Fully Invoiced","2026-05-27 07:32:12","True","__export__.crm_team_78_db60447e","__export__.res_users_14_42108d61","Locked","99.85"
"__export__.sale_order_149515_9c417531","D149501","__export__.res_users_14_42108d61","2026-05-27 07:31:12","__export__.res_partner_2255_4623fdf7","","Fully Invoiced","2026-05-27 07:29:54","True","__export__.crm_team_305_c2537a3b","__export__.res_users_14_42108d61","Locked","32.15"
"__export__.sale_order_149514_e81af564","D149500","__export__.res_users_14_42108d61","2026-05-27 07:29:30","__export__.res_partner_2255_4623fdf7","","Fully Invoiced","2026-05-27 07:28:37","True","__export__.crm_team_305_c2537a3b","__export__.res_users_14_42108d61","Locked","31.26"
"__export__.sale_order_149509_098ee111","D149495","__export__.res_users_18_297f6f55","2026-05-27 02:23:31","__export__.res_partner_779_e2009285","","Fully Invoiced","2026-05-27 04:22:21","True","__export__.crm_team_229_a2ef141e","__export__.res_users_22_942f71e3","Locked","165.27"
"__export__.sale_order_149393_c0a6991d","D149379","__export__.res_users_18_297f6f55","2026-05-26 01:19:46","__export__.res_partner_959_1e34588d","","Fully Invoiced","2026-05-27 03:19:04","True","__export__.crm_team_165_f4c61875","__export__.res_users_18_297f6f55","Locked","48.3"
"__export__.sale_order_149226_486bf756","D149212","__export__.res_users_22_942f71e3","2026-05-24 23:09:40","__export__.res_partner_777_34183bd5","","Fully Invoiced","2026-05-26 22:56:50","True","__export__.crm_team_159_d09f9755","__export__.res_users_27_ccf3d93e","Locked","165.9"
"__export__.sale_order_149387_5ba95c1f","D149373","__export__.res_users_10_962e2fe2","2026-05-25 22:55:26","__export__.res_partner_1567_920f121d","","Fully Invoiced","2026-05-26 22:54:17","True","__export__.crm_team_227_ffd73472","__export__.res_users_10_962e2fe2","Locked","54.0"
"__export__.sale_order_149386_e553dd73","D149372","__export__.res_users_10_962e2fe2","2026-05-25 22:52:38","__export__.res_partner_1128_64cbbe68","","Fully Invoiced","2026-05-26 22:52:18","True","__export__.crm_team_227_ffd73472","__export__.res_users_10_962e2fe2","Locked","92.5"
"__export__.sale_order_149379_65b235cc","D149365","__export__.res_users_18_297f6f55","2026-05-25 22:46:52","__export__.res_partner_1170_d47a6860","","Fully Invoiced","2026-05-26 22:46:03","True","__export__.crm_team_229_a2ef141e","__export__.res_users_22_942f71e3","Locked","124.5"
"__export__.sale_order_149377_f919c510","D149363","__export__.res_users_18_297f6f55","2026-05-25 22:45:12","__export__.res_partner_1242_ea55c42a","","Fully Invoiced","2026-05-26 22:44:33","True","__export__.crm_team_229_a2ef141e","__export__.res_users_27_ccf3d93e","Locked","83.8"
"__export__.sale_order_149376_c8a5692a","D149362","__export__.res_users_18_297f6f55","2026-05-25 22:44:11","__export__.res_partner_1218_e07a11df","","Fully Invoiced","2026-05-26 22:43:35","True","__export__.crm_team_51_075d42c1","__export__.res_users_22_942f71e3","Locked","113.75"
"__export__.sale_order_149381_1d1ac390","D149367","__export__.res_users_10_962e2fe2","2026-05-25 22:51:05","__export__.res_partner_956_89e96401","","Fully Invoiced","2026-05-26 22:43:12","True","__export__.crm_team_51_075d42c1","__export__.res_users_10_962e2fe2","Locked","76.6"
"__export__.sale_order_149192_786d4966","D149178","__export__.res_users_7_ace94875","2026-05-24 22:32:06","__export__.res_partner_2026_b3659e1c","","Fully Invoiced","2026-05-26 22:31:28","True","__export__.crm_team_229_a2ef141e","__export__.res_users_7_ace94875","Locked","249.12"
"__export__.sale_order_149383_4ba7514a","D149369","__export__.res_users_10_962e2fe2","2026-05-25 22:51:09","__export__.res_partner_1899_c541e1ae","","Fully Invoiced","2026-05-26 22:28:13","True","__export__.crm_team_51_075d42c1","__export__.res_users_10_962e2fe2","Locked","143.35"
"__export__.sale_order_149382_5e239583","D149368","__export__.res_users_10_962e2fe2","2026-05-25 22:51:07","__export__.res_partner_956_89e96401","","Fully Invoiced","2026-05-26 22:27:32","True","__export__.crm_team_51_075d42c1","__export__.res_users_10_962e2fe2","Locked","121.75"
"__export__.sale_order_149375_5f61f4fc","D149361","__export__.res_users_10_962e2fe2","2026-05-25 22:27:29","__export__.res_partner_807_cd663b5b","","Fully Invoiced","2026-05-26 22:24:55","True","__export__.crm_team_163_c20aff5a","__export__.res_users_10_962e2fe2","Locked","312.45"
"__export__.sale_order_149374_6de3b6b3","D149360","__export__.res_users_10_962e2fe2","2026-05-25 22:24:19","__export__.res_partner_1985_347e98dc","","Fully Invoiced","2026-05-26 22:15:15","True","__export__.crm_team_163_c20aff5a","__export__.res_users_10_962e2fe2","Locked","200.4"
"__export__.sale_order_149372_184225a6","D149358","__export__.res_users_10_962e2fe2","2026-05-25 22:15:02","__export__.res_partner_1610_31b1ef64","","Fully Invoiced","2026-05-26 22:11:05","True","__export__.crm_team_295_a4e9ead7","__export__.res_users_7_ace94875","Locked","1002.32"
"__export__.sale_order_149371_1307df49","D149357","__export__.res_users_22_942f71e3","2026-05-25 22:12:02","__export__.res_partner_2226_073d5a5a","","Fully Invoiced","2026-05-26 21:56:34","True","__export__.crm_team_227_ffd73472","__export__.res_users_10_962e2fe2","Locked","168.5"
"__export__.sale_order_149370_866627de","D149356","__export__.res_users_22_942f71e3","2026-05-25 21:37:18","__export__.res_partner_1216_828e12b8","","Fully Invoiced","2026-05-26 21:37:05","True","__export__.crm_team_160_bd232578","__export__.res_users_22_942f71e3","Locked","34.85"
"__export__.sale_order_149369_e916ca77","D149355","__export__.res_users_22_942f71e3","2026-05-25 21:36:43","__export__.res_partner_768_72edcbdb","","Fully Invoiced","2026-05-26 21:36:01","True","__export__.crm_team_160_bd232578","__export__.res_users_22_942f71e3","Locked","134.93"
"__export__.sale_order_149368_beedc64b","D149354","__export__.res_users_14_42108d61","2026-05-25 21:36:28","__export__.res_partner_1587_3c619347","","Fully Invoiced","2026-05-26 21:35:11","True","__export__.crm_team_228_ec7099f7","__export__.res_users_14_42108d61","Locked","493.2"
"__export__.sale_order_149367_49252c74","D149353","__export__.res_users_22_942f71e3","2026-05-25 21:35:31","__export__.res_partner_866_7023b017","","Fully Invoiced","2026-05-26 21:34:37","True","__export__.crm_team_228_ec7099f7","__export__.res_users_8_fb87432d","Locked","440.95"
"__export__.sale_order_149366_60f06610","D149352","__export__.res_users_22_942f71e3","2026-05-25 21:33:39","__export__.res_partner_2464_6b8b8041","","Fully Invoiced","2026-05-26 21:33:01","True","__export__.crm_team_231_ec27440e","__export__.res_users_7_ace94875","Locked","89.1"
"__export__.sale_order_149364_6a72e9bc","D149350","__export__.res_users_14_42108d61","2026-05-25 21:25:45","__export__.res_partner_1837_354db69f","","Fully Invoiced","2026-05-26 21:23:21","True","__export__.crm_team_61_8dc82ae3","__export__.res_users_14_42108d61","Locked","522.0"
"__export__.sale_order_149365_8086e529","D149351","__export__.res_users_22_942f71e3","2026-05-25 21:32:10","__export__.res_partner_2029_983ad619","","Fully Invoiced","2026-05-26 21:20:09","True","__export__.crm_team_276_22e06523","__export__.res_users_22_942f71e3","Locked","166.55"
"__export__.sale_order_149362_cdb83460","D149348","__export__.res_users_22_942f71e3","2026-05-25 21:19:55","__export__.res_partner_1900_f609d842","","Fully Invoiced","2026-05-26 21:18:32","True","__export__.crm_team_276_22e06523","__export__.res_users_22_942f71e3","Locked","169.75"
"__export__.sale_order_149361_54434306","D149347","__export__.res_users_22_942f71e3","2026-05-25 21:18:03","__export__.res_partner_1222_205defba","","Fully Invoiced","2026-05-26 21:12:40","True","__export__.crm_team_160_bd232578","__export__.res_users_22_942f71e3","Locked","47.95"
"__export__.sale_order_149388_c6efba81","D149374","__export__.res_users_18_297f6f55","2026-05-25 23:04:36","__export__.res_partner_2062_392da815","","Fully Invoiced","2026-05-26 21:02:29","True","__export__.crm_team_278_1a2d18d7","__export__.res_users_8_fb87432d","Locked","1079.03"
"__export__.sale_order_149360_655f9e82","D149346","__export__.res_users_22_942f71e3","2026-05-25 20:41:18","__export__.res_partner_1577_224dd31f","","Fully Invoiced","2026-05-26 20:18:00","True","__export__.crm_team_227_ffd73472","__export__.res_users_22_942f71e3","Locked","17.7"
"__export__.sale_order_149359_c3ebc501","D149345","__export__.res_users_14_42108d61","2026-05-25 16:05:05","__export__.res_partner_1258_90945fa0","","Fully Invoiced","2026-05-26 16:03:09","True","__export__.crm_team_229_a2ef141e","__export__.res_users_14_42108d61","Locked","108.53"
"__export__.sale_order_149358_8bb03a9b","D149344","__export__.res_users_10_962e2fe2","2026-05-25 15:37:51","__export__.res_partner_1682_41fa0c78","","Fully Invoiced","2026-05-26 15:36:41","True","__export__.crm_team_164_342f4b15","__export__.res_users_10_962e2fe2","Locked","145.06"
"__export__.sale_order_149350_922c5047","D149336","__export__.res_users_7_ace94875","2026-05-25 14:47:05","__export__.res_partner_2523_69da4468","","Fully Invoiced","2026-05-26 14:45:33","True","__export__.crm_team_276_22e06523","__export__.res_users_14_42108d61","Locked","104.5"
"__export__.sale_order_149351_da11eb0b","D149337","__export__.res_users_14_42108d61","2026-05-25 14:50:26","__export__.res_partner_2556_73ef917d","","Fully Invoiced","2026-05-26 14:11:40","True","__export__.crm_team_294_b0da6099","__export__.res_users_14_42108d61","Locked","180.55"
"__export__.sale_order_149347_c0a47824","D149333","__export__.res_users_14_42108d61","2026-05-25 13:40:17","__export__.res_partner_1953_c997dcd9","","Fully Invoiced","2026-05-26 13:36:47","True","__export__.crm_team_41_bddb8e76","__export__.res_users_14_42108d61","Locked","235.95"
"__export__.sale_order_149346_86eb32a9","D149332","__export__.res_users_7_ace94875","2026-05-25 13:36:55","__export__.res_partner_1073_2afb2f6f","送到 汉阳","Fully Invoiced","2026-05-26 13:36:10","True","__export__.crm_team_227_ffd73472","__export__.res_users_10_962e2fe2","Locked","160.0"
"__export__.sale_order_149449_b18e39c3","D149435","__export__.res_users_10_962e2fe2","2026-05-26 13:26:48","__export__.res_partner_2001_f7fddbf4","","Fully Invoiced","2026-05-26 13:23:19","True","__export__.crm_team_69_17e53434","__export__.res_users_10_962e2fe2","Locked","218.1"
"__export__.sale_order_149389_6c15f892","D149375","__export__.res_users_18_297f6f55","2026-05-25 23:05:33","__export__.res_partner_1558_b4bd7d3c","","Fully Invoiced","2026-05-26 13:04:52","True","__export__.crm_team_278_1a2d18d7","__export__.res_users_8_fb87432d","Locked","237.68"
"__export__.sale_order_149342_cab98787","D149328","__export__.res_users_7_ace94875","2026-05-25 12:34:56","__export__.res_partner_2512_8ed6bf07","","Fully Invoiced","2026-05-26 12:32:52","True","__export__.crm_team_295_a4e9ead7","__export__.res_users_7_ace94875","Locked","1191.8"
"__export__.sale_order_149339_b4670750","D149325","__export__.res_users_7_ace94875","2026-05-25 12:30:26","__export__.res_partner_2424_82fac167","","Fully Invoiced","2026-05-26 12:28:50","True","__export__.crm_team_227_ffd73472","__export__.res_users_28_e1e8c9ed","Locked","114.5"
"__export__.sale_order_149331_5958cdc7","D149317","__export__.res_users_14_42108d61","2026-05-25 11:48:13","__export__.res_partner_1956_e2faafea","","Fully Invoiced","2026-05-26 11:43:58","True","__export__.crm_team_164_342f4b15","__export__.res_users_14_42108d61","Locked","691.5"
"__export__.sale_order_149329_150f7ed7","D149315","__export__.res_users_14_42108d61","2026-05-25 11:39:00","__export__.res_partner_911_2142e30f","","Fully Invoiced","2026-05-26 11:37:52","True","__export__.crm_team_231_ec27440e","__export__.res_users_14_42108d61","Locked","429.75"
"__export__.sale_order_149444_d8c3f33d","D149430","__export__.res_users_10_962e2fe2","2026-05-26 10:50:35","__export__.res_partner_866_7023b017","","Fully Invoiced","2026-05-26 10:50:17","True","__export__.crm_team_43_6092e23f","__export__.res_users_8_fb87432d","Locked","17.55"
"__export__.sale_order_149316_c6247b0c","D149302","__export__.res_users_10_962e2fe2","2026-05-25 10:26:59","__export__.res_partner_1165_dac64342","","Fully Invoiced","2026-05-26 10:24:07","True","__export__.crm_team_162_05a89d8e","__export__.res_users_10_962e2fe2","Locked","403.5"
"__export__.sale_order_149443_81bdbe4e","D149429","__export__.res_users_10_962e2fe2","2026-05-26 10:25:28","__export__.res_partner_1572_87bf5297","","Fully Invoiced","2026-05-26 10:19:51","True","__export__.crm_team_230_30056844","__export__.res_users_10_962e2fe2","Locked","562.65"
"__export__.sale_order_149442_b73a450f","D149428","__export__.res_users_14_42108d61","2026-05-26 09:59:29","__export__.res_partner_1956_e2faafea","","Fully Invoiced","2026-05-26 09:58:41","True","__export__.crm_team_162_05a89d8e","__export__.res_users_14_42108d61","Locked","38.83"
"__export__.sale_order_149440_33ca9051","D149426","__export__.res_users_7_ace94875","2026-05-26 09:40:31","__export__.res_partner_1178_4660d857","","Fully Invoiced","2026-05-26 09:40:12","True","__export__.crm_team_161_8055857d","__export__.res_users_7_ace94875","Locked","145.0"
"__export__.sale_order_149441_e9493851","D149427","__export__.res_users_14_42108d61","2026-05-26 09:44:17","__export__.res_partner_1612_dc52c27d","","Fully Invoiced","2026-05-26 09:37:30","True","__export__.crm_team_162_05a89d8e","__export__.res_users_7_ace94875","Locked","468.16"
"__export__.sale_order_149437_f5c495b2","D149423","__export__.res_users_27_ccf3d93e","2026-05-26 09:27:49","__export__.res_partner_2512_8ed6bf07","","Fully Invoiced","2026-05-26 09:27:11","True","__export__.crm_team_295_a4e9ead7","__export__.res_users_27_ccf3d93e","Sales Order",""
"__export__.sale_order_149436_8b6138e4","D149422","__export__.res_users_14_42108d61","2026-05-26 09:24:53","__export__.res_partner_2509_d01aa094","","Fully Invoiced","2026-05-26 09:24:32","True","__export__.crm_team_275_339b1b1f","__export__.res_users_14_42108d61","Locked","7.9"
"__export__.sale_order_149435_5dfc648d","D149421","__export__.res_users_10_962e2fe2","2026-05-26 09:14:00","__export__.res_partner_2052_563650ad","","Fully Invoiced","2026-05-26 09:11:50","True","__export__.crm_team_69_17e53434","__export__.res_users_10_962e2fe2","Locked","259.75"
"__export__.sale_order_149434_c2b461f9","D149420","__export__.res_users_10_962e2fe2","2026-05-26 09:04:48","__export__.res_partner_874_2fe3c6b7","","Fully Invoiced","2026-05-26 09:03:52","True","__export__.crm_team_161_8055857d","__export__.res_users_10_962e2fe2","Locked","62.79"
"__export__.sale_order_149433_076aeda3","D149419","__export__.res_users_10_962e2fe2","2026-05-26 08:51:08","__export__.res_partner_874_2fe3c6b7","","Fully Invoiced","2026-05-26 08:47:11","True","__export__.crm_team_161_8055857d","__export__.res_users_10_962e2fe2","Locked","85.45"
"__export__.sale_order_149301_a70b34bd","D149287","__export__.res_users_10_962e2fe2","2026-05-25 08:42:56","__export__.res_partner_2519_9b3545b1","","Fully Invoiced","2026-05-26 08:39:47","True","__export__.crm_team_230_30056844","__export__.res_users_10_962e2fe2","Locked","396.3"
"__export__.sale_order_149297_046f7943","D149283","__export__.res_users_10_962e2fe2","2026-05-25 08:39:24","__export__.res_partner_747_4ecd91bc","","Fully Invoiced","2026-05-26 08:38:03","True","__export__.crm_team_231_ec27440e","__export__.res_users_7_ace94875","Locked","72.5"
"__export__.sale_order_149298_bba947d2","D149284","__export__.res_users_10_962e2fe2","2026-05-25 08:39:25","__export__.res_partner_1018_7a4e2980","","Fully Invoiced","2026-05-26 08:37:43","True","__export__.crm_team_231_ec27440e","__export__.res_users_7_ace94875","Locked","169.2"
"__export__.sale_order_149299_64b57e7f","D149285","__export__.res_users_14_42108d61","2026-05-25 08:39:35","__export__.res_partner_2290_5cd4b535","","Fully Invoiced","2026-05-26 08:37:18","True","__export__.crm_team_276_22e06523","__export__.res_users_14_42108d61","Locked","269.75"
"__export__.sale_order_149432_5f42934b","D149418","__export__.res_users_22_942f71e3","2026-05-26 08:36:54","__export__.res_partner_1577_224dd31f","仓库出货","Fully Invoiced","2026-05-26 08:34:46","True","__export__.crm_team_69_17e53434","__export__.res_users_22_942f71e3","Locked","313.87"
"__export__.sale_order_149294_cd46cc74","D149280","__export__.res_users_10_962e2fe2","2026-05-25 08:35:25","__export__.res_partner_1939_c0d4f27e","","Fully Invoiced","2026-05-26 08:33:23","True","__export__.crm_team_98_821e316c","__export__.res_users_10_962e2fe2","Locked","249.23"
"__export__.sale_order_149431_01409155","D149417","__export__.res_users_22_942f71e3","2026-05-26 08:33:28","__export__.res_partner_752_b29ee5f8","","Fully Invoiced","2026-05-26 08:32:45","True","__export__.crm_team_69_17e53434","__export__.res_users_22_942f71e3","Locked","33.5"
"__export__.sale_order_149292_232a0d76","D149278","__export__.res_users_10_962e2fe2","2026-05-25 08:33:13","__export__.res_partner_1858_03931cf0","","Fully Invoiced","2026-05-26 08:31:55","True","__export__.crm_team_51_075d42c1","__export__.res_users_22_942f71e3","Locked","232.35"
"__export__.sale_order_149429_72a81788","D149415","__export__.res_users_10_962e2fe2","2026-05-26 08:27:36","__export__.res_partner_1596_3194d941","","Fully Invoiced","2026-05-26 08:26:43","True","__export__.crm_team_275_339b1b1f","__export__.res_users_10_962e2fe2","Locked","149.96"
"__export__.sale_order_149428_a2a5c44e","D149414","__export__.res_users_22_942f71e3","2026-05-26 08:27:30","__export__.res_partner_752_b29ee5f8","","Fully Invoiced","2026-05-26 08:26:15","True","__export__.crm_team_69_17e53434","__export__.res_users_22_942f71e3","Locked","516.5"
"__export__.sale_order_149427_df2beb49","D149413","__export__.res_users_14_42108d61","2026-05-26 08:25:35","__export__.res_partner_2007_3eaeff71","","Fully Invoiced","2026-05-26 08:24:14","True","__export__.crm_team_294_b0da6099","__export__.res_users_14_42108d61","Locked","721.17"
"__export__.sale_order_149425_61c3df2e","D149411","__export__.res_users_7_ace94875","2026-05-26 08:16:20","__export__.res_partner_2389_15da0f1a","","Fully Invoiced","2026-05-26 08:15:26","True","__export__.crm_team_51_075d42c1","__export__.res_users_10_962e2fe2","Locked","48.0"
"__export__.sale_order_149424_4a8c4e91","D149410","__export__.res_users_14_42108d61","2026-05-26 08:13:15","__export__.res_partner_2190_84d97c3f","","Fully Invoiced","2026-05-26 08:11:32","True","__export__.crm_team_159_d09f9755","__export__.res_users_22_942f71e3","Locked","200.4"
"__export__.sale_order_149390_201ea233","D149376","__export__.res_users_22_942f71e3","2026-05-25 23:10:37","__export__.res_partner_1003_ca286395","","Fully Invoiced","2026-05-26 08:10:10","True","__export__.crm_team_160_bd232578","__export__.res_users_10_962e2fe2","Locked","67.0"
"__export__.sale_order_149423_555fb1d0","D149409","__export__.res_users_27_ccf3d93e","2026-05-26 08:12:24","__export__.res_partner_1071_44f86fd5","","Fully Invoiced","2026-05-26 08:08:19","True","__export__.crm_team_98_821e316c","__export__.res_users_27_ccf3d93e","Locked","397.15"
"__export__.sale_order_149422_71261612","D149408","__export__.res_users_10_962e2fe2","2026-05-26 08:09:09","__export__.res_partner_818_8185df11","RO不要确认","Nothing to Invoice","2026-05-26 08:06:34","False","__export__.crm_team_161_8055857d","__export__.res_users_10_962e2fe2","Quotation","624.61"
"__export__.sale_order_149421_794d8d70","D149407","__export__.res_users_14_42108d61","2026-05-26 08:07:53","__export__.res_partner_1237_e8a3ce1f","","Fully Invoiced","2026-05-26 08:06:14","True","__export__.crm_team_295_a4e9ead7","__export__.res_users_7_ace94875","Locked","819.85"
"__export__.sale_order_149420_793fe2f4","D149406","__export__.res_users_22_942f71e3","2026-05-26 08:06:51","__export__.res_partner_2476_b71daae1","","Fully Invoiced","2026-05-26 08:04:40","True","__export__.crm_team_164_342f4b15","__export__.res_users_7_ace94875","Locked","289.63"
"__export__.sale_order_149419_845cbbe0","D149405","__export__.res_users_7_ace94875","2026-05-26 08:01:59","__export__.res_partner_1626_60b65b7e","","Fully Invoiced","2026-05-26 08:01:25","True","__export__.crm_team_227_ffd73472","__export__.res_users_7_ace94875","Locked","67.35"
"__export__.sale_order_149418_494a2eff","D149404","__export__.res_users_14_42108d61","2026-05-26 08:01:31","__export__.res_partner_2131_ca622633","","Fully Invoiced","2026-05-26 08:01:09","True","__export__.crm_team_229_a2ef141e","__export__.res_users_10_962e2fe2","Locked","9.86"
"__export__.sale_order_149417_a6a6869a","D149403","__export__.res_users_7_ace94875","2026-05-26 08:01:22","__export__.res_partner_2057_b196e088","","Fully Invoiced","2026-05-26 08:01:04","True","__export__.crm_team_61_8dc82ae3","__export__.res_users_7_ace94875","Locked","36.1"
"__export__.sale_order_149416_f830f291","D149402","__export__.res_users_14_42108d61","2026-05-26 08:01:03","__export__.res_partner_707_b92d9a31","","Fully Invoiced","2026-05-26 08:00:10","True","__export__.crm_team_229_a2ef141e","__export__.res_users_10_962e2fe2","Locked","183.15"
"__export__.sale_order_149415_456688c7","D149401","__export__.res_users_7_ace94875","2026-05-26 08:00:51","__export__.res_partner_1162_84b0db9d","","Fully Invoiced","2026-05-26 07:59:57","True","__export__.crm_team_275_339b1b1f","__export__.res_users_7_ace94875","Locked","276.2"
"__export__.sale_order_149414_62c9ef9a","D149400","__export__.res_users_7_ace94875","2026-05-26 07:59:27","__export__.res_partner_1616_533a6f33","","Fully Invoiced","2026-05-26 07:58:13","True","__export__.crm_team_228_ec7099f7","__export__.res_users_7_ace94875","Locked","62.95"
"__export__.sale_order_149413_bd82ccdb","D149399","__export__.res_users_14_42108d61","2026-05-26 07:58:45","__export__.res_partner_1078_df762d67","","Fully Invoiced","2026-05-26 07:57:10","True","__export__.crm_team_227_ffd73472","__export__.res_users_14_42108d61","Locked","253.95"
"__export__.sale_order_149412_5b820863","D149398","__export__.res_users_14_42108d61","2026-05-26 07:56:59","__export__.res_partner_800_a1949b1d","","Fully Invoiced","2026-05-26 07:55:58","True","__export__.crm_team_51_075d42c1","__export__.res_users_14_42108d61","Locked","227.85"
"__export__.sale_order_149411_e76a7909","D149397","__export__.res_users_7_ace94875","2026-05-26 07:56:03","__export__.res_partner_1178_4660d857","","Fully Invoiced","2026-05-26 07:55:21","True","__export__.crm_team_228_ec7099f7","__export__.res_users_7_ace94875","Locked","277.5"
"__export__.sale_order_149410_30d700c2","D149396","__export__.res_users_14_42108d61","2026-05-26 07:55:06","__export__.res_partner_1816_25501dc0","","Fully Invoiced","2026-05-26 07:53:50","True","__export__.crm_team_159_d09f9755","__export__.res_users_14_42108d61","Locked","318.95"
"__export__.sale_order_149409_d3c4645d","D149395","__export__.res_users_14_42108d61","2026-05-26 07:51:45","__export__.res_partner_2352_a590ab32","","Fully Invoiced","2026-05-26 07:50:43","True","__export__.crm_team_277_1848bdf1","__export__.res_users_14_42108d61","Locked","293.46"
"__export__.sale_order_149408_9b7de115","D149394","__export__.res_users_14_42108d61","2026-05-26 07:49:25","__export__.res_partner_1844_cb1a3c17","","Fully Invoiced","2026-05-26 07:49:03","True","__export__.crm_team_41_bddb8e76","__export__.res_users_14_42108d61","Locked","171.15"
"__export__.sale_order_149407_f88ae40c","D149393","__export__.res_users_14_42108d61","2026-05-26 07:48:38","__export__.res_partner_920_5db42f04","","Fully Invoiced","2026-05-26 07:47:50","True","__export__.crm_team_51_075d42c1","__export__.res_users_14_42108d61","Locked","175.8"
"__export__.sale_order_149259_803f8407","D149245","__export__.res_users_14_42108d61","2026-05-25 07:48:18","__export__.res_partner_983_702ffadd","","Fully Invoiced","2026-05-26 07:46:41","True","__export__.crm_team_159_d09f9755","__export__.res_users_27_ccf3d93e","Locked","277.0"
"__export__.sale_order_149406_ec181738","D149392","__export__.res_users_14_42108d61","2026-05-26 07:46:47","__export__.res_partner_1599_e6df6ec0","","Fully Invoiced","2026-05-26 07:45:53","True","__export__.crm_team_98_821e316c","__export__.res_users_14_42108d61","Locked","238.45"
"__export__.sale_order_149405_f341dec4","D149391","__export__.res_users_14_42108d61","2026-05-26 07:43:07","__export__.res_partner_1832_bd27ef4d","","Fully Invoiced","2026-05-26 07:42:40","True","__export__.crm_team_294_b0da6099","__export__.res_users_14_42108d61","Locked","121.75"
"__export__.sale_order_149404_f3a5dab9","D149390","__export__.res_users_14_42108d61","2026-05-26 07:42:36","__export__.res_partner_1832_bd27ef4d","","Fully Invoiced","2026-05-26 07:41:52","True","__export__.crm_team_294_b0da6099","__export__.res_users_14_42108d61","Locked","118.5"
"__export__.sale_order_149403_c3a6bcf0","D149389","__export__.res_users_14_42108d61","2026-05-26 07:39:45","__export__.res_partner_1204_0e526973","","Fully Invoiced","2026-05-26 07:38:29","True","__export__.crm_team_230_30056844","__export__.res_users_14_42108d61","Locked","467.57"
"__export__.sale_order_149402_1d6bbfeb","D149388","__export__.res_users_14_42108d61","2026-05-26 07:36:59","__export__.res_partner_858_0e5ada1d","","Fully Invoiced","2026-05-26 07:36:10","True","__export__.crm_team_161_8055857d","__export__.res_users_14_42108d61","Locked","353.3"
"__export__.sale_order_149401_325117f8","D149387","__export__.res_users_14_42108d61","2026-05-26 07:35:58","__export__.res_partner_2525_9137babf","","Fully Invoiced","2026-05-26 07:35:09","True","__export__.crm_team_41_bddb8e76","__export__.res_users_14_42108d61","Locked","189.5"
"__export__.sale_order_149400_c16a05c0","D149386","__export__.res_users_14_42108d61","2026-05-26 07:34:59","__export__.res_partner_1994_4bb952c0","","Fully Invoiced","2026-05-26 07:33:40","True","__export__.crm_team_61_8dc82ae3","__export__.res_users_14_42108d61","Locked","478.5"
"__export__.sale_order_149399_1117a172","D149385","__export__.res_users_14_42108d61","2026-05-26 07:31:54","__export__.res_partner_2509_d01aa094","","Fully Invoiced","2026-05-26 07:30:14","True","__export__.crm_team_275_339b1b1f","__export__.res_users_14_42108d61","Locked","108.95"
"__export__.sale_order_149398_0e0f13cc","D149384","__export__.res_users_14_42108d61","2026-05-26 07:29:41","__export__.res_partner_1926_d33bf2c8","","Fully Invoiced","2026-05-26 07:28:57","True","__export__.crm_team_275_339b1b1f","__export__.res_users_14_42108d61","Locked","186.0"
"__export__.sale_order_149397_70137fe8","D149383","__export__.res_users_14_42108d61","2026-05-26 07:28:48","__export__.res_partner_1781_a043f483","","Fully Invoiced","2026-05-26 07:28:09","True","__export__.crm_team_61_8dc82ae3","__export__.res_users_10_962e2fe2","Locked","207.97"
"__export__.sale_order_149396_1bdc68c8","D149382","__export__.res_users_14_42108d61","2026-05-26 07:27:36","__export__.res_partner_1576_8c8f7051","","Fully Invoiced","2026-05-26 07:26:59","True","__export__.crm_team_275_339b1b1f","__export__.res_users_14_42108d61","Locked","102.78"
"__export__.sale_order_149395_2463cdc0","D149381","__export__.res_users_14_42108d61","2026-05-26 07:26:39","__export__.res_partner_902_081ecc25","","Fully Invoiced","2026-05-26 07:25:26","True","__export__.crm_team_161_8055857d","__export__.res_users_14_42108d61","Locked","235.0"
"__export__.sale_order_149394_77d12223","D149380","__export__.res_users_14_42108d61","2026-05-26 07:25:25","__export__.res_partner_1845_ce74c057","","Fully Invoiced","2026-05-26 07:23:54","True","__export__.crm_team_160_bd232578","__export__.res_users_14_42108d61","Locked","176.5"
"__export__.sale_order_149239_cf403279","D149225","__export__.res_users_22_942f71e3","2026-05-24 23:34:27","__export__.res_partner_1562_6fc4e4d6","","Fully Invoiced","2026-05-25 23:32:42","True","__export__.crm_team_250_4cae7256","__export__.res_users_22_942f71e3","Locked","183.06"
"__export__.sale_order_149214_3bbf77e7","D149200","__export__.res_users_22_942f71e3","2026-05-24 23:01:11","__export__.res_partner_1099_28fa9bc1","","Fully Invoiced","2026-05-25 22:57:00","True","__export__.crm_team_278_1a2d18d7","__export__.res_users_22_942f71e3","Locked","153.06"
"__export__.sale_order_149218_12c200bd","D149204","__export__.res_users_22_942f71e3","2026-05-24 23:02:57","__export__.res_partner_1772_ba6b3399","","Fully Invoiced","2026-05-25 22:56:58","True","__export__.crm_team_172_e403f408","__export__.res_users_10_962e2fe2","Locked","78.06"
"__export__.sale_order_149217_7a0668fa","D149203","__export__.res_users_22_942f71e3","2026-05-24 23:02:35","__export__.res_partner_2030_f52dada3","","Fully Invoiced","2026-05-25 22:56:58","True","__export__.crm_team_172_e403f408","__export__.res_users_10_962e2fe2","Locked","51.3"
"__export__.sale_order_149219_34dce7d9","D149205","__export__.res_users_22_942f71e3","2026-05-24 23:03:34","__export__.res_partner_2051_6af4c1a8","","Fully Invoiced","2026-05-25 22:56:56","True","__export__.crm_team_98_821e316c","__export__.res_users_22_942f71e3","Locked","42.0"
"__export__.sale_order_149221_1fe55d06","D149207","__export__.res_users_22_942f71e3","2026-05-24 23:04:33","__export__.res_partner_880_6e2f3d5b","","Fully Invoiced","2026-05-25 22:56:55","True","__export__.crm_team_290_b4e2eca7","__export__.res_users_22_942f71e3","Locked","136.85"
"__export__.sale_order_149224_0b17fa15","D149210","__export__.res_users_22_942f71e3","2026-05-24 23:07:12","__export__.res_partner_2377_4aff4263","","Fully Invoiced","2026-05-25 22:56:52","True","__export__.crm_team_111_3c32966d","__export__.res_users_22_942f71e3","Locked","12.56"
"__export__.sale_order_149241_77ea3470","D149227","__export__.res_users_22_942f71e3","2026-05-24 23:40:39","__export__.res_partner_1576_8c8f7051","","Fully Invoiced","2026-05-25 22:56:49","True","__export__.crm_team_227_ffd73472","__export__.res_users_22_942f71e3","Locked","119.25"
"__export__.sale_order_149212_9a11efc2","D149198","__export__.res_users_7_ace94875","2026-05-24 22:58:18","__export__.res_partner_2319_7b8044dc","","Fully Invoiced","2026-05-25 22:56:39","True","__export__.crm_team_162_05a89d8e","__export__.res_users_7_ace94875","Locked","579.87"
"__export__.sale_order_149213_ed3a4e39","D149199","__export__.res_users_22_942f71e3","2026-05-24 22:58:44","__export__.res_partner_1042_4b562afb","","Fully Invoiced","2026-05-25 22:56:27","True","__export__.crm_team_79_8cb35e83","__export__.res_users_22_942f71e3","Locked","213.0"
"__export__.sale_order_149211_5b999425","D149197","__export__.res_users_7_ace94875","2026-05-24 22:55:40","__export__.res_partner_2502_7b92f574","","Fully Invoiced","2026-05-25 22:53:29","True","__export__.crm_team_297_46343bff","__export__.res_users_7_ace94875","Locked","576.25"
"__export__.sale_order_149209_b37fac55","D149195","__export__.res_users_7_ace94875","2026-05-24 22:51:34","__export__.res_partner_2239_187fc3fe","","Fully Invoiced","2026-05-25 22:49:15","True","__export__.crm_team_230_30056844","__export__.res_users_7_ace94875","Locked","723.7"
"__export__.sale_order_149206_d8aed1f4","D149192","__export__.res_users_7_ace94875","2026-05-24 22:48:56","__export__.res_partner_2012_f514a226","","Fully Invoiced","2026-05-25 22:46:35","True","__export__.crm_team_299_61b03594","__export__.res_users_7_ace94875","Locked","398.05"
"__export__.sale_order_149207_c14ae032","D149193","__export__.res_users_22_942f71e3","2026-05-24 22:49:31","__export__.res_partner_1649_7cdf014b","","Fully Invoiced","2026-05-25 22:43:21","True","__export__.crm_team_231_ec27440e","__export__.res_users_27_ccf3d93e","Locked","219.77"
"__export__.sale_order_149205_ddb7eb13","D149191","__export__.res_users_7_ace94875","2026-05-24 22:44:56","__export__.res_partner_1313_4ce22376","","Fully Invoiced","2026-05-25 22:42:38","True","__export__.crm_team_61_8dc82ae3","__export__.res_users_7_ace94875","Locked","1297.15"
"__export__.sale_order_149203_6fcb3eea","D149189","__export__.res_users_7_ace94875","2026-05-24 22:42:15","__export__.res_partner_2335_deaccdc9","","Fully Invoiced","2026-05-25 22:39:58","True","__export__.crm_team_275_339b1b1f","__export__.res_users_7_ace94875","Locked","943.85"
"__export__.sale_order_149202_cce39160","D149188","__export__.res_users_22_942f71e3","2026-05-24 22:41:44","__export__.res_partner_2231_fb06ad4b","","Fully Invoiced","2026-05-25 22:38:41","True","__export__.crm_team_111_3c32966d","__export__.res_users_22_942f71e3","Locked","140.75"
"__export__.sale_order_149200_34f44ef8","D149186","__export__.res_users_7_ace94875","2026-05-24 22:39:39","__export__.res_partner_1141_61bb0f22","","Fully Invoiced","2026-05-25 22:38:09","True","__export__.crm_team_96_8d48bd6a","__export__.res_users_7_ace94875","Locked","397.3"
"__export__.sale_order_149198_30fdeb3e","D149184","__export__.res_users_7_ace94875","2026-05-24 22:37:53","__export__.res_partner_2250_b574857b","","Fully Invoiced","2026-05-25 22:37:03","True","__export__.crm_team_109_1a8b3a5d","__export__.res_users_7_ace94875","Locked","386.13"
"__export__.sale_order_149197_2bafb577","D149183","__export__.res_users_7_ace94875","2026-05-24 22:36:47","__export__.res_partner_2553_e1e16865","","Fully Invoiced","2026-05-25 22:35:43","True","__export__.crm_team_296_40815358","__export__.res_users_7_ace94875","Locked","170.35"
"__export__.sale_order_149196_986efa1c","D149182","__export__.res_users_7_ace94875","2026-05-24 22:35:34","__export__.res_partner_704_e43cdf12","","Fully Invoiced","2026-05-25 22:34:49","True","__export__.crm_team_289_72f3a502","__export__.res_users_27_ccf3d93e","Locked","179.05"
"__export__.sale_order_149195_c1bc1a86","D149181","__export__.res_users_22_942f71e3","2026-05-24 22:35:16","__export__.res_partner_1773_05afc1fd","","Fully Invoiced","2026-05-25 22:33:15","True","__export__.crm_team_276_22e06523","__export__.res_users_22_942f71e3","Locked","148.5"
"__export__.sale_order_149194_a4cb2fe5","D149180","__export__.res_users_7_ace94875","2026-05-24 22:34:15","__export__.res_partner_1178_4660d857","","Fully Invoiced","2026-05-25 22:32:17","True","__export__.crm_team_136_d1985d03","__export__.res_users_7_ace94875","Locked","127.5"
"__export__.sale_order_149191_f998639a","D149177","__export__.res_users_7_ace94875","2026-05-24 22:31:03","__export__.res_partner_1626_60b65b7e","","Fully Invoiced","2026-05-25 22:30:41","True","__export__.crm_team_227_ffd73472","__export__.res_users_7_ace94875","Locked","38.85"
"__export__.sale_order_149190_49484b28","D149176","__export__.res_users_7_ace94875","2026-05-24 22:29:41","__export__.res_partner_2298_abf86138","","Fully Invoiced","2026-05-25 22:28:52","True","__export__.crm_team_161_8055857d","__export__.res_users_7_ace94875","Locked","351.8"
"__export__.sale_order_149188_12584300","D149174","__export__.res_users_7_ace94875","2026-05-24 22:28:45","__export__.res_partner_2299_11a1b7c5","","Fully Invoiced","2026-05-25 22:27:38","True","__export__.crm_team_78_db60447e","__export__.res_users_7_ace94875","Locked","413.49"
"__export__.sale_order_149186_5ef23b40","D149172","__export__.res_users_7_ace94875","2026-05-24 22:27:21","__export__.res_partner_1154_18a9631e","","Fully Invoiced","2026-05-25 22:26:56","True","__export__.crm_team_80_d86e22d9","__export__.res_users_27_ccf3d93e","Locked","63.9"
"__export__.sale_order_149189_3082c3f1","D149175","__export__.res_users_22_942f71e3","2026-05-24 22:29:01","__export__.res_partner_1620_ba7293b5","","Fully Invoiced","2026-05-25 22:26:35","True","__export__.crm_team_171_58fa18ab","__export__.res_users_22_942f71e3","Locked","526.47"
"__export__.sale_order_149184_39bd52b4","D149170","__export__.res_users_7_ace94875","2026-05-24 22:26:10","__export__.res_partner_1959_7be6f073","","Fully Invoiced","2026-05-25 22:22:25","True","__export__.crm_team_275_339b1b1f","__export__.res_users_7_ace94875","Locked","1045.5"
"__export__.sale_order_149126_6f04d011","D149112","__export__.res_users_22_942f71e3","2026-05-23 23:01:55","__export__.res_partner_2452_1b8da052","coming around half 8done","Fully Invoiced","2026-05-25 22:22:14","True","__export__.crm_team_69_17e53434","__export__.res_users_22_942f71e3","Locked","644.8"
"__export__.sale_order_149181_66bc5d51","D149167","__export__.res_users_7_ace94875","2026-05-24 22:21:01","__export__.res_partner_1763_7c6cd96b","","Fully Invoiced","2026-05-25 22:18:53","True","__export__.crm_team_229_a2ef141e","__export__.res_users_10_962e2fe2","Locked","165.21"
"__export__.sale_order_149183_e9d4270c","D149169","__export__.res_users_22_942f71e3","2026-05-24 22:25:58","__export__.res_partner_866_7023b017","","Fully Invoiced","2026-05-25 22:18:21","True","__export__.crm_team_227_ffd73472","__export__.res_users_8_fb87432d","Locked","258.5"
"__export__.sale_order_149180_191a6ba9","D149166","__export__.res_users_7_ace94875","2026-05-24 22:18:28","__export__.res_partner_1162_84b0db9d","","Fully Invoiced","2026-05-25 22:16:01","True","__export__.crm_team_289_72f3a502","__export__.res_users_7_ace94875","Locked","498.1"
"__export__.sale_order_149179_9afa2981","D149165","__export__.res_users_7_ace94875","2026-05-24 22:15:45","__export__.res_partner_819_b17977bb","","Fully Invoiced","2026-05-25 22:14:48","True","__export__.crm_team_161_8055857d","__export__.res_users_7_ace94875","Locked","150.0"
"__export__.sale_order_149177_a25046c5","D149163","__export__.res_users_22_942f71e3","2026-05-24 22:05:12","__export__.res_partner_1281_f77cf15c","","Fully Invoiced","2026-05-25 22:03:23","True","__export__.crm_team_292_464da319","__export__.res_users_28_e1e8c9ed","Locked","219.2"
"__export__.sale_order_149176_4dd75c46","D149162","__export__.res_users_22_942f71e3","2026-05-24 22:03:09","__export__.res_partner_1997_e2b69718","","Fully Invoiced","2026-05-25 22:00:52","True","__export__.crm_team_290_b4e2eca7","__export__.res_users_10_962e2fe2","Locked","159.3"
"__export__.sale_order_149175_a85306ce","D149161","__export__.res_users_22_942f71e3","2026-05-24 21:58:20","__export__.res_partner_1326_e85f9f0f","","Fully Invoiced","2026-05-25 21:53:49","True","__export__.crm_team_96_8d48bd6a","__export__.res_users_27_ccf3d93e","Locked","172.72"
"__export__.sale_order_149174_bb19646f","D149160","__export__.res_users_22_942f71e3","2026-05-24 21:53:39","__export__.res_partner_768_72edcbdb","","Fully Invoiced","2026-05-25 21:52:05","True","__export__.crm_team_39_ffc4074f","__export__.res_users_22_942f71e3","Locked","282.54"
"__export__.sale_order_149173_9ce16565","D149159","__export__.res_users_22_942f71e3","2026-05-24 21:51:58","__export__.res_partner_1003_ca286395","","Fully Invoiced","2026-05-25 21:51:04","True","__export__.crm_team_39_ffc4074f","__export__.res_users_10_962e2fe2","Locked","148.12"
"__export__.sale_order_149172_6c8afdb9","D149158","__export__.res_users_27_ccf3d93e","2026-05-24 21:45:01","__export__.res_partner_1284_d8c29618","","Fully Invoiced","2026-05-25 21:40:43","True","__export__.crm_team_153_0eee99e2","__export__.res_users_27_ccf3d93e","Locked","608.97"
"__export__.sale_order_149171_6d2af03c","D149157","__export__.res_users_27_ccf3d93e","2026-05-24 21:36:25","__export__.res_partner_1325_09e84271","","Fully Invoiced","2026-05-25 21:33:38","True","__export__.crm_team_153_0eee99e2","__export__.res_users_27_ccf3d93e","Locked","101.02"
"__export__.sale_order_149170_cf2de42b","D149156","__export__.res_users_27_ccf3d93e","2026-05-24 21:33:29","__export__.res_partner_944_15617010","","Fully Invoiced","2026-05-25 21:30:05","True","__export__.crm_team_153_0eee99e2","__export__.res_users_27_ccf3d93e","Locked","416.15"
"__export__.sale_order_149234_798cf89d","D149220","__export__.res_users_18_297f6f55","2026-05-24 23:29:49","__export__.res_partner_971_b9945320","","Fully Invoiced","2026-05-25 21:29:02","True","__export__.crm_team_250_4cae7256","__export__.res_users_18_297f6f55","Locked","363.65"
"__export__.sale_order_149233_8992cb30","D149219","__export__.res_users_18_297f6f55","2026-05-24 23:28:49","__export__.res_partner_1109_907527cb","","Fully Invoiced","2026-05-25 21:27:55","True","__export__.crm_team_51_075d42c1","__export__.res_users_18_297f6f55","Locked","101.13"
"__export__.sale_order_149169_e95ef2e0","D149155","__export__.res_users_27_ccf3d93e","2026-05-24 21:28:54","__export__.res_partner_2108_de116fbe","","Fully Invoiced","2026-05-25 21:26:18","True","__export__.crm_team_278_1a2d18d7","__export__.res_users_27_ccf3d93e","Locked","80.48"
"__export__.sale_order_149168_2847581f","D149154","__export__.res_users_27_ccf3d93e","2026-05-24 21:26:14","__export__.res_partner_1802_7606530d","","Fully Invoiced","2026-05-25 21:25:15","True","__export__.crm_team_278_1a2d18d7","__export__.res_users_27_ccf3d93e","Locked","144.25"
"__export__.sale_order_149167_c970da67","D149153","__export__.res_users_27_ccf3d93e","2026-05-24 21:24:59","__export__.res_partner_1108_dbb0377a","","Fully Invoiced","2026-05-25 21:22:03","True","__export__.crm_team_276_22e06523","__export__.res_users_27_ccf3d93e","Locked","136.75"
"__export__.sale_order_149166_8a415e9c","D149152","__export__.res_users_27_ccf3d93e","2026-05-24 21:19:39","__export__.res_partner_1693_6f1cd34d","","Fully Invoiced","2026-05-25 21:17:13","True","__export__.crm_team_276_22e06523","__export__.res_users_27_ccf3d93e","Locked","270.1"
"__export__.sale_order_149165_64f4de68","D149151","__export__.res_users_27_ccf3d93e","2026-05-24 21:07:31","__export__.res_partner_891_c0cc8e85","","Fully Invoiced","2026-05-25 21:05:37","True","__export__.crm_team_159_d09f9755","__export__.res_users_14_42108d61","Locked","65.31"
"__export__.sale_order_149164_13a02722","D149150","__export__.res_users_27_ccf3d93e","2026-05-24 21:02:36","__export__.res_partner_2248_133e600a","","Fully Invoiced","2026-05-25 20:58:41","True","__export__.crm_team_163_c20aff5a","__export__.res_users_27_ccf3d93e","Locked","180.3"
"__export__.sale_order_149162_ff1609ab","D149148","__export__.res_users_27_ccf3d93e","2026-05-24 20:49:26","__export__.res_partner_786_4ca3c046","","Fully Invoiced","2026-05-25 20:42:22","True","__export__.crm_team_96_8d48bd6a","__export__.res_users_7_ace94875","Locked","429.51"
"__export__.sale_order_149161_a470373d","D149147","__export__.res_users_27_ccf3d93e","2026-05-24 20:38:06","__export__.res_partner_1103_926e4c12","","Fully Invoiced","2026-05-25 20:34:37","True","__export__.crm_team_296_40815358","__export__.res_users_18_297f6f55","Locked","188.15"
"__export__.sale_order_149160_10bd4448","D149146","__export__.res_users_27_ccf3d93e","2026-05-24 20:33:04","__export__.res_partner_1235_cf6f105f","3点之后送货","Fully Invoiced","2026-05-25 20:29:24","True","__export__.crm_team_229_a2ef141e","__export__.res_users_27_ccf3d93e","Locked","158.25"
"__export__.sale_order_149163_b980a2b7","D149149","__export__.res_users_27_ccf3d93e","2026-05-24 20:57:50","__export__.res_partner_1852_2c4e8c79","","Fully Invoiced","2026-05-25 20:28:49","True","__export__.crm_team_163_c20aff5a","__export__.res_users_27_ccf3d93e","Locked","293.49"
"__export__.sale_order_149159_31e49b8e","D149145","__export__.res_users_22_942f71e3","2026-05-24 19:50:20","__export__.res_partner_1323_b204c0eb","","Fully Invoiced","2026-05-25 19:49:59","True","__export__.crm_team_296_40815358","__export__.res_users_18_297f6f55","Locked","153.75"
"__export__.sale_order_149158_ae78b28a","D149144","__export__.res_users_22_942f71e3","2026-05-24 19:49:46","__export__.res_partner_1102_68cf62c2","","Fully Invoiced","2026-05-25 19:49:17","True","__export__.crm_team_296_40815358","__export__.res_users_18_297f6f55","Locked","138.5"
"__export__.sale_order_149157_8a451e7a","D149143","__export__.res_users_22_942f71e3","2026-05-24 19:48:57","__export__.res_partner_2256_0deee3a1","","Fully Invoiced","2026-05-25 19:46:38","True","__export__.crm_team_159_d09f9755","__export__.res_users_10_962e2fe2","Locked","374.2"
"__export__.sale_order_149156_2a931fa2","D149142","__export__.res_users_22_942f71e3","2026-05-24 19:45:59","__export__.res_partner_1320_2e40e707","","Fully Invoiced","2026-05-25 19:44:56","True","__export__.crm_team_298_0b4d52ae","__export__.res_users_22_942f71e3","Locked","441.2"
"__export__.sale_order_149155_e1fd7461","D149141","__export__.res_users_22_942f71e3","2026-05-24 19:44:44","__export__.res_partner_2527_2937bc92","","Fully Invoiced","2026-05-25 19:42:31","True","__export__.crm_team_109_1a8b3a5d","__export__.res_users_10_962e2fe2","Locked","122.33"
"__export__.sale_order_149154_d3080af8","D149140","__export__.res_users_22_942f71e3","2026-05-24 19:42:03","__export__.res_partner_743_530f71ec","done","Fully Invoiced","2026-05-25 19:38:07","True","__export__.crm_team_69_17e53434","__export__.res_users_22_942f71e3","Locked","1380.98"
"__export__.sale_order_149153_23c8aac2","D149139","__export__.res_users_22_942f71e3","2026-05-24 19:36:45","__export__.res_partner_1577_224dd31f","","Fully Invoiced","2026-05-25 19:35:29","True","__export__.crm_team_227_ffd73472","__export__.res_users_22_942f71e3","Locked","149.55"
"__export__.sale_order_149152_7aa5fed7","D149138","__export__.res_users_22_942f71e3","2026-05-24 19:35:11","__export__.res_partner_2203_a475d102","已给","Fully Invoiced","2026-05-25 19:32:03","True","__export__.crm_team_69_17e53434","__export__.res_users_22_942f71e3","Locked","1163.6"
"__export__.sale_order_149151_a2f5bf38","D149137","__export__.res_users_22_942f71e3","2026-05-24 19:25:45","__export__.res_partner_1261_8d4f158c","","Fully Invoiced","2026-05-25 19:23:28","True","__export__.crm_team_80_d86e22d9","__export__.res_users_22_942f71e3","Locked","360.05"
"__export__.sale_order_149150_166e4341","D149136","__export__.res_users_22_942f71e3","2026-05-24 19:21:13","__export__.res_partner_962_3604a165","","Fully Invoiced","2026-05-25 19:17:58","True","__export__.crm_team_98_821e316c","__export__.res_users_22_942f71e3","Locked","388.75"
"__export__.sale_order_149149_3d057456","D149135","__export__.res_users_22_942f71e3","2026-05-24 19:17:49","__export__.res_partner_1883_886a4733","","Fully Invoiced","2026-05-25 19:16:53","True","__export__.crm_team_153_0eee99e2","__export__.res_users_22_942f71e3","Locked","174.6"
"__export__.sale_order_149148_9fce753d","D149134","__export__.res_users_22_942f71e3","2026-05-24 19:16:44","__export__.res_partner_2072_d03bc902","","Fully Invoiced","2026-05-25 19:15:57","True","__export__.crm_team_102_350bf834","__export__.res_users_22_942f71e3","Locked","39.0"
"__export__.sale_order_149147_316c32c6","D149133","__export__.res_users_22_942f71e3","2026-05-24 19:15:54","__export__.res_partner_763_ccfd8876","","Fully Invoiced","2026-05-25 19:14:14","True","__export__.crm_team_102_350bf834","__export__.res_users_22_942f71e3","Locked","591.09"
"__export__.sale_order_149146_3c98cc48","D149132","__export__.res_users_22_942f71e3","2026-05-24 19:13:56","__export__.res_partner_1096_7e33899c","","Fully Invoiced","2026-05-25 19:13:08","True","__export__.crm_team_276_22e06523","__export__.res_users_22_942f71e3","Locked","125.75"
"__export__.sale_order_149145_68a70157","D149131","__export__.res_users_22_942f71e3","2026-05-24 19:12:01","__export__.res_partner_2218_6c64adc3","","Fully Invoiced","2026-05-25 19:11:15","True","__export__.crm_team_250_4cae7256","__export__.res_users_10_962e2fe2","Locked","196.32"
"__export__.sale_order_149144_130fb5c0","D149130","__export__.res_users_22_942f71e3","2026-05-24 19:07:54","__export__.res_partner_2281_fa118497","","Fully Invoiced","2026-05-25 19:06:26","True","__export__.crm_team_51_075d42c1","__export__.res_users_22_942f71e3","Locked","300.84"
"__export__.sale_order_149143_ac5f4d55","D149129","__export__.res_users_22_942f71e3","2026-05-24 19:05:55","__export__.res_partner_1173_d8002d22","","Fully Invoiced","2026-05-25 19:04:40","True","__export__.crm_team_290_b4e2eca7","__export__.res_users_22_942f71e3","Locked","196.5"
"__export__.sale_order_149142_3621d915","D149128","__export__.res_users_22_942f71e3","2026-05-24 19:04:29","__export__.res_partner_1318_c98a4b7c","","Fully Invoiced","2026-05-25 18:19:39","True","__export__.crm_team_39_ffc4074f","__export__.res_users_22_942f71e3","Locked","265.9"
"__export__.sale_order_149141_fe31b3d3","D149127","__export__.res_users_22_942f71e3","2026-05-24 18:19:33","__export__.res_partner_2276_0cc5de73","","Fully Invoiced","2026-05-25 18:18:56","True","__export__.crm_team_278_1a2d18d7","__export__.res_users_10_962e2fe2","Locked","73.0"
"__export__.sale_order_149140_1b45917d","D149126","__export__.res_users_22_942f71e3","2026-05-24 18:18:44","__export__.res_partner_2039_dfeba2bb","","Fully Invoiced","2026-05-25 18:18:03","True","__export__.crm_team_51_075d42c1","__export__.res_users_22_942f71e3","Locked","141.07"
"__export__.sale_order_149139_72dc229d","D149125","__export__.res_users_22_942f71e3","2026-05-24 18:17:59","__export__.res_partner_1927_754098d4","","Fully Invoiced","2026-05-25 18:16:53","True","__export__.crm_team_51_075d42c1","__export__.res_users_22_942f71e3","Locked","159.25"
"__export__.sale_order_149138_49a91cb0","D149124","__export__.res_users_22_942f71e3","2026-05-24 18:16:33","__export__.res_partner_1893_1e0e95aa","","Fully Invoiced","2026-05-25 18:13:35","True","__export__.crm_team_134_5d6888e6","__export__.res_users_22_942f71e3","Locked","174.1"
"__export__.sale_order_149137_5852922a","D149123","__export__.res_users_22_942f71e3","2026-05-24 18:12:21","__export__.res_partner_1990_c219b4d6","","Fully Invoiced","2026-05-25 18:10:39","True","__export__.crm_team_96_8d48bd6a","__export__.res_users_10_962e2fe2","Locked","150.7"
"__export__.sale_order_149136_3560f75d","D149122","__export__.res_users_22_942f71e3","2026-05-24 18:10:02","__export__.res_partner_1243_048493f3","","Fully Invoiced","2026-05-25 18:09:29","True","__export__.crm_team_51_075d42c1","__export__.res_users_22_942f71e3","Locked","126.25"
"__export__.sale_order_149135_cc0f5e77","D149121","__export__.res_users_22_942f71e3","2026-05-24 18:09:11","__export__.res_partner_2334_f01a5da2","","Fully Invoiced","2026-05-25 18:08:46","True","__export__.crm_team_110_3f98a3be","__export__.res_users_10_962e2fe2","Locked","169.35"
"__export__.sale_order_149134_67e80b9e","D149120","__export__.res_users_22_942f71e3","2026-05-24 18:08:36","__export__.res_partner_726_55339f90","","Fully Invoiced","2026-05-25 18:07:34","True","__export__.crm_team_109_1a8b3a5d","__export__.res_users_27_ccf3d93e","Locked","217.3"
"__export__.sale_order_149133_981a57c8","D149119","__export__.res_users_22_942f71e3","2026-05-24 18:07:19","__export__.res_partner_1007_ea60f1d5","","Fully Invoiced","2026-05-25 18:05:33","True","__export__.crm_team_102_350bf834","__export__.res_users_7_ace94875","Locked","469.24"
"__export__.sale_order_149131_250799c1","D149117","__export__.res_users_22_942f71e3","2026-05-24 17:34:08","__export__.res_partner_815_b205f784","","Fully Invoiced","2026-05-25 17:33:22","True","__export__.crm_team_292_464da319","__export__.res_users_22_942f71e3","Locked","100.15"
"__export__.sale_order_149132_39023817","D149118","__export__.res_users_22_942f71e3","2026-05-24 18:05:21","__export__.res_partner_1123_68f38c82","","Fully Invoiced","2026-05-25 17:09:31","True","__export__.crm_team_78_db60447e","__export__.res_users_27_ccf3d93e","Locked","307.4"
"__export__.sale_order_149129_9e0b5443","D149115","__export__.res_users_22_942f71e3","2026-05-24 15:38:12","__export__.res_partner_1136_1bc987b5","","Fully Invoiced","2026-05-25 15:32:48","True","__export__.crm_team_51_075d42c1","__export__.res_users_22_942f71e3","Locked","257.69"
"__export__.sale_order_149128_da58b605","D149114","__export__.res_users_22_942f71e3","2026-05-24 15:34:14","__export__.res_partner_1568_38bd8bd7","","Fully Invoiced","2026-05-25 15:31:16","True","__export__.crm_team_171_58fa18ab","__export__.res_users_22_942f71e3","Locked","393.45"
"__export__.sale_order_149130_51abf29d","D149116","__export__.res_users_22_942f71e3","2026-05-24 16:10:50","__export__.res_partner_831_4c93b992","","Fully Invoiced","2026-05-25 15:29:53","True","__export__.crm_team_278_1a2d18d7","__export__.res_users_22_942f71e3","Locked","288.87"
"__export__.sale_order_149127_3919d960","D149113","__export__.res_users_22_942f71e3","2026-05-24 15:32:32","__export__.res_partner_1117_6884394d","","Fully Invoiced","2026-05-25 15:29:35","True","__export__.crm_team_51_075d42c1","__export__.res_users_22_942f71e3","Locked","80.25"
"__export__.sale_order_149357_13e9c4a6","D149343","__export__.res_users_27_ccf3d93e","2026-05-25 15:23:45","__export__.res_partner_927_2a5972fe","","Fully Invoiced","2026-05-25 15:23:17","True","__export__.crm_team_111_3c32966d","__export__.res_users_7_ace94875","Locked","55.35"
"__export__.sale_order_149349_57dab2a6","D149335","__export__.res_users_7_ace94875","2026-05-25 14:18:27","__export__.res_partner_752_b29ee5f8","","Fully Invoiced","2026-05-25 14:17:51","True","__export__.crm_team_69_17e53434","__export__.res_users_7_ace94875","Locked","73.16"
"__export__.sale_order_149236_80aa690d","D149222","__export__.res_users_18_297f6f55","2026-05-24 23:31:45","__export__.res_partner_974_bde34019","","Fully Invoiced","2026-05-25 13:30:07","True","__export__.crm_team_98_821e316c","__export__.res_users_18_297f6f55","Locked","430.55"
"__export__.sale_order_149232_0a14060a","D149218","__export__.res_users_18_297f6f55","2026-05-24 23:27:45","__export__.res_partner_1047_0fe22c29","","Fully Invoiced","2026-05-25 13:27:19","True","__export__.crm_team_80_d86e22d9","__export__.res_users_27_ccf3d93e","Locked","61.0"
"__export__.sale_order_149231_886cc8d0","D149217","__export__.res_users_18_297f6f55","2026-05-24 23:27:10","__export__.res_partner_1748_4df4ef19","","Fully Invoiced","2026-05-25 13:26:13","True","__export__.crm_team_51_075d42c1","__export__.res_users_18_297f6f55","Locked","94.9"
"__export__.sale_order_149341_3ede689c","D149327","__export__.res_users_14_42108d61","2026-05-25 12:33:16","__export__.res_partner_1838_9a673e84","","Fully Invoiced","2026-05-25 12:32:48","True","__export__.crm_team_111_3c32966d","__export__.res_users_14_42108d61","Locked","48.0"
"__export__.sale_order_149340_8038986a","D149326","__export__.res_users_27_ccf3d93e","2026-05-25 12:32:00","__export__.res_partner_927_2a5972fe","","Fully Invoiced","2026-05-25 12:27:50","True","__export__.crm_team_111_3c32966d","__export__.res_users_7_ace94875","Locked","89.73"
"__export__.sale_order_149343_7f5b8741","D149329","__export__.res_users_10_962e2fe2","2026-05-25 12:36:14","__export__.res_partner_2425_300dec84","","Fully Invoiced","2026-05-25 12:21:10","True","__export__.crm_team_69_17e53434","__export__.res_users_10_962e2fe2","Locked","140.5"
"__export__.sale_order_149337_6ca7c53d","D149323","__export__.res_users_14_42108d61","2026-05-25 11:56:24","__export__.res_partner_2545_1403fe60","","Fully Invoiced","2026-05-25 11:56:04","True","__export__.crm_team_102_350bf834","__export__.res_users_14_42108d61","Locked","41.0"
"__export__.sale_order_149336_a3fd7e36","D149322","__export__.res_users_10_962e2fe2","2026-05-25 11:54:36","__export__.res_partner_1779_3bcf046f","","Fully Invoiced","2026-05-25 11:54:03","True","__export__.crm_team_137_eeba10e5","__export__.res_users_10_962e2fe2","Locked","204.5"
"__export__.sale_order_149335_80da2b49","D149321","__export__.res_users_27_ccf3d93e","2026-05-25 11:51:26","__export__.res_partner_1326_e85f9f0f","","Fully Invoiced","2026-05-25 11:50:50","True","__export__.crm_team_96_8d48bd6a","__export__.res_users_27_ccf3d93e","Locked","28.29"
"__export__.sale_order_149334_f34802ae","D149320","__export__.res_users_7_ace94875","2026-05-25 11:50:13","__export__.res_partner_1649_7cdf014b","","Fully Invoiced","2026-05-25 11:49:51","True","__export__.crm_team_230_30056844","__export__.res_users_27_ccf3d93e","Locked","603.26"
"__export__.sale_order_149332_ee1c9370","D149318","__export__.res_users_10_962e2fe2","2026-05-25 11:49:18","__export__.res_partner_1608_3c12a18b","","Fully Invoiced","2026-05-25 11:47:10","True","__export__.crm_team_102_350bf834","__export__.res_users_10_962e2fe2","Locked","283.22"
"__export__.sale_order_149330_9843d4ef","D149316","__export__.res_users_14_42108d61","2026-05-25 11:45:27","__export__.res_partner_2289_dca3de59","","Fully Invoiced","2026-05-25 11:44:30","True","__export__.crm_team_162_05a89d8e","__export__.res_users_14_42108d61","Locked","46.95"
"__export__.sale_order_149333_bb30834c","D149319","__export__.res_users_10_962e2fe2","2026-05-25 11:49:27","__export__.res_partner_1614_5e3c6e0a","","Fully Invoiced","2026-05-25 11:33:35","True","__export__.crm_team_137_eeba10e5","__export__.res_users_10_962e2fe2","Locked","512.21"
"__export__.sale_order_149327_4e7c30de","D149313","__export__.res_users_14_42108d61","2026-05-25 11:27:59","__export__.res_partner_2545_1403fe60","","Fully Invoiced","2026-05-25 11:27:36","True","__export__.crm_team_102_350bf834","__export__.res_users_14_42108d61","Locked","65.85"
"__export__.sale_order_149325_a61b2dfa","D149311","__export__.res_users_27_ccf3d93e","2026-05-25 11:17:43","__export__.res_partner_1184_6e0a68be","","Fully Invoiced","2026-05-25 11:17:27","True","__export__.crm_team_96_8d48bd6a","__export__.res_users_14_42108d61","Locked","178.0"
"__export__.sale_order_149324_d49c6a99","D149310","__export__.res_users_10_962e2fe2","2026-05-25 11:01:44","__export__.res_partner_752_b29ee5f8","","Fully Invoiced","2026-05-25 11:01:32","True","__export__.crm_team_69_17e53434","__export__.res_users_10_962e2fe2","Locked","73.0"
"__export__.sale_order_149323_d6dfb91c","D149309","__export__.res_users_10_962e2fe2","2026-05-25 11:00:42","__export__.res_partner_1073_2afb2f6f","","Fully Invoiced","2026-05-25 10:59:28","True","__export__.crm_team_69_17e53434","__export__.res_users_10_962e2fe2","Locked","304.9"
"__export__.sale_order_149322_e6b4f48a","D149308","__export__.res_users_27_ccf3d93e","2026-05-25 10:50:26","__export__.res_partner_1802_7606530d","","Fully Invoiced","2026-05-25 10:50:10","True","__export__.crm_team_277_1848bdf1","__export__.res_users_27_ccf3d93e","Locked","89.0"
"__export__.sale_order_149321_3ae89f10","D149307","__export__.res_users_10_962e2fe2","2026-05-25 10:49:40","__export__.res_partner_1577_224dd31f","","Fully Invoiced","2026-05-25 10:49:30","True","__export__.crm_team_69_17e53434","__export__.res_users_10_962e2fe2","Locked","17.9"
"__export__.sale_order_149320_13dec0a1","D149306","__export__.res_users_7_ace94875","2026-05-25 10:45:48","__export__.res_partner_2238_509cf283","","Fully Invoiced","2026-05-25 10:45:34","True","__export__.crm_team_291_de9693d0","__export__.res_users_7_ace94875","Locked","178.0"
"__export__.sale_order_149319_31560b0e","D149305","__export__.res_users_7_ace94875","2026-05-25 10:44:22","__export__.res_partner_2012_f514a226","","Fully Invoiced","2026-05-25 10:44:06","True","__export__.crm_team_297_46343bff","__export__.res_users_7_ace94875","Locked","89.0"
"__export__.sale_order_149318_045e722e","D149304","__export__.res_users_7_ace94875","2026-05-25 10:43:43","__export__.res_partner_2239_187fc3fe","","Fully Invoiced","2026-05-25 10:43:29","True","__export__.crm_team_230_30056844","__export__.res_users_7_ace94875","Locked","89.0"
"__export__.sale_order_149317_faa61512","D149303","__export__.res_users_10_962e2fe2","2026-05-25 10:31:35","__export__.res_partner_1165_dac64342","","Fully Invoiced","2026-05-25 10:31:09","True","__export__.crm_team_69_17e53434","__export__.res_users_10_962e2fe2","Locked","50.43"
"__export__.sale_order_149315_dc6a1202","D149301","__export__.res_users_10_962e2fe2","2026-05-25 10:26:20","__export__.res_partner_1165_dac64342","","Fully Invoiced","2026-05-25 10:24:28","True","__export__.crm_team_69_17e53434","__export__.res_users_10_962e2fe2","Locked","61.5"
"__export__.sale_order_149314_93d7e3cb","D149300","__export__.res_users_14_42108d61","2026-05-25 10:10:11","__export__.res_partner_2505_7bafa4be","","Fully Invoiced","2026-05-25 10:05:20","True","__export__.crm_team_295_a4e9ead7","__export__.res_users_14_42108d61","Locked","8.5"
"__export__.sale_order_149215_d1303d7e","D149201","__export__.res_users_14_42108d61","2026-05-24 23:01:26","__export__.res_partner_1994_4bb952c0","","Fully Invoiced","2026-05-25 09:57:49","True","__export__.crm_team_78_db60447e","__export__.res_users_14_42108d61","Locked","448.7"
"__export__.sale_order_149246_3fe13696","D149232","__export__.res_users_14_42108d61","2026-05-24 23:58:41","__export__.res_partner_1570_48b936ad","","Fully Invoiced","2026-05-25 09:54:38","True","__export__.crm_team_112_5a7d7484","__export__.res_users_14_42108d61","Locked","701.5"
"__export__.sale_order_149313_b7668de7","D149299","__export__.res_users_10_962e2fe2","2026-05-25 09:54:30","__export__.res_partner_2276_0cc5de73","","Fully Invoiced","2026-05-25 09:54:14","True","__export__.crm_team_277_1848bdf1","__export__.res_users_10_962e2fe2","Locked","9.0"
"__export__.sale_order_149245_3d3dbca8","D149231","__export__.res_users_14_42108d61","2026-05-24 23:54:36","__export__.res_partner_2510_f6a1dc97","","Fully Invoiced","2026-05-25 09:52:47","True","__export__.crm_team_78_db60447e","__export__.res_users_14_42108d61","Locked","256.3"
"__export__.sale_order_149244_f6a3b8de","D149230","__export__.res_users_14_42108d61","2026-05-24 23:52:30","__export__.res_partner_696_930a1ccb","","Fully Invoiced","2026-05-25 09:49:28","True","__export__.crm_team_228_ec7099f7","__export__.res_users_14_42108d61","Locked","401.86"
"__export__.sale_order_149178_ce372b79","D149164","__export__.res_users_14_42108d61","2026-05-24 22:14:25","__export__.res_partner_1216_828e12b8","","Fully Invoiced","2026-05-25 09:48:00","True","__export__.crm_team_39_ffc4074f","__export__.res_users_14_42108d61","Locked","44.5"
"__export__.sale_order_149243_e275f89c","D149229","__export__.res_users_14_42108d61","2026-05-24 23:48:25","__export__.res_partner_2478_0a6bc6a3","","Fully Invoiced","2026-05-25 09:45:55","True","__export__.crm_team_79_8cb35e83","__export__.res_users_14_42108d61","Locked","707.02"
"__export__.sale_order_149118_f11a76a0","D149104","__export__.res_users_14_42108d61","2026-05-23 09:58:27","__export__.res_partner_2555_ba76af6c","","Fully Invoiced","2026-05-25 09:45:11","True","__export__.crm_team_102_350bf834","__export__.res_users_14_42108d61","Locked","2548.46"
"__export__.sale_order_149210_fae92386","D149196","__export__.res_users_14_42108d61","2026-05-24 22:52:28","__export__.res_partner_1079_f42ddf2f","","Fully Invoiced","2026-05-25 09:44:32","True","__export__.crm_team_112_5a7d7484","__export__.res_users_14_42108d61","Locked","1007.6"
"__export__.sale_order_149312_962a4659","D149298","__export__.res_users_10_962e2fe2","2026-05-25 09:44:24","__export__.res_partner_1332_ccfc6a83","","Fully Invoiced","2026-05-25 09:43:24","True","__export__.crm_team_69_17e53434","__export__.res_users_10_962e2fe2","Locked","137.11"
"__export__.sale_order_149204_c2287f1e","D149190","__export__.res_users_14_42108d61","2026-05-24 22:44:07","__export__.res_partner_2547_8f7ed1f4","","Fully Invoiced","2026-05-25 09:40:56","True","__export__.crm_team_289_72f3a502","__export__.res_users_14_42108d61","Locked","385.0"
"__export__.sale_order_149201_d8ef5f35","D149187","__export__.res_users_14_42108d61","2026-05-24 22:40:40","__export__.res_partner_1991_a2810e90","","Fully Invoiced","2026-05-25 09:39:23","True","__export__.crm_team_112_5a7d7484","__export__.res_users_14_42108d61","Locked","669.95"
"__export__.sale_order_149242_1b632453","D149228","__export__.res_users_14_42108d61","2026-05-24 23:45:35","__export__.res_partner_2419_e2111cb0","","Fully Invoiced","2026-05-25 09:35:28","True","__export__.crm_team_78_db60447e","__export__.res_users_14_42108d61","Locked","177.15"
"__export__.sale_order_149238_ae477249","D149224","__export__.res_users_14_42108d61","2026-05-24 23:34:19","__export__.res_partner_1820_6043d6fd","","Fully Invoiced","2026-05-25 09:33:52","True","__export__.crm_team_161_8055857d","__export__.res_users_14_42108d61","Locked","28.0"
"__export__.sale_order_149199_9a22114f","D149185","__export__.res_users_14_42108d61","2026-05-24 22:39:00","__export__.res_partner_1838_9a673e84","","Fully Invoiced","2026-05-25 09:33:09","True","__export__.crm_team_172_e403f408","__export__.res_users_14_42108d61","Locked","283.0"
"__export__.sale_order_149193_f5a09a18","D149179","__export__.res_users_14_42108d61","2026-05-24 22:32:17","__export__.res_partner_2028_9fa04bc8","","Fully Invoiced","2026-05-25 09:30:24","True","__export__.crm_team_96_8d48bd6a","__export__.res_users_14_42108d61","Locked","185.95"
"__export__.sale_order_149237_5e51345c","D149223","__export__.res_users_14_42108d61","2026-05-24 23:33:51","__export__.res_partner_1820_6043d6fd","","Fully Invoiced","2026-05-25 09:30:22","True","__export__.crm_team_161_8055857d","__export__.res_users_14_42108d61","Locked","586.1"
"__export__.sale_order_149311_51fa53e6","D149297","__export__.res_users_10_962e2fe2","2026-05-25 09:27:36","__export__.res_partner_1042_4b562afb","","Fully Invoiced","2026-05-25 09:27:14","True","__export__.crm_team_79_8cb35e83","__export__.res_users_10_962e2fe2","Locked","37.5"
"__export__.sale_order_149187_ff52298f","D149173","__export__.res_users_14_42108d61","2026-05-24 22:28:18","__export__.res_partner_1081_1b628387","","Fully Invoiced","2026-05-25 09:26:46","True","__export__.crm_team_299_61b03594","__export__.res_users_14_42108d61","Locked","152.0"
"__export__.sale_order_149310_fbfcaacb","D149296","__export__.res_users_10_962e2fe2","2026-05-25 09:26:01","__export__.res_partner_790_fcc5b5d9","","Fully Invoiced","2026-05-25 09:23:46","True","__export__.crm_team_137_eeba10e5","__export__.res_users_10_962e2fe2","Locked","284.53"
"__export__.sale_order_149309_2ed5f0ae","D149295","__export__.res_users_10_962e2fe2","2026-05-25 09:22:09","__export__.res_partner_2468_e2144f10","已给","Fully Invoiced","2026-05-25 09:21:55","True","__export__.crm_team_69_17e53434","__export__.res_users_10_962e2fe2","Locked","105.0"
"__export__.sale_order_149235_2c964aa2","D149221","__export__.res_users_14_42108d61","2026-05-24 23:30:04","__export__.res_partner_2050_3666fbb2","","Fully Invoiced","2026-05-25 09:21:48","True","__export__.crm_team_96_8d48bd6a","__export__.res_users_14_42108d61","Locked","422.25"
"__export__.sale_order_149308_941ff202","D149294","__export__.res_users_10_962e2fe2","2026-05-25 09:21:30","__export__.res_partner_2334_f01a5da2","","Fully Invoiced","2026-05-25 09:21:22","True","__export__.crm_team_112_5a7d7484","__export__.res_users_10_962e2fe2","Locked","5.2"
"__export__.sale_order_149229_115e1197","D149215","__export__.res_users_14_42108d61","2026-05-24 23:21:47","__export__.res_partner_1781_a043f483","","Fully Invoiced","2026-05-25 09:19:56","True","__export__.crm_team_79_8cb35e83","__export__.res_users_10_962e2fe2","Locked","189.0"
"__export__.sale_order_149113_aaae3194","D149099","__export__.res_users_10_962e2fe2","2026-05-23 09:18:34","__export__.res_partner_818_8185df11","","Fully Invoiced","2026-05-25 09:18:19","True","__export__.crm_team_59_95d20efd","__export__.res_users_10_962e2fe2","Locked","426.12"
"__export__.sale_order_149182_c76005fd","D149168","__export__.res_users_14_42108d61","2026-05-24 22:25:08","__export__.res_partner_1075_51f5f6f0","","Fully Invoiced","2026-05-25 09:17:30","True","__export__.crm_team_299_61b03594","__export__.res_users_14_42108d61","Locked","135.25"
"__export__.sale_order_149185_9ae07c89","D149171","__export__.res_users_14_42108d61","2026-05-24 22:26:23","__export__.res_partner_723_b6aff6bf","","Fully Invoiced","2026-05-25 09:14:53","True","__export__.crm_team_96_8d48bd6a","__export__.res_users_14_42108d61","Locked","291.31"
"__export__.sale_order_149228_7cb80cd0","D149214","__export__.res_users_14_42108d61","2026-05-24 23:18:08","__export__.res_partner_858_0e5ada1d","","Fully Invoiced","2026-05-25 09:13:21","True","__export__.crm_team_79_8cb35e83","__export__.res_users_14_42108d61","Locked","384.17"
"__export__.sale_order_149225_d3a8a3b0","D149211","__export__.res_users_14_42108d61","2026-05-24 23:09:17","__export__.res_partner_2232_5eb6c569","","Fully Invoiced","2026-05-25 09:05:16","True","__export__.crm_team_136_d1985d03","__export__.res_users_14_42108d61","Locked","822.99"
"__export__.sale_order_149220_1f978662","D149206","__export__.res_users_14_42108d61","2026-05-24 23:04:21","__export__.res_partner_2505_7bafa4be","","Fully Invoiced","2026-05-25 09:02:53","True","__export__.crm_team_295_a4e9ead7","__export__.res_users_14_42108d61","Locked","402.25"
"__export__.sale_order_149307_0cbc1810","D149293","__export__.res_users_27_ccf3d93e","2026-05-25 09:04:13","__export__.res_partner_927_2a5972fe","","Fully Invoiced","2026-05-25 08:59:27","True","__export__.crm_team_172_e403f408","__export__.res_users_7_ace94875","Locked","406.5"
"__export__.sale_order_149306_65d39e2f","D149292","__export__.res_users_7_ace94875","2026-05-25 08:57:49","__export__.res_partner_819_b17977bb","","Fully Invoiced","2026-05-25 08:56:42","True","__export__.crm_team_161_8055857d","__export__.res_users_7_ace94875","Locked","57.0"
"__export__.sale_order_149305_ce61a4ef","D149291","__export__.res_users_27_ccf3d93e","2026-05-25 08:57:19","__export__.res_partner_1125_8ced4c04","","Fully Invoiced","2026-05-25 08:54:10","True","__export__.crm_team_164_342f4b15","__export__.res_users_27_ccf3d93e","Locked","291.85"
"__export__.sale_order_149304_d15d1fa5","D149290","__export__.res_users_14_42108d61","2026-05-25 08:54:45","__export__.res_partner_1184_6e0a68be","","Fully Invoiced","2026-05-25 08:52:25","True","__export__.crm_team_96_8d48bd6a","__export__.res_users_14_42108d61","Locked","623.93"
"__export__.sale_order_149302_fff61d66","D149288","__export__.res_users_27_ccf3d93e","2026-05-25 08:45:46","__export__.res_partner_1577_224dd31f","仓库出货","Fully Invoiced","2026-05-25 08:44:24","True","__export__.crm_team_69_17e53434","__export__.res_users_27_ccf3d93e","Locked","228.11"
"__export__.sale_order_149300_e9cbdd23","D149286","__export__.res_users_27_ccf3d93e","2026-05-25 08:39:49","__export__.res_partner_718_eef01ed3","done","Fully Invoiced","2026-05-25 08:39:26","True","__export__.crm_team_69_17e53434","__export__.res_users_27_ccf3d93e","Locked","24.0"
"__export__.sale_order_149296_14f55d72","D149282","__export__.res_users_27_ccf3d93e","2026-05-25 08:39:21","__export__.res_partner_1143_18bb08c9","","Fully Invoiced","2026-05-25 08:35:46","True","__export__.crm_team_98_821e316c","__export__.res_users_22_942f71e3","Locked","179.87"
"__export__.sale_order_149295_aeb8422c","D149281","__export__.res_users_7_ace94875","2026-05-25 08:35:41","__export__.res_partner_1881_931f180a","done","Fully Invoiced","2026-05-25 08:35:12","True","__export__.crm_team_69_17e53434","__export__.res_users_8_fb87432d","Locked","104.5"
"__export__.sale_order_149293_a942b060","D149279","__export__.res_users_14_42108d61","2026-05-25 08:33:30","__export__.res_partner_1582_2a53fed0","","Fully Invoiced","2026-05-25 08:32:13","True","__export__.crm_team_134_5d6888e6","__export__.res_users_14_42108d61","Locked","172.0"
"__export__.sale_order_149290_8f25bbea","D149276","__export__.res_users_10_962e2fe2","2026-05-25 08:30:37","__export__.res_partner_874_2fe3c6b7","","Fully Invoiced","2026-05-25 08:30:14","True","__export__.crm_team_59_95d20efd","__export__.res_users_10_962e2fe2","Locked","70.0"
"__export__.sale_order_149291_acec2b5b","D149277","__export__.res_users_14_42108d61","2026-05-25 08:30:42","__export__.res_partner_1913_0b4fe26f","","Fully Invoiced","2026-05-25 08:29:02","True","__export__.crm_team_51_075d42c1","__export__.res_users_14_42108d61","Locked","296.37"
"__export__.sale_order_149289_b47ff7bb","D149275","__export__.res_users_10_962e2fe2","2026-05-25 08:30:07","__export__.res_partner_2063_4f237b67","","Fully Invoiced","2026-05-25 08:28:39","True","__export__.crm_team_159_d09f9755","__export__.res_users_8_fb87432d","Locked","321.35"
"__export__.sale_order_149288_60e44fb0","D149274","__export__.res_users_10_962e2fe2","2026-05-25 08:28:36","__export__.res_partner_1202_b6f07a60","","Fully Invoiced","2026-05-25 08:27:45","True","__export__.crm_team_163_c20aff5a","__export__.res_users_22_942f71e3","Locked","199.95"
"__export__.sale_order_149287_ac7af229","D149273","__export__.res_users_7_ace94875","2026-05-25 08:26:28","__export__.res_partner_1634_e8b1f7be","","Fully Invoiced","2026-05-25 08:23:26","True","__export__.crm_team_232_fa62cff8","__export__.res_users_28_e1e8c9ed","Locked","196.34"
"__export__.sale_order_149286_e30a2f4f","D149272","__export__.res_users_14_42108d61","2026-05-25 08:25:31","__export__.res_partner_2414_e36e6f88","","Fully Invoiced","2026-05-25 08:23:10","True","__export__.crm_team_164_342f4b15","__export__.res_users_14_42108d61","Locked","334.4"
"__export__.sale_order_149285_84fb7c7e","D149271","__export__.res_users_10_962e2fe2","2026-05-25 08:23:26","__export__.res_partner_766_97fcda57","","Fully Invoiced","2026-05-25 08:22:17","True","__export__.crm_team_297_46343bff","__export__.res_users_10_962e2fe2","Locked","124.0"
"__export__.sale_order_149284_a179b3c1","D149270","__export__.res_users_10_962e2fe2","2026-05-25 08:23:24","__export__.res_partner_966_906c2cfc","","Fully Invoiced","2026-05-25 08:22:12","True","__export__.crm_team_297_46343bff","__export__.res_users_10_962e2fe2","Locked","86.35"
"__export__.sale_order_149282_0dc02217","D149268","__export__.res_users_14_42108d61","2026-05-25 08:22:53","__export__.res_partner_2545_1403fe60","","Fully Invoiced","2026-05-25 08:21:48","True","__export__.crm_team_80_d86e22d9","__export__.res_users_14_42108d61","Locked","367.21"
"__export__.sale_order_149283_3e5acce6","D149269","__export__.res_users_7_ace94875","2026-05-25 08:23:10","__export__.res_partner_2465_44cc3e52","","Fully Invoiced","2026-05-25 08:21:47","True","__export__.crm_team_98_821e316c","__export__.res_users_28_e1e8c9ed","Locked","426.67"
"__export__.sale_order_149280_5e7e5b52","D149266","__export__.res_users_7_ace94875","2026-05-25 08:21:41","__export__.res_partner_2466_86473cec","","Fully Invoiced","2026-05-25 08:20:44","True","__export__.crm_team_232_fa62cff8","__export__.res_users_28_e1e8c9ed","Locked","161.7"
"__export__.sale_order_149279_30a83968","D149265","__export__.res_users_14_42108d61","2026-05-25 08:21:37","__export__.res_partner_1647_f302a0a9","","Fully Invoiced","2026-05-25 08:20:34","True","__export__.crm_team_231_ec27440e","__export__.res_users_14_42108d61","Locked","91.25"
"__export__.sale_order_149281_e5cd86e2","D149267","__export__.res_users_10_962e2fe2","2026-05-25 08:21:53","__export__.res_partner_1912_c1e91db3","","Fully Invoiced","2026-05-25 08:20:30","True","__export__.crm_team_277_1848bdf1","__export__.res_users_10_962e2fe2","Locked","169.5"
"__export__.sale_order_149276_11d3153a","D149262","__export__.res_users_7_ace94875","2026-05-25 08:19:45","__export__.res_partner_839_998b05c9","","Fully Invoiced","2026-05-25 08:19:31","True","__export__.crm_team_163_c20aff5a","__export__.res_users_28_e1e8c9ed","Locked","44.48"
"__export__.sale_order_149278_1d9a0df7","D149264","__export__.res_users_14_42108d61","2026-05-25 08:20:19","__export__.res_partner_2429_c1d41fbc","","Fully Invoiced","2026-05-25 08:19:18","True","__export__.crm_team_80_d86e22d9","__export__.res_users_14_42108d61","Locked","367.05"
"__export__.sale_order_149277_4e2ed530","D149263","__export__.res_users_10_962e2fe2","2026-05-25 08:19:53","__export__.res_partner_1332_ccfc6a83","已给","Fully Invoiced","2026-05-25 08:17:09","True","__export__.crm_team_69_17e53434","__export__.res_users_10_962e2fe2","Locked","564.45"
"__export__.sale_order_149274_0877e038","D149260","__export__.res_users_10_962e2fe2","2026-05-25 08:16:33","__export__.res_partner_1809_c8a0a275","","Fully Invoiced","2026-05-25 08:15:55","True","__export__.crm_team_51_075d42c1","__export__.res_users_10_962e2fe2","Locked","118.25"
"__export__.sale_order_149275_a13ddbbd","D149261","__export__.res_users_7_ace94875","2026-05-25 08:19:08","__export__.res_partner_2054_971c1abd","","Fully Invoiced","2026-05-25 08:15:26","True","__export__.crm_team_96_8d48bd6a","__export__.res_users_28_e1e8c9ed","Locked","250.01"
"__export__.sale_order_149272_63734998","D149258","__export__.res_users_7_ace94875","2026-05-25 08:14:46","__export__.res_partner_2422_1f2be714","","Fully Invoiced","2026-05-25 08:13:41","True","__export__.crm_team_291_de9693d0","__export__.res_users_7_ace94875","Locked","75.9"
"__export__.sale_order_149271_be53bcd6","D149257","__export__.res_users_10_962e2fe2","2026-05-25 08:13:16","__export__.res_partner_1128_64cbbe68","","Fully Invoiced","2026-05-25 08:12:45","True","__export__.crm_team_227_ffd73472","__export__.res_users_10_962e2fe2","Locked","67.5"
"__export__.sale_order_149273_2333ce8f","D149259","__export__.res_users_14_42108d61","2026-05-25 08:16:01","__export__.res_partner_1579_d86b0c07","","Fully Invoiced","2026-05-25 08:11:09","True","__export__.crm_team_137_eeba10e5","__export__.res_users_14_42108d61","Locked","561.71"
"__export__.sale_order_149270_ad616b8a","D149256","__export__.res_users_14_42108d61","2026-05-25 08:08:27","__export__.res_partner_1929_26162493","","Fully Invoiced","2026-05-25 08:06:31","True","__export__.crm_team_299_61b03594","__export__.res_users_7_ace94875","Locked","353.48"
"__export__.sale_order_149269_4d12860a","D149255","__export__.res_users_14_42108d61","2026-05-25 08:06:01","__export__.res_partner_2531_e0e03692","","Fully Invoiced","2026-05-25 08:05:13","True","__export__.crm_team_137_eeba10e5","__export__.res_users_22_942f71e3","Locked","109.65"
"__export__.sale_order_149267_4c8d0a37","D149253","__export__.res_users_14_42108d61","2026-05-25 08:04:36","__export__.res_partner_2094_36cea150","","Fully Invoiced","2026-05-25 08:04:17","True","__export__.crm_team_277_1848bdf1","__export__.res_users_14_42108d61","Locked","15.01"
"__export__.sale_order_149268_a3f1dbfd","D149254","__export__.res_users_7_ace94875","2026-05-25 08:05:25","__export__.res_partner_703_689677ed","","Fully Invoiced","2026-05-25 08:02:51","True","__export__.crm_team_295_a4e9ead7","__export__.res_users_22_942f71e3","Locked","642.25"
"__export__.sale_order_149266_ba61f8c6","D149252","__export__.res_users_14_42108d61","2026-05-25 08:03:50","__export__.res_partner_2289_dca3de59","","Fully Invoiced","2026-05-25 08:02:17","True","__export__.crm_team_159_d09f9755","__export__.res_users_14_42108d61","Locked","251.02"
"__export__.sale_order_149265_d7fa0ef7","D149251","__export__.res_users_7_ace94875","2026-05-25 08:02:00","__export__.res_partner_752_b29ee5f8","Taste of Hong Kong","Fully Invoiced","2026-05-25 08:01:25","True","__export__.crm_team_228_ec7099f7","__export__.res_users_7_ace94875","Locked","15.05"
"__export__.sale_order_149263_53659f88","D149249","__export__.res_users_7_ace94875","2026-05-25 08:01:17","__export__.res_partner_2226_073d5a5a","","Fully Invoiced","2026-05-25 08:00:29","True","__export__.crm_team_228_ec7099f7","__export__.res_users_10_962e2fe2","Locked","241.5"
"__export__.sale_order_149262_546a873f","D149248","__export__.res_users_14_42108d61","2026-05-25 07:59:26","__export__.res_partner_1159_a59e4c3e","","Fully Invoiced","2026-05-25 07:58:41","True","__export__.crm_team_61_8dc82ae3","__export__.res_users_14_42108d61","Locked","203.32"
"__export__.sale_order_149264_b534dea0","D149250","__export__.res_users_14_42108d61","2026-05-25 08:01:57","__export__.res_partner_2094_36cea150","","Fully Invoiced","2026-05-25 07:56:05","True","__export__.crm_team_277_1848bdf1","__export__.res_users_14_42108d61","Locked","17.5"
"__export__.sale_order_149261_371e5ae5","D149247","__export__.res_users_14_42108d61","2026-05-25 07:55:58","__export__.res_partner_991_2b9a995e","","Fully Invoiced","2026-05-25 07:55:25","True","__export__.crm_team_292_464da319","__export__.res_users_14_42108d61","Locked","204.85"
"__export__.sale_order_149260_d771966b","D149246","__export__.res_users_14_42108d61","2026-05-25 07:53:08","__export__.res_partner_859_c1e0c4b2","","Fully Invoiced","2026-05-25 07:49:05","True","__export__.crm_team_277_1848bdf1","__export__.res_users_14_42108d61","Locked","880.65"
"__export__.sale_order_149258_264674fb","D149244","__export__.res_users_14_42108d61","2026-05-25 07:45:09","__export__.res_partner_1616_533a6f33","","Fully Invoiced","2026-05-25 07:44:21","True","__export__.crm_team_228_ec7099f7","__export__.res_users_14_42108d61","Locked","291.5"
"__export__.sale_order_149257_b4d9ba00","D149243","__export__.res_users_14_42108d61","2026-05-25 07:40:40","__export__.res_partner_702_52a425d1","","Fully Invoiced","2026-05-25 07:38:55","True","__export__.crm_team_61_8dc82ae3","__export__.res_users_8_fb87432d","Locked","1311.82"
"__export__.sale_order_149256_e150fa02","D149242","__export__.res_users_14_42108d61","2026-05-25 07:38:42","__export__.res_partner_1294_703558f9","","Fully Invoiced","2026-05-25 07:37:32","True","__export__.crm_team_109_1a8b3a5d","__export__.res_users_14_42108d61","Locked","369.78"
"__export__.sale_order_149254_ae948ba3","D149240","__export__.res_users_14_42108d61","2026-05-25 07:36:54","__export__.res_partner_2526_65f4da72","","Fully Invoiced","2026-05-25 07:36:13","True","__export__.crm_team_161_8055857d","__export__.res_users_10_962e2fe2","Locked","137.0"
"__export__.sale_order_149255_05f2d6ea","D149241","__export__.res_users_14_42108d61","2026-05-25 07:37:21","__export__.res_partner_2522_4ddc00ff","","Fully Invoiced","2026-05-25 07:34:10","True","__export__.crm_team_227_ffd73472","__export__.res_users_10_962e2fe2","Locked","126.0"
"__export__.sale_order_149252_58dd6bd6","D149238","__export__.res_users_14_42108d61","2026-05-25 07:25:38","__export__.res_partner_2536_e53ff52d","","Fully Invoiced","2026-05-25 07:22:51","True","__export__.crm_team_289_72f3a502","__export__.res_users_14_42108d61","Locked","271.85"
"__export__.sale_order_149253_bf8d913c","D149239","__export__.res_users_14_42108d61","2026-05-25 07:29:09","__export__.res_partner_1930_95ef299e","","Fully Invoiced","2026-05-25 07:22:29","True","__export__.crm_team_295_a4e9ead7","__export__.res_users_14_42108d61","Locked","533.84"
"__export__.sale_order_149251_466f1c4f","D149237","__export__.res_users_14_42108d61","2026-05-25 07:21:33","__export__.res_partner_907_99000eb5","","Fully Invoiced","2026-05-25 07:20:12","True","__export__.crm_team_39_ffc4074f","__export__.res_users_14_42108d61","Locked","287.67"
"__export__.sale_order_149250_f8b57381","D149236","__export__.res_users_14_42108d61","2026-05-25 07:19:54","__export__.res_partner_1845_ce74c057","","Fully Invoiced","2026-05-25 07:19:02","True","__export__.crm_team_39_ffc4074f","__export__.res_users_14_42108d61","Locked","73.0"
"__export__.sale_order_149249_c885c392","D149235","__export__.res_users_14_42108d61","2026-05-25 07:18:49","__export__.res_partner_902_081ecc25","","Fully Invoiced","2026-05-25 07:17:45","True","__export__.crm_team_59_95d20efd","__export__.res_users_14_42108d61","Locked","230.0"
"__export__.sale_order_149230_0dc8ffc5","D149216","__export__.res_users_7_ace94875","2026-05-24 23:22:13","__export__.res_partner_918_2f7fb42e","","Fully Invoiced","2026-05-25 03:21:13","True","__export__.crm_team_110_3f98a3be","__export__.res_users_27_ccf3d93e","Locked","319.0"
"__export__.sale_order_149227_be63ef2c","D149213","__export__.res_users_7_ace94875","2026-05-24 23:12:26","__export__.res_partner_2238_509cf283","","Fully Invoiced","2026-05-25 03:11:37","True","__export__.crm_team_291_de9693d0","__export__.res_users_7_ace94875","Locked","1072.54"
"__export__.sale_order_149223_ce384516","D149209","__export__.res_users_7_ace94875","2026-05-24 23:06:48","__export__.res_partner_1020_60fc6f31","","Fully Invoiced","2026-05-25 03:06:07","True","__export__.crm_team_298_0b4d52ae","__export__.res_users_7_ace94875","Locked","213.3"
"__export__.sale_order_149222_0e2d16b8","D149208","__export__.res_users_7_ace94875","2026-05-24 23:04:59","__export__.res_partner_789_0ae6dd9e","","Fully Invoiced","2026-05-25 03:03:59","True","__export__.crm_team_231_ec27440e","__export__.res_users_7_ace94875","Locked","381.2"
"__export__.sale_order_149216_89220d69","D149202","__export__.res_users_7_ace94875","2026-05-24 23:02:10","__export__.res_partner_1008_4287ea11","","Fully Invoiced","2026-05-25 03:00:44","True","__export__.crm_team_61_8dc82ae3","__export__.res_users_7_ace94875","Locked","288.14"
"__export__.sale_order_148652_9ed4757a","D148638","__export__.res_users_8_fb87432d","2026-05-19 16:29:37","__export__.res_partner_925_9533fa54","price list","Nothing to Invoice","2026-05-24 16:19:14","False","sales_team.team_sales_department","__export__.res_users_18_297f6f55","Cancelled","1258.01"
"__export__.sale_order_148740_5c41ab97","D148726","__export__.res_users_14_42108d61","2026-05-20 08:23:00","__export__.res_partner_1276_3d2b8258","价格表 only","Nothing to Invoice","2026-05-24 08:21:55","False","sales_team.team_sales_department","__export__.res_users_22_942f71e3","Quotation Sent","2408.37"
"__export__.sale_order_149066_af7baa40","D149052","__export__.res_users_7_ace94875","2026-05-22 13:31:33","__export__.res_partner_2462_884eb14e","","Fully Invoiced","2026-05-23 13:31:13","True","__export__.crm_team_290_b4e2eca7","__export__.res_users_28_e1e8c9ed","Locked",""
"__export__.sale_order_149125_25b6534a","D149111","__export__.res_users_27_ccf3d93e","2026-05-23 11:49:49","__export__.res_partner_752_b29ee5f8","","Fully Invoiced","2026-05-23 11:49:33","True","__export__.crm_team_69_17e53434","__export__.res_users_27_ccf3d93e","Locked","27.0"
"__export__.sale_order_149124_822cbeba","D149110","__export__.res_users_7_ace94875","2026-05-23 11:32:43","__export__.res_partner_2052_563650ad","","Fully Invoiced","2026-05-23 11:32:07","True","__export__.crm_team_69_17e53434","__export__.res_users_7_ace94875","Locked","18.0"
"__export__.sale_order_149123_998722b2","D149109","__export__.res_users_27_ccf3d93e","2026-05-23 11:08:34","__export__.res_partner_2052_563650ad","","Fully Invoiced","2026-05-23 11:08:16","True","__export__.crm_team_69_17e53434","__export__.res_users_27_ccf3d93e","Locked","108.0"
"__export__.sale_order_149122_4d3ce3d7","D149108","__export__.res_users_27_ccf3d93e","2026-05-23 11:06:07","__export__.res_partner_714_6e0d102d","","Fully Invoiced","2026-05-23 11:05:48","True","__export__.crm_team_69_17e53434","__export__.res_users_14_42108d61","Locked","36.5"
"__export__.sale_order_149121_4a9a2735","D149107","__export__.res_users_27_ccf3d93e","2026-05-23 11:03:56","__export__.res_partner_2062_392da815","","Fully Invoiced","2026-05-23 11:02:51","True","__export__.crm_team_69_17e53434","__export__.res_users_8_fb87432d","Locked","87.34"
"__export__.sale_order_149120_bc8271a4","D149106","__export__.res_users_27_ccf3d93e","2026-05-23 10:21:23","__export__.res_partner_752_b29ee5f8","","Fully Invoiced","2026-05-23 10:20:50","True","__export__.crm_team_69_17e53434","__export__.res_users_27_ccf3d93e","Locked","19.5"
"__export__.sale_order_149119_4407a288","D149105","__export__.res_users_10_962e2fe2","2026-05-23 10:10:19","__export__.res_partner_818_8185df11","","Fully Invoiced","2026-05-23 10:09:31","True","__export__.crm_team_96_8d48bd6a","__export__.res_users_10_962e2fe2","Locked","196.0"
"__export__.sale_order_149117_72587c27","D149103","__export__.res_users_10_962e2fe2","2026-05-23 09:51:56","__export__.res_partner_2052_563650ad","","Fully Invoiced","2026-05-23 09:51:39","True","__export__.crm_team_69_17e53434","__export__.res_users_10_962e2fe2","Locked","21.5"
"__export__.sale_order_149116_8d648453","D149102","__export__.res_users_27_ccf3d93e","2026-05-23 09:38:21","__export__.res_partner_718_eef01ed3","","Fully Invoiced","2026-05-23 09:38:06","True","__export__.crm_team_69_17e53434","__export__.res_users_27_ccf3d93e","Locked","45.0"
"__export__.sale_order_149115_ba337200","D149101","__export__.res_users_27_ccf3d93e","2026-05-23 09:30:17","__export__.res_partner_1042_4b562afb","","Fully Invoiced","2026-05-23 09:30:02","True","__export__.crm_team_96_8d48bd6a","__export__.res_users_27_ccf3d93e","Locked","28.0"
"__export__.sale_order_149051_8e25ea81","D149037","__export__.res_users_10_962e2fe2","2026-05-22 09:24:33","__export__.res_partner_874_2fe3c6b7","","Fully Invoiced","2026-05-23 09:24:20","True","__export__.crm_team_49_ed5dc1d0","__export__.res_users_10_962e2fe2","Locked","41.27"
"__export__.sale_order_149114_c8a5249e","D149100","__export__.res_users_10_962e2fe2","2026-05-23 09:22:44","__export__.res_partner_2052_563650ad","","Fully Invoiced","2026-05-23 09:21:29","True","__export__.crm_team_69_17e53434","__export__.res_users_10_962e2fe2","Locked","547.5"
"__export__.sale_order_149112_03f1dec1","D149098","__export__.res_users_14_42108d61","2026-05-23 09:10:01","__export__.res_partner_902_081ecc25","","Fully Invoiced","2026-05-23 09:09:25","True","__export__.crm_team_96_8d48bd6a","__export__.res_users_14_42108d61","Locked","14.21"
"__export__.sale_order_149110_71cdf4b5","D149096","__export__.res_users_27_ccf3d93e","2026-05-23 09:06:22","__export__.res_partner_1577_224dd31f","","Fully Invoiced","2026-05-23 09:05:54","True","__export__.crm_team_112_5a7d7484","__export__.res_users_27_ccf3d93e","Locked","41.0"
"__export__.sale_order_149111_ec4c62ac","D149097","__export__.res_users_10_962e2fe2","2026-05-23 09:06:23","__export__.res_partner_818_8185df11","RO不要确认","Nothing to Invoice","2026-05-23 08:59:17","True","__export__.crm_team_96_8d48bd6a","__export__.res_users_10_962e2fe2","Quotation","1110.25"
"__export__.sale_order_149109_c455227e","D149095","__export__.res_users_10_962e2fe2","2026-05-23 08:59:11","__export__.res_partner_874_2fe3c6b7","","Fully Invoiced","2026-05-23 08:58:31","True","__export__.crm_team_96_8d48bd6a","__export__.res_users_10_962e2fe2","Locked","12.0"
"__export__.sale_order_149108_5038eb35","D149094","__export__.res_users_14_42108d61","2026-05-23 08:44:23","__export__.res_partner_2385_e546677e","","Fully Invoiced","2026-05-23 08:43:47","True","__export__.crm_team_96_8d48bd6a","__export__.res_users_14_42108d61","Locked","14.0"
"__export__.sale_order_149107_f78afa1b","D149093","__export__.res_users_27_ccf3d93e","2026-05-23 08:42:45","__export__.res_partner_1577_224dd31f","仓库出货","Fully Invoiced","2026-05-23 08:39:24","True","__export__.crm_team_69_17e53434","__export__.res_users_27_ccf3d93e","Locked","303.17"
"__export__.sale_order_149105_dddc56eb","D149091","__export__.res_users_14_42108d61","2026-05-23 08:37:35","__export__.res_partner_702_52a425d1","","Fully Invoiced","2026-05-23 08:36:36","False","__export__.crm_team_5_bc4839e4","__export__.res_users_8_fb87432d","Locked","54.48"
"__export__.sale_order_149106_7b061253","D149092","__export__.res_users_27_ccf3d93e","2026-05-23 08:37:54","__export__.res_partner_1577_224dd31f","","Fully Invoiced","2026-05-23 08:35:46","True","__export__.crm_team_43_6092e23f","__export__.res_users_10_962e2fe2","Locked","138.5"
"__export__.sale_order_149104_77d2331c","D149090","__export__.res_users_10_962e2fe2","2026-05-23 08:35:54","__export__.res_partner_1326_e85f9f0f","CANCELLED","Nothing to Invoice","2026-05-23 08:35:08","False","__export__.crm_team_96_8d48bd6a","__export__.res_users_27_ccf3d93e","Quotation",""
"__export__.sale_order_149102_12720abf","D149088","__export__.res_users_14_42108d61","2026-05-23 08:28:33","__export__.res_partner_768_72edcbdb","","Fully Invoiced","2026-05-23 08:28:06","True","__export__.crm_team_49_ed5dc1d0","__export__.res_users_14_42108d61","Locked","132.36"
"__export__.sale_order_149103_8ceb9ea5","D149089","__export__.res_users_10_962e2fe2","2026-05-23 08:29:37","__export__.res_partner_878_d6f1bc08","","Fully Invoiced","2026-05-23 08:27:45","True","__export__.crm_team_96_8d48bd6a","__export__.res_users_10_962e2fe2","Locked","178.6"
"__export__.sale_order_149101_fa875be0","D149087","__export__.res_users_14_42108d61","2026-05-23 08:27:48","__export__.res_partner_1869_c2b3c1c3","","Fully Invoiced","2026-05-23 08:25:24","True","__export__.crm_team_96_8d48bd6a","__export__.res_users_14_42108d61","Locked","211.76"
"__export__.sale_order_149100_48d29daa","D149086","__export__.res_users_10_962e2fe2","2026-05-23 08:25:58","__export__.res_partner_1003_ca286395","","Fully Invoiced","2026-05-23 08:24:29","True","__export__.crm_team_49_ed5dc1d0","__export__.res_users_10_962e2fe2","Locked","192.0"
"__export__.sale_order_149098_6bce0fbf","D149084","__export__.res_users_7_ace94875","2026-05-23 08:22:07","__export__.res_partner_1326_e85f9f0f","","Fully Invoiced","2026-05-23 08:21:50","True","__export__.crm_team_49_ed5dc1d0","__export__.res_users_27_ccf3d93e","Locked","71.96"
"__export__.sale_order_149099_19d6fe1f","D149085","__export__.res_users_10_962e2fe2","2026-05-23 08:23:37","__export__.res_partner_1881_931f180a","done","Fully Invoiced","2026-05-23 08:18:46","True","__export__.crm_team_69_17e53434","__export__.res_users_8_fb87432d","Locked","744.55"
"__export__.sale_order_149097_01adfeea","D149083","__export__.res_users_27_ccf3d93e","2026-05-23 08:20:58","__export__.res_partner_858_0e5ada1d","","Fully Invoiced","2026-05-23 08:18:18","True","__export__.crm_team_96_8d48bd6a","__export__.res_users_14_42108d61","Locked","478.39"
"__export__.sale_order_149096_07ac03ff","D149082","__export__.res_users_10_962e2fe2","2026-05-23 08:18:17","__export__.res_partner_2057_b196e088","","Fully Invoiced","2026-05-23 08:17:50","True","__export__.crm_team_49_ed5dc1d0","__export__.res_users_10_962e2fe2","Locked","97.5"
"__export__.sale_order_149094_9bf0fdc0","D149080","__export__.res_users_14_42108d61","2026-05-23 08:17:48","__export__.res_partner_902_081ecc25","","Fully Invoiced","2026-05-23 08:14:31","True","__export__.crm_team_96_8d48bd6a","__export__.res_users_14_42108d61","Locked","455.26"
"__export__.sale_order_149092_befa5751","D149078","__export__.res_users_14_42108d61","2026-05-23 08:13:50","__export__.res_partner_2509_d01aa094","","Fully Invoiced","2026-05-23 08:12:07","True","__export__.crm_team_292_464da319","__export__.res_users_14_42108d61","Locked","251.5"
"__export__.sale_order_149095_10d6505e","D149081","__export__.res_users_10_962e2fe2","2026-05-23 08:17:48","__export__.res_partner_1626_60b65b7e","","Fully Invoiced","2026-05-23 08:11:45","True","__export__.crm_team_290_b4e2eca7","__export__.res_users_10_962e2fe2","Locked","112.7"
"__export__.sale_order_149091_ef43b9c5","D149077","__export__.res_users_14_42108d61","2026-05-23 08:11:56","__export__.res_partner_2500_54e25243","","Fully Invoiced","2026-05-23 08:11:09","True","__export__.crm_team_49_ed5dc1d0","__export__.res_users_10_962e2fe2","Locked","133.5"
"__export__.sale_order_149089_36d2dfdb","D149075","__export__.res_users_14_42108d61","2026-05-23 08:10:53","__export__.res_partner_1576_8c8f7051","","Fully Invoiced","2026-05-23 08:09:43","True","__export__.crm_team_290_b4e2eca7","__export__.res_users_14_42108d61","Locked","203.45"
"__export__.sale_order_149093_04345aca","D149079","__export__.res_users_27_ccf3d93e","2026-05-23 08:15:56","__export__.res_partner_1042_4b562afb","","Fully Invoiced","2026-05-23 08:09:25","True","__export__.crm_team_96_8d48bd6a","__export__.res_users_27_ccf3d93e","Locked","493.98"
"__export__.sale_order_149087_72fbaafa","D149073","__export__.res_users_27_ccf3d93e","2026-05-23 08:08:55","__export__.res_partner_2226_073d5a5a","","Fully Invoiced","2026-05-23 08:08:03","True","__export__.crm_team_290_b4e2eca7","__export__.res_users_10_962e2fe2","Locked","180.21"
"__export__.sale_order_149088_fcc3ff82","D149074","__export__.res_users_14_42108d61","2026-05-23 08:09:22","__export__.res_partner_1994_4bb952c0","","Fully Invoiced","2026-05-23 08:07:38","True","__export__.crm_team_96_8d48bd6a","__export__.res_users_14_42108d61","Locked","626.24"
"__export__.sale_order_149086_d6809832","D149072","__export__.res_users_14_42108d61","2026-05-23 08:07:25","__export__.res_partner_1845_ce74c057","","Fully Invoiced","2026-05-23 08:06:50","True","__export__.crm_team_49_ed5dc1d0","__export__.res_users_14_42108d61","Locked","143.65"
"__export__.sale_order_149090_7d15f745","D149076","__export__.res_users_10_962e2fe2","2026-05-23 08:11:31","__export__.res_partner_1162_84b0db9d","","Fully Invoiced","2026-05-23 08:06:42","True","__export__.crm_team_289_72f3a502","__export__.res_users_7_ace94875","Locked","359.7"
"__export__.sale_order_149084_7efb7382","D149070","__export__.res_users_14_42108d61","2026-05-23 08:06:31","__export__.res_partner_1830_408e614c","","Fully Invoiced","2026-05-23 08:04:52","True","__export__.crm_team_292_464da319","__export__.res_users_14_42108d61","Locked","387.5"
"__export__.sale_order_149083_946a183e","D149069","__export__.res_users_10_962e2fe2","2026-05-23 08:04:37","__export__.res_partner_1616_533a6f33","","Fully Invoiced","2026-05-23 08:03:54","True","__export__.crm_team_289_72f3a502","__export__.res_users_10_962e2fe2","Locked","143.45"
"__export__.sale_order_149085_e7f92f08","D149071","__export__.res_users_10_962e2fe2","2026-05-23 08:06:42","__export__.res_partner_702_52a425d1","","Fully Invoiced","2026-05-23 08:03:35","True","__export__.crm_team_291_de9693d0","__export__.res_users_8_fb87432d","Locked","333.55"
"__export__.sale_order_149081_c85151cc","D149067","__export__.res_users_10_962e2fe2","2026-05-23 08:03:33","__export__.res_partner_1318_c98a4b7c","","Fully Invoiced","2026-05-23 08:02:43","True","__export__.crm_team_49_ed5dc1d0","__export__.res_users_10_962e2fe2","Locked","86.5"
"__export__.sale_order_149080_04c36213","D149066","__export__.res_users_10_962e2fe2","2026-05-23 08:02:42","__export__.res_partner_874_2fe3c6b7","","Fully Invoiced","2026-05-23 08:02:25","True","__export__.crm_team_49_ed5dc1d0","__export__.res_users_10_962e2fe2","Locked","56.0"
"__export__.sale_order_149082_8f7bb334","D149068","__export__.res_users_14_42108d61","2026-05-23 08:03:46","__export__.res_partner_866_7023b017","","Fully Invoiced","2026-05-23 08:00:54","True","__export__.crm_team_289_72f3a502","__export__.res_users_8_fb87432d","Locked","363.5"
"__export__.sale_order_149079_e7e4ce0c","D149065","__export__.res_users_10_962e2fe2","2026-05-23 08:01:22","__export__.res_partner_1567_920f121d","","Fully Invoiced","2026-05-23 08:00:06","True","__export__.crm_team_290_b4e2eca7","__export__.res_users_10_962e2fe2","Locked","99.0"
"__export__.sale_order_149078_e6a86620","D149064","__export__.res_users_10_962e2fe2","2026-05-23 07:59:46","__export__.res_partner_1596_3194d941","","Fully Invoiced","2026-05-23 07:57:59","True","__export__.crm_team_292_464da319","__export__.res_users_10_962e2fe2","Locked","165.95"
"__export__.sale_order_149077_82d72137","D149063","__export__.res_users_10_962e2fe2","2026-05-23 07:57:55","__export__.res_partner_1008_4287ea11","","Fully Invoiced","2026-05-23 07:56:52","True","__export__.crm_team_59_95d20efd","__export__.res_users_7_ace94875","Locked","71.96"
"__export__.sale_order_149076_5e2ca970","D149062","__export__.res_users_10_962e2fe2","2026-05-23 07:57:53","__export__.res_partner_1036_c336a2ab","","Fully Invoiced","2026-05-23 07:55:13","True","__export__.crm_team_59_95d20efd","__export__.res_users_7_ace94875","Locked","279.1"
"__export__.sale_order_149075_7d74f4b4","D149061","__export__.res_users_10_962e2fe2","2026-05-23 07:54:51","__export__.res_partner_1781_a043f483","","Fully Invoiced","2026-05-23 07:52:53","True","__export__.crm_team_59_95d20efd","__export__.res_users_10_962e2fe2","Sales Order","500.86"
"__export__.sale_order_149074_940d2fd9","D149060","__export__.res_users_10_962e2fe2","2026-05-23 07:38:31","__export__.res_partner_2522_4ddc00ff","","Fully Invoiced","2026-05-23 07:37:14","True","__export__.crm_team_289_72f3a502","__export__.res_users_10_962e2fe2","Locked","65.0"
"__export__.sale_order_149073_a5fae171","D149059","__export__.res_users_10_962e2fe2","2026-05-23 07:37:43","__export__.res_partner_2526_65f4da72","送到Chengdu Hotpot D1","Fully Invoiced","2026-05-23 07:35:29","True","__export__.crm_team_289_72f3a502","__export__.res_users_10_962e2fe2","Locked","161.0"
"__export__.sale_order_148996_c9312aa8","D148982","__export__.res_users_8_fb87432d","2026-05-21 23:48:09","__export__.res_partner_2203_a475d102","CANCELLED","Nothing to Invoice","2026-05-22 23:48:09","True","__export__.crm_team_69_17e53434","__export__.res_users_22_942f71e3","Quotation","1804.45"
"__export__.sale_order_148994_9be82a18","D148980","__export__.res_users_8_fb87432d","2026-05-21 23:43:37","__export__.res_partner_1074_53257163","","Fully Invoiced","2026-05-22 23:43:02","True","__export__.crm_team_101_78f106ba","__export__.res_users_8_fb87432d","Locked",""
"__export__.sale_order_148992_e585365a","D148978","__export__.res_users_8_fb87432d","2026-05-21 23:42:31","__export__.res_partner_1109_907527cb","","Fully Invoiced","2026-05-22 23:41:35","True","__export__.crm_team_101_78f106ba","__export__.res_users_18_297f6f55","Locked","63.75"
"__export__.sale_order_148968_2b4fe6a6","D148954","__export__.res_users_7_ace94875","2026-05-21 22:59:50","__export__.res_partner_2012_f514a226","","Fully Invoiced","2026-05-22 22:57:43","True","__export__.crm_team_298_0b4d52ae","__export__.res_users_7_ace94875","Locked","347.2"
"__export__.sale_order_148967_3a1d340c","D148953","__export__.res_users_7_ace94875","2026-05-21 22:57:19","__export__.res_partner_1237_e8a3ce1f","","Fully Invoiced","2026-05-22 22:55:03","True","__export__.crm_team_291_de9693d0","__export__.res_users_7_ace94875","Locked","920.16"
"__export__.sale_order_148966_763b8f3e","D148952","__export__.res_users_7_ace94875","2026-05-21 22:53:41","__export__.res_partner_2502_7b92f574","","Fully Invoiced","2026-05-22 22:51:11","True","__export__.crm_team_297_46343bff","__export__.res_users_7_ace94875","Locked","652.0"
"__export__.sale_order_148965_904beb57","D148951","__export__.res_users_7_ace94875","2026-05-21 22:51:02","__export__.res_partner_800_a1949b1d","","Fully Invoiced","2026-05-22 22:49:47","True","__export__.crm_team_98_821e316c","__export__.res_users_7_ace94875","Locked","617.4"
"__export__.sale_order_148964_49d4f03f","D148950","__export__.res_users_7_ace94875","2026-05-21 22:49:35","__export__.res_partner_2029_983ad619","","Fully Invoiced","2026-05-22 22:47:45","True","__export__.crm_team_290_b4e2eca7","__export__.res_users_22_942f71e3","Locked","81.4"
"__export__.sale_order_148963_a96e5574","D148949","__export__.res_users_7_ace94875","2026-05-21 22:47:35","__export__.res_partner_1900_f609d842","","Fully Invoiced","2026-05-22 22:45:30","True","__export__.crm_team_290_b4e2eca7","__export__.res_users_22_942f71e3","Locked","141.25"
"__export__.sale_order_148962_6ce3f54b","D148948","__export__.res_users_7_ace94875","2026-05-21 22:44:54","__export__.res_partner_786_4ca3c046","","Fully Invoiced","2026-05-22 22:43:29","True","__export__.crm_team_96_8d48bd6a","__export__.res_users_7_ace94875","Locked","571.0"
"__export__.sale_order_148961_9fbc9184","D148947","__export__.res_users_7_ace94875","2026-05-21 22:43:24","__export__.res_partner_2553_e1e16865","","Fully Invoiced","2026-05-22 22:42:37","True","__export__.crm_team_296_40815358","__export__.res_users_7_ace94875","Locked","140.33"
"__export__.sale_order_148836_b1c956e9","D148822","__export__.res_users_7_ace94875","2026-05-20 22:40:01","__export__.res_partner_2026_b3659e1c","","Fully Invoiced","2026-05-22 22:39:00","True","__export__.crm_team_229_a2ef141e","__export__.res_users_7_ace94875","Locked","123.6"
"__export__.sale_order_148957_e614c2b6","D148943","__export__.res_users_22_942f71e3","2026-05-21 21:42:26","__export__.res_partner_1042_4b562afb","","Fully Invoiced","2026-05-22 21:41:54","True","__export__.crm_team_59_95d20efd","__export__.res_users_22_942f71e3","Locked","181.7"
"__export__.sale_order_148956_e35d0152","D148942","__export__.res_users_22_942f71e3","2026-05-21 21:41:42","__export__.res_partner_768_72edcbdb","","Fully Invoiced","2026-05-22 21:40:00","True","__export__.crm_team_39_ffc4074f","__export__.res_users_22_942f71e3","Locked","83.5"
"__export__.sale_order_148954_d2c19516","D148940","__export__.res_users_10_962e2fe2","2026-05-21 21:09:56","__export__.res_partner_1611_726cf95c","","Fully Invoiced","2026-05-22 21:08:10","True","__export__.crm_team_290_b4e2eca7","__export__.res_users_7_ace94875","Locked","575.45"
"__export__.sale_order_148953_cb758474","D148939","__export__.res_users_10_962e2fe2","2026-05-21 21:05:56","__export__.res_partner_1572_87bf5297","","Fully Invoiced","2026-05-22 21:04:10","True","__export__.crm_team_231_ec27440e","__export__.res_users_10_962e2fe2","Locked","235.14"
"__export__.sale_order_148952_ea5a4189","D148938","__export__.res_users_10_962e2fe2","2026-05-21 21:03:51","__export__.res_partner_2468_e2144f10","done","Fully Invoiced","2026-05-22 21:02:44","True","__export__.crm_team_69_17e53434","__export__.res_users_10_962e2fe2","Locked","158.74"
"__export__.sale_order_148951_30d41dfa","D148937","__export__.res_users_10_962e2fe2","2026-05-21 21:00:13","__export__.res_partner_876_3767ea21","","Fully Invoiced","2026-05-22 20:57:28","True","__export__.crm_team_80_d86e22d9","__export__.res_users_10_962e2fe2","Locked","235.4"
"__export__.sale_order_148950_19274cef","D148936","__export__.res_users_10_962e2fe2","2026-05-21 20:57:04","__export__.res_partner_2023_d499846c","done","Fully Invoiced","2026-05-22 20:56:48","True","__export__.crm_team_69_17e53434","__export__.res_users_10_962e2fe2","Locked","22.5"
"__export__.sale_order_148949_ad985234","D148935","__export__.res_users_10_962e2fe2","2026-05-21 20:56:25","__export__.res_partner_951_7495bf44","done","Fully Invoiced","2026-05-22 20:56:08","True","__export__.crm_team_69_17e53434","__export__.res_users_10_962e2fe2","Locked","69.75"
"__export__.sale_order_148948_2f41770d","D148934","__export__.res_users_10_962e2fe2","2026-05-21 20:54:57","__export__.res_partner_2259_982a2137","已给","Fully Invoiced","2026-05-22 20:54:42","True","__export__.crm_team_69_17e53434","__export__.res_users_10_962e2fe2","Locked","63.0"
"__export__.sale_order_148947_caf8e591","D148933","__export__.res_users_10_962e2fe2","2026-05-21 20:53:58","__export__.res_partner_956_89e96401","","Fully Invoiced","2026-05-22 20:51:48","True","__export__.crm_team_51_075d42c1","__export__.res_users_10_962e2fe2","Locked","195.9"
"__export__.sale_order_148946_33b27c89","D148932","__export__.res_users_10_962e2fe2","2026-05-21 20:51:09","__export__.res_partner_707_b92d9a31","","Fully Invoiced","2026-05-22 20:48:22","True","__export__.crm_team_229_a2ef141e","__export__.res_users_10_962e2fe2","Locked","461.38"
"__export__.sale_order_148945_4b02f70f","D148931","__export__.res_users_10_962e2fe2","2026-05-21 20:47:03","__export__.res_partner_1567_920f121d","","Fully Invoiced","2026-05-22 20:45:54","True","__export__.crm_team_227_ffd73472","__export__.res_users_10_962e2fe2","Locked","29.5"
"__export__.sale_order_148944_d8a6cc89","D148930","__export__.res_users_10_962e2fe2","2026-05-21 20:46:51","__export__.res_partner_1603_68c3be70","","Fully Invoiced","2026-05-22 20:44:03","True","__export__.crm_team_159_d09f9755","__export__.res_users_10_962e2fe2","Locked","122.0"
"__export__.sale_order_148943_a287c98d","D148929","__export__.res_users_10_962e2fe2","2026-05-21 20:43:59","__export__.res_partner_997_1abc595b","","Fully Invoiced","2026-05-22 20:39:53","True","__export__.crm_team_291_de9693d0","__export__.res_users_7_ace94875","Locked","797.31"
"__export__.sale_order_148955_447a6aff","D148941","__export__.res_users_22_942f71e3","2026-05-21 21:22:05","__export__.res_partner_815_b205f784","","Fully Invoiced","2026-05-22 20:20:13","True","__export__.crm_team_296_40815358","__export__.res_users_22_942f71e3","Locked","262.9"
"__export__.sale_order_148942_733b70b2","D148928","__export__.res_users_22_942f71e3","2026-05-21 20:17:37","__export__.res_partner_1018_7a4e2980","","Fully Invoiced","2026-05-22 20:15:55","True","__export__.crm_team_229_a2ef141e","__export__.res_users_7_ace94875","Locked","96.95"
"__export__.sale_order_148941_8d179cdd","D148927","__export__.res_users_22_942f71e3","2026-05-21 20:15:47","__export__.res_partner_1123_68f38c82","","Fully Invoiced","2026-05-22 20:13:52","True","__export__.crm_team_78_db60447e","__export__.res_users_27_ccf3d93e","Locked","213.0"
"__export__.sale_order_148940_68f78d8b","D148926","__export__.res_users_22_942f71e3","2026-05-21 20:03:58","__export__.res_partner_2203_a475d102","已给","Nothing to Invoice","2026-05-22 19:54:22","True","__export__.crm_team_69_17e53434","__export__.res_users_22_942f71e3","Sales Order","1804.45"
"__export__.sale_order_148939_23abe876","D148925","__export__.res_users_22_942f71e3","2026-05-21 19:37:10","__export__.res_partner_1577_224dd31f","","Fully Invoiced","2026-05-22 19:36:29","True","__export__.crm_team_227_ffd73472","__export__.res_users_22_942f71e3","Locked","40.5"
"__export__.sale_order_148938_ba4a9509","D148924","__export__.res_users_14_42108d61","2026-05-21 19:35:20","__export__.res_partner_1075_51f5f6f0","","Fully Invoiced","2026-05-22 19:28:01","True","__export__.crm_team_298_0b4d52ae","__export__.res_users_14_42108d61","Locked","188.5"
"__export__.sale_order_148667_e21f8a53","D148653","__export__.res_users_8_fb87432d","2026-05-19 19:04:10","__export__.res_partner_2364_24378e58","小王来取  cancelled all return","Fully Invoiced","2026-05-22 18:11:59","True","__export__.crm_team_69_17e53434","__export__.res_users_8_fb87432d","Locked","668.05"
"__export__.sale_order_148937_ed56a4ed","D148923","__export__.res_users_14_42108d61","2026-05-21 16:20:54","__export__.res_partner_2554_2a140201","11:45","Fully Invoiced","2026-05-22 16:02:29","True","__export__.crm_team_61_8dc82ae3","__export__.res_users_14_42108d61","Locked","136.2"
"__export__.sale_order_148935_282cd9ad","D148921","__export__.res_users_14_42108d61","2026-05-21 15:27:17","__export__.res_partner_1850_f0cc69bf","寿司盒样品一系列","Fully Invoiced","2026-05-22 15:24:16","True","__export__.crm_team_295_a4e9ead7","__export__.res_users_14_42108d61","Locked","283.7"
"__export__.sale_order_149072_6926711e","D149058","__export__.res_users_27_ccf3d93e","2026-05-22 15:18:03","__export__.res_partner_2470_9c0f81f1","","To Invoice","2026-05-22 15:17:52","False","sales_team.team_sales_department","__export__.res_users_27_ccf3d93e","Locked","34.0"
"__export__.sale_order_148936_93c369f6","D148922","__export__.res_users_10_962e2fe2","2026-05-21 15:29:36","__export__.res_partner_2259_982a2137","已给","Fully Invoiced","2026-05-22 15:16:27","True","__export__.crm_team_69_17e53434","__export__.res_users_10_962e2fe2","Locked","1034.7"
"__export__.sale_order_149071_f2a84c81","D149057","__export__.res_users_14_42108d61","2026-05-22 14:53:50","__export__.res_partner_752_b29ee5f8","","Fully Invoiced","2026-05-22 14:49:30","True","__export__.crm_team_69_17e53434","__export__.res_users_14_42108d61","Locked","90.2"
"__export__.sale_order_149070_13cbb6f0","D149056","__export__.res_users_14_42108d61","2026-05-22 14:39:02","__export__.res_partner_752_b29ee5f8","","Fully Invoiced","2026-05-22 14:38:36","True","__export__.crm_team_69_17e53434","__export__.res_users_14_42108d61","Locked","42.0"
"__export__.sale_order_148933_8ba79d0f","D148919","__export__.res_users_14_42108d61","2026-05-21 14:38:40","__export__.res_partner_2050_3666fbb2","","Fully Invoiced","2026-05-22 14:34:36","True","__export__.crm_team_96_8d48bd6a","__export__.res_users_14_42108d61","Locked","374.3"
"__export__.sale_order_148931_12830c00","D148917","__export__.res_users_14_42108d61","2026-05-21 14:34:10","__export__.res_partner_1570_48b936ad","","Fully Invoiced","2026-05-22 14:31:52","True","__export__.crm_team_274_8b9d8c38","__export__.res_users_14_42108d61","Locked","335.5"
"__export__.sale_order_149069_5f9ae463","D149055","__export__.res_users_27_ccf3d93e","2026-05-22 14:30:50","__export__.res_partner_752_b29ee5f8","","Fully Invoiced","2026-05-22 14:29:11","True","__export__.crm_team_69_17e53434","__export__.res_users_27_ccf3d93e","Locked","14.79"
"__export__.sale_order_148930_7f4e2f25","D148916","__export__.res_users_14_42108d61","2026-05-21 14:28:54","__export__.res_partner_1820_6043d6fd","","Fully Invoiced","2026-05-22 14:28:26","True","__export__.crm_team_161_8055857d","__export__.res_users_14_42108d61","Locked","28.0"
"__export__.sale_order_149068_1afd8195","D149054","__export__.res_users_10_962e2fe2","2026-05-22 14:00:42","__export__.res_partner_2468_e2144f10","","Fully Invoiced","2026-05-22 14:00:20","True","__export__.crm_team_162_05a89d8e","__export__.res_users_10_962e2fe2","Locked","1050.0"
"__export__.sale_order_148999_9142a9d1","D148985","__export__.res_users_18_297f6f55","2026-05-22 00:00:13","__export__.res_partner_988_d8939c6f","","Fully Invoiced","2026-05-22 13:57:09","True","__export__.crm_team_232_fa62cff8","__export__.res_users_18_297f6f55","Locked","118.25"
"__export__.sale_order_149067_6f017e3f","D149053","__export__.res_users_7_ace94875","2026-05-22 13:34:43","__export__.res_partner_1313_4ce22376","","Fully Invoiced","2026-05-22 13:34:27","True","__export__.crm_team_68_3f175cd9","__export__.res_users_7_ace94875","Locked","28.0"
"__export__.sale_order_148927_ab0712e2","D148913","__export__.res_users_14_42108d61","2026-05-21 13:13:46","__export__.res_partner_1079_f42ddf2f","","Fully Invoiced","2026-05-22 13:12:47","True","__export__.crm_team_275_339b1b1f","__export__.res_users_14_42108d61","Locked","1303.42"
"__export__.sale_order_148976_9aab69c5","D148962","__export__.res_users_18_297f6f55","2026-05-21 23:12:24","__export__.res_partner_692_5b156858","","Fully Invoiced","2026-05-22 13:12:00","True","__export__.crm_team_96_8d48bd6a","__export__.res_users_22_942f71e3","Locked","67.0"
"__export__.sale_order_148926_37dd246f","D148912","__export__.res_users_10_962e2fe2","2026-05-21 12:16:56","__export__.res_partner_954_c4c0df31","done","Fully Invoiced","2026-05-22 12:16:20","True","__export__.crm_team_69_17e53434","__export__.res_users_10_962e2fe2","Locked","58.0"
"__export__.sale_order_148925_5d59539f","D148911","__export__.res_users_7_ace94875","2026-05-21 12:06:24","__export__.res_partner_2424_82fac167","","Fully Invoiced","2026-05-22 12:05:29","True","__export__.crm_team_228_ec7099f7","__export__.res_users_28_e1e8c9ed","Locked","226.2"
"__export__.sale_order_148766_dcf2bca9","D148752","__export__.res_users_10_962e2fe2","2026-05-20 12:04:07","__export__.res_partner_951_7495bf44","已给","Fully Invoiced","2026-05-22 11:59:06","True","__export__.crm_team_69_17e53434","__export__.res_users_10_962e2fe2","Locked","695.25"
"__export__.sale_order_149065_3ecac9b9","D149051","__export__.res_users_27_ccf3d93e","2026-05-22 11:49:27","__export__.res_partner_1577_224dd31f","仓库出货","Fully Invoiced","2026-05-22 11:48:25","True","__export__.crm_team_111_3c32966d","__export__.res_users_27_ccf3d93e","Locked","13.65"
"__export__.sale_order_148628_2a3e2b21","D148614","__export__.res_users_10_962e2fe2","2026-05-19 11:44:00","__export__.res_partner_1559_7f2ffb8d","done","Fully Invoiced","2026-05-22 11:43:32","True","__export__.crm_team_69_17e53434","__export__.res_users_10_962e2fe2","Sales Order","396.31"
"__export__.sale_order_149064_43010bdd","D149050","__export__.res_users_27_ccf3d93e","2026-05-22 11:12:42","__export__.res_partner_927_2a5972fe","","Fully Invoiced","2026-05-22 11:12:24","True","__export__.crm_team_162_05a89d8e","__export__.res_users_7_ace94875","Locked","11.0"
"__export__.sale_order_148922_867c041a","D148908","__export__.res_users_10_962e2fe2","2026-05-21 11:03:11","__export__.res_partner_2023_d499846c","已给","Fully Invoiced","2026-05-22 11:00:17","True","__export__.crm_team_69_17e53434","__export__.res_users_10_962e2fe2","Locked","196.75"
"__export__.sale_order_149063_a63784d3","D149049","__export__.res_users_27_ccf3d93e","2026-05-22 10:55:22","__export__.res_partner_832_c2d9cc05","","Fully Invoiced","2026-05-22 10:54:20","True","__export__.crm_team_69_17e53434","__export__.res_users_27_ccf3d93e","Locked","43.67"
"__export__.sale_order_149062_324fc2aa","D149048","__export__.res_users_10_962e2fe2","2026-05-22 10:35:10","__export__.res_partner_2519_9b3545b1","","Fully Invoiced","2026-05-22 10:32:12","True","__export__.crm_team_102_350bf834","__export__.res_users_10_962e2fe2","Locked","580.47"
"__export__.sale_order_149061_67415605","D149047","__export__.res_users_14_42108d61","2026-05-22 10:25:44","__export__.res_partner_1570_48b936ad","","Fully Invoiced","2026-05-22 10:25:24","True","__export__.crm_team_275_339b1b1f","__export__.res_users_14_42108d61","Locked","69.5"
"__export__.sale_order_148916_61db41a0","D148902","__export__.res_users_10_962e2fe2","2026-05-21 10:20:23","__export__.res_partner_818_8185df11","","Fully Invoiced","2026-05-22 10:20:08","True","__export__.crm_team_59_95d20efd","__export__.res_users_10_962e2fe2","Locked","705.01"
"__export__.sale_order_149003_487187c0","D148989","__export__.res_users_18_297f6f55","2026-05-22 00:20:09","__export__.res_partner_2156_ba2f749b","","Fully Invoiced","2026-05-22 10:19:12","True","__export__.crm_team_96_8d48bd6a","__export__.res_users_10_962e2fe2","Locked","125.55"
"__export__.sale_order_149060_0632e921","D149046","__export__.res_users_27_ccf3d93e","2026-05-22 10:23:07","__export__.res_partner_1766_b5865f7b","","Fully Invoiced","2026-05-22 10:19:08","True","__export__.crm_team_230_30056844","__export__.res_users_27_ccf3d93e","Sales Order","105.75"
"__export__.sale_order_148915_4ac63eef","D148901","__export__.res_users_10_962e2fe2","2026-05-21 10:19:12","__export__.res_partner_874_2fe3c6b7","","Fully Invoiced","2026-05-22 10:18:22","True","__export__.crm_team_39_ffc4074f","__export__.res_users_10_962e2fe2","Locked","92.41"
"__export__.sale_order_149002_ea03c7e4","D148988","__export__.res_users_18_297f6f55","2026-05-22 00:18:59","__export__.res_partner_1268_23010732","","Fully Invoiced","2026-05-22 10:18:21","True","__export__.crm_team_96_8d48bd6a","__export__.res_users_10_962e2fe2","Locked","206.85"
"__export__.sale_order_148914_d22d4899","D148900","__export__.res_users_10_962e2fe2","2026-05-21 10:18:14","__export__.res_partner_954_c4c0df31","已给","Fully Invoiced","2026-05-22 10:16:16","True","__export__.crm_team_69_17e53434","__export__.res_users_10_962e2fe2","Locked","400.9"
"__export__.sale_order_149001_6ee8e248","D148987","__export__.res_users_18_297f6f55","2026-05-22 00:17:51","__export__.res_partner_1990_c219b4d6","","Fully Invoiced","2026-05-22 10:16:01","True","__export__.crm_team_96_8d48bd6a","__export__.res_users_10_962e2fe2","Locked","285.6"
"__export__.sale_order_149059_791ab31b","D149045","__export__.res_users_10_962e2fe2","2026-05-22 10:10:44","__export__.res_partner_954_c4c0df31","","Fully Invoiced","2026-05-22 10:10:24","True","__export__.crm_team_69_17e53434","__export__.res_users_10_962e2fe2","Locked","79.0"
"__export__.sale_order_149058_ddd4c1d2","D149044","__export__.res_users_10_962e2fe2","2026-05-22 10:07:36","__export__.res_partner_1073_2afb2f6f","已给","Fully Invoiced","2026-05-22 10:06:31","True","__export__.crm_team_69_17e53434","__export__.res_users_10_962e2fe2","Locked","70.0"
"__export__.sale_order_149000_48c5347a","D148986","__export__.res_users_18_297f6f55","2026-05-22 00:02:04","__export__.res_partner_1103_926e4c12","","Fully Invoiced","2026-05-22 10:01:05","True","__export__.crm_team_296_40815358","__export__.res_users_18_297f6f55","Locked","89.0"
"__export__.sale_order_148997_8b86dea3","D148983","__export__.res_users_14_42108d61","2026-05-21 23:59:57","__export__.res_partner_2547_8f7ed1f4","","Fully Invoiced","2026-05-22 09:57:27","True","__export__.crm_team_289_72f3a502","__export__.res_users_14_42108d61","Locked","351.3"
"__export__.sale_order_149057_dc128afe","D149043","__export__.res_users_10_962e2fe2","2026-05-22 09:56:04","__export__.res_partner_752_b29ee5f8","","Fully Invoiced","2026-05-22 09:55:55","True","__export__.crm_team_69_17e53434","__export__.res_users_10_962e2fe2","Locked","19.0"
"__export__.sale_order_149056_1f8462ef","D149042","__export__.res_users_10_962e2fe2","2026-05-22 09:55:44","__export__.res_partner_1324_6d2ce121","","Fully Invoiced","2026-05-22 09:52:56","True","__export__.crm_team_96_8d48bd6a","__export__.res_users_10_962e2fe2","Locked","123.05"
"__export__.sale_order_149055_59fa890d","D149041","__export__.res_users_10_962e2fe2","2026-05-22 09:55:42","__export__.res_partner_945_acf591c0","","Fully Invoiced","2026-05-22 09:52:49","True","__export__.crm_team_96_8d48bd6a","__export__.res_users_10_962e2fe2","Locked","192.73"
"__export__.sale_order_148995_7d6b090e","D148981","__export__.res_users_14_42108d61","2026-05-21 23:46:49","__export__.res_partner_858_0e5ada1d","","Fully Invoiced","2026-05-22 09:43:52","True","__export__.crm_team_59_95d20efd","__export__.res_users_14_42108d61","Locked","200.47"
"__export__.sale_order_149053_795b1504","D149039","__export__.res_users_14_42108d61","2026-05-22 09:43:23","__export__.res_partner_902_081ecc25","","Fully Invoiced","2026-05-22 09:42:51","True","__export__.crm_team_59_95d20efd","__export__.res_users_14_42108d61","Locked","66.5"
"__export__.sale_order_148993_97590445","D148979","__export__.res_users_14_42108d61","2026-05-21 23:43:35","__export__.res_partner_1994_4bb952c0","","Fully Invoiced","2026-05-22 09:42:42","True","__export__.crm_team_79_8cb35e83","__export__.res_users_14_42108d61","Locked","199.3"
"__export__.sale_order_149054_ae8c8f71","D149040","__export__.res_users_10_962e2fe2","2026-05-22 09:44:20","__export__.res_partner_1177_9fd4c60d","","Fully Invoiced","2026-05-22 09:41:39","True","__export__.crm_team_230_30056844","__export__.res_users_22_942f71e3","Locked","148.82"
"__export__.sale_order_148991_e6402205","D148977","__export__.res_users_14_42108d61","2026-05-21 23:41:59","__export__.res_partner_2478_0a6bc6a3","","Fully Invoiced","2026-05-22 09:40:31","True","__export__.crm_team_78_db60447e","__export__.res_users_14_42108d61","Locked","372.0"
"__export__.sale_order_148990_4f529b59","D148976","__export__.res_users_14_42108d61","2026-05-21 23:38:50","__export__.res_partner_1003_ca286395","","Fully Invoiced","2026-05-22 09:35:57","True","__export__.crm_team_39_ffc4074f","__export__.res_users_10_962e2fe2","Locked","145.0"
"__export__.sale_order_148989_50d3cf3e","D148975","__export__.res_users_14_42108d61","2026-05-21 23:35:26","__export__.res_partner_1576_8c8f7051","","Fully Invoiced","2026-05-22 09:34:25","True","__export__.crm_team_227_ffd73472","__export__.res_users_14_42108d61","Locked","172.07"
"__export__.sale_order_148988_d914321f","D148974","__export__.res_users_14_42108d61","2026-05-21 23:32:52","__export__.res_partner_1781_a043f483","","Fully Invoiced","2026-05-22 09:31:20","True","__export__.crm_team_79_8cb35e83","__export__.res_users_10_962e2fe2","Locked","391.0"
"__export__.sale_order_149052_976430bd","D149038","__export__.res_users_10_962e2fe2","2026-05-22 09:27:13","__export__.res_partner_2468_e2144f10","已给","Fully Invoiced","2026-05-22 09:26:48","True","__export__.crm_team_69_17e53434","__export__.res_users_10_962e2fe2","Locked","27.5"
"__export__.sale_order_148986_00421163","D148972","__export__.res_users_14_42108d61","2026-05-21 23:24:47","__export__.res_partner_2348_759e8a9a","","Fully Invoiced","2026-05-22 09:21:35","True","__export__.crm_team_288_272a2474","__export__.res_users_14_42108d61","Locked","203.07"
"__export__.sale_order_149050_526f230e","D149036","__export__.res_users_7_ace94875","2026-05-22 09:21:05","__export__.res_partner_1178_4660d857","","Fully Invoiced","2026-05-22 09:20:30","True","__export__.crm_team_61_8dc82ae3","__export__.res_users_7_ace94875","Locked","185.0"
"__export__.sale_order_148984_e1d77f4e","D148970","__export__.res_users_14_42108d61","2026-05-21 23:21:17","__export__.res_partner_1820_6043d6fd","","Fully Invoiced","2026-05-22 09:16:57","True","__export__.crm_team_161_8055857d","__export__.res_users_14_42108d61","Locked","487.68"
"__export__.sale_order_149049_ea1d2869","D149035","__export__.res_users_10_962e2fe2","2026-05-22 09:20:13","__export__.res_partner_2052_563650ad","已给","Fully Invoiced","2026-05-22 09:15:09","True","__export__.crm_team_69_17e53434","__export__.res_users_10_962e2fe2","Locked","981.68"
"__export__.sale_order_148960_f0b71c67","D148946","__export__.res_users_14_42108d61","2026-05-21 22:14:59","__export__.res_partner_2028_9fa04bc8","","Fully Invoiced","2026-05-22 09:12:05","True","__export__.crm_team_96_8d48bd6a","__export__.res_users_14_42108d61","Locked","205.82"
"__export__.sale_order_148959_02388324","D148945","__export__.res_users_14_42108d61","2026-05-21 22:12:03","__export__.res_partner_723_b6aff6bf","","Fully Invoiced","2026-05-22 09:10:47","True","__export__.crm_team_96_8d48bd6a","__export__.res_users_14_42108d61","Locked","155.54"
"__export__.sale_order_148958_f78f7aeb","D148944","__export__.res_users_14_42108d61","2026-05-21 22:10:23","__export__.res_partner_1184_6e0a68be","","Fully Invoiced","2026-05-22 09:07:40","True","__export__.crm_team_96_8d48bd6a","__export__.res_users_14_42108d61","Locked","569.16"
"__export__.sale_order_149048_cd8c9efd","D149034","__export__.res_users_14_42108d61","2026-05-22 08:49:38","__export__.res_partner_2288_e2464fcc","","Fully Invoiced","2026-05-22 08:47:53","True","__export__.crm_team_231_ec27440e","__export__.res_users_14_42108d61","Locked","252.4"
"__export__.sale_order_149047_592b0ca2","D149033","__export__.res_users_14_42108d61","2026-05-22 08:45:18","__export__.res_partner_1956_e2faafea","","Fully Invoiced","2026-05-22 08:41:23","True","__export__.crm_team_162_05a89d8e","__export__.res_users_14_42108d61","Locked","1044.55"
"__export__.sale_order_149046_589762e2","D149032","__export__.res_users_27_ccf3d93e","2026-05-22 08:40:16","__export__.res_partner_1577_224dd31f","仓库出货","Fully Invoiced","2026-05-22 08:36:43","True","__export__.crm_team_69_17e53434","__export__.res_users_27_ccf3d93e","Locked","309.5"
"__export__.sale_order_149045_cea6feab","D149031","__export__.res_users_10_962e2fe2","2026-05-22 08:29:22","__export__.res_partner_1034_74111203","","Fully Invoiced","2026-05-22 08:28:04","True","__export__.crm_team_231_ec27440e","__export__.res_users_27_ccf3d93e","Locked","184.85"
"__export__.sale_order_149043_e4d38509","D149029","__export__.res_users_27_ccf3d93e","2026-05-22 08:25:51","__export__.res_partner_1577_224dd31f","仓库出货","Fully Invoiced","2026-05-22 08:25:22","True","__export__.crm_team_69_17e53434","__export__.res_users_27_ccf3d93e","Locked","45.4"
"__export__.sale_order_149044_c09bf061","D149030","__export__.res_users_10_962e2fe2","2026-05-22 08:26:54","__export__.res_partner_1220_7b1e037c","","Fully Invoiced","2026-05-22 08:25:20","True","__export__.crm_team_51_075d42c1","__export__.res_users_22_942f71e3","Locked","11.7"
"__export__.sale_order_149042_ed8945c1","D149028","__export__.res_users_7_ace94875","2026-05-22 08:24:33","__export__.res_partner_1846_53c72dc8","","Fully Invoiced","2026-05-22 08:24:12","True","__export__.crm_team_61_8dc82ae3","__export__.res_users_7_ace94875","Locked","1596.0"
"__export__.sale_order_149041_2da84e10","D149027","__export__.res_users_10_962e2fe2","2026-05-22 08:24:14","__export__.res_partner_874_2fe3c6b7","","Fully Invoiced","2026-05-22 08:23:49","True","__export__.crm_team_59_95d20efd","__export__.res_users_10_962e2fe2","Locked","25.5"
"__export__.sale_order_149040_0b9e639e","D149026","__export__.res_users_14_42108d61","2026-05-22 08:21:01","__export__.res_partner_1258_90945fa0","","Fully Invoiced","2026-05-22 08:20:04","True","__export__.crm_team_229_a2ef141e","__export__.res_users_14_42108d61","Locked","155.0"
"__export__.sale_order_149038_00a3be13","D149024","__export__.res_users_10_962e2fe2","2026-05-22 08:17:38","__export__.res_partner_1216_828e12b8","","Fully Invoiced","2026-05-22 08:17:20","True","__export__.crm_team_59_95d20efd","__export__.res_users_10_962e2fe2","Locked","61.0"
"__export__.sale_order_149039_a308e171","D149025","__export__.res_users_14_42108d61","2026-05-22 08:17:58","__export__.res_partner_2211_a1dda4d4","","Fully Invoiced","2026-05-22 08:16:45","True","__export__.crm_team_232_fa62cff8","__export__.res_users_14_42108d61","Locked","290.5"
"__export__.sale_order_149036_2c44e4c9","D149022","__export__.res_users_7_ace94875","2026-05-22 08:15:47","__export__.res_partner_2007_3eaeff71","","Fully Invoiced","2026-05-22 08:15:00","True","__export__.crm_team_291_de9693d0","__export__.res_users_14_42108d61","Locked","327.6"
"__export__.sale_order_149037_5841f3a1","D149023","__export__.res_users_10_962e2fe2","2026-05-22 08:15:58","__export__.res_partner_1822_47f33935","","Fully Invoiced","2026-05-22 08:14:28","True","__export__.crm_team_51_075d42c1","__export__.res_users_14_42108d61","Locked","98.25"
"__export__.sale_order_149034_1538d56b","D149020","__export__.res_users_7_ace94875","2026-05-22 08:14:43","__export__.res_partner_1928_fbc97e44","","Fully Invoiced","2026-05-22 08:13:40","True","__export__.crm_team_232_fa62cff8","__export__.res_users_27_ccf3d93e","Locked","113.5"
"__export__.sale_order_149033_b3f8a38a","D149019","__export__.res_users_10_962e2fe2","2026-05-22 08:14:20","__export__.res_partner_920_5db42f04","","Fully Invoiced","2026-05-22 08:13:26","True","__export__.crm_team_51_075d42c1","__export__.res_users_14_42108d61","Locked","185.1"
"__export__.sale_order_149035_210154ed","D149021","__export__.res_users_14_42108d61","2026-05-22 08:15:45","__export__.res_partner_2290_5cd4b535","","Fully Invoiced","2026-05-22 08:13:10","True","__export__.crm_team_80_d86e22d9","__export__.res_users_14_42108d61","Locked","371.5"
"__export__.sale_order_149032_41693fbb","D149018","__export__.res_users_7_ace94875","2026-05-22 08:13:24","__export__.res_partner_2512_8ed6bf07","","Fully Invoiced","2026-05-22 08:13:07","True","__export__.crm_team_274_8b9d8c38","__export__.res_users_7_ace94875","Locked","145.0"
"__export__.sale_order_149031_62e98847","D149017","__export__.res_users_14_42108d61","2026-05-22 08:13:06","__export__.res_partner_1599_e6df6ec0","","Fully Invoiced","2026-05-22 08:09:42","True","__export__.crm_team_98_821e316c","__export__.res_users_14_42108d61","Locked","306.85"
"__export__.sale_order_149030_b6f1025b","D149016","__export__.res_users_7_ace94875","2026-05-22 08:10:53","__export__.res_partner_2384_4c5fe606","","Fully Invoiced","2026-05-22 08:08:57","True","__export__.crm_team_275_339b1b1f","__export__.res_users_28_e1e8c9ed","Locked","1138.05"
"__export__.sale_order_149029_5f496129","D149015","__export__.res_users_10_962e2fe2","2026-05-22 08:10:52","__export__.res_partner_2051_6af4c1a8","给豆腐弟弟","Fully Invoiced","2026-05-22 08:08:10","True","__export__.crm_team_69_17e53434","__export__.res_users_22_942f71e3","Locked","62.6"
"__export__.sale_order_149027_013d8cee","D149013","__export__.res_users_7_ace94875","2026-05-22 08:08:21","__export__.res_partner_752_b29ee5f8","bia inn kimmage d12 cod","Fully Invoiced","2026-05-22 08:07:23","True","__export__.crm_team_51_075d42c1","__export__.res_users_7_ace94875","Sales Order","105.68"
"__export__.sale_order_149028_bedb7c62","D149014","__export__.res_users_14_42108d61","2026-05-22 08:09:40","__export__.res_partner_1775_66b13be4","","Fully Invoiced","2026-05-22 08:06:07","True","__export__.crm_team_51_075d42c1","__export__.res_users_14_42108d61","Locked","92.5"
"__export__.sale_order_149026_7b8d17d8","D149012","__export__.res_users_10_962e2fe2","2026-05-22 08:05:56","__export__.res_partner_1306_509b32e3","","Fully Invoiced","2026-05-22 08:05:15","True","__export__.crm_team_159_d09f9755","__export__.res_users_8_fb87432d","Locked","190.98"
"__export__.sale_order_149025_c3ebe530","D149011","__export__.res_users_14_42108d61","2026-05-22 08:05:16","__export__.res_partner_941_349707c0","","Fully Invoiced","2026-05-22 08:04:52","True","__export__.crm_team_96_8d48bd6a","__export__.res_users_14_42108d61","Locked","71.0"
"__export__.sale_order_149024_4fcd3410","D149010","__export__.res_users_10_962e2fe2","2026-05-22 08:04:55","__export__.res_partner_1073_2afb2f6f","已给","Fully Invoiced","2026-05-22 08:02:25","True","__export__.crm_team_69_17e53434","__export__.res_users_10_962e2fe2","Locked","534.05"
"__export__.sale_order_148971_a4c1c8bd","D148957","__export__.res_users_22_942f71e3","2026-05-21 23:03:26","__export__.res_partner_1326_e85f9f0f","","Fully Invoiced","2026-05-22 08:02:16","True","__export__.crm_team_96_8d48bd6a","__export__.res_users_27_ccf3d93e","Locked","281.9"
"__export__.sale_order_148970_c6b02f04","D148956","__export__.res_users_22_942f71e3","2026-05-21 23:02:11","__export__.res_partner_1216_828e12b8","","Fully Invoiced","2026-05-22 08:01:33","True","__export__.crm_team_39_ffc4074f","__export__.res_users_22_942f71e3","Locked","15.0"
"__export__.sale_order_149023_f68a4818","D149009","__export__.res_users_14_42108d61","2026-05-22 08:04:13","__export__.res_partner_2352_a590ab32","","Fully Invoiced","2026-05-22 08:01:24","True","__export__.crm_team_102_350bf834","__export__.res_users_14_42108d61","Locked","597.66"
"__export__.sale_order_148969_5b1fa469","D148955","__export__.res_users_22_942f71e3","2026-05-21 23:01:19","__export__.res_partner_2464_6b8b8041","","Fully Invoiced","2026-05-22 08:00:22","True","__export__.crm_team_231_ec27440e","__export__.res_users_7_ace94875","Locked","186.8"
"__export__.sale_order_149021_66de9e78","D149007","__export__.res_users_14_42108d61","2026-05-22 08:01:22","__export__.res_partner_2489_89b4d108","","Fully Invoiced","2026-05-22 08:00:04","True","__export__.crm_team_296_40815358","__export__.res_users_14_42108d61","Locked","175.45"
"__export__.sale_order_149022_a7160009","D149008","__export__.res_users_10_962e2fe2","2026-05-22 08:02:22","__export__.res_partner_2266_132955fa","","Fully Invoiced","2026-05-22 08:00:03","True","__export__.crm_team_51_075d42c1","__export__.res_users_10_962e2fe2","Locked","215.15"
"__export__.sale_order_149020_77c79bca","D149006","__export__.res_users_27_ccf3d93e","2026-05-22 08:00:57","__export__.res_partner_1071_44f86fd5","","Fully Invoiced","2026-05-22 07:57:16","True","__export__.crm_team_98_821e316c","__export__.res_users_27_ccf3d93e","Locked","327.59"
"__export__.sale_order_149019_1abdfcac","D149005","__export__.res_users_14_42108d61","2026-05-22 07:57:11","__export__.res_partner_2219_5346f762","","Fully Invoiced","2026-05-22 07:56:30","True","__export__.crm_team_159_d09f9755","__export__.res_users_10_962e2fe2","Locked","103.3"
"__export__.sale_order_149018_7d7fe604","D149004","__export__.res_users_7_ace94875","2026-05-22 07:51:35","__export__.res_partner_1616_533a6f33","","Fully Invoiced","2026-05-22 07:50:54","True","__export__.crm_team_295_a4e9ead7","__export__.res_users_7_ace94875","Locked","313.9"
"__export__.sale_order_149017_0ee24e18","D149003","__export__.res_users_14_42108d61","2026-05-22 07:46:04","__export__.res_partner_1204_0e526973","","Fully Invoiced","2026-05-22 07:44:47","True","__export__.crm_team_230_30056844","__export__.res_users_14_42108d61","Locked","275.55"
"__export__.sale_order_149015_d83b0558","D149001","__export__.res_users_14_42108d61","2026-05-22 07:44:17","__export__.res_partner_2525_9137babf","","Fully Invoiced","2026-05-22 07:43:22","True","__export__.crm_team_275_339b1b1f","__export__.res_users_14_42108d61","Locked","358.95"
"__export__.sale_order_149016_404763d7","D149002","__export__.res_users_7_ace94875","2026-05-22 07:45:29","__export__.res_partner_2239_187fc3fe","","Fully Invoiced","2026-05-22 07:42:41","True","__export__.crm_team_274_8b9d8c38","__export__.res_users_7_ace94875","Locked","549.85"
"__export__.sale_order_149014_2ed4c3b8","D149000","__export__.res_users_14_42108d61","2026-05-22 07:43:21","__export__.res_partner_1294_703558f9","yiwei daiguoqu","Fully Invoiced","2026-05-22 07:42:09","True","__export__.crm_team_161_8055857d","__export__.res_users_14_42108d61","Locked","130.5"
"__export__.sale_order_149013_dd567ec9","D148999","__export__.res_users_14_42108d61","2026-05-22 07:41:11","__export__.res_partner_2522_4ddc00ff","","Fully Invoiced","2026-05-22 07:40:36","True","__export__.crm_team_227_ffd73472","__export__.res_users_10_962e2fe2","Locked","64.5"
"__export__.sale_order_149012_19f57359","D148998","__export__.res_users_14_42108d61","2026-05-22 07:40:34","__export__.res_partner_2526_65f4da72","","Fully Invoiced","2026-05-22 07:40:11","True","__export__.crm_team_161_8055857d","__export__.res_users_10_962e2fe2","Locked","50.0"
"__export__.sale_order_149011_2003e0dd","D148997","__export__.res_users_14_42108d61","2026-05-22 07:38:40","__export__.res_partner_1222_205defba","","Fully Invoiced","2026-05-22 07:37:55","True","__export__.crm_team_39_ffc4074f","__export__.res_users_14_42108d61","Locked","86.95"
"__export__.sale_order_149010_7b351c4d","D148996","__export__.res_users_14_42108d61","2026-05-22 07:34:58","__export__.res_partner_2505_7bafa4be","","Fully Invoiced","2026-05-22 07:34:02","True","__export__.crm_team_274_8b9d8c38","__export__.res_users_14_42108d61","Locked","167.85"
"__export__.sale_order_149009_e2b8f9bd","D148995","__export__.res_users_14_42108d61","2026-05-22 07:33:28","__export__.res_partner_1930_95ef299e","","Fully Invoiced","2026-05-22 07:27:56","True","__export__.crm_team_275_339b1b1f","__export__.res_users_14_42108d61","Locked","940.15"
"__export__.sale_order_149008_29e8df6c","D148994","__export__.res_users_14_42108d61","2026-05-22 07:26:04","__export__.res_partner_902_081ecc25","","Fully Invoiced","2026-05-22 07:23:20","True","__export__.crm_team_59_95d20efd","__export__.res_users_14_42108d61","Locked","401.4"
"__export__.sale_order_149007_e0e7eb5f","D148993","__export__.res_users_14_42108d61","2026-05-22 07:22:12","__export__.res_partner_866_7023b017","","Fully Invoiced","2026-05-22 07:21:35","True","__export__.crm_team_228_ec7099f7","__export__.res_users_8_fb87432d","Locked","367.85"
"__export__.sale_order_149006_59c1434b","D148992","__export__.res_users_14_42108d61","2026-05-22 07:21:20","__export__.res_partner_2419_e2111cb0","","Fully Invoiced","2026-05-22 07:20:06","True","__export__.crm_team_78_db60447e","__export__.res_users_14_42108d61","Locked","202.21"
